Geneid,baseMean,log2FoldChange,lfcSE,pvalue,padj,comparison,Ensembl,gene_symbol,gene_type,DEG_class
ENSG00000113196.5,10970.765221410036,-19.868614207676444,3.941325359202402,5.0980593224224456e-52,8.849974104767259e-51,HuT78_vs_HH,ENSG00000113196,HAND1,protein_coding,Down
ENSG00000179344.19,5483.3276453729895,-17.733141544112694,3.7303138154116438,1.1714110516024135e-41,1.5591254821290669e-40,HuT78_vs_HH,ENSG00000179344,HLA-DQB1,protein_coding,Down
ENSG00000069535.16,2141.919841703231,-17.31375684582909,3.7033512149762395,1.2884763417759888e-39,1.6041037986738595e-38,HuT78_vs_HH,ENSG00000069535,MAOB,protein_coding,Down
ENSG00000198033.14,1760.710547223782,-16.9999595714865,3.6731398902265657,3.188552745386969e-38,3.810735319119917e-37,HuT78_vs_HH,ENSG00000198033,TUBA3C,protein_coding,Down
ENSG00000060982.17,7264.390724161856,-16.98557397141602,3.670751072522275,2.634836739445468e-38,3.1595113913765437e-37,HuT78_vs_HH,ENSG00000060982,BCAT1,protein_coding,Down
ENSG00000178860.11,14569.243220213011,-16.85940121899574,1.3439041077109144,6.02922027677404e-47,9.255653921028872e-46,HuT78_vs_HH,ENSG00000178860,MSC,protein_coding,Down
ENSG00000196628.22,3148.6251035581768,-16.798969408204812,3.6553447361943587,4.307312530454221e-37,4.940173110312892e-36,HuT78_vs_HH,ENSG00000196628,TCF4,protein_coding,Down
ENSG00000198142.5,1967.4947008982933,-16.79121020362008,3.6530401277690676,2.7336223408482707e-37,3.159538337825598e-36,HuT78_vs_HH,ENSG00000198142,SOWAHC,protein_coding,Down
ENSG00000186522.17,2228.3996122128206,-16.661171117157544,3.6401604417316324,9.217108440076085e-37,1.0457536270041993e-35,HuT78_vs_HH,ENSG00000186522,SEPTIN10,protein_coding,Down
ENSG00000132821.14,1251.4893666908215,-16.468831466339413,3.620771143322838,5.0223638616638615e-36,5.55748292660334e-35,HuT78_vs_HH,ENSG00000132821,VSTM2L,protein_coding,Down
ENSG00000082556.15,859.030873397863,-15.861911706273792,3.5608907658319593,1.7246127336571622e-33,1.7544825169487825e-32,HuT78_vs_HH,ENSG00000082556,OPRK1,protein_coding,Down
ENSG00000233308.3,954.2255420547793,-15.705951596714522,3.5455536689846694,7.897498102562112e-33,7.838430942238241e-32,HuT78_vs_HH,ENSG00000233308,OSTN-AS1,lncRNA,Down
ENSG00000058091.19,793.1123828400433,-15.634100247382998,3.5381885958864197,1.4610539037097608e-32,1.4358080463499925e-31,HuT78_vs_HH,ENSG00000058091,CDK14,protein_coding,Down
ENSG00000147408.18,2127.597665597292,-15.580842059274245,3.533365032512354,2.750308207756757e-32,2.674906164058757e-31,HuT78_vs_HH,ENSG00000147408,CSGALNACT1,protein_coding,Down
ENSG00000171843.18,830.758322721938,-15.415926468320738,3.5181080700819627,1.7721924587276659e-31,1.6683566945930707e-30,HuT78_vs_HH,ENSG00000171843,MLLT3,protein_coding,Down
ENSG00000170955.12,838.9042201560104,-15.401076745931952,3.522267570820416,1.629687497923629e-31,1.537432939721001e-30,HuT78_vs_HH,ENSG00000170955,CAVIN3,protein_coding,Down
ENSG00000138119.19,747.4570445596798,-15.38967402057292,3.5174680361367137,3.8590087532859365e-31,3.57837172956095e-30,HuT78_vs_HH,ENSG00000138119,MYOF,protein_coding,Down
ENSG00000184743.15,1932.8321199527777,-15.140006586052934,3.487783484119704,1.079579539652389e-30,9.84759035278643e-30,HuT78_vs_HH,ENSG00000184743,ATL3,protein_coding,Down
ENSG00000115159.19,540.97543884479785,-15.03414381168897,3.5032253716974364,1.3686475946271677e-27,1.0995211505715565e-26,HuT78_vs_HH,ENSG00000115159,GPD2,protein_coding,Down
ENSG00000107874.13,1804.9079481714743,-15.03102469305385,2.933257248945845,3.0427693536186064e-32,2.9529367806109063e-31,HuT78_vs_HH,ENSG00000107874,CUEDC2,protein_coding,Down
ENSG00000290437.2,541.5123568586138,-15.016089730557312,3.5008982377271147,1.4184597473147258e-27,1.1385173106247004e-26,HuT78_vs_HH,ENSG00000290437,ENSG00000290437,lncRNA,Down
ENSG00000235531.12,689.4294057392981,-15.008780630099668,3.4751140878747093,4.183263365059683e-30,3.735950308327229e-29,HuT78_vs_HH,ENSG00000235531,MSC-AS1,lncRNA,Down
ENSG00000101746.18,514.1377143568766,-15.006700480818225,3.432823736037156,5.37574816594381e-30,4.779480317264682e-29,HuT78_vs_HH,ENSG00000101746,NOL4,protein_coding,Down
ENSG00000135298.16,506.4980696553992,-14.993452448329256,3.4744957831529626,6.1152466000350066e-30,5.423497170278572e-29,HuT78_vs_HH,ENSG00000135298,ADGRB3,protein_coding,Down
ENSG00000163421.10,579.4073779072838,-14.88529265647886,3.450182662219739,1.30798479045751e-29,1.1408250983956326e-28,HuT78_vs_HH,ENSG00000163421,PROK2,protein_coding,Down
ENSG00000152402.12,501.81473191379587,-14.773911717836336,3.453394899938529,5.596591553060782e-29,4.765348748720719e-28,HuT78_vs_HH,ENSG00000152402,GUCY1A2,protein_coding,Down
ENSG00000139687.19,1317.0166026681823,-14.773389932573245,3.4506112311337676,2.921208893629658e-29,2.516031602373814e-28,HuT78_vs_HH,ENSG00000139687,RB1,protein_coding,Down
ENSG00000188352.15,794.3011862112297,-14.734986947904455,3.446930467198247,4.3651788047640345e-29,3.7274632167467914e-28,HuT78_vs_HH,ENSG00000188352,FOCAD,protein_coding,Down
ENSG00000147650.13,1003.8913905886773,-14.56877780284472,3.4321390900868574,3.1404304838887234e-28,2.595055909541812e-27,HuT78_vs_HH,ENSG00000147650,LRP12,protein_coding,Down
ENSG00000308208.1,655.6879527391719,-14.511901339726016,3.4264933445013575,5.360804073831983e-28,4.391349107576588e-27,HuT78_vs_HH,ENSG00000308208,ENSG00000308208,lncRNA,Down
ENSG00000127990.21,753.5475054794704,-14.470871076883085,3.4218061105532906,5.247961163931743e-28,4.3028477918460946e-27,HuT78_vs_HH,ENSG00000127990,SGCE,protein_coding,Down
ENSG00000137265.18,14282.277534027713,-14.463651897284453,0.8149904946348452,1.5974224418915822e-67,3.9913281794264566e-66,HuT78_vs_HH,ENSG00000137265,IRF4,protein_coding,Down
ENSG00000099810.23,642.5008370429375,-14.360605924715637,3.4080952576358885,1.0023715092514385e-27,8.088957472179964e-27,HuT78_vs_HH,ENSG00000099810,MTAP,protein_coding,Down
ENSG00000179820.19,803.4934902749113,-14.333790875944402,3.405945907443073,1.4534424693948869e-27,1.1660735261625347e-26,HuT78_vs_HH,ENSG00000179820,MYADM,protein_coding,Down
ENSG00000119121.24,505.6078811949513,-14.326063816943039,3.3674151866341324,1.947257483844603e-27,1.5566763865718902e-26,HuT78_vs_HH,ENSG00000119121,TRPM6,protein_coding,Down
ENSG00000137766.19,2450.76785626025,-14.284251659368492,3.4020128524841113,2.764014388140665e-27,2.192972443026573e-26,HuT78_vs_HH,ENSG00000137766,UNC13C,protein_coding,Down
ENSG00000138685.19,752.0435992157746,-14.250767529016802,3.3974411287249082,3.001580218627442e-27,2.379349983040293e-26,HuT78_vs_HH,ENSG00000138685,FGF2,protein_coding,Down
ENSG00000289355.3,389.5270304700428,-14.234014084805514,3.419588085446599,4.593286113186589e-25,3.318093577328135e-24,HuT78_vs_HH,ENSG00000289355,ENSG00000289355,lncRNA,Down
ENSG00000238133.6,439.5179119529677,-14.223427220234905,3.3968167675248426,6.169726501976276e-27,4.818249794372493e-26,HuT78_vs_HH,ENSG00000238133,MAP3K20-AS1,lncRNA,Down
ENSG00000137491.17,372.6884274264838,-14.21973600052041,3.3962497730360495,6.110660964252387e-27,4.77420371454782e-26,HuT78_vs_HH,ENSG00000137491,SLCO2B1,protein_coding,Down
ENSG00000196735.15,7836.300671617997,-14.21734968186563,1.3305911438728444,4.482976235065769e-34,4.647715234444632e-33,HuT78_vs_HH,ENSG00000196735,HLA-DQA1,protein_coding,Down
ENSG00000042832.13,279.7440822094672,-14.077481445748017,3.3813895479682,1.9354949334109562e-26,1.4799142864727819e-25,HuT78_vs_HH,ENSG00000042832,TG,protein_coding,Down
ENSG00000187164.22,359.67597117438373,-14.029380488163087,3.5420509684020067,8.542128802916639e-26,6.35779964703995e-25,HuT78_vs_HH,ENSG00000187164,SHTN1,protein_coding,Down
ENSG00000156103.17,269.4741734414085,-13.86232980468374,3.3589521963892235,1.0119034110372407e-25,7.512743310705416e-25,HuT78_vs_HH,ENSG00000156103,MMP16,protein_coding,Down
ENSG00000198642.9,557.1512773421375,-13.844477066137415,3.3213411299832676,6.364520559312095e-26,4.76275629991964e-25,HuT78_vs_HH,ENSG00000198642,KLHL9,protein_coding,Down
ENSG00000164749.14,272.81509884018067,-13.833433068472235,3.355565048484883,1.3278666372505368e-25,9.813832840900728e-25,HuT78_vs_HH,ENSG00000164749,HNF4G,protein_coding,Down
ENSG00000149328.18,256.58943321364956,-13.821321871401103,3.353621066100095,1.2663071693145055e-25,9.366594937353165e-25,HuT78_vs_HH,ENSG00000149328,GLB1L2,protein_coding,Down
ENSG00000172179.14,234.3957576730167,-13.795508151839785,3.35346024589148,2.565350606844559e-25,1.8697419089349175e-24,HuT78_vs_HH,ENSG00000172179,PRL,protein_coding,Down
ENSG00000170837.3,334.03691086134893,-13.739684841298187,3.344551069652379,2.2021934970630253e-25,1.6116134191129126e-24,HuT78_vs_HH,ENSG00000170837,GPR27,protein_coding,Down
ENSG00000228033.7,279.4849311944055,-13.725750263927951,3.3461800416365013,4.558589725457095e-25,3.294358004500357e-24,HuT78_vs_HH,ENSG00000228033,ENSG00000228033,lncRNA,Down
ENSG00000117281.18,261.1634697640672,-13.717254211422105,3.3332920881521555,7.414964523113473e-25,5.313563577263115e-24,HuT78_vs_HH,ENSG00000117281,CD160,protein_coding,Down
ENSG00000147647.15,219.52033966439524,-13.681088577087765,3.340061555636527,4.4947353097835135e-25,3.2508350050372082e-24,HuT78_vs_HH,ENSG00000147647,DPYS,protein_coding,Down
ENSG00000299902.1,214.7941494278664,-13.657179940697628,3.3390027604318027,7.862680461461395e-25,5.632143961098797e-24,HuT78_vs_HH,ENSG00000299902,ENSG00000299902,lncRNA,Down
ENSG00000254319.7,215.93956807174453,-13.655168521335296,3.32585195172268,6.014631728911939e-25,4.3308732887241715e-24,HuT78_vs_HH,ENSG00000254319,LINC03021,lncRNA,Down
ENSG00000082438.20,377.18741823563374,-13.64641254977405,3.3424573276827023,2.0684620740170315e-24,1.4492177573725114e-23,HuT78_vs_HH,ENSG00000082438,COBLL1,protein_coding,Down
ENSG00000286481.3,210.21898556391324,-13.62097943478154,3.3337350511589556,7.916792433614001e-25,5.665280139900833e-24,HuT78_vs_HH,ENSG00000286481,ENSG00000286481,lncRNA,Down
ENSG00000128573.30,1108.9411150344642,-13.598148618781428,3.357744081747072,1.00119670112509e-22,6.482269208766168e-22,HuT78_vs_HH,ENSG00000128573,FOXP2,protein_coding,Down
ENSG00000120278.19,632.8121150044419,-13.597123875521808,3.328950245526147,6.162699700837699e-25,4.4339263108637496e-24,HuT78_vs_HH,ENSG00000120278,PLEKHG1,protein_coding,Down
ENSG00000197872.13,260.5673466568804,-13.57560084427587,3.3314280569914967,1.8407666093449917e-24,1.2952605579896123e-23,HuT78_vs_HH,ENSG00000197872,CYRIA,protein_coding,Down
ENSG00000218336.11,1218.760050530635,-13.505582851924817,3.3200476801944916,1.4771306120885477e-24,1.0451340803936152e-23,HuT78_vs_HH,ENSG00000218336,TENM3,protein_coding,Down
ENSG00000118402.7,428.62226584032663,-13.458943742133728,3.336216299868048,2.0550804438738904e-24,1.4415335220047278e-23,HuT78_vs_HH,ENSG00000118402,ELOVL4,protein_coding,Down
ENSG00000189057.13,932.455997952727,-13.44773589224014,3.3131348744723317,2.059846719742472e-24,1.4443113105356707e-23,HuT78_vs_HH,ENSG00000189057,FAM111B,protein_coding,Down
ENSG00000137558.10,191.95288485938158,-13.439921559680752,3.310570870013125,1.179350657141057e-23,8.009123207991674e-23,HuT78_vs_HH,ENSG00000137558,PI15,protein_coding,Down
ENSG00000242265.6,5471.621667585302,-13.428331140044998,0.58531781266075,7.433288217121971e-114,4.281908630538267e-112,HuT78_vs_HH,ENSG00000242265,PEG10,protein_coding,Down
ENSG00000188921.16,218.21115317289784,-13.380335000535002,3.3111335205587182,8.802662367919146e-24,6.00989696346309e-23,HuT78_vs_HH,ENSG00000188921,HACD4,protein_coding,Down
ENSG00000168386.20,294.8959649457269,-13.356859255146365,4.040834089507018,5.343065049586944e-8,1.4631040310239993e-7,HuT78_vs_HH,ENSG00000168386,FILIP1L,protein_coding,Down
ENSG00000185338.9,997.5450056645236,-13.322124301707666,3.3013625277104928,7.136809598959366e-24,4.8986951710864764e-23,HuT78_vs_HH,ENSG00000185338,SOCS1,protein_coding,Down
ENSG00000170989.12,2370.043924074446,-13.3153734180876,1.3265807464383088,4.109802434470071e-30,3.6721750929442056e-29,HuT78_vs_HH,ENSG00000170989,S1PR1,protein_coding,Down
ENSG00000186367.7,280.3714722719942,-13.3145501777276,3.30009290659159,6.913457971607842e-24,4.749026056800402e-23,HuT78_vs_HH,ENSG00000186367,MINAR2,protein_coding,Down
ENSG00000144908.16,169.58320457013716,-13.268075318902413,3.3023788572546207,3.592106147296445e-23,2.372882803422412e-22,HuT78_vs_HH,ENSG00000144908,ALDH1L1,protein_coding,Down
ENSG00000197565.19,226.20019996103804,-13.255415880531778,3.297441619625396,2.1223062965516914e-23,1.4192279694932272e-22,HuT78_vs_HH,ENSG00000197565,COL4A6,protein_coding,Down
ENSG00000147862.20,306.8985045652278,-13.223471398143795,3.293658084387378,2.5223190934522006e-23,1.6798270096355455e-22,HuT78_vs_HH,ENSG00000147862,NFIB,protein_coding,Down
ENSG00000114455.17,1707.8579089104685,-13.180195186261285,1.3314622698150254,3.921101197991073e-29,3.3562602944104196e-28,HuT78_vs_HH,ENSG00000114455,HHLA2,protein_coding,Down
ENSG00000185433.12,266.9214623542764,-13.177315573187267,3.283260171141247,4.2776794754335093e-23,2.815379419632304e-22,HuT78_vs_HH,ENSG00000185433,LINC00158,lncRNA,Down
ENSG00000156463.20,1605.8516802088313,-13.146718953974297,1.322768697725272,1.5096798421293813e-29,1.3122714396772374e-28,HuT78_vs_HH,ENSG00000156463,SH3RF2,protein_coding,Down
ENSG00000182985.21,5478.140001587072,-13.12300134180108,0.8112505076986896,2.9909090238552165e-56,5.7553313815645766e-55,HuT78_vs_HH,ENSG00000182985,CADM1,protein_coding,Down
ENSG00000181656.8,147.31481424791625,-13.03422718199619,3.2683842481873877,1.1873712206537826e-22,7.665497447932438e-22,HuT78_vs_HH,ENSG00000181656,GPR88,protein_coding,Down
ENSG00000104447.15,251.12003008835072,-12.948821078353298,3.2619116934282935,1.3297933642167124e-22,8.569513712209496e-22,HuT78_vs_HH,ENSG00000104447,TRPS1,protein_coding,Down
ENSG00000173040.15,165.74748932861937,-12.946131829609916,3.2670882439960973,3.106582757787964e-22,1.9645051219827523e-21,HuT78_vs_HH,ENSG00000173040,EVC2,protein_coding,Down
ENSG00000188580.17,165.22348388363355,-12.919811888655035,3.258292643051588,1.581079998071174e-22,1.0148709482423891e-21,HuT78_vs_HH,ENSG00000188580,NKAIN2,protein_coding,Down
ENSG00000164023.17,230.4910567219058,-12.801435290351128,3.2463702568252484,4.176822479477073e-22,2.6273797303311716e-21,HuT78_vs_HH,ENSG00000164023,SGMS2,protein_coding,Down
ENSG00000300706.1,125.80514467499708,-12.78434424474311,3.2474302882722923,8.1110232283507675e-22,5.0227784699586586e-21,HuT78_vs_HH,ENSG00000300706,ENSG00000300706,lncRNA,Down
ENSG00000239887.6,158.0387428934972,-12.782263510456653,3.2428924005731523,4.308287460053479e-22,2.705326668309081e-21,HuT78_vs_HH,ENSG00000239887,C1orf226,protein_coding,Down
ENSG00000305720.1,126.23567256584707,-12.773415594911569,3.246129636644354,8.023505104351815e-22,4.9703006204862644e-21,HuT78_vs_HH,ENSG00000305720,ENSG00000305720,lncRNA,Down
ENSG00000118777.14,443.56391160386937,-12.746871780229885,3.2386011740243674,4.613758284286191e-22,2.8900517364680812e-21,HuT78_vs_HH,ENSG00000118777,ABCG2,protein_coding,Down
ENSG00000147889.19,1444.397092852924,-12.739010375118353,1.319973752937851,6.786406392676455e-28,5.5301391351051936e-27,HuT78_vs_HH,ENSG00000147889,CDKN2A,protein_coding,Down
ENSG00000235098.11,1728.6609561073096,-12.691109930100406,3.2514766459770716,1.2428520540872976e-20,7.259763465593067e-20,HuT78_vs_HH,ENSG00000235098,ANKRD65,protein_coding,Down
ENSG00000188958.12,4412.47084917879,-12.686253432440251,0.6432710217373977,3.0199528122790618e-84,1.0424365054331289e-82,HuT78_vs_HH,ENSG00000188958,UTS2B,protein_coding,Down
ENSG00000166049.11,116.68663697630896,-12.661941785051855,3.2391474112394305,4.107590670328417e-21,2.4627672978224095e-20,HuT78_vs_HH,ENSG00000166049,PASD1,protein_coding,Down
ENSG00000170558.12,119.02886023509129,-12.661361633944301,3.2115688920418624,1.8225474568596165e-21,1.1109539873984359e-20,HuT78_vs_HH,ENSG00000170558,CDH2,protein_coding,Down
ENSG00000139263.14,113.43531702615756,-12.616475220805837,3.2294029192711844,2.619586037183175e-21,1.5817284750972897e-20,HuT78_vs_HH,ENSG00000139263,LRIG3,protein_coding,Down
ENSG00000243276.7,181.38835913631615,-12.595065801612433,3.2231877107977547,1.9846758921173477e-21,1.2081368877771758e-20,HuT78_vs_HH,ENSG00000243276,ENSG00000243276,lncRNA,Down
ENSG00000237187.10,153.7516480453117,-12.594032380985816,3.2247637524886734,2.180783932076609e-21,1.3248132974958444e-20,HuT78_vs_HH,ENSG00000237187,NR2F1-AS1,lncRNA,Down
ENSG00000226660.2,109.97788918376615,-12.56393524144825,3.2313625413302653,1.1744157710322355e-20,6.87345917610013e-20,HuT78_vs_HH,ENSG00000226660,TRBV2,TR_V_gene,Down
ENSG00000163359.19,2893.8970575857907,-12.514980113614865,0.5875586215162535,2.022507999426757e-98,8.773179372816065e-97,HuT78_vs_HH,ENSG00000163359,COL6A3,protein_coding,Down
ENSG00000184564.12,106.29381105560913,-12.501336711055526,3.217011705535213,6.0091365720286875e-21,3.562332286164591e-20,HuT78_vs_HH,ENSG00000184564,SLITRK6,protein_coding,Down
ENSG00000064692.22,105.23119497031726,-12.493594091547124,3.2167552571523146,6.5739038819787154e-21,3.889415060952731e-20,HuT78_vs_HH,ENSG00000064692,SNCAIP,protein_coding,Down
ENSG00000138061.15,5733.9567226722465,-12.4844025746707,2.9972345704503978,2.517719258484051e-21,1.5217591267119356e-20,HuT78_vs_HH,ENSG00000138061,CYP1B1,protein_coding,Down
ENSG00000104267.12,1799.012231618071,-12.47817959360079,0.9846613304776963,4.9078432115869314e-36,5.434116881061797e-35,HuT78_vs_HH,ENSG00000104267,CA2,protein_coding,Down
ENSG00000021355.15,1402.0753149139562,-12.462993501922346,1.316739445324662,8.30626870576233e-27,6.444642869802172e-26,HuT78_vs_HH,ENSG00000021355,SERPINB1,protein_coding,Down
ENSG00000007264.17,1948.0345629413973,16.837180124059337,3.2889591876226,2.042196655714089e-36,2.2909175383292367e-35,HuT78_vs_HH,ENSG00000007264,MATK,protein_coding,Up
ENSG00000135269.20,2958.667335954829,16.537520935672113,2.7854437764064146,2.221186809136431e-39,2.744314599012356e-38,HuT78_vs_HH,ENSG00000135269,TES,protein_coding,Up
ENSG00000182866.20,1462.1007974637,16.53742213157118,3.393158980012085,9.979688873482138e-37,1.1301272197751738e-35,HuT78_vs_HH,ENSG00000182866,LCK,protein_coding,Up
ENSG00000167286.13,1876.5708220156603,16.134343520454507,3.085255488494431,3.930623074702391e-36,4.368307219807279e-35,HuT78_vs_HH,ENSG00000167286,CD3D,protein_coding,Up
ENSG00000214049.9,870.6816637393423,15.910042721684848,3.5667154197755466,3.199557677611209e-33,3.2166148032774863e-32,HuT78_vs_HH,ENSG00000214049,UCA1,lncRNA,Up
ENSG00000277443.5,1070.2766605125505,15.871030972992124,3.2544479250924327,3.9056964128145335e-29,3.3446726212032683e-28,HuT78_vs_HH,ENSG00000277443,MARCKS,protein_coding,Up
ENSG00000187772.8,808.2835237050551,15.792150117064683,3.5559231091890733,1.0044719811695831e-32,9.936562972199383e-32,HuT78_vs_HH,ENSG00000187772,LIN28B,protein_coding,Up
ENSG00000007237.21,1736.5154963615137,15.748653402103447,3.1117892638191664,7.424087073595816e-20,4.1576280063603946e-19,HuT78_vs_HH,ENSG00000007237,GAS7,protein_coding,Up
ENSG00000154096.16,941.3818206773161,15.707813663011224,3.2491346704084343,5.920604718414808e-30,5.256076983667061e-29,HuT78_vs_HH,ENSG00000154096,THY1,protein_coding,Up
ENSG00000161243.12,1047.5977722443665,15.685239748553396,3.0234042472552978,8.340443323519328e-34,8.577442143561926e-33,HuT78_vs_HH,ENSG00000161243,FBXO27,protein_coding,Up
ENSG00000078596.13,6055.206038571286,15.58875015266359,1.2897671625481772,6.837332223656887e-41,8.863484441949521e-40,HuT78_vs_HH,ENSG00000078596,ITM2A,protein_coding,Up
ENSG00000060558.5,2361.998228985862,15.582514150522572,3.1902588240240743,3.474118013760285e-16,1.6069926211338886e-15,HuT78_vs_HH,ENSG00000060558,GNA15,protein_coding,Up
ENSG00000170627.13,2252.8744741053592,15.50796967842133,2.722495167217108,6.094221436251083e-35,6.537603414996297e-34,HuT78_vs_HH,ENSG00000170627,GTSF1,protein_coding,Up
ENSG00000250366.6,735.7860585399299,15.476289328970056,3.3296356558840823,3.693913894725797e-32,3.5713150255808234e-31,HuT78_vs_HH,ENSG00000250366,TUNAR,protein_coding,Up
ENSG00000074696.15,3101.7520106638076,15.424143350474028,2.696509569943634,1.1036922280720981e-34,1.1651529915092303e-33,HuT78_vs_HH,ENSG00000074696,HACD3,protein_coding,Up
ENSG00000227507.4,1175.5052788241992,15.409346007166173,2.923990702888116,3.042279358502555e-33,3.063655689014799e-32,HuT78_vs_HH,ENSG00000227507,LTB,protein_coding,Up
ENSG00000089327.18,2321.652609931297,15.392916299123875,2.727893621758553,2.844390949024502e-34,2.9626316192891832e-33,HuT78_vs_HH,ENSG00000089327,FXYD5,protein_coding,Up
ENSG00000153094.27,820.5842826712874,15.36122549623128,3.1137152965276056,1.8545995508707566e-32,1.815582019336044e-31,HuT78_vs_HH,ENSG00000153094,BCL2L11,protein_coding,Up
ENSG00000276405.1,610.8238783816926,15.344918943009183,3.5173622140384713,1.4050622009027643e-30,1.2758078727406497e-29,HuT78_vs_HH,ENSG00000276405,TRBV13,TR_V_gene,Up
ENSG00000187855.6,588.0434052264236,15.286072123201597,3.5092166216108813,1.284153976505081e-30,1.168984679323604e-29,HuT78_vs_HH,ENSG00000187855,ASCL4,protein_coding,Up
ENSG00000145703.18,1179.5195473674003,15.202644252787758,2.7698938098276686,8.215608512050458e-33,8.145137049993578e-32,HuT78_vs_HH,ENSG00000145703,IQGAP2,protein_coding,Up
ENSG00000148175.15,1267.2004975007594,15.133441827595883,2.7542572141589883,7.382927121708065e-33,7.343983308461964e-32,HuT78_vs_HH,ENSG00000148175,STOM,protein_coding,Up
ENSG00000137486.19,902.1947021838668,15.12467013837472,2.8170658411745997,3.527626601011627e-32,3.412388259023936e-31,HuT78_vs_HH,ENSG00000137486,ARRB1,protein_coding,Up
ENSG00000172716.19,1629.570877917838,15.078998675263446,2.8734726999432145,2.9012204964907813e-32,2.8170929644787177e-31,HuT78_vs_HH,ENSG00000172716,SLFN11,protein_coding,Up
ENSG00000184719.14,738.1844592941036,15.00554081689086,2.8868497039737755,8.505901649680296e-32,8.118445820672483e-31,HuT78_vs_HH,ENSG00000184719,RNLS,protein_coding,Up
ENSG00000265972.8,1063.4163714102722,14.926947860819284,2.7542913508940283,1.1902322817100072e-31,1.1311942348453463e-30,HuT78_vs_HH,ENSG00000265972,TXNIP,protein_coding,Up
ENSG00000159228.14,1623.6721155811194,14.827461707314903,2.6448191450341976,2.8201041859192866e-32,2.7413004064429742e-31,HuT78_vs_HH,ENSG00000159228,CBR1,protein_coding,Up
ENSG00000211751.9,2779.5838264942827,14.803600217182645,1.349239812918224,2.3825689201967303e-36,2.669401013466193e-35,HuT78_vs_HH,ENSG00000211751,TRBC1,TR_C_gene,Up
ENSG00000015475.21,1148.8353988798588,14.768354757591318,2.7301474553714105,1.5042624712263938e-31,1.4213534900854877e-30,HuT78_vs_HH,ENSG00000015475,BID,protein_coding,Up
ENSG00000136231.16,758.526176677853,14.754119243594221,2.856372268285444,8.81975794876703e-31,8.07801450164424e-30,HuT78_vs_HH,ENSG00000136231,IGF2BP3,protein_coding,Up
ENSG00000173762.10,467.93171667490606,14.74240113361362,3.255627662837916,5.123575869459597e-29,4.370898176255652e-28,HuT78_vs_HH,ENSG00000173762,CD7,protein_coding,Up
ENSG00000159217.12,858.3152949311501,14.718964040474406,3.033515315608505,5.358328808459497e-30,4.766358520533857e-29,HuT78_vs_HH,ENSG00000159217,IGF2BP1,protein_coding,Up
ENSG00000169442.10,636.3041547715887,14.692922707207984,3.4155211168077373,1.8677870241120962e-13,7.39805539176834e-13,HuT78_vs_HH,ENSG00000169442,CD52,protein_coding,Up
ENSG00000168421.15,1093.7050662471306,14.60842809597686,2.722410011626569,6.5136058203337144e-31,5.987236955940405e-30,HuT78_vs_HH,ENSG00000168421,RHOH,protein_coding,Up
ENSG00000185340.18,1732.7098482900758,14.470809129695171,2.7115183434853307,1.90279641245252e-30,1.7181752887644604e-29,HuT78_vs_HH,ENSG00000185340,GAS2L1,protein_coding,Up
ENSG00000154127.11,600.6745076617441,14.452546372688378,2.7757646418455666,8.346567822667847e-30,7.347850739218401e-29,HuT78_vs_HH,ENSG00000154127,UBASH3B,protein_coding,Up
ENSG00000073849.18,551.0790128145966,14.44192127678798,3.026285773981675,6.101337644893685e-29,5.190192968104006e-28,HuT78_vs_HH,ENSG00000073849,ST6GAL1,protein_coding,Up
ENSG00000100336.19,417.64034685464367,14.318215572846468,3.098894178141725,1.5956215807648196e-25,1.1763605193169442e-24,HuT78_vs_HH,ENSG00000100336,APOL4,protein_coding,Up
ENSG00000137078.12,630.6265644344895,14.312497634024378,3.0713414805837713,3.8474476067845782e-28,3.1661471692947046e-27,HuT78_vs_HH,ENSG00000137078,SIT1,protein_coding,Up
ENSG00000198829.8,353.14766965170116,14.294313095726581,3.2223405158075495,4.935706640724817e-27,3.874810888193913e-26,HuT78_vs_HH,ENSG00000198829,SUCNR1,protein_coding,Up
ENSG00000148834.15,1520.1353488852985,14.266873691293819,2.6754354226740173,9.202942783029326e-30,8.08189803715541e-29,HuT78_vs_HH,ENSG00000148834,GSTO1,protein_coding,Up
ENSG00000124785.11,429.2876635482053,14.264439690877827,2.9372457733780934,1.4682780853087147e-28,1.228594203564018e-27,HuT78_vs_HH,ENSG00000124785,NRN1,protein_coding,Up
ENSG00000128268.13,342.74975111417626,14.214734796173849,3.1788321461158637,3.7151203078403554e-27,2.935663381275902e-26,HuT78_vs_HH,ENSG00000128268,MGAT3,protein_coding,Up
ENSG00000135503.15,655.4604776276499,14.206270814138604,2.738217794323181,7.029944926422533e-29,5.9574959014597775e-28,HuT78_vs_HH,ENSG00000135503,ACVR1B,protein_coding,Up
ENSG00000115884.13,334.8836009231383,14.17895425761143,3.1855845841488972,1.555281812521249e-26,1.1953184758180255e-25,HuT78_vs_HH,ENSG00000115884,SDC1,protein_coding,Up
ENSG00000091490.13,972.9341450406107,14.17874445695607,2.7107310870426327,4.8945426371360856e-29,4.177500302253119e-28,HuT78_vs_HH,ENSG00000091490,SEL1L3,protein_coding,Up
ENSG00000198692.12,1294.2108179121865,14.146076838184102,3.298087324359198,1.3684773608847404e-11,4.8089980228030844e-11,HuT78_vs_HH,ENSG00000198692,EIF1AY,protein_coding,Up
ENSG00000107719.12,453.5276997883433,14.127234758193424,3.6890624123259528,4.3437084667482103e-10,1.3891027701141412e-9,HuT78_vs_HH,ENSG00000107719,PALD1,protein_coding,Up
ENSG00000151692.17,511.1228311686181,14.093361907046422,2.762051531886952,2.4190333052748485e-28,2.009132205099625e-27,HuT78_vs_HH,ENSG00000151692,RNF144A,protein_coding,Up
ENSG00000173801.19,1780.4670992351937,14.053701113593203,1.3592116820688138,8.217192217220369e-31,7.533827971929524e-30,HuT78_vs_HH,ENSG00000173801,JUP,protein_coding,Up
ENSG00000154451.17,538.5011011583326,14.033930091717199,2.8076973231230107,7.577675272632437e-28,6.159439769020423e-27,HuT78_vs_HH,ENSG00000154451,GBP5,protein_coding,Up
ENSG00000103489.14,578.5873584948415,14.028348722609724,2.7316053879648448,2.617485372957879e-28,2.1729495114244857e-27,HuT78_vs_HH,ENSG00000103489,XYLT1,protein_coding,Up
ENSG00000167880.10,294.05495311697433,14.004319464190694,3.1970017298565128,3.748172005150189e-26,2.82849627094632e-25,HuT78_vs_HH,ENSG00000167880,EVPL,protein_coding,Up
ENSG00000184937.18,455.5295069644632,13.987379525157957,3.5404584179943703,2.7197263588334374e-10,8.826793064945838e-10,HuT78_vs_HH,ENSG00000184937,WT1,protein_coding,Up
ENSG00000125384.9,280.17261752974395,13.954655810382903,3.214045926597969,3.3378752075987856e-26,2.5231238119887023e-25,HuT78_vs_HH,ENSG00000125384,PTGER2,protein_coding,Up
ENSG00000256235.5,442.34483182217036,13.945619932037504,3.8029418095900085,7.817086802196874e-9,2.2804610008362968e-8,HuT78_vs_HH,ENSG00000256235,SMIM3,protein_coding,Up
ENSG00000214194.11,925.8329781828267,13.942257126747482,2.672613761174396,3.0035641291457102e-28,2.485397292085238e-27,HuT78_vs_HH,ENSG00000214194,SMIM30,protein_coding,Up
ENSG00000100473.20,281.52785773970425,13.900699359021644,3.1490302896509164,3.713594931078703e-26,2.80358420523704e-25,HuT78_vs_HH,ENSG00000100473,COCH,protein_coding,Up
ENSG00000105854.15,732.8563291999229,13.806969991138248,2.805610925711734,2.6829361324453895e-27,2.1333688776191368e-26,HuT78_vs_HH,ENSG00000105854,PON2,protein_coding,Up
ENSG00000128342.6,1711.6242225092435,13.804429240727401,2.7177956718402374,1.8668945229110175e-27,1.4937657605158948e-26,HuT78_vs_HH,ENSG00000128342,LIF,protein_coding,Up
ENSG00000240403.8,270.19569226611543,13.749613930501237,3.1986935878329494,2.360312138981684e-20,1.35746362664067e-19,HuT78_vs_HH,ENSG00000240403,KIR3DL2,protein_coding,Up
ENSG00000181104.8,2257.568067384049,13.705779778974602,2.5712722451701295,9.546109551927733e-28,7.717443710414501e-27,HuT78_vs_HH,ENSG00000181104,F2R,protein_coding,Up
ENSG00000198286.13,807.5379621691984,13.696848414489276,2.631123713938846,2.7624515890660864e-27,2.192972443026573e-26,HuT78_vs_HH,ENSG00000198286,CARD11,protein_coding,Up
ENSG00000268480.4,438.3524066107717,13.679292333478022,2.9722592500786544,1.405191393919747e-25,1.0381032503947326e-24,HuT78_vs_HH,ENSG00000268480,NFILZ,protein_coding,Up
ENSG00000253276.5,728.3630848134446,13.667192723758317,2.6791613390849798,2.738344470519042e-27,2.175496283341403e-26,HuT78_vs_HH,ENSG00000253276,CCDC71L,protein_coding,Up
ENSG00000110328.8,210.66096254027903,13.64164032626991,3.3501976013093238,1.4977528399207878e-24,1.0580537116396259e-23,HuT78_vs_HH,ENSG00000110328,GALNT18,protein_coding,Up
ENSG00000130830.17,325.02924888526775,13.641449626058325,2.8467797500576446,6.761852547974928e-26,5.049545160357267e-25,HuT78_vs_HH,ENSG00000130830,MPP1,protein_coding,Up
ENSG00000072609.20,446.27401285122346,13.62549809861985,2.770175616843527,1.116416301645131e-26,8.624664960747098e-26,HuT78_vs_HH,ENSG00000072609,CHFR,protein_coding,Up
ENSG00000096264.15,206.872265416341,13.612312945322698,3.347698882175503,1.911745030619562e-24,1.343621507396997e-23,HuT78_vs_HH,ENSG00000096264,NCR2,protein_coding,Up
ENSG00000142156.18,283.76170767110955,13.54333207834389,2.936974751219792,1.0157353444932968e-20,5.956431651914047e-20,HuT78_vs_HH,ENSG00000142156,COL6A1,protein_coding,Up
ENSG00000114450.13,318.99254787142405,13.532634194831198,2.9742530428596483,1.7713188893331775e-25,1.3032105914744918e-24,HuT78_vs_HH,ENSG00000114450,GNB4,protein_coding,Up
ENSG00000118965.18,374.05820743393554,13.499202734201502,2.7279512120168685,2.4264844739913418e-26,1.8505946935527837e-25,HuT78_vs_HH,ENSG00000118965,WDR35,protein_coding,Up
ENSG00000105374.12,240.15582477809346,13.468407518193361,2.9436140608405545,8.701165689845955e-25,6.2153661616264064e-24,HuT78_vs_HH,ENSG00000105374,NKG7,protein_coding,Up
ENSG00000291033.2,216.6628671392195,13.462736226541026,3.1014952329670638,2.1628388569971328e-24,1.514156237714093e-23,HuT78_vs_HH,ENSG00000291033,TXLNGY,lncRNA,Up
ENSG00000162894.14,204.061567220978,13.42653308060553,3.1466257606737313,2.0625052958456145e-24,1.4456096390874092e-23,HuT78_vs_HH,ENSG00000162894,FCMR,protein_coding,Up
ENSG00000227051.8,205.8093330754602,13.426406883055183,3.1336885802779086,1.9848178014264085e-24,1.3938851788535517e-23,HuT78_vs_HH,ENSG00000227051,C14orf132,protein_coding,Up
ENSG00000131196.19,295.04039666463046,13.407131465056791,2.825943096317264,1.8468752032297379e-25,1.3576844179672038e-24,HuT78_vs_HH,ENSG00000131196,NFATC1,protein_coding,Up
ENSG00000132846.8,391.8910229188954,13.403116038716988,2.9468952337129055,4.0588881474875092e-25,2.940355081368327e-24,HuT78_vs_HH,ENSG00000132846,ZBED3,protein_coding,Up
ENSG00000135525.21,234.68989983141387,13.372415673444898,2.9133748479488384,1.0329448306835493e-24,7.360861830427918e-24,HuT78_vs_HH,ENSG00000135525,MAP7,protein_coding,Up
ENSG00000111249.16,260.2098854330606,13.350156740233073,2.8759680971668145,8.372358286390952e-25,5.982879884351572e-24,HuT78_vs_HH,ENSG00000111249,CUX2,protein_coding,Up
ENSG00000158555.17,368.3008294207313,13.348285486777476,2.709036395773676,1.1008879754200259e-25,8.163248377338478e-25,HuT78_vs_HH,ENSG00000158555,GDPD5,protein_coding,Up
ENSG00000136014.14,175.7875857891484,13.347721618070556,3.3237255905036416,2.5375854576365002e-23,1.6887386134308284e-22,HuT78_vs_HH,ENSG00000136014,USP44,protein_coding,Up
ENSG00000134326.13,275.24079145330006,13.342493661443365,3.4943449831256514,2.029284393429242e-10,6.651048281793792e-10,HuT78_vs_HH,ENSG00000134326,CMPK2,protein_coding,Up
ENSG00000143479.19,358.74901571299546,13.289066290279623,2.6992528812238157,1.517276237220994e-25,1.1199836748996336e-24,HuT78_vs_HH,ENSG00000143479,DYRK3,protein_coding,Up
ENSG00000171310.11,2882.118394132528,13.260860101869167,1.2938976517392922,2.242077322825036e-24,1.5684035626087666e-23,HuT78_vs_HH,ENSG00000171310,CHST11,protein_coding,Up
ENSG00000143502.18,311.2502180886712,13.246939379641304,2.7594916180939832,2.9494107419955498e-25,2.1452981503390284e-24,HuT78_vs_HH,ENSG00000143502,SUSD4,protein_coding,Up
ENSG00000089177.22,269.92612704335386,13.239358134494628,2.9595353398673563,3.0417954895452066e-24,2.1187311895490816e-23,HuT78_vs_HH,ENSG00000089177,KIF16B,protein_coding,Up
ENSG00000130054.6,179.14669746338586,13.213812866382355,3.1307678228897946,2.0969056716977726e-23,1.4027656873960269e-22,HuT78_vs_HH,ENSG00000130054,NALF2,protein_coding,Up
ENSG00000079385.25,199.81619670729955,13.212628222606003,3.135390416101573,1.2817060703955211e-18,6.761414679368599e-18,HuT78_vs_HH,ENSG00000079385,CEACAM1,protein_coding,Up
ENSG00000211795.3,176.0652223035938,13.131872194558008,3.0785944848812674,3.832312452878035e-23,2.529693352738025e-22,HuT78_vs_HH,ENSG00000211795,TRAV8-6,TR_V_gene,Up
ENSG00000109906.17,170.13066157081323,13.124791892943083,3.1200855147799986,5.177917613714118e-23,3.3916780274109112e-22,HuT78_vs_HH,ENSG00000109906,ZBTB16,protein_coding,Up
ENSG00000163513.22,271.66695440938383,13.114696339022387,2.722306223851454,1.092364332668328e-24,7.778102949027462e-24,HuT78_vs_HH,ENSG00000163513,TGFBR2,protein_coding,Up
ENSG00000089876.14,589.6702553859683,13.103340374774266,2.623577816022189,2.9525402034795916e-25,2.146702830573737e-24,HuT78_vs_HH,ENSG00000089876,DHX32,protein_coding,Up
ENSG00000132205.13,511.2109178776667,13.102354268463557,2.750055682765182,1.4247263127605593e-21,8.717203515404858e-21,HuT78_vs_HH,ENSG00000132205,EMILIN2,protein_coding,Up
ENSG00000005249.16,198.18491196875323,13.094775548256413,2.857798470922651,4.048600912535505e-24,2.8047442129958846e-23,HuT78_vs_HH,ENSG00000005249,PRKAR2B,protein_coding,Up
ENSG00000198879.14,292.612326975919,13.074612051020207,2.715092788502346,1.5831436109682281e-24,1.1179352696293183e-23,HuT78_vs_HH,ENSG00000198879,SFMBT2,protein_coding,Up
ENSG00000180730.6,253.0641187720444,13.05451549660527,2.769666399747569,3.14049612936887e-24,2.184931578937604e-23,HuT78_vs_HH,ENSG00000180730,SHISA2,protein_coding,Up
ENSG00000115963.16,192.21684470250156,13.053079628497024,2.8733693012252055,2.3804252825995585e-23,1.5865074009587459e-22,HuT78_vs_HH,ENSG00000115963,RND3,protein_coding,Up
ENSG00000162739.16,160.81995588656952,13.04196337835051,3.116342549801051,6.686332547216283e-23,4.363775868246984e-22,HuT78_vs_HH,ENSG00000162739,SLAMF6,protein_coding,Up
ENSG00000005882.14,604.5606460245714,13.008423241494043,2.649431986629677,9.863505860673136e-25,7.037224511905984e-24,HuT78_vs_HH,ENSG00000005882,PDK2,protein_coding,Up
ENSG00000132872.14,4078.541447406086,-18.313065232033566,3.8069486948561537,1.3102324226606707e-42,1.6255411254824042e-41,HuT78_vs_MyLa,ENSG00000132872,SYT4,protein_coding,Down
ENSG00000060982.17,7264.390724161856,-18.246181447657772,3.790947938411214,4.346863079651051e-44,5.671817339544689e-43,HuT78_vs_MyLa,ENSG00000060982,BCAT1,protein_coding,Down
ENSG00000135074.18,3130.0240512526593,-17.879318125023097,3.7572674392980536,3.782917126686837e-42,4.635496602229459e-41,HuT78_vs_MyLa,ENSG00000135074,ADAM19,protein_coding,Down
ENSG00000138061.15,5733.9567226722465,-17.343526252601563,3.335191265919519,6.987512571201369e-40,8.02958869230741e-39,HuT78_vs_MyLa,ENSG00000138061,CYP1B1,protein_coding,Down
ENSG00000154975.16,1333.5770964317144,-16.570058695404917,3.6303199094434637,1.6402648161440883e-36,1.7124326445933184e-35,HuT78_vs_MyLa,ENSG00000154975,CA10,protein_coding,Down
ENSG00000103175.13,1327.5576710513233,-16.546911268948275,3.641999954056662,1.7861429817079137e-34,1.74665674221055e-33,HuT78_vs_MyLa,ENSG00000103175,WFDC1,protein_coding,Down
ENSG00000196628.22,3148.6251035581768,-16.36525276207387,3.615157971049093,5.959793289197136e-35,5.905403582741521e-34,HuT78_vs_MyLa,ENSG00000196628,TCF4,protein_coding,Down
ENSG00000039560.16,1135.0707787437814,-16.275017767200502,3.602843512829416,4.6909458874040275e-35,4.6636124069280324e-34,HuT78_vs_MyLa,ENSG00000039560,RAI14,protein_coding,Down
ENSG00000198467.18,955.901622746878,-16.03983785577713,3.5787618223195063,3.40769899252809e-34,3.29815923560998e-33,HuT78_vs_MyLa,ENSG00000198467,TPM2,protein_coding,Down
ENSG00000287597.1,6108.780220580656,-15.993746013576333,1.340252424191901,1.8341402583426074e-42,2.266111912290194e-41,HuT78_vs_MyLa,ENSG00000287597,ENSG00000287597,lncRNA,Down
ENSG00000173482.18,916.3233987701424,-15.932984435569534,3.5707124784663282,2.019782362354337e-33,1.901439885526955e-32,HuT78_vs_MyLa,ENSG00000173482,PTPRM,protein_coding,Down
ENSG00000169760.19,902.3202639740612,-15.932150671601644,3.5675535621873875,8.070056420029323e-34,7.69689565705186e-33,HuT78_vs_MyLa,ENSG00000169760,NLGN1,protein_coding,Down
ENSG00000198883.12,5662.721609422612,-15.88423127544102,1.340575682872587,7.450255502041403e-42,9.067345605915199e-41,HuT78_vs_MyLa,ENSG00000198883,PNMA5,protein_coding,Down
ENSG00000136542.11,819.5612627528374,-15.794055219785887,3.555049128250542,4.2734777878961265e-33,3.9874663838624535e-32,HuT78_vs_MyLa,ENSG00000136542,GALNT5,protein_coding,Down
ENSG00000225581.3,775.9144138476698,-15.7038487381126,3.552883660897543,6.883773662884121e-32,6.132411992569319e-31,HuT78_vs_MyLa,ENSG00000225581,TRIM53AP,unprocessed_pseudogene,Down
ENSG00000107874.13,1804.9079481714743,-15.55290899096358,3.529161735727301,2.3524369544114344e-32,2.132788868334051e-31,HuT78_vs_MyLa,ENSG00000107874,CUEDC2,protein_coding,Down
ENSG00000185338.9,997.5450056645236,-15.419855489599962,3.5181511257410953,1.53602866776081e-31,1.347598118654991e-30,HuT78_vs_MyLa,ENSG00000185338,SOCS1,protein_coding,Down
ENSG00000184743.15,1932.8321199527777,-15.407207198903292,3.514629830266,9.295759568005626e-32,8.227941336997074e-31,HuT78_vs_MyLa,ENSG00000184743,ATL3,protein_coding,Down
ENSG00000166446.17,776.2019981919094,-15.346910350196477,3.508771744823425,1.729198156573524e-31,1.516328192609627e-30,HuT78_vs_MyLa,ENSG00000166446,CDYL2,protein_coding,Down
ENSG00000184374.5,606.8667539841442,-15.321171585841666,3.5071244371908996,2.828228812700881e-31,2.4655824418265833e-30,HuT78_vs_MyLa,ENSG00000184374,COLEC10,protein_coding,Down
ENSG00000122786.22,639.7676898254471,-15.29520873195332,3.554910309704397,6.015358301825038e-26,4.310605759087822e-25,HuT78_vs_MyLa,ENSG00000122786,CALD1,protein_coding,Down
ENSG00000146674.18,870.7967180511869,-15.264299476353084,4.071240359054535,9.920665025651757e-11,3.099559015252027e-10,HuT78_vs_MyLa,ENSG00000146674,IGFBP3,protein_coding,Down
ENSG00000168542.20,1085.0787189487653,-15.242220246908433,3.500257091345237,7.760127202799973e-31,6.654987019538607e-30,HuT78_vs_MyLa,ENSG00000168542,COL3A1,protein_coding,Down
ENSG00000186281.15,575.6913597456987,-15.230606319991285,3.487966497266173,5.39059770530228e-31,4.647380071727158e-30,HuT78_vs_MyLa,ENSG00000186281,GPAT2,protein_coding,Down
ENSG00000154864.15,708.2043593921082,-15.20685310459957,3.820129470986175,2.602423507036359e-14,1.0087065583850362e-13,HuT78_vs_MyLa,ENSG00000154864,PIEZO2,protein_coding,Down
ENSG00000288771.3,685.3489746047175,-15.102606469791132,3.485286006633206,2.164394377886361e-30,1.8307424589156824e-29,HuT78_vs_MyLa,ENSG00000288771,ENSG00000288771,lncRNA,Down
ENSG00000115155.19,594.1372506415836,-15.025892989942927,3.4766609634237264,3.2311040063603264e-30,2.717616350889448e-29,HuT78_vs_MyLa,ENSG00000115155,OTOF,protein_coding,Down
ENSG00000218336.11,1218.760050530635,-15.023266563162029,3.4773273174585273,4.47408691690674e-30,3.7472308142302127e-29,HuT78_vs_MyLa,ENSG00000218336,TENM3,protein_coding,Down
ENSG00000136267.16,506.34736137576704,-15.010075741968274,3.4752569958226296,4.172161771232909e-30,3.497626491887579e-29,HuT78_vs_MyLa,ENSG00000136267,DGKB,protein_coding,Down
ENSG00000139352.5,545.1880390652813,-15.002821673591825,3.474792102862538,4.7765882746873514e-30,3.996850954741892e-29,HuT78_vs_MyLa,ENSG00000139352,ASCL1,protein_coding,Down
ENSG00000139687.19,1317.0166026681823,-14.913088655455574,3.464708604826716,8.156189845571533e-30,6.774137277858786e-29,HuT78_vs_MyLa,ENSG00000139687,RB1,protein_coding,Down
ENSG00000263033.2,464.751519576192,-14.896102424252172,3.4638352211310175,1.1936956958970262e-29,9.832210754940333e-29,HuT78_vs_MyLa,ENSG00000263033,ENSG00000263033,lncRNA,Down
ENSG00000140403.15,774.2987465650697,-14.770740832780564,4.309985472326007,3.026448056043956e-8,7.936009502931421e-8,HuT78_vs_MyLa,ENSG00000140403,DNAJA4,protein_coding,Down
ENSG00000136327.7,426.7798199958743,-14.661779112052088,3.47247438014573,8.779931338886775e-26,6.236814826968936e-25,HuT78_vs_MyLa,ENSG00000136327,NKX2-8,protein_coding,Down
ENSG00000162627.19,400.8685350447084,-14.533529359530284,3.496544365216096,1.6069288612074812e-21,9.286493725332912e-21,HuT78_vs_MyLa,ENSG00000162627,SNX7,protein_coding,Down
ENSG00000147408.18,2127.597665597292,-14.530283523599124,3.426190384082146,2.7229783611584236e-28,2.1348865356740987e-27,HuT78_vs_MyLa,ENSG00000147408,CSGALNACT1,protein_coding,Down
ENSG00000267761.4,362.51961716590364,-14.500664684965713,3.423482974456831,3.8160657520471217e-28,2.9762654744416275e-27,HuT78_vs_MyLa,ENSG00000267761,MIR4527HG,lncRNA,Down
ENSG00000120278.19,632.8121150044419,-14.48931163071149,3.4218833589375177,3.8016154954531885e-28,2.9662866550977294e-27,HuT78_vs_MyLa,ENSG00000120278,PLEKHG1,protein_coding,Down
ENSG00000177694.17,369.8800076473955,-14.486914946819061,3.424457108141444,7.475719709589651e-28,5.760323380528972e-27,HuT78_vs_MyLa,ENSG00000177694,NAALADL2,protein_coding,Down
ENSG00000186522.17,2228.3996122128206,-14.479741469585953,3.4208467339621347,4.092305808843421e-28,3.1889368666998646e-27,HuT78_vs_MyLa,ENSG00000186522,SEPTIN10,protein_coding,Down
ENSG00000144015.6,354.69921711060215,-14.461454356018264,3.4228383895665204,1.156409333442854e-27,8.842114045509487e-27,HuT78_vs_MyLa,ENSG00000144015,TRIM43,protein_coding,Down
ENSG00000138685.19,752.0435992157746,-14.332715285411977,3.4055807706640375,1.3957490509985498e-27,1.0622278780220484e-26,HuT78_vs_MyLa,ENSG00000138685,FGF2,protein_coding,Down
ENSG00000142621.23,331.73287465220636,-14.326262091748468,3.4063507482446784,2.0415917781074195e-27,1.542602982066403e-26,HuT78_vs_MyLa,ENSG00000142621,FHAD1,protein_coding,Down
ENSG00000114374.15,292.4838737014663,-14.15477939191001,3.388672857281427,9.20668738471104e-27,6.804364871992504e-26,HuT78_vs_MyLa,ENSG00000114374,USP9Y,protein_coding,Down
ENSG00000297158.1,279.44925709205774,-14.080926705626895,3.38250848598675,2.2104071336309474e-26,1.612355203542281e-25,HuT78_vs_MyLa,ENSG00000297158,ENSG00000297158,lncRNA,Down
ENSG00000152527.16,280.14847680957865,-14.056522388714114,3.381481105071999,1.726568149067793e-26,1.2640567384777077e-25,HuT78_vs_MyLa,ENSG00000152527,PLEKHH2,protein_coding,Down
ENSG00000306504.1,258.8269071936856,-13.958584302381718,3.368433371539622,4.6755960244264646e-26,3.3680459500442345e-25,HuT78_vs_MyLa,ENSG00000306504,ENSG00000306504,lncRNA,Down
ENSG00000115919.17,276.16884416730284,-13.936104952269169,3.3690110715474773,1.0011973664737744e-25,7.0867051838710665e-25,HuT78_vs_MyLa,ENSG00000115919,KYNU,protein_coding,Down
ENSG00000205730.7,324.88925639511706,-13.87276977457841,3.357169445929249,8.75807772513553e-26,6.223758922879929e-25,HuT78_vs_MyLa,ENSG00000205730,ITPRIPL2,protein_coding,Down
ENSG00000300885.1,244.54396635727994,-13.869014608169602,3.358885348715534,8.101001515556847e-26,5.763679195838003e-25,HuT78_vs_MyLa,ENSG00000300885,ENSG00000300885,lncRNA,Down
ENSG00000176014.15,1835.988436911589,-13.864915703504002,1.91338857469616,1.0062858241449038e-15,4.2407928815704425e-15,HuT78_vs_MyLa,ENSG00000176014,TUBB6,protein_coding,Down
ENSG00000118402.7,428.62226584032663,-13.849563885133053,3.3550718830072537,7.275478916669262e-26,5.1887024200688625e-25,HuT78_vs_MyLa,ENSG00000118402,ELOVL4,protein_coding,Down
ENSG00000103855.20,585.8733402508167,-13.833394126393946,3.3530305922062817,7.837780603630687e-26,5.583055249067346e-25,HuT78_vs_MyLa,ENSG00000103855,CD276,protein_coding,Down
ENSG00000144407.11,265.01919809242247,-13.808729713384222,3.352874394401108,1.5756171651361734e-25,1.1060807803062126e-24,HuT78_vs_MyLa,ENSG00000144407,PTH2R,protein_coding,Down
ENSG00000104213.15,234.5724606411618,-13.726035247112556,3.3434692926277125,2.643871111725417e-25,1.8315912980108603e-24,HuT78_vs_MyLa,ENSG00000104213,PDGFRL,protein_coding,Down
ENSG00000182463.17,224.20193013123415,-13.719486504874347,3.343333922070273,3.110946149065996e-25,2.148519670798663e-24,HuT78_vs_MyLa,ENSG00000182463,TSHZ2,protein_coding,Down
ENSG00000272405.1,236.83684779003403,-13.714685065490212,3.343132286589649,3.437973577396058e-25,2.3670751975038578e-24,HuT78_vs_MyLa,ENSG00000272405,ENSG00000272405,lncRNA,Down
ENSG00000168389.20,259.5311158821147,-13.685216665832366,3.3458508143132715,1.3420838732765597e-24,8.981483970769356e-24,HuT78_vs_MyLa,ENSG00000168389,MFSD2A,protein_coding,Down
ENSG00000303186.1,221.48709583446575,-13.680999657896214,3.3638899411781473,3.6140849330773596e-23,2.2528299087014926e-22,HuT78_vs_MyLa,ENSG00000303186,ENSG00000303186,lncRNA,Down
ENSG00000150893.12,215.4423124598777,-13.622800001930251,3.3343282692214036,8.439916577848408e-25,5.7208136773421955e-24,HuT78_vs_MyLa,ENSG00000150893,FREM2,protein_coding,Down
ENSG00000170955.12,838.9042201560104,-13.573150428230347,3.326241332780465,7.1858641410732745e-25,4.885569490980179e-24,HuT78_vs_MyLa,ENSG00000170955,CAVIN3,protein_coding,Down
ENSG00000169855.22,548.3425633053087,-13.568345985782404,3.3251459807485144,6.695418213817341e-25,4.564247233658206e-24,HuT78_vs_MyLa,ENSG00000169855,ROBO1,protein_coding,Down
ENSG00000153956.19,248.08137319494708,-13.486554148954509,3.3229625792509547,4.313533696204636e-24,2.8254828580440967e-23,HuT78_vs_MyLa,ENSG00000153956,CACNA2D1,protein_coding,Down
ENSG00000188352.15,794.3011862112297,-13.371943553837855,3.3040537557167293,2.986736370743923e-24,1.9686306873391238e-23,HuT78_vs_MyLa,ENSG00000188352,FOCAD,protein_coding,Down
ENSG00000179869.16,251.87103422786635,-13.332059501394,3.3025807790476334,6.836528255453615e-24,4.4413459941673594e-23,HuT78_vs_MyLa,ENSG00000179869,ABCA13,protein_coding,Down
ENSG00000179820.19,803.4934902749113,-13.32569804480293,3.299479119364959,4.5758838528943094e-24,2.9918598257153855e-23,HuT78_vs_MyLa,ENSG00000179820,MYADM,protein_coding,Down
ENSG00000124429.20,397.09954093271665,-13.32389735602214,3.300467857627067,5.77880093490852e-24,3.7632576789853197e-23,HuT78_vs_MyLa,ENSG00000124429,POF1B,protein_coding,Down
ENSG00000137693.16,221.17019102390046,-13.29557857929134,3.342516275746,9.218133663111811e-21,5.138234740966027e-20,HuT78_vs_MyLa,ENSG00000137693,YAP1,protein_coding,Down
ENSG00000226968.2,161.52152022143218,-13.198681838503703,3.2887743137052636,2.0388445297981617e-23,1.2893010854689045e-22,HuT78_vs_MyLa,ENSG00000226968,LINC00423,lncRNA,Down
ENSG00000115008.8,294.76831408128703,-13.186698212516916,3.294745496046867,2.0684418912696064e-23,1.3070947612731923e-22,HuT78_vs_MyLa,ENSG00000115008,IL1A,protein_coding,Down
ENSG00000176788.11,8491.62769448395,-13.089402021373745,3.273305035221663,2.4028678619522613e-23,1.5109644698797739e-22,HuT78_vs_MyLa,ENSG00000176788,BASP1,protein_coding,Down
ENSG00000171843.18,830.758322721938,-13.06189962160866,3.2726816432510204,4.470674330122581e-23,2.77231327878664e-22,HuT78_vs_MyLa,ENSG00000171843,MLLT3,protein_coding,Down
ENSG00000107242.22,184.89824257462627,-13.060446988350103,3.276594698017592,9.12765272983795e-23,5.586672314829069e-22,HuT78_vs_MyLa,ENSG00000107242,PIP5K1B,protein_coding,Down
ENSG00000249460.3,147.50102533881898,-13.05200139057994,3.2732239400957734,5.968312438321102e-23,3.6818979797700595e-22,HuT78_vs_MyLa,ENSG00000249460,LINC02500,lncRNA,Down
ENSG00000136305.14,308.2490843705649,-13.042441539683718,3.269564930027518,4.60692524116998e-23,2.855815421991702e-22,HuT78_vs_MyLa,ENSG00000136305,CIDEB,protein_coding,Down
ENSG00000172164.16,159.04731944398455,-13.038567789754657,3.2816303734783023,3.3671417907190402e-22,2.0100748144195803e-21,HuT78_vs_MyLa,ENSG00000172164,SNTB1,protein_coding,Down
ENSG00000250033.6,143.01474002143257,-12.996277359153897,3.2721949154859877,2.253746047458293e-22,1.3548946456448094e-21,HuT78_vs_MyLa,ENSG00000250033,SLC7A11-AS1,lncRNA,Down
ENSG00000136244.14,145.2627938881977,-12.995042946993811,3.2889071016851457,3.8253159293376866e-21,2.1728134075486575e-20,HuT78_vs_MyLa,ENSG00000136244,IL6,protein_coding,Down
ENSG00000178860.11,14569.243220213011,-12.943349005708999,1.3207991269874795,9.616847136694864e-29,7.623266214773827e-28,HuT78_vs_MyLa,ENSG00000178860,MSC,protein_coding,Down
ENSG00000253339.5,137.60473072663723,-12.935391083327621,3.2638927055871845,2.7047980305419856e-22,1.6189928739445264e-21,HuT78_vs_MyLa,ENSG00000253339,ENSG00000253339,lncRNA,Down
ENSG00000238133.6,439.5179119529677,-12.900977867435746,3.2560183367276583,1.6745258945543412e-22,1.0137236915837008e-21,HuT78_vs_MyLa,ENSG00000238133,MAP3K20-AS1,lncRNA,Down
ENSG00000183960.11,139.99561025586274,-12.876305881003331,3.3193269769884397,1.6498170481909835e-18,8.164771386282174e-18,HuT78_vs_MyLa,ENSG00000183960,KCNH8,protein_coding,Down
ENSG00000114455.17,1707.8579089104685,-12.854704633257306,1.324341577731317,5.999324014439004e-28,4.632667660287705e-27,HuT78_vs_MyLa,ENSG00000114455,HHLA2,protein_coding,Down
ENSG00000155719.19,129.00750783721486,-12.829200140492338,3.252321941109717,5.5235635804378765e-22,3.2636755126498865e-21,HuT78_vs_MyLa,ENSG00000155719,OTOA,protein_coding,Down
ENSG00000255921.2,162.21139312735033,-12.800596212561445,3.2386422425720864,4.433710367620526e-22,2.633618078114115e-21,HuT78_vs_MyLa,ENSG00000255921,BCAT1-DT,lncRNA,Down
ENSG00000136237.21,126.68165079932255,-12.79542120642278,3.2463025811934743,4.785893278302395e-22,2.8390489430724305e-21,HuT78_vs_MyLa,ENSG00000136237,RAPGEF5,protein_coding,Down
ENSG00000134343.15,134.45044789913308,-12.78635387186134,3.2454523101787096,1.2125922643609228e-21,7.059990385448791e-21,HuT78_vs_MyLa,ENSG00000134343,ANO3,protein_coding,Down
ENSG00000141449.18,151.788584859015,-12.785465860050389,3.2546922021893807,2.122643552943116e-21,1.2188192067620489e-20,HuT78_vs_MyLa,ENSG00000141449,GREB1L,protein_coding,Down
ENSG00000259107.2,124.04742342821741,-12.768383899843363,3.245187133644613,7.821770893998865e-22,4.5868093474955706e-21,HuT78_vs_MyLa,ENSG00000259107,LINC00911,lncRNA,Down
ENSG00000162545.8,180.79961851077027,-12.70713661354565,3.227480746454821,9.176116287785096e-22,5.365212901294713e-21,HuT78_vs_MyLa,ENSG00000162545,CAMK2N1,protein_coding,Down
ENSG00000198642.9,557.1512773421375,-12.695926914912995,3.172061860291288,3.6401955336033076e-22,2.1687430324078234e-21,HuT78_vs_MyLa,ENSG00000198642,KLHL9,protein_coding,Down
ENSG00000226089.3,124.87833949318558,-12.674643080190043,3.2438287053258112,5.876666045513731e-21,3.3065474938875154e-20,HuT78_vs_MyLa,ENSG00000226089,ENSG00000226089,lncRNA,Down
ENSG00000145839.2,635.2170765148728,-12.657269595763243,1.347708635412934,2.3516856856086551e-26,1.7140133872123293e-25,HuT78_vs_MyLa,ENSG00000145839,IL9,protein_coding,Down
ENSG00000235531.12,689.4294057392981,-12.652643678982368,3.2267385452878456,7.067553121654904e-22,4.156769999161116e-21,HuT78_vs_MyLa,ENSG00000235531,MSC-AS1,lncRNA,Down
ENSG00000243276.7,181.38835913631615,-12.647792582441818,4.308454231848376,3.3850809094930807e-19,1.7391374962308157e-18,HuT78_vs_MyLa,ENSG00000243276,ENSG00000243276,lncRNA,Down
ENSG00000164256.11,114.86212482485303,-12.644509242915044,3.230508319206303,1.5643917743163104e-21,9.049428039030256e-21,HuT78_vs_MyLa,ENSG00000164256,PRDM9,protein_coding,Down
ENSG00000134871.22,117.1017509734613,-12.634768658647475,3.2376317769246445,6.007600250574951e-21,3.3780966255194683e-20,HuT78_vs_MyLa,ENSG00000134871,COL4A2,protein_coding,Down
ENSG00000261115.8,630.7958107217326,-12.63020803790623,1.3228066979560567,2.673313077215361e-27,2.0063847414458814e-26,HuT78_vs_MyLa,ENSG00000261115,TMEM178B,protein_coding,Down
ENSG00000197182.17,139.54079707715366,-12.617390574158893,3.231470168797337,3.513732548256995e-21,1.998365669905526e-20,HuT78_vs_MyLa,ENSG00000197182,MIRLET7BHG,lncRNA,Down
ENSG00000198142.5,1967.4947008982933,-12.609773893967839,3.222692114190256,1.0702999480429718e-21,6.2396432050731666e-21,HuT78_vs_MyLa,ENSG00000198142,SOWAHC,protein_coding,Down
ENSG00000211751.9,2779.5838264942827,17.528309329784854,3.4930803615336417,6.881351833035999e-41,8.142629992657856e-40,HuT78_vs_MyLa,ENSG00000211751,TRBC1,TR_C_gene,Up
ENSG00000131746.15,2235.2429211528765,16.845040303226835,3.071366955029275,1.5320609869355176e-39,1.7493226629031102e-38,HuT78_vs_MyLa,ENSG00000131746,TNS4,protein_coding,Up
ENSG00000007264.17,1948.0345629413973,16.80723104874959,3.290008388299122,2.815927900082259e-36,2.916031695374201e-35,HuT78_vs_MyLa,ENSG00000007264,MATK,protein_coding,Up
ENSG00000182866.20,1462.1007974637,16.505134267549813,3.3910645692598878,1.2271631476997614e-36,1.2901776872676777e-35,HuT78_vs_MyLa,ENSG00000182866,LCK,protein_coding,Up
ENSG00000110448.13,3185.0086805027213,16.113886877230357,2.822908715802693,4.199255948726702e-37,4.459375834110188e-36,HuT78_vs_MyLa,ENSG00000110448,CD5,protein_coding,Up
ENSG00000013725.16,2718.0015551376423,16.03581794013996,2.8723190222428756,1.481014316305776e-36,1.5488833319683582e-35,HuT78_vs_MyLa,ENSG00000013725,CD6,protein_coding,Up
ENSG00000214049.9,870.6816637393423,15.87897603373139,3.5656463611212774,3.746365565374517e-33,3.5047592221245153e-32,HuT78_vs_MyLa,ENSG00000214049,UCA1,lncRNA,Up
ENSG00000277443.5,1070.2766605125505,15.84075752934983,3.255233605967656,5.114030619272335e-29,4.104742766320067e-28,HuT78_vs_MyLa,ENSG00000277443,MARCKS,protein_coding,Up
ENSG00000187772.8,808.2835237050551,15.725762097364937,3.5112301965140076,1.1650912843034829e-32,1.0709394745149768e-31,HuT78_vs_MyLa,ENSG00000187772,LIN28B,protein_coding,Up
ENSG00000136732.18,1819.1833190763189,15.654674074769872,2.774305327288252,1.2998933597891502e-34,1.2746354428364875e-33,HuT78_vs_MyLa,ENSG00000136732,GYPC,protein_coding,Up
ENSG00000163017.16,856.8420086082402,15.440523879058679,3.0749912438249822,1.5378404997817494e-32,1.4056332935505123e-31,HuT78_vs_MyLa,ENSG00000163017,ACTG2,protein_coding,Up
ENSG00000154930.17,1699.0550442122167,15.422281010997441,2.7462896775407883,3.4145142650540624e-34,3.302971007475352e-33,HuT78_vs_MyLa,ENSG00000154930,ACSS1,protein_coding,Up
ENSG00000153094.27,820.5842826712874,15.335023278668299,3.117879180682239,2.2100234145337163e-32,2.0067191825327685e-31,HuT78_vs_MyLa,ENSG00000153094,BCL2L11,protein_coding,Up
ENSG00000276405.1,610.8238783816926,15.307078447521512,3.5239478915903524,1.560419143884676e-29,1.2805730170725595e-28,HuT78_vs_MyLa,ENSG00000276405,TRBV13,TR_V_gene,Up
ENSG00000187855.6,588.0434052264236,15.261672869712458,3.5160183593865235,1.430088893568474e-30,1.2171041581130267e-29,HuT78_vs_MyLa,ENSG00000187855,ASCL4,protein_coding,Up
ENSG00000115523.19,640.4418568265633,15.010700242989062,3.0659730775129064,4.620170280029819e-31,3.990855861462594e-30,HuT78_vs_MyLa,ENSG00000115523,GNLY,protein_coding,Up
ENSG00000132530.19,679.9663064628909,14.91216957749881,3.012887312107583,2.2633216653767983e-25,1.5746566071932171e-24,HuT78_vs_MyLa,ENSG00000132530,XAF1,protein_coding,Up
ENSG00000159217.12,858.3152949311501,14.670882612252552,3.0141845936384577,6.2980951827094385e-30,5.243047174639387e-29,HuT78_vs_MyLa,ENSG00000159217,IGF2BP1,protein_coding,Up
ENSG00000166582.13,1287.3609395058509,14.66200411611555,2.7226301605774026,3.6399773103129702e-31,3.162473012330595e-30,HuT78_vs_MyLa,ENSG00000166582,CENPV,protein_coding,Up
ENSG00000175130.9,674.2744897430197,14.553979085646455,3.0672419665939827,2.7554610124194882e-17,1.2683474829777783e-16,HuT78_vs_MyLa,ENSG00000175130,MARCKSL1,protein_coding,Up
ENSG00000205426.11,426.8801079792745,14.43975606474782,3.122938795393008,2.838964577413021e-28,2.2238762747859325e-27,HuT78_vs_MyLa,ENSG00000205426,KRT81,protein_coding,Up
ENSG00000138964.20,655.9747332942919,14.421318626933282,3.3231224961590615,2.0621663659171936e-12,7.166578165937249e-12,HuT78_vs_MyLa,ENSG00000138964,PARVG,protein_coding,Up
ENSG00000073849.18,551.0790128145966,14.411302845908244,3.0257081646036195,7.218005851363218e-29,5.757371986962246e-28,HuT78_vs_MyLa,ENSG00000073849,ST6GAL1,protein_coding,Up
ENSG00000101311.19,518.2434165864688,14.295952826131428,2.875327481111559,5.502095871301207e-29,4.404381033706932e-28,HuT78_vs_MyLa,ENSG00000101311,FERMT1,protein_coding,Up
ENSG00000106484.17,686.7533251126031,14.180566879713238,3.956098094063885,7.820795096310259e-8,1.9904751264440726e-7,HuT78_vs_MyLa,ENSG00000106484,MEST,protein_coding,Up
ENSG00000115884.13,334.8836009231383,14.149638266446843,3.184342706779719,1.4256927000603043e-26,1.048062565514171e-25,HuT78_vs_MyLa,ENSG00000115884,SDC1,protein_coding,Up
ENSG00000196839.16,770.8211946171953,14.12331293108451,2.8005008077832114,1.473273506235132e-28,1.1606725973703776e-27,HuT78_vs_MyLa,ENSG00000196839,ADA,protein_coding,Up
ENSG00000107719.12,453.5276997883433,14.095031485457724,3.6892276933545864,4.7667564914904e-10,1.4237486252926062e-9,HuT78_vs_MyLa,ENSG00000107719,PALD1,protein_coding,Up
ENSG00000142347.23,640.3778582396538,14.057494491329951,3.859692592547535,4.351388629748655e-8,1.1279862147583151e-7,HuT78_vs_MyLa,ENSG00000142347,MYO1F,protein_coding,Up
ENSG00000092621.15,1300.023637628869,13.964179763956137,2.6684670044999046,1.6080483073247207e-28,1.2646262258877249e-27,HuT78_vs_MyLa,ENSG00000092621,PHGDH,protein_coding,Up
ENSG00000071575.13,400.8428621356496,13.958949863351346,2.8146540065667383,1.956355664108948e-27,1.4800722855790456e-26,HuT78_vs_MyLa,ENSG00000071575,TRIB2,protein_coding,Up
ENSG00000162337.14,848.2260162253942,13.937794428737238,2.731728085280441,4.138192411192818e-28,3.223292045500841e-27,HuT78_vs_MyLa,ENSG00000162337,LRP5,protein_coding,Up
ENSG00000256235.5,442.34483182217036,13.915556249901227,3.8053970054293043,8.46848425355474e-9,2.31976904285066e-8,HuT78_vs_MyLa,ENSG00000256235,SMIM3,protein_coding,Up
ENSG00000125384.9,280.17261752974395,13.914486428644112,3.2022188661611515,3.671887693477547e-26,2.655707227640301e-25,HuT78_vs_MyLa,ENSG00000125384,PTGER2,protein_coding,Up
ENSG00000166501.16,1206.8051104757071,13.908249067764729,2.8270924095318697,1.7037319159445348e-27,1.291678259591466e-26,HuT78_vs_MyLa,ENSG00000166501,PRKCB,protein_coding,Up
ENSG00000147443.15,1387.6005123575385,13.887106779782508,2.6600908667505148,3.905209843134673e-28,3.0444662462905864e-27,HuT78_vs_MyLa,ENSG00000147443,DOK2,protein_coding,Up
ENSG00000100473.20,281.52785773970425,13.86715756289476,3.1445118175162423,3.991882411316004e-26,2.88597955604222e-25,HuT78_vs_MyLa,ENSG00000100473,COCH,protein_coding,Up
ENSG00000132623.18,456.1154301996818,13.78736673912424,2.736423368905032,1.975804015500091e-27,1.4941548728444124e-26,HuT78_vs_MyLa,ENSG00000132623,ANKEF1,protein_coding,Up
ENSG00000263753.11,743.4488719277863,13.704946585032038,2.6802162636501805,1.8849106658269122e-27,1.4272263135371568e-26,HuT78_vs_MyLa,ENSG00000263753,LINC00667,lncRNA,Up
ENSG00000110328.8,210.66096254027903,13.611475068142752,3.3495452625201847,1.6052221928267037e-24,1.0726428789440654e-23,HuT78_vs_MyLa,ENSG00000110328,GALNT18,protein_coding,Up
ENSG00000096264.15,206.872265416341,13.581384359847693,3.3461939670694973,2.0456081603314926e-24,1.3603218334201444e-23,HuT78_vs_MyLa,ENSG00000096264,NCR2,protein_coding,Up
ENSG00000082512.17,1010.181422346097,13.53403427575492,2.6507976830144413,6.499181699761174e-27,4.8172461791982395e-26,HuT78_vs_MyLa,ENSG00000082512,TRAF5,protein_coding,Up
ENSG00000196372.15,468.26673638688953,13.505005552808859,2.732905423247556,2.722390842401785e-26,1.9785651903297356e-25,HuT78_vs_MyLa,ENSG00000196372,ASB13,protein_coding,Up
ENSG00000114450.13,318.99254787142405,13.502111913132786,2.9735241476284515,2.0466899317514631e-25,1.4272654779029764e-24,HuT78_vs_MyLa,ENSG00000114450,GNB4,protein_coding,Up
ENSG00000085662.16,1870.5172703501694,13.485455594779806,1.2790570136557118,2.480139987429764e-31,2.1642332135803322e-30,HuT78_vs_MyLa,ENSG00000085662,AKR1B1,protein_coding,Up
ENSG00000291033.2,216.6628671392195,13.43185968410289,3.098783855451951,2.091790481168712e-24,1.3894855939984233e-23,HuT78_vs_MyLa,ENSG00000291033,TXLNGY,lncRNA,Up
ENSG00000071967.14,348.9206072388194,13.412488443246064,2.832061546274812,1.5771833697047962e-25,1.1067465753333891e-24,HuT78_vs_MyLa,ENSG00000071967,CYBRD1,protein_coding,Up
ENSG00000162894.14,204.061567220978,13.398677756275905,3.1485336545798726,2.2280291661645115e-24,1.4772443564706596e-23,HuT78_vs_MyLa,ENSG00000162894,FCMR,protein_coding,Up
ENSG00000227051.8,205.8093330754602,13.396226860577643,3.1327676209920434,2.124057554496657e-24,1.4093515218076892e-23,HuT78_vs_MyLa,ENSG00000227051,C14orf132,protein_coding,Up
ENSG00000132846.8,391.8910229188954,13.372483108716212,2.946474405852778,4.764150815525852e-25,3.263853226009394e-24,HuT78_vs_MyLa,ENSG00000132846,ZBED3,protein_coding,Up
ENSG00000136014.14,175.7875857891484,13.318259153659032,3.322945031317224,2.5185884497834326e-23,1.5815111138405257e-22,HuT78_vs_MyLa,ENSG00000136014,USP44,protein_coding,Up
ENSG00000127989.16,478.30175647369913,13.312814678583601,2.6590801947292118,6.145243404124356e-26,4.40192065513346e-25,HuT78_vs_MyLa,ENSG00000127989,MTERF1,protein_coding,Up
ENSG00000134326.13,275.24079145330006,13.3103745421065,3.4945722867813793,2.24754889404216e-10,6.854756288179315e-10,HuT78_vs_MyLa,ENSG00000134326,CMPK2,protein_coding,Up
ENSG00000004399.15,251.04799258604484,13.302200036831318,2.840230824291739,8.926416953974732e-25,6.0345947068097106e-24,HuT78_vs_MyLa,ENSG00000004399,PLXND1,protein_coding,Up
ENSG00000161243.12,1047.5977722443665,13.254246910833524,1.3196254551616242,1.2051114491991912e-29,9.921678130700142e-29,HuT78_vs_MyLa,ENSG00000161243,FBXO27,protein_coding,Up
ENSG00000089177.22,269.92612704335386,13.210929149713836,2.960626530271191,3.321938776928518e-24,2.1847479144153597e-23,HuT78_vs_MyLa,ENSG00000089177,KIF16B,protein_coding,Up
ENSG00000183072.11,209.61547081601705,13.194675657089066,2.998668315964801,3.913820623909955e-24,2.568355182320397e-23,HuT78_vs_MyLa,ENSG00000183072,NKX2-5,protein_coding,Up
ENSG00000172292.17,2464.045957288301,13.189030596614291,2.5918166184167757,8.031923422897874e-26,5.7190742496508515e-25,HuT78_vs_MyLa,ENSG00000172292,CERS6,protein_coding,Up
ENSG00000130054.6,179.14669746338586,13.187200190305882,3.133012475164897,2.0768053197460435e-23,1.3119170417225093e-22,HuT78_vs_MyLa,ENSG00000130054,NALF2,protein_coding,Up
ENSG00000185432.14,208.71239655861845,13.178813538475804,2.896440418311508,2.066939096105738e-24,1.3739968054446865e-23,HuT78_vs_MyLa,ENSG00000185432,TMT1A,protein_coding,Up
ENSG00000185760.19,538.4616424930783,13.143747151220223,2.6450448857734696,2.162562063859473e-25,1.5057248104952373e-24,HuT78_vs_MyLa,ENSG00000185760,KCNQ5,protein_coding,Up
ENSG00000162836.14,250.21199909100042,13.137831089230602,2.7671397556820714,1.1200140376845437e-24,7.537585080810895e-24,HuT78_vs_MyLa,ENSG00000162836,ACP6,protein_coding,Up
ENSG00000211795.3,176.0652223035938,13.101650203233804,3.0764669822446096,3.6584795720866853e-23,2.2781251836612083e-22,HuT78_vs_MyLa,ENSG00000211795,TRAV8-6,TR_V_gene,Up
ENSG00000090975.16,275.59390510404245,13.095671830380676,2.717530433241085,1.9734238817522983e-24,1.3128068637798895e-23,HuT78_vs_MyLa,ENSG00000090975,PITPNM2,protein_coding,Up
ENSG00000148798.13,180.01702606963298,13.068523972690416,2.9868611358027595,1.4733348024582597e-23,9.37315091833797e-23,HuT78_vs_MyLa,ENSG00000148798,INA,protein_coding,Up
ENSG00000166199.15,422.4665883752764,13.034248941485206,2.9655166635004586,4.690799927832447e-15,1.899111428409453e-14,HuT78_vs_MyLa,ENSG00000166199,ALKBH3,protein_coding,Up
ENSG00000279806.1,161.2671835624492,13.00489284972545,3.100436425845445,5.080733624328166e-23,3.1440878369547185e-22,HuT78_vs_MyLa,ENSG00000279806,ENSG00000279806,TEC,Up
ENSG00000198915.14,158.92742229342082,12.99468637501248,3.1158678676985447,8.499289868415683e-23,5.210978028496474e-22,HuT78_vs_MyLa,ENSG00000198915,RASGEF1A,protein_coding,Up
ENSG00000162490.9,173.86616367284816,12.980777927232555,2.9512917966130647,2.3461267511419744e-23,1.4768398013601008e-22,HuT78_vs_MyLa,ENSG00000162490,DRAXIN,protein_coding,Up
ENSG00000162739.16,160.81995588656952,12.961204271670338,3.0604174179841324,6.714286844656597e-23,4.1363978274423296e-22,HuT78_vs_MyLa,ENSG00000162739,SLAMF6,protein_coding,Up
ENSG00000086289.14,493.23409111965765,12.946425063098554,2.6537697202716304,1.3363033859187727e-24,8.946141688615401e-24,HuT78_vs_MyLa,ENSG00000086289,EPDR1,protein_coding,Up
ENSG00000106560.12,239.20657989907824,12.944511827229228,2.7197989329256185,3.097212087803499e-24,2.0391971537302348e-23,HuT78_vs_MyLa,ENSG00000106560,GIMAP2,protein_coding,Up
ENSG00000111110.14,896.5791591209102,12.937922696634088,2.620828932979574,1.1390958209782989e-24,7.663124909059791e-24,HuT78_vs_MyLa,ENSG00000111110,PPM1H,protein_coding,Up
ENSG00000141429.16,1145.1475467794587,12.92383694567316,2.6081406033422514,1.050290614502398e-24,7.076328077777534e-24,HuT78_vs_MyLa,ENSG00000141429,GALNT1,protein_coding,Up
ENSG00000213762.14,230.130747855595,12.884891522618613,2.933885426141563,3.338771782054513e-23,2.0852333102331227e-22,HuT78_vs_MyLa,ENSG00000213762,ZNF134,protein_coding,Up
ENSG00000181381.17,243.82201683240922,12.872268620178152,2.7274547737653103,2.0260317980254348e-23,1.282103838277134e-22,HuT78_vs_MyLa,ENSG00000181381,DDX60L,protein_coding,Up
ENSG00000185974.8,145.3785326197677,12.838646301588806,3.0859398288906927,1.79882855130575e-22,1.0872474189150645e-21,HuT78_vs_MyLa,ENSG00000185974,GRK1,protein_coding,Up
ENSG00000135824.14,133.42540381944755,12.82637112372352,3.3217599143863565,1.1442977213260893e-18,5.7326883885785484e-18,HuT78_vs_MyLa,ENSG00000135824,RGS8,protein_coding,Up
ENSG00000250366.6,735.7860585399299,12.821221178075003,1.3331327987608552,4.9166703473414665e-28,3.808134425967245e-27,HuT78_vs_MyLa,ENSG00000250366,TUNAR,protein_coding,Up
ENSG00000114200.12,254.20252531742432,12.81194308546971,2.9154844359518344,4.6827942197365687e-23,2.9018422153780914e-22,HuT78_vs_MyLa,ENSG00000114200,BCHE,protein_coding,Up
ENSG00000105851.12,784.953924252836,12.80742647498641,1.3460746934648957,2.941876650838761e-26,2.1328903358873492e-25,HuT78_vs_MyLa,ENSG00000105851,PIK3CG,protein_coding,Up
ENSG00000089682.20,353.55520236653837,12.791232228257908,2.6301964731917313,4.173560116986168e-24,2.7347962507610534e-23,HuT78_vs_MyLa,ENSG00000089682,RBM41,protein_coding,Up
ENSG00000185198.13,137.3861973776422,12.768265937918846,3.1252334499763794,3.324651187269025e-21,1.8938354855301934e-20,HuT78_vs_MyLa,ENSG00000185198,PRSS57,protein_coding,Up
ENSG00000173198.8,260.18941702775066,12.764389873839491,3.9994713376889317,1.0774507386643642e-6,2.5097555562569345e-6,HuT78_vs_MyLa,ENSG00000173198,CYSLTR1,protein_coding,Up
ENSG00000163818.22,166.0198057383551,12.753973719967114,3.0020382958979255,3.1638877593356166e-17,1.4526153051895842e-16,HuT78_vs_MyLa,ENSG00000163818,LZTFL1,protein_coding,Up
ENSG00000170430.12,156.10513917736017,12.731121465765709,3.171855204628124,4.333319397765046e-15,1.7595516094959382e-14,HuT78_vs_MyLa,ENSG00000170430,MGMT,protein_coding,Up
ENSG00000180712.6,327.74184541794654,12.718053606225103,2.8000437477390987,1.3827047158155336e-22,8.408402913725487e-22,HuT78_vs_MyLa,ENSG00000180712,LINC02363,lncRNA,Up
ENSG00000172543.11,821.521037297158,12.71801013829081,1.7186656417675414,3.3378632537439187e-16,1.4457886893332278e-15,HuT78_vs_MyLa,ENSG00000172543,CTSW,protein_coding,Up
ENSG00000165929.15,135.96680782959652,12.67598410072969,3.0330844345710246,7.610068744102205e-22,4.464125132632318e-21,HuT78_vs_MyLa,ENSG00000165929,TC2N,protein_coding,Up
ENSG00000119888.13,327.5368399364389,12.663259131382457,4.72721153288937,3.153479713594895e-5,6.459477368974679e-5,HuT78_vs_MyLa,ENSG00000119888,EPCAM,protein_coding,Up
ENSG00000170522.12,347.00809110850963,12.656791683487027,2.769105310362315,5.679787941281055e-23,3.5111594536939303e-22,HuT78_vs_MyLa,ENSG00000170522,ELOVL6,protein_coding,Up
ENSG00000102098.21,185.35464090235402,12.641577273854612,3.635914104263388,2.0654560789036116e-8,5.4843109016686227e-8,HuT78_vs_MyLa,ENSG00000102098,SCML2,protein_coding,Up
ENSG00000198393.10,338.0162662981674,12.63300157868423,2.653135705592637,2.5044246730312966e-23,1.5731685840587545e-22,HuT78_vs_MyLa,ENSG00000198393,ZNF26,protein_coding,Up
ENSG00000163106.13,125.5606758918235,12.631474943494707,3.1050952515512895,2.319115527932163e-21,1.3299281268535435e-20,HuT78_vs_MyLa,ENSG00000163106,HPGDS,protein_coding,Up
ENSG00000137563.15,1474.2754143999873,12.604589858147824,2.579713882192117,1.2140737025179349e-23,7.762359165099501e-23,HuT78_vs_MyLa,ENSG00000137563,GGH,protein_coding,Up
ENSG00000140548.12,296.3404343003231,12.5656162746119,2.663374424934956,4.104812628102475e-23,2.54808448483908e-22,HuT78_vs_MyLa,ENSG00000140548,ZNF710,protein_coding,Up
ENSG00000145506.16,487.54206968700765,12.549793544080881,2.6643461948473957,6.521659745183598e-23,4.019110228240941e-22,HuT78_vs_MyLa,ENSG00000145506,NKD2,protein_coding,Up
ENSG00000090612.24,272.2837222385343,12.543280023575196,2.889542432653793,3.402392287542178e-22,2.0304416332884116e-21,HuT78_vs_MyLa,ENSG00000090612,ZNF268,protein_coding,Up
ENSG00000135919.16,1253.2448089194204,12.53538929037079,2.6045525962258513,2.8093160635987925e-23,1.7603671661200548e-22,HuT78_vs_MyLa,ENSG00000135919,SERPINE2,protein_coding,Up
ENSG00000213799.15,224.82575870957473,12.472433419252662,2.8937058290531303,6.9072574179077845e-22,4.066497424969371e-21,HuT78_vs_MyLa,ENSG00000213799,ZNF845,protein_coding,Up
ENSG00000113196.5,10970.765221410036,-19.751899127198243,3.9307282053327044,2.002904696963472e-51,3.5810416812475654e-50,MyLa_vs_HH,ENSG00000113196,HAND1,protein_coding,Down
ENSG00000196126.14,6097.841024833901,-17.69158086710373,3.7387080732492657,1.8372252576901555e-41,2.537693946917435e-40,MyLa_vs_HH,ENSG00000196126,HLA-DRB1,protein_coding,Down
ENSG00000179344.19,5483.3276453729895,-17.625023174432528,3.7325112594081955,3.9707521108683647e-41,5.409583579179221e-40,MyLa_vs_HH,ENSG00000179344,HLA-DQB1,protein_coding,Down
ENSG00000077782.25,3909.656777072637,-17.393712267005615,3.710501458972714,4.364375882174765e-40,5.783120852748589e-39,MyLa_vs_HH,ENSG00000077782,FGFR1,protein_coding,Down
ENSG00000198502.9,2782.542410481011,-17.267732096180783,3.698632711271854,1.761464151613281e-39,2.293359758441274e-38,MyLa_vs_HH,ENSG00000198502,HLA-DRB5,protein_coding,Down
ENSG00000110448.13,3185.0086805027213,-16.71473658999019,3.6458711689430845,6.137463623358322e-37,7.500181501532356e-36,MyLa_vs_HH,ENSG00000110448,CD5,protein_coding,Down
ENSG00000172292.17,2464.045957288301,-16.562118753239254,3.62974653234098,1.8689810104248634e-36,2.2501878226990206e-35,MyLa_vs_HH,ENSG00000172292,CERS6,protein_coding,Down
ENSG00000013725.16,2718.0015551376423,-16.350808988537988,3.6097505779054435,1.871514509321983e-35,2.1899531309277157e-34,MyLa_vs_HH,ENSG00000013725,CD6,protein_coding,Down
ENSG00000155926.16,1330.6988735384862,-16.311210686528035,3.7328578356734603,1.2681842685020732e-23,9.458585000089359e-23,MyLa_vs_HH,ENSG00000155926,SLA,protein_coding,Down
ENSG00000141576.18,1338.6547613208036,-16.212141143465544,3.5972294156817473,1.0005162639294755e-34,1.1438576176321987e-33,MyLa_vs_HH,ENSG00000141576,RNF157,protein_coding,Down
ENSG00000135919.16,1253.2448089194204,-16.00772134041053,3.575833373724871,4.8419968465943055e-34,5.4012685869699245e-33,MyLa_vs_HH,ENSG00000135919,SERPINE2,protein_coding,Down
ENSG00000082556.15,859.030873397863,-15.735467422762943,3.539118136241363,5.126823603405609e-33,5.536289623569108e-32,MyLa_vs_HH,ENSG00000082556,OPRK1,protein_coding,Down
ENSG00000204287.16,975.9591731069316,-15.723942668824206,3.7327486362265283,1.9172550565928884e-19,1.1600008219811413e-18,MyLa_vs_HH,ENSG00000204287,HLA-DRA,protein_coding,Down
ENSG00000147443.15,1387.6005123575385,-15.470836678406098,3.5231387494774915,9.302988339978977e-32,9.592572486717792e-31,MyLa_vs_HH,ENSG00000147443,DOK2,protein_coding,Down
ENSG00000092621.15,1300.023637628869,-15.366592540398385,3.511388343529229,1.695778244100551e-31,1.733021519855184e-30,MyLa_vs_HH,ENSG00000092621,PHGDH,protein_coding,Down
ENSG00000147889.19,1444.397092852924,-15.34625606517393,3.509676019586729,1.7575427780650901e-31,1.7951185216098113e-30,MyLa_vs_HH,ENSG00000147889,CDKN2A,protein_coding,Down
ENSG00000075651.19,838.1325494295261,-15.298759758128387,3.504580505669033,3.1580438715082672e-31,3.1945994329797066e-30,MyLa_vs_HH,ENSG00000075651,PLD1,protein_coding,Down
ENSG00000137563.15,1474.2754143999873,-15.261046199383987,3.5007487601937672,4.411353146460667e-31,4.4423491635099976e-30,MyLa_vs_HH,ENSG00000137563,GGH,protein_coding,Down
ENSG00000166582.13,1287.3609395058509,-15.062116906422965,3.480693195998569,2.6879707549441888e-30,2.6057898308888065e-29,MyLa_vs_HH,ENSG00000166582,CENPV,protein_coding,Down
ENSG00000136732.18,1819.1833190763189,-14.82938224475211,3.4593171871138613,3.726382319333611e-29,3.4589709456404996e-28,MyLa_vs_HH,ENSG00000136732,GYPC,protein_coding,Down
ENSG00000141429.16,1145.1475467794587,-14.80372003920246,3.4543307600571747,2.5592433613095676e-29,2.395446437714781e-28,MyLa_vs_HH,ENSG00000141429,GALNT1,protein_coding,Down
ENSG00000163421.10,579.4073779072838,-14.770949389299366,3.444921373878782,3.627174227908547e-29,3.3703748077272624e-28,MyLa_vs_HH,ENSG00000163421,PROK2,protein_coding,Down
ENSG00000196839.16,770.8211946171953,-14.339449573177907,3.4069716808193684,1.5183928775356884e-27,1.3288719297045364e-26,MyLa_vs_HH,ENSG00000196839,ADA,protein_coding,Down
ENSG00000127990.21,753.5475054794704,-14.339136614184099,3.394459788344885,1.412766407464583e-27,1.2382441384407046e-26,MyLa_vs_HH,ENSG00000127990,SGCE,protein_coding,Down
ENSG00000141753.9,4670.627159475194,-14.318915137540133,3.4046195604662426,1.7046954590958935e-27,1.4868363753506784e-26,MyLa_vs_HH,ENSG00000141753,IGFBP4,protein_coding,Down
ENSG00000104312.10,623.9418140014386,-14.28928040380468,3.4012731867094104,2.0702858226942493e-27,1.797826975936378e-26,MyLa_vs_HH,ENSG00000104312,RIPK2,protein_coding,Down
ENSG00000111110.14,896.5791591209102,-14.144764552645032,3.386736298358964,7.609035214175951e-27,6.475813105081338e-26,MyLa_vs_HH,ENSG00000111110,PPM1H,protein_coding,Down
ENSG00000196735.15,7836.300671617997,-14.107165538915442,1.3299045213405605,1.3461560356045108e-33,1.476814781252591e-32,MyLa_vs_HH,ENSG00000196735,HLA-DQA1,protein_coding,Down
ENSG00000290104.2,343.2731947532691,-14.026859332216727,3.375753110516147,2.669782380350846e-26,2.2081787324092986e-25,MyLa_vs_HH,ENSG00000290104,ENSG00000290104,lncRNA,Down
ENSG00000138760.13,1110.2921236459965,-13.920913137879754,3.362195890670436,3.756029435799996e-26,3.0923376536009614e-25,MyLa_vs_HH,ENSG00000138760,SCARB2,protein_coding,Down
ENSG00000082512.17,1010.181422346097,-13.917363166073761,3.3618440346844407,3.8840233949922155e-26,3.193312488356381e-25,MyLa_vs_HH,ENSG00000082512,TRAF5,protein_coding,Down
ENSG00000163359.19,2893.8970575857907,-13.90469328585137,0.9810859787915124,9.201656170543211e-43,1.3230150103955186e-41,MyLa_vs_HH,ENSG00000163359,COL6A3,protein_coding,Down
ENSG00000180828.3,568.174509672665,-13.892090444118779,3.370900614085251,1.0560288642162846e-25,8.502812180869545e-25,MyLa_vs_HH,ENSG00000180828,BHLHE22,protein_coding,Down
ENSG00000154930.17,1699.0550442122167,-13.89051973725472,3.214025056559358,2.745427996432004e-26,2.269697395296694e-25,MyLa_vs_HH,ENSG00000154930,ACSS1,protein_coding,Down
ENSG00000178053.22,337.29186638265645,-13.86052254551802,3.360273102059509,1.5146699935073818e-25,1.2141079612386909e-24,MyLa_vs_HH,ENSG00000178053,MLF1,protein_coding,Down
ENSG00000198963.12,507.78625598697477,-13.85673756446794,3.357783236810959,1.0283652679481808e-25,8.287523065808215e-25,MyLa_vs_HH,ENSG00000198963,RORB,protein_coding,Down
ENSG00000156103.17,269.4741734414085,-13.741403560890937,3.3458990168434815,2.6026695730140753e-25,2.0695439591898427e-24,MyLa_vs_HH,ENSG00000156103,MMP16,protein_coding,Down
ENSG00000164749.14,272.81509884018067,-13.71266559301337,3.342745689755269,3.4062040074775244e-25,2.6977075505729376e-24,MyLa_vs_HH,ENSG00000164749,HNF4G,protein_coding,Down
ENSG00000172179.14,234.3957576730167,-13.674530665165953,3.340428813316086,6.5233771369913645e-25,5.121222673496945e-24,MyLa_vs_HH,ENSG00000172179,PRL,protein_coding,Down
ENSG00000185818.9,270.0798307478218,-13.5868274164844,3.32984914080057,9.727353038174955e-25,7.58665780056179e-24,MyLa_vs_HH,ENSG00000185818,NAT8L,protein_coding,Down
ENSG00000147647.15,219.52033966439524,-13.560070620211944,3.3270531587700205,1.1410545964254788e-24,8.864697786193604e-24,MyLa_vs_HH,ENSG00000147647,DPYS,protein_coding,Down
ENSG00000299902.1,214.7941494278664,-13.536198649512286,3.326067653892276,1.9798595446556502e-24,1.5242451114097968e-23,MyLa_vs_HH,ENSG00000299902,ENSG00000299902,lncRNA,Down
ENSG00000197872.13,260.5673466568804,-13.454707086603483,3.318679711658719,4.5927590886959516e-24,3.489367221119083e-23,MyLa_vs_HH,ENSG00000197872,CYRIA,protein_coding,Down
ENSG00000189057.13,932.455997952727,-13.3264349102349,3.2999156736078974,5.175500062265358e-24,3.923786864810998e-23,MyLa_vs_HH,ENSG00000189057,FAM111B,protein_coding,Down
ENSG00000263753.11,743.4488719277863,-13.313433311151613,3.2980862300883174,4.872345902483211e-24,3.6986473238553696e-23,MyLa_vs_HH,ENSG00000263753,LINC00667,lncRNA,Down
ENSG00000147852.19,304.1487584225853,-13.293134778043505,3.333580605206394,2.272631988320911e-20,1.4381562017226817e-19,MyLa_vs_HH,ENSG00000147852,VLDLR,protein_coding,Down
ENSG00000188921.16,218.21115317289784,-13.25886022572825,3.2978209522159525,2.1654852258556118e-23,1.5945198446857083e-22,MyLa_vs_HH,ENSG00000188921,HACD4,protein_coding,Down
ENSG00000168386.20,294.8959649457269,-13.228596268170596,4.030717243701808,6.892291432525003e-8,1.9944338719703672e-7,MyLa_vs_HH,ENSG00000168386,FILIP1L,protein_coding,Down
ENSG00000006740.20,332.2390769709809,-13.196405753009454,3.210213365340851,8.578436825623137e-24,6.441018261988202e-23,MyLa_vs_HH,ENSG00000006740,ARHGAP44,protein_coding,Down
ENSG00000178184.17,241.23679254844205,-13.168832112516752,3.2862923061758345,2.858438982360461e-23,2.0952919136246997e-22,MyLa_vs_HH,ENSG00000178184,PARD6G,protein_coding,Down
ENSG00000101230.7,295.7699794823643,-13.1686263844509,3.283480497577289,1.7463138474103942e-23,1.2911767468574994e-22,MyLa_vs_HH,ENSG00000101230,ISM1,protein_coding,Down
ENSG00000124570.23,1658.1446796825921,-13.164124437107356,1.3251759824877232,1.6279939582679755e-29,1.5358352692138378e-28,MyLa_vs_HH,ENSG00000124570,SERPINB6,protein_coding,Down
ENSG00000166199.15,422.4665883752764,-13.13711827693497,3.487748140760885,2.2054054056698384e-14,9.947089084233423e-14,MyLa_vs_HH,ENSG00000166199,ALKBH3,protein_coding,Down
ENSG00000180712.6,327.74184541794654,-13.1159621661919,3.2872403127481578,1.321627211873759e-22,9.35847885403889e-22,MyLa_vs_HH,ENSG00000180712,LINC02363,lncRNA,Down
ENSG00000185760.19,538.4616424930783,-13.112849260835388,3.2769272426509337,2.403894587984207e-23,1.765714290436124e-22,MyLa_vs_HH,ENSG00000185760,KCNQ5,protein_coding,Down
ENSG00000105974.15,1012.840791708208,-13.105737572604502,1.3366850611130685,1.0376144394954394e-28,9.440763170929813e-28,MyLa_vs_HH,ENSG00000105974,CAV1,protein_coding,Down
ENSG00000135378.6,289.2454759105532,-13.084713154877292,3.2825504775457057,1.333279006534329e-22,9.437255393940145e-22,MyLa_vs_HH,ENSG00000135378,PRRG4,protein_coding,Down
ENSG00000151552.15,331.070151990854,-13.07350371526487,3.273243312341787,3.5544633158483223e-23,2.5969906322766186e-22,MyLa_vs_HH,ENSG00000151552,QDPR,protein_coding,Down
ENSG00000122870.13,171.97707556973302,-13.065573690489552,3.3694634281098352,1.2728660875108358e-17,6.937449333056471e-17,MyLa_vs_HH,ENSG00000122870,BICC1,protein_coding,Down
ENSG00000164649.22,1380.4273599291505,-13.057756851774224,1.323730106648134,4.0867049383765076e-29,3.781679698916071e-28,MyLa_vs_HH,ENSG00000164649,CDCA7L,protein_coding,Down
ENSG00000078043.18,393.1688291693999,-13.041263147938395,3.269405383916047,4.279183196435195e-23,3.108741563833598e-22,MyLa_vs_HH,ENSG00000078043,PIAS2,protein_coding,Down
ENSG00000134184.15,502.44057493315563,-13.015095147092836,3.2663704681420436,5.0141337330938506e-23,3.6264919591593193e-22,MyLa_vs_HH,ENSG00000134184,GSTM1,protein_coding,Down
ENSG00000086289.14,493.23409111965765,-13.01122002373994,3.223773882814597,4.0577550878144355e-23,2.9526678472053456e-22,MyLa_vs_HH,ENSG00000086289,EPDR1,protein_coding,Down
ENSG00000104267.12,1799.012231618071,-12.851198074528865,1.1181405123456178,1.9157265770691123e-29,1.8006422680059365e-28,MyLa_vs_HH,ENSG00000104267,CA2,protein_coding,Down
ENSG00000118596.14,460.5796220923628,-12.841223993024817,3.247801241128595,1.910417069109186e-22,1.340059584694247e-21,MyLa_vs_HH,ENSG00000118596,SLC16A7,protein_coding,Down
ENSG00000188580.17,165.22348388363355,-12.798896058558189,3.2460051274980346,3.811494921871617e-22,2.637424933384705e-21,MyLa_vs_HH,ENSG00000188580,NKAIN2,protein_coding,Down
ENSG00000143891.19,2034.996786283395,-12.770642365279407,0.9769063103110525,1.5583372369267245e-36,1.8799738450870214e-35,MyLa_vs_HH,ENSG00000143891,GALM,protein_coding,Down
ENSG00000049449.12,521.0571674364327,-12.76241238446145,3.241775061051513,5.191704875662843e-22,3.566311075440944e-21,MyLa_vs_HH,ENSG00000049449,RCN1,protein_coding,Down
ENSG00000102401.22,252.34578251910662,-12.69110234268253,3.2341511849387152,8.882096273646557e-22,5.997842244341427e-21,MyLa_vs_HH,ENSG00000102401,ARMCX3,protein_coding,Down
ENSG00000300706.1,125.80514467499708,-12.663092525851985,3.2348969100856926,1.914732786825987e-21,1.2747096943882408e-20,MyLa_vs_HH,ENSG00000300706,ENSG00000300706,lncRNA,Down
ENSG00000136848.20,1069.6354388722775,-12.657300258855345,1.3261360353588831,2.8310694838060624e-27,2.4489912990046164e-26,MyLa_vs_HH,ENSG00000136848,DAB2IP,protein_coding,Down
ENSG00000305720.1,126.23567256584707,-12.651748364815923,3.233099706604221,1.8959666383334435e-21,1.2630734123414274e-20,MyLa_vs_HH,ENSG00000305720,ENSG00000305720,lncRNA,Down
ENSG00000071282.14,273.234888605641,-12.636063369592936,3.2036304518588756,1.8488792219256023e-21,1.2322422344046564e-20,MyLa_vs_HH,ENSG00000071282,LMCD1,protein_coding,Down
ENSG00000167693.18,1754.9517197191544,-12.634057893526359,1.3205829636865771,2.0093013432905694e-27,1.7457145278879997e-26,MyLa_vs_HH,ENSG00000167693,NXN,protein_coding,Down
ENSG00000235098.11,1728.6609561073096,-12.570670952890657,3.2401568953047652,2.805459690844578e-20,1.767844191399248e-19,MyLa_vs_HH,ENSG00000235098,ANKRD65,protein_coding,Down
ENSG00000166049.11,116.68663697630896,-12.540141991716999,3.2261338076925674,9.484972263882533e-21,6.099184425967537e-20,MyLa_vs_HH,ENSG00000166049,PASD1,protein_coding,Down
ENSG00000127989.16,478.30175647369913,-12.459430716288947,3.2068636172146596,3.428759383859897e-21,2.2533464549468107e-20,MyLa_vs_HH,ENSG00000127989,MTERF1,protein_coding,Down
ENSG00000226660.2,109.97788918376615,-12.441456714204232,3.217648829209443,2.6761510248051255e-20,1.6881424510346416e-19,MyLa_vs_HH,ENSG00000226660,TRBV2,TR_V_gene,Down
ENSG00000184564.12,106.29381105560913,-12.37997797190923,3.204592345492452,1.3929769886217904e-20,8.90938334564776e-20,MyLa_vs_HH,ENSG00000184564,SLITRK6,protein_coding,Down
ENSG00000064692.22,105.23119497031726,-12.371425724438012,3.2033680117709036,1.5221245295548738e-20,9.714592428562722e-20,MyLa_vs_HH,ENSG00000064692,SNCAIP,protein_coding,Down
ENSG00000138735.18,108.35249305347055,-12.341505931222287,3.2064568194053047,4.8621623410769386e-20,3.024501331263658e-19,MyLa_vs_HH,ENSG00000138735,PDE5A,protein_coding,Down
ENSG00000282849.2,234.28641367957167,-12.330812542356005,3.190371003990436,1.2715473247539737e-20,8.144358356441702e-20,MyLa_vs_HH,ENSG00000282849,ENSG00000282849,lncRNA,Down
ENSG00000205116.4,459.412045401793,-12.221210929788752,3.213071304849706,1.3653309078764911e-18,7.86998172928164e-18,MyLa_vs_HH,ENSG00000205116,TMEM278,protein_coding,Down
ENSG00000126016.18,171.4597211342411,-12.20517608373161,3.1846215249550065,4.722391045805827e-20,2.9385771304484678e-19,MyLa_vs_HH,ENSG00000126016,AMOT,protein_coding,Down
ENSG00000255750.7,94.77885019308053,-12.201100922067832,3.1865577948342985,7.030639738846426e-20,4.340245035197579e-19,MyLa_vs_HH,ENSG00000255750,ENSG00000255750,lncRNA,Down
ENSG00000154114.15,154.29855684258905,-11.982763564937713,3.162372148444746,2.894218677061572e-19,1.7346914553214473e-18,MyLa_vs_HH,ENSG00000154114,TBCEL,protein_coding,Down
ENSG00000198108.5,131.10142278636093,-11.9606068696317,3.156610034297158,2.1696985828264266e-19,1.3100825787440321e-18,MyLa_vs_HH,ENSG00000198108,CHSY3,protein_coding,Down
ENSG00000166482.14,81.39075586217146,-11.956492907304641,3.15967279881976,3.5133008697124246e-19,2.0924463125298565e-18,MyLa_vs_HH,ENSG00000166482,MFAP4,protein_coding,Down
ENSG00000222032.3,78.80565613073976,-11.899635708118089,3.1562999205230176,7.510224643631058e-19,4.4041137312815196e-18,MyLa_vs_HH,ENSG00000222032,ENSG00000222032,lncRNA,Down
ENSG00000213468.8,165.4040111802216,-11.895396203345282,3.1095540759017264,2.8535638749563807e-19,1.711469595575613e-18,MyLa_vs_HH,ENSG00000213468,FIRRE,lncRNA,Down
ENSG00000180530.12,586.8361724557163,-11.888284405245921,3.141659305325834,1.930855474757156e-19,1.1670470927892863e-18,MyLa_vs_HH,ENSG00000180530,NRIP1,protein_coding,Down
ENSG00000245526.14,126.2014684054478,-11.873455914978866,3.1395493711031066,3.671262022919763e-19,2.1850717322460983e-18,MyLa_vs_HH,ENSG00000245526,MIR9-2HG,lncRNA,Down
ENSG00000133740.13,701.9647571387849,-11.870185307196758,1.3127164917906406,1.6508285455415114e-24,1.2736689661230049e-23,MyLa_vs_HH,ENSG00000133740,E2F5,protein_coding,Down
ENSG00000290927.2,164.95648630263472,-11.858231422148584,3.141766008017735,3.45576626497108e-19,2.0602346967373343e-18,MyLa_vs_HH,ENSG00000290927,ENSG00000290927,lncRNA,Down
ENSG00000170677.8,167.09323341769843,-11.857446715063425,3.1419044184034064,2.824679585711809e-19,1.6952808970863337e-18,MyLa_vs_HH,ENSG00000170677,SOCS6,protein_coding,Down
ENSG00000186998.18,648.226630918565,-11.843031325452497,1.314276454616622,3.1710287028251372e-24,2.425660939842542e-23,MyLa_vs_HH,ENSG00000186998,EMID1,protein_coding,Down
ENSG00000144935.18,107.04600160700822,-11.839959440455507,3.142807484546447,4.635665050356257e-19,2.7435724934632417e-18,MyLa_vs_HH,ENSG00000144935,TRPC1,protein_coding,Down
ENSG00000101311.19,518.2434165864688,-11.798408072218672,3.1333700016855386,3.2393005339414927e-19,1.9337577162799683e-18,MyLa_vs_HH,ENSG00000101311,FERMT1,protein_coding,Down
ENSG00000183439.12,73.52842859136375,-11.789789428931023,3.141261590604543,1.072793254026296e-18,6.2278325164877164e-18,MyLa_vs_HH,ENSG00000183439,TRIM61,protein_coding,Down
ENSG00000105976.18,1509.5822454094707,-11.788062673813604,0.8148959276220759,2.4324006065776142e-45,3.7826785474685727e-44,MyLa_vs_HH,ENSG00000105976,MET,protein_coding,Down
ENSG00000134460.19,8430.431222880843,18.38025294771817,2.893307641464451,2.7514451041098943e-46,4.365999914980403e-45,MyLa_vs_HH,ENSG00000134460,IL2RA,protein_coding,Up
ENSG00000135074.18,3130.0240512526593,17.486780658652744,3.242448752767804,1.1053352792067195e-41,1.545829939655611e-40,MyLa_vs_HH,ENSG00000135074,ADAM19,protein_coding,Up
ENSG00000103175.13,1327.5576710513233,16.569342438510986,3.6421165428411033,3.830286849354306e-34,4.291406435658686e-33,MyLa_vs_HH,ENSG00000103175,WFDC1,protein_coding,Up
ENSG00000128342.6,1711.6242225092435,15.89634320704845,2.818658619207228,6.524330559465681e-36,7.730382405610296e-35,MyLa_vs_HH,ENSG00000128342,LIF,protein_coding,Up
ENSG00000198883.12,5662.721609422612,15.802825288525609,1.3321239060685752,2.029144197882507e-41,2.8006254472315187e-40,MyLa_vs_HH,ENSG00000198883,PNMA5,protein_coding,Up
ENSG00000225581.3,775.9144138476698,15.727224839258612,3.5537799205088874,3.3868184871043386e-32,3.5461632493555946e-31,MyLa_vs_HH,ENSG00000225581,TRIM53AP,unprocessed_pseudogene,Up
ENSG00000185340.18,1732.7098482900758,15.598023053521274,2.7794418378912398,4.7086659645401915e-35,5.445819932520176e-34,MyLa_vs_HH,ENSG00000185340,GAS2L1,protein_coding,Up
ENSG00000089327.18,2321.652609931297,15.523339009092496,2.735872859339213,8.076471276787487e-35,9.269057202027408e-34,MyLa_vs_HH,ENSG00000089327,FXYD5,protein_coding,Up
ENSG00000142798.21,1200.5726212497393,15.458379848244144,3.127838761940003,1.287775189953982e-18,7.432504036090718e-18,MyLa_vs_HH,ENSG00000142798,HSPG2,protein_coding,Up
ENSG00000158887.22,968.4729096461039,15.414171640625044,2.915161000869714,4.639282905627287e-32,4.843400539295621e-31,MyLa_vs_HH,ENSG00000158887,MPZ,protein_coding,Up
ENSG00000186281.15,575.6913597456987,15.254929702494465,3.5076623671268776,1.3267665197379782e-30,1.311756192114011e-29,MyLa_vs_HH,ENSG00000186281,GPAT2,protein_coding,Up
ENSG00000145839.2,635.2170765148728,15.241492395702613,3.3336093170329937,1.3093524361044374e-29,1.2378389917050656e-28,MyLa_vs_HH,ENSG00000145839,IL9,protein_coding,Up
ENSG00000129521.17,836.1566247409735,15.22727312782215,3.088305364987617,5.962883410494102e-32,6.20354566196294e-31,MyLa_vs_HH,ENSG00000129521,EGLN3,protein_coding,Up
ENSG00000151474.24,812.155821757995,15.217820017336761,2.9534182968764457,1.924809971334769e-32,2.0380006286325288e-31,MyLa_vs_HH,ENSG00000151474,FRMD4A,protein_coding,Up
ENSG00000060558.5,2361.998228985862,15.185677892603744,3.1721401440950165,1.7911255258771175e-15,8.549963707990557e-15,MyLa_vs_HH,ENSG00000060558,GNA15,protein_coding,Up
ENSG00000146674.18,870.7967180511869,15.138683697721541,3.8069814280963774,1.2429470189328603e-10,4.3954591086028803e-10,MyLa_vs_HH,ENSG00000146674,IGFBP3,protein_coding,Up
ENSG00000184374.5,606.8667539841442,15.127628010148412,3.255174341750142,7.077830512389746e-31,7.07190929333309e-30,MyLa_vs_HH,ENSG00000184374,COLEC10,protein_coding,Up
ENSG00000074696.15,3101.7520106638076,15.041887113193766,2.6746870793455484,4.3589699679421776e-33,4.715636894666915e-32,MyLa_vs_HH,ENSG00000074696,HACD3,protein_coding,Up
ENSG00000116711.12,859.390177310158,15.031650890975493,2.8078879193985493,2.905814006088037e-32,3.05323506856699e-31,MyLa_vs_HH,ENSG00000116711,PLA2G4A,protein_coding,Up
ENSG00000171509.18,789.0315432880556,15.01856005440032,3.3696868925570915,1.2669795599071121e-14,5.799166789917198e-14,MyLa_vs_HH,ENSG00000171509,RXFP1,protein_coding,Up
ENSG00000148834.15,1520.1353488852985,14.964120793401111,2.717227068786999,1.547379934448535e-32,1.6442059030631973e-31,MyLa_vs_HH,ENSG00000148834,GSTO1,protein_coding,Up
ENSG00000261115.8,630.7958107217326,14.916018665086419,2.9909520339379183,6.85696555354694e-31,6.858879837621074e-30,MyLa_vs_HH,ENSG00000261115,TMEM178B,protein_coding,Up
ENSG00000102245.10,542.1704288325026,14.848476123272626,3.1500240632586927,8.610989336574118e-30,8.214370285661625e-29,MyLa_vs_HH,ENSG00000102245,CD40LG,protein_coding,Up
ENSG00000140563.18,822.0182922928079,14.714154752999642,2.767050026662171,4.931760403161621e-31,4.952493700820652e-30,MyLa_vs_HH,ENSG00000140563,MCTP2,protein_coding,Up
ENSG00000186827.13,7256.498485475971,14.708850945365867,0.8698292600496603,8.267964518836292e-62,1.8868864249038496e-60,MyLa_vs_HH,ENSG00000186827,TNFRSF4,protein_coding,Up
ENSG00000107281.12,1007.7981743774611,14.702671470712604,2.7032444169911383,2.109536337122826e-31,2.1472922431565588e-30,MyLa_vs_HH,ENSG00000107281,NPDC1,protein_coding,Up
ENSG00000167286.13,1876.5708220156603,14.69734100167157,2.973583417123723,2.701049059418991e-30,2.617052130854041e-29,MyLa_vs_HH,ENSG00000167286,CD3D,protein_coding,Up
ENSG00000104921.16,551.7202654567589,14.687433505824169,2.9802475257196805,2.6080440362020733e-29,2.4373035424392355e-28,MyLa_vs_HH,ENSG00000104921,FCER2,protein_coding,Up
ENSG00000140403.15,774.2987465650697,14.686218761165645,4.072199201317925,3.582316735115389e-8,1.0588550455303119e-7,MyLa_vs_HH,ENSG00000140403,DNAJA4,protein_coding,Up
ENSG00000115155.19,594.1372506415836,14.669301708247602,3.048610380003463,7.457574959733486e-30,7.125464288193355e-29,MyLa_vs_HH,ENSG00000115155,OTOF,protein_coding,Up
ENSG00000117090.18,778.9928380113423,14.62094072560026,2.820599060736598,3.324258664670369e-30,3.207005599222922e-29,MyLa_vs_HH,ENSG00000117090,SLAMF1,protein_coding,Up
ENSG00000163600.15,2590.5597069882338,14.567806343444127,1.31642436724052,9.416969485288481e-36,1.1120962974880894e-34,MyLa_vs_HH,ENSG00000163600,ICOS,protein_coding,Up
ENSG00000198692.12,1294.2108179121865,14.529728653465918,3.3192077219035125,4.2978080311319185e-12,1.6803847856335295e-11,MyLa_vs_HH,ENSG00000198692,EIF1AY,protein_coding,Up
ENSG00000267761.4,362.51961716590364,14.517912729026511,3.438764602142356,9.137334388653001e-28,8.051910751240458e-27,MyLa_vs_HH,ENSG00000267761,MIR4527HG,lncRNA,Up
ENSG00000196664.6,431.3023913232264,14.454941644165046,3.0621249943183813,1.4110295074364064e-28,1.277341769869794e-27,MyLa_vs_HH,ENSG00000196664,TLR7,protein_coding,Up
ENSG00000136327.7,426.7798199958743,14.363704485343728,3.1090181830129793,1.6557700886406648e-25,1.3254298989275028e-24,MyLa_vs_HH,ENSG00000136327,NKX2-8,protein_coding,Up
ENSG00000170627.13,2252.8744741053592,14.363026936533386,2.6562751098609456,2.9052764785768873e-30,2.80885202988154e-29,MyLa_vs_HH,ENSG00000170627,GTSF1,protein_coding,Up
ENSG00000144015.6,354.69921711060215,14.328766141618983,3.2508782768269966,3.0420492872107167e-27,2.6302274604430496e-26,MyLa_vs_HH,ENSG00000144015,TRIM43,protein_coding,Up
ENSG00000214194.11,925.8329781828267,14.163427929647442,2.7087580246971257,5.474741231953578e-29,5.034907041604124e-28,MyLa_vs_HH,ENSG00000214194,SMIM30,protein_coding,Up
ENSG00000105854.15,732.8563291999229,14.147333922735923,2.830385310220408,1.4709219647930433e-28,1.33021539622753e-27,MyLa_vs_HH,ENSG00000105854,PON2,protein_coding,Up
ENSG00000113946.6,380.1531620164602,14.119758764859048,2.935087360931386,6.625262553974422e-28,5.864208431544059e-27,MyLa_vs_HH,ENSG00000113946,CLDN16,protein_coding,Up
ENSG00000297158.1,279.44925709205774,14.098331104756715,3.4004270298762362,5.529099681187471e-26,4.494274990402611e-25,MyLa_vs_HH,ENSG00000297158,ENSG00000297158,lncRNA,Up
ENSG00000107954.13,350.76100443798776,14.084579547887031,2.98987879847437,1.433510556944618e-27,1.2557926638242026e-26,MyLa_vs_HH,ENSG00000107954,NEURL1,protein_coding,Up
ENSG00000114374.15,292.4838737014663,14.035687284100502,3.236079248937115,2.2353531186495008e-26,1.8574374360206774e-25,MyLa_vs_HH,ENSG00000114374,USP9Y,protein_coding,Up
ENSG00000157110.18,585.3742459837459,14.033890338321996,2.841463191682337,5.794137458759548e-28,5.1463546144609474e-27,MyLa_vs_HH,ENSG00000157110,RBPMS,protein_coding,Up
ENSG00000095397.20,436.24812147066854,14.030306855855152,2.842994632229453,1.2434893010482729e-27,1.0909456820900984e-26,MyLa_vs_HH,ENSG00000095397,WHRN,protein_coding,Up
ENSG00000306504.1,258.8269071936856,13.975076870474842,3.3861602795676435,1.1257166580432042e-25,9.055776348829817e-25,MyLa_vs_HH,ENSG00000306504,ENSG00000306504,lncRNA,Up
ENSG00000012817.18,608.0676981967725,13.966645773014521,2.975485386932884,8.74575333277474e-18,4.826869099096102e-17,MyLa_vs_HH,ENSG00000012817,KDM5D,protein_coding,Up
ENSG00000198286.13,807.5379621691984,13.941274136664068,2.7041771883889343,6.057972114845203e-28,5.3780262853048464e-27,MyLa_vs_HH,ENSG00000198286,CARD11,protein_coding,Up
ENSG00000168421.15,1093.7050662471306,13.850770326794695,2.6761690153995823,5.407940206359553e-28,4.808101677267066e-27,MyLa_vs_HH,ENSG00000168421,RHOH,protein_coding,Up
ENSG00000148053.20,350.29227429054265,13.833221971524189,2.914978629951945,1.8648428246505547e-22,1.3096299178210382e-21,MyLa_vs_HH,ENSG00000148053,NTRK2,protein_coding,Up
ENSG00000007237.21,1736.5154963615137,13.799865656479929,2.9787721682090575,8.459611837422195e-16,4.12728611294713e-15,MyLa_vs_HH,ENSG00000007237,GAS7,protein_coding,Up
ENSG00000152527.16,280.14847680957865,13.797276986390921,3.07324737957595,4.1091856855021365e-26,3.372242856425597e-25,MyLa_vs_HH,ENSG00000152527,PLEKHH2,protein_coding,Up
ENSG00000163564.16,361.18373993570725,13.791313973203522,2.7981359453826142,1.4323928674566666e-26,1.2041913759026834e-25,MyLa_vs_HH,ENSG00000163564,PYHIN1,protein_coding,Up
ENSG00000303186.1,221.48709583446575,13.718956549364732,3.3658904035879824,2.861201306111056e-24,2.192404679169357e-23,MyLa_vs_HH,ENSG00000303186,ENSG00000303186,lncRNA,Up
ENSG00000141448.13,309.0107199831285,13.707760231850871,2.9159199719631705,1.3524830145572004e-22,9.569404899601994e-22,MyLa_vs_HH,ENSG00000141448,GATA6,protein_coding,Up
ENSG00000151276.25,407.3284066057959,13.684759434583201,2.7650615177552753,1.3477169371879963e-26,1.1340699356375273e-25,MyLa_vs_HH,ENSG00000151276,MAGI1,protein_coding,Up
ENSG00000198353.9,449.59853854208745,13.682397968750026,2.742516753192223,5.6791684096896295e-27,4.863398760018629e-26,MyLa_vs_HH,ENSG00000198353,HOXC4,protein_coding,Up
ENSG00000073756.13,265.5188289019389,13.571118681685622,2.939859520245157,1.2396145499169751e-24,9.617884219039675e-24,MyLa_vs_HH,ENSG00000073756,PTGS2,protein_coding,Up
ENSG00000205730.7,324.88925639511706,13.543223052672317,2.977214901463911,1.9976177975728924e-25,1.5976483412284985e-24,MyLa_vs_HH,ENSG00000205730,ITPRIPL2,protein_coding,Up
ENSG00000287597.1,6108.780220580656,13.518088571072164,0.5869218131330008,1.4098766789317047e-114,8.447471807043976e-113,MyLa_vs_HH,ENSG00000287597,ENSG00000287597,lncRNA,Up
ENSG00000227507.4,1175.5052788241992,13.510750107944233,2.7884215192204835,5.192809008975301e-26,4.226677573638915e-25,MyLa_vs_HH,ENSG00000227507,LTB,protein_coding,Up
ENSG00000185686.18,296.56573691456214,13.491625749715979,2.8484487568392707,9.178238644874273e-26,7.410011055562083e-25,MyLa_vs_HH,ENSG00000185686,PRAME,protein_coding,Up
ENSG00000152582.16,336.9284132496232,13.486736614763052,2.7812608551676496,4.6179135658350475e-26,3.7741752523692916e-25,MyLa_vs_HH,ENSG00000152582,SPEF2,protein_coding,Up
ENSG00000233532.7,216.08705490775688,13.480499055754212,3.126010883780369,3.24562607074661e-24,2.4795475930671863e-23,MyLa_vs_HH,ENSG00000233532,LINC00460,lncRNA,Up
ENSG00000174500.14,651.7679037388542,13.47564461786047,2.693433198158839,4.985022626383181e-26,4.0649376582455483e-25,MyLa_vs_HH,ENSG00000174500,GCSAM,protein_coding,Up
ENSG00000137078.12,630.6265644344895,13.471752517236707,2.9297426757658047,2.1533882693550143e-25,1.7199264755013412e-24,MyLa_vs_HH,ENSG00000137078,SIT1,protein_coding,Up
ENSG00000117139.20,1149.4593877569089,13.44396252011203,2.7496524539256604,4.8955685162328186e-26,3.9956314336360346e-25,MyLa_vs_HH,ENSG00000117139,KDM5B,protein_coding,Up
ENSG00000139722.9,769.8360285052709,13.434979250724625,2.6609612957490536,1.7442548756836524e-26,1.4561195758561338e-25,MyLa_vs_HH,ENSG00000139722,VPS37B,protein_coding,Up
ENSG00000132205.13,511.2109178776667,13.418307207076197,2.766283533102336,1.5455677689389836e-22,1.0871160809007416e-21,MyLa_vs_HH,ENSG00000132205,EMILIN2,protein_coding,Up
ENSG00000134072.13,378.8078533157546,13.393226329480568,4.073120852543467,5.873181973970839e-7,1.5734717371569848e-6,MyLa_vs_HH,ENSG00000134072,CAMK1,protein_coding,Up
ENSG00000158639.14,257.58381482112827,13.343934744806898,2.900558678890601,5.669986188614127e-22,3.8888898380176906e-21,MyLa_vs_HH,ENSG00000158639,PAGE5,protein_coding,Up
ENSG00000226005.7,221.75663181860213,13.332895076092873,3.020232804201716,7.672750171561055e-24,5.77309194974869e-23,MyLa_vs_HH,ENSG00000226005,LINC02660,lncRNA,Up
ENSG00000073008.18,490.45351521887716,13.309063725066672,2.689688992381722,1.2305028919598082e-25,9.885407762089671e-25,MyLa_vs_HH,ENSG00000073008,PVR,protein_coding,Up
ENSG00000253276.5,728.3630848134446,13.279487811903875,2.5984991958282326,4.120041945744112e-26,3.3796040044874435e-25,MyLa_vs_HH,ENSG00000253276,CCDC71L,protein_coding,Up
ENSG00000233098.11,271.09245821268706,13.273547181926844,3.2399818279103707,3.904578091102372e-12,1.5303110151410852e-11,MyLa_vs_HH,ENSG00000233098,CCDC144NL-AS1,lncRNA,Up
ENSG00000226968.2,161.52152022143218,13.214543766862498,3.3108307649031112,4.8374277365154636e-23,3.5001016922324123e-22,MyLa_vs_HH,ENSG00000226968,LINC00423,lncRNA,Up
ENSG00000115604.14,350.2454850281571,13.212223133056055,2.757020941836902,3.9718860777980902e-25,3.1318811216440487e-24,MyLa_vs_HH,ENSG00000115604,IL18R1,protein_coding,Up
ENSG00000169855.22,548.3425633053087,13.203118669526559,2.912074622230497,1.4113045275425501e-24,1.0912179806182472e-23,MyLa_vs_HH,ENSG00000169855,ROBO1,protein_coding,Up
ENSG00000198467.18,955.901622746878,13.19519128199213,1.3197676464509929,1.2886464738746688e-29,1.2189071583666681e-28,MyLa_vs_HH,ENSG00000198467,TPM2,protein_coding,Up
ENSG00000165507.11,986.1125957915922,13.17835856454348,1.3081319084483878,3.671605715873951e-29,3.409891985478581e-28,MyLa_vs_HH,ENSG00000165507,DEPP1,protein_coding,Up
ENSG00000135269.20,2958.667335954829,13.163854728429511,2.588456556498483,1.0468761725517132e-25,8.43290765794242e-25,MyLa_vs_HH,ENSG00000135269,TES,protein_coding,Up
ENSG00000186891.15,275.1334152030622,13.153860772446475,2.802315880728113,1.747709923902698e-21,1.1669855865343583e-20,MyLa_vs_HH,ENSG00000186891,TNFRSF18,protein_coding,Up
ENSG00000221957.8,316.88844539298793,13.1259266724715,3.478247244375818,9.97961964285798e-10,3.303490131223221e-9,MyLa_vs_HH,ENSG00000221957,KIR2DS4,protein_coding,Up
ENSG00000131398.15,327.1553255406329,13.102164496523057,2.7697853162593966,1.6546442388560835e-24,1.2760633464962005e-23,MyLa_vs_HH,ENSG00000131398,KCNC3,protein_coding,Up
ENSG00000173482.18,916.3233987701424,13.0833183399307,1.3204236018013633,6.885122835271772e-29,6.299641245857702e-28,MyLa_vs_HH,ENSG00000173482,PTPRM,protein_coding,Up
ENSG00000160013.12,208.46927455513824,13.076217988475095,2.8514286160230795,2.0409224099504547e-23,1.504036403712974e-22,MyLa_vs_HH,ENSG00000160013,PTGIR,protein_coding,Up
ENSG00000180806.6,317.0764014037929,13.074297619470123,2.695858191222543,9.941165221420359e-25,7.739938067872478e-24,MyLa_vs_HH,ENSG00000180806,HOXC9,protein_coding,Up
ENSG00000261448.2,202.2583938075345,13.051160032456366,2.9777854318091377,5.553775747679483e-23,4.008698328754147e-22,MyLa_vs_HH,ENSG00000261448,ENSG00000261448,lncRNA,Up
ENSG00000111863.15,170.40224823714487,13.042507013939554,3.04145847258979,3.303398586603128e-23,2.4194761111608766e-22,MyLa_vs_HH,ENSG00000111863,ADTRP,protein_coding,Up
ENSG00000250033.6,143.01474002143257,13.012318779046852,3.295504563865683,5.903872630770077e-22,4.044660733470208e-21,MyLa_vs_HH,ENSG00000250033,SLC7A11-AS1,lncRNA,Up
ENSG00000105383.18,269.62664764950796,13.011108772069225,3.4780649176832767,4.652580317279908e-9,1.4679636559364133e-8,MyLa_vs_HH,ENSG00000105383,CD33,protein_coding,Up
ENSG00000129244.11,157.89721044695642,12.985842449706569,3.1000782023014755,3.2653589629286113e-22,2.2691584880087693e-21,MyLa_vs_HH,ENSG00000129244,ATP1B2,protein_coding,Up
ENSG00000085871.11,487.4873711790996,12.983448946374137,2.655555059517117,9.940452916441608e-25,7.739938067872478e-24,MyLa_vs_HH,ENSG00000085871,MGST2,protein_coding,Up
ENSG00000176014.15,1835.988436911589,12.962527944301756,1.686890234122709,2.2974417421509695e-15,1.0898329963880317e-14,MyLa_vs_HH,ENSG00000176014,TUBB6,protein_coding,Up
ENSG00000253339.5,137.60473072663723,12.951204798332677,3.2875237263125165,6.874675592263485e-22,4.684663873541283e-21,MyLa_vs_HH,ENSG00000253339,ENSG00000253339,lncRNA,Up
ENSG00000087258.18,243.71884929491654,12.923496888276977,2.730723388613079,1.41734511145465e-23,1.0544741558019126e-22,MyLa_vs_HH,ENSG00000087258,GNAO1,protein_coding,Up
ENSG00000293925.1,148.76472966792417,12.917694450927929,3.1035316732447438,1.4408801186117477e-22,1.0162743041310811e-21,MyLa_vs_HH,ENSG00000293925,ENSG00000293925,lncRNA,Up
ENSG00000131634.16,260.5772346888588,12.908137259196268,2.820398207013351,1.482937778333273e-23,1.1023581036863314e-22,MyLa_vs_HH,ENSG00000131634,TMEM204,protein_coding,Up
ENSG00000010803.20,612.6202844035315,12.905357340134994,2.5432149084717386,6.783855578851608e-25,5.321049592606242e-24,MyLa_vs_HH,ENSG00000010803,SCMH1,protein_coding,Up
ENSG00000113196.5,10970.765221410036,-19.861689579780382,3.9418237662902285,5.571710285829041e-52,8.841203699789838e-51,SeAx_vs_HH,ENSG00000113196,HAND1,protein_coding,Down
ENSG00000116824.7,1867.1527681231296,-16.50573672237032,3.6245809315935613,3.7084958314516396e-36,3.73035950704414e-35,SeAx_vs_HH,ENSG00000116824,CD2,protein_coding,Down
ENSG00000170955.12,838.9042201560104,-15.393141929656371,3.5214574806056387,1.7451491145167412e-31,1.4916195795118041e-30,SeAx_vs_HH,ENSG00000170955,CAVIN3,protein_coding,Down
ENSG00000211772.11,881.6198799420005,-13.952744083857597,3.3837611644961227,1.7962544866663044e-24,1.1676305924755749e-23,SeAx_vs_HH,ENSG00000211772,TRBC2,TR_C_gene,Down
ENSG00000299902.1,214.7941494278664,-13.649048873581759,3.3380255571644466,8.349165374843886e-25,5.492004631239279e-24,SeAx_vs_HH,ENSG00000299902,ENSG00000299902,lncRNA,Down
ENSG00000115648.16,156.48399602186817,-13.128533698543782,3.2877910055432755,1.0631828867724205e-22,6.3766057638191875e-22,SeAx_vs_HH,ENSG00000115648,MLPH,protein_coding,Down
ENSG00000163359.19,2893.8970575857907,-13.069304912402723,0.7112353497431252,5.90425555701659e-73,1.548678452473678e-71,SeAx_vs_HH,ENSG00000163359,COL6A3,protein_coding,Down
ENSG00000173040.15,165.74748932861937,-12.93869112203754,3.2670027820684395,3.2864530247927427e-22,1.922821879136577e-21,SeAx_vs_HH,ENSG00000173040,EVC2,protein_coding,Down
ENSG00000069535.16,2141.919841703231,-12.632574570511034,0.711667854728939,4.0623530317573995e-68,9.488533841451605e-67,SeAx_vs_HH,ENSG00000069535,MAOB,protein_coding,Down
ENSG00000243276.7,181.38835913631615,-12.588451413305455,3.2241081414283235,2.0981847666292956e-21,1.1742886627355148e-20,SeAx_vs_HH,ENSG00000243276,ENSG00000243276,lncRNA,Down
ENSG00000226660.2,109.97788918376615,-12.555772911670013,3.2304150464335124,1.2390309502532364e-20,6.689945591858568e-20,SeAx_vs_HH,ENSG00000226660,TRBV2,TR_V_gene,Down
ENSG00000160593.22,1153.532865007167,-12.438038394685213,1.085144036756751,2.0369575531264423e-29,1.6161246485500537e-28,SeAx_vs_HH,ENSG00000160593,JAML,protein_coding,Down
ENSG00000255750.7,94.77885019308053,-12.315282700279147,3.1990293364771074,3.261723801944097e-20,1.721171779435302e-19,SeAx_vs_HH,ENSG00000255750,ENSG00000255750,lncRNA,Down
ENSG00000132821.14,1251.4893666908215,-12.24491543843195,0.8103809731866862,3.0041670957527647e-49,4.466361288000895e-48,SeAx_vs_HH,ENSG00000132821,VSTM2L,protein_coding,Down
ENSG00000166482.14,81.39075586217146,-12.071031637381532,3.1723467591040526,1.6529968013535572e-19,8.4513235434500505e-19,SeAx_vs_HH,ENSG00000166482,MFAP4,protein_coding,Down
ENSG00000173077.17,81.59639889997337,-12.030407062930712,3.134633811976369,2.376533868695967e-19,1.206449539747471e-18,SeAx_vs_HH,ENSG00000173077,DELEC1,lncRNA,Down
ENSG00000222032.3,78.80565613073976,-12.014264630758118,3.16899078374749,3.571515818199019e-19,1.796790392671593e-18,SeAx_vs_HH,ENSG00000222032,ENSG00000222032,lncRNA,Down
ENSG00000111732.13,75.96573799470426,-11.955222453630457,3.1610833295201113,4.363135930040339e-19,2.1833960945997952e-18,SeAx_vs_HH,ENSG00000111732,AICDA,protein_coding,Down
ENSG00000287692.2,150.1051225393742,-11.934849020054147,3.1566367520462735,3.8235164418292554e-19,1.919257412590953e-18,SeAx_vs_HH,ENSG00000287692,ENSG00000287692,lncRNA,Down
ENSG00000183439.12,73.52842859136375,-11.904493652551796,3.1539799718002244,5.099781095377284e-19,2.5420862082271576e-18,SeAx_vs_HH,ENSG00000183439,TRIM61,protein_coding,Down
ENSG00000127252.9,71.30808891785287,-11.852491709309646,3.1496157236026634,8.596982219961037e-19,4.2300174806537215e-18,SeAx_vs_HH,ENSG00000127252,PLAAT1,protein_coding,Down
ENSG00000164114.20,127.90714817210086,-11.79733158269089,3.1405503373122925,8.436452058216966e-19,4.153312410633607e-18,SeAx_vs_HH,ENSG00000164114,MAP9,protein_coding,Down
ENSG00000309824.1,61.552172036246105,-11.605668958667561,3.1267982264840515,7.494885091259414e-18,3.513104824958461e-17,SeAx_vs_HH,ENSG00000309824,ENSG00000309824,lncRNA,Down
ENSG00000289093.2,61.46492533009564,-11.601753880184285,3.1254334190066766,6.461666135103976e-18,3.0399356305248875e-17,SeAx_vs_HH,ENSG00000289093,ENSG00000289093,lncRNA,Down
ENSG00000154611.16,61.566030526111604,-11.549457400686078,3.110549972161646,8.873723423955031e-18,4.14531304146426e-17,SeAx_vs_HH,ENSG00000154611,PSMA8,protein_coding,Down
ENSG00000138684.9,61.04349952191772,-11.486040788777075,3.114202253862444,1.710004062513532e-17,7.859087424302187e-17,SeAx_vs_HH,ENSG00000138684,IL21,protein_coding,Down
ENSG00000255693.4,50.56467028634179,-11.283164854023305,3.089939837157198,5.179337046824928e-17,2.321436657339719e-16,SeAx_vs_HH,ENSG00000255693,LINC02389,lncRNA,Down
ENSG00000169432.20,50.60567336584479,-11.278431635452343,3.0946151365888763,9.097393178889257e-17,4.0212138860054543e-16,SeAx_vs_HH,ENSG00000169432,SCN9A,protein_coding,Down
ENSG00000166569.9,50.21492264096517,-11.272577637921204,3.092595479129471,6.344033778532819e-17,2.8321297070125956e-16,SeAx_vs_HH,ENSG00000166569,CPLX4,protein_coding,Down
ENSG00000307544.1,50.27946929028372,-11.2668614829144,3.087686968445116,5.4098841204540546e-17,2.424163932414567e-16,SeAx_vs_HH,ENSG00000307544,ENSG00000307544,lncRNA,Down
ENSG00000286364.1,48.583612925658066,-11.206007252620914,3.0846332586084726,1.2367807925968285e-16,5.438617550164994e-16,SeAx_vs_HH,ENSG00000286364,ENSG00000286364,lncRNA,Down
ENSG00000198821.14,1918.7244949192136,-11.165110531075118,0.8139088698434536,6.546550814853083e-41,7.60580141686725e-40,SeAx_vs_HH,ENSG00000198821,CD247,protein_coding,Down
ENSG00000299896.1,46.44895511870195,-11.141700491957092,3.0754050605719185,1.3944130485007823e-16,6.11527778797834e-16,SeAx_vs_HH,ENSG00000299896,ENSG00000299896,lncRNA,Down
ENSG00000263154.2,104.46234058962929,-11.081169992569237,3.0131643791761515,8.354036168243488e-17,3.7017699221885257e-16,SeAx_vs_HH,ENSG00000263154,ENSG00000263154,lncRNA,Down
ENSG00000254319.7,215.93956807174453,-11.067621657199455,1.3145805232743186,2.087914328482311e-21,1.1692711845814503e-20,SeAx_vs_HH,ENSG00000254319,LINC03021,lncRNA,Down
ENSG00000159899.18,117.04703593742943,-11.062057997508143,3.0547088187017475,6.694669936294411e-17,2.983458007679462e-16,SeAx_vs_HH,ENSG00000159899,NPR2,protein_coding,Down
ENSG00000164411.13,42.40449154316409,-10.988841343520917,3.060266069056072,4.289638329862731e-16,1.8464409101271225e-15,SeAx_vs_HH,ENSG00000164411,GJB7,protein_coding,Down
ENSG00000076706.19,1347.2864529612661,-10.972400067537382,0.5098792565015745,1.2214897852946525e-100,5.5260074503923486e-99,SeAx_vs_HH,ENSG00000076706,MCAM,protein_coding,Down
ENSG00000309086.1,38.83324501941129,-10.834745478826953,3.049240200284646,1.9572186428316163e-15,8.131626156384138e-15,SeAx_vs_HH,ENSG00000309086,ENSG00000309086,lncRNA,Down
ENSG00000124920.16,1024.374324868321,-10.812851585042454,0.709347512473328,1.541263458051953e-50,2.366044117480783e-49,SeAx_vs_HH,ENSG00000124920,MYRF,protein_coding,Down
ENSG00000170442.13,510.7520280334047,-10.725449563504743,3.03834951974837,4.273542875844003e-15,1.7451680105025143e-14,SeAx_vs_HH,ENSG00000170442,KRT86,protein_coding,Down
ENSG00000238133.6,439.5179119529677,-10.71834360861718,0.9786223562268608,3.9831819956292676e-26,2.7776841359166343e-25,SeAx_vs_HH,ENSG00000238133,MAP3K20-AS1,lncRNA,Down
ENSG00000181577.17,417.0965406653692,-10.681815298608969,0.987809594950721,1.5428581069129968e-25,1.04896785523136e-24,SeAx_vs_HH,ENSG00000181577,LINC03040,protein_coding,Down
ENSG00000181264.11,36.97312991114548,-10.676113488826811,3.027413711608365,3.4540684388460042e-15,1.4160099789914453e-14,SeAx_vs_HH,ENSG00000181264,TLCD5,protein_coding,Down
ENSG00000180712.6,327.74184541794654,-10.673738660726732,1.325583935552527,1.2152443132141789e-19,6.257861992305839e-19,SeAx_vs_HH,ENSG00000180712,LINC02363,lncRNA,Down
ENSG00000101445.12,735.3107297990078,-10.636085874757635,1.3135814736799272,7.182486153164259e-20,3.7351012898095126e-19,SeAx_vs_HH,ENSG00000101445,PPP1R16B,protein_coding,Down
ENSG00000253161.8,38.69530440564671,-10.634851028699767,3.0524377732396206,3.389611794116557e-14,1.3206806283514161e-13,SeAx_vs_HH,ENSG00000253161,LINC01605,lncRNA,Down
ENSG00000138134.14,582.1613667608317,-10.632542272716853,1.3052996319318197,4.184448503172083e-20,2.1951506569349304e-19,SeAx_vs_HH,ENSG00000138134,STAMBPL1,protein_coding,Down
ENSG00000275418.2,43.87601792988081,-10.527997465741217,3.004725843932764,4.869901981574249e-15,1.9855324078266427e-14,SeAx_vs_HH,ENSG00000275418,LINC03110,lncRNA,Down
ENSG00000136573.17,3031.0311090261953,-10.479928668760458,0.3081791769544463,7.681991603676153e-252,2.5966581052803447e-249,SeAx_vs_HH,ENSG00000136573,BLK,protein_coding,Down
ENSG00000158748.5,30.539475268660162,-10.430135383967905,3.0076785271626543,2.7423129879589984e-14,1.0733785706638728e-13,SeAx_vs_HH,ENSG00000158748,HTR6,protein_coding,Down
ENSG00000298833.1,30.449628631949665,-10.425601118376322,3.006865034795395,2.745462320394006e-14,1.0743765283935915e-13,SeAx_vs_HH,ENSG00000298833,ENSG00000298833,lncRNA,Down
ENSG00000067715.17,687.7337167569293,-10.420970160524814,0.5886063213968596,1.989475959944888e-68,4.708251231494408e-67,SeAx_vs_HH,ENSG00000067715,SYT1,protein_coding,Down
ENSG00000253377.3,29.959752691607484,-10.38727737573426,3.0023226930222453,3.3616238008997074e-14,1.310345743975593e-13,SeAx_vs_HH,ENSG00000253377,ENSG00000253377,lncRNA,Down
ENSG00000249621.2,29.64319264916514,-10.378898928335119,3.0027150886379568,3.8825990885296834e-14,1.5071887902710568e-13,SeAx_vs_HH,ENSG00000249621,SNCAIP-AS2,lncRNA,Down
ENSG00000238121.9,269.40402611379204,-10.357529504680826,0.9884653650131653,4.353903737541145e-24,2.783732528838316e-23,SeAx_vs_HH,ENSG00000238121,LINC00426,lncRNA,Down
ENSG00000260997.1,1174.6188343382828,-10.341672506418298,0.9816183108486815,2.879794968700105e-24,1.8591657052796685e-23,SeAx_vs_HH,ENSG00000260997,ENSG00000260997,lncRNA,Down
ENSG00000215788.13,1591.2749261142515,-10.306493980912622,0.5500471066600768,5.595178053327842e-77,1.5860382092621565e-75,SeAx_vs_HH,ENSG00000215788,TNFRSF25,protein_coding,Down
ENSG00000179431.7,29.27235328376809,-10.293854624209892,2.990188925185462,4.4002911944704014e-14,1.7007813753816017e-13,SeAx_vs_HH,ENSG00000179431,FJX1,protein_coding,Down
ENSG00000287558.2,28.193970325522088,-10.270008486898888,3.005243274934802,2.104321963273411e-13,7.870339868902538e-13,SeAx_vs_HH,ENSG00000287558,ENSG00000287558,lncRNA,Down
ENSG00000261329.8,27.812769030540586,-10.26025570579576,2.998898349173923,1.5961691160089667e-13,5.994836417882733e-13,SeAx_vs_HH,ENSG00000261329,ENSG00000261329,lncRNA,Down
ENSG00000189058.11,431.73843375424013,-10.233473606008845,0.7036866552179152,2.3428434439006015e-45,3.120597791634147e-44,SeAx_vs_HH,ENSG00000189058,APOD,protein_coding,Down
ENSG00000075673.14,29.499172821039366,-10.217872715591813,2.9850270339355753,1.0665270589027632e-13,4.0412081768703476e-13,SeAx_vs_HH,ENSG00000075673,ATP12A,protein_coding,Down
ENSG00000302545.1,27.445314507553814,-10.195723955465015,2.980838161182107,9.72327312760459e-14,3.6905177559541574e-13,SeAx_vs_HH,ENSG00000302545,ENSG00000302545,lncRNA,Down
ENSG00000160183.19,288.3315508407321,-10.159528867901173,2.949430321592728,1.3264522546572287e-14,5.2737221798012095e-14,SeAx_vs_HH,ENSG00000160183,TMPRSS3,protein_coding,Down
ENSG00000166049.11,116.68663697630896,-10.143046033949998,1.3229451429486772,6.29825802454571e-18,2.964616198364067e-17,SeAx_vs_HH,ENSG00000166049,PASD1,protein_coding,Down
ENSG00000122145.17,25.437917962427345,-10.120536354138082,2.9752496984687404,1.8054365883313783e-13,6.763780108732046e-13,SeAx_vs_HH,ENSG00000122145,TBX22,protein_coding,Down
ENSG00000013725.16,2718.0015551376423,-10.102757324350952,0.396355407375098,7.332031252050876e-142,6.407479994170314e-140,SeAx_vs_HH,ENSG00000013725,CD6,protein_coding,Down
ENSG00000271716.1,25.215505611997727,-10.085321293119925,2.97679873349506,3.168009248389903e-13,1.1750493930622175e-12,SeAx_vs_HH,ENSG00000271716,ENSG00000271716,lncRNA,Down
ENSG00000186603.7,879.2765697207452,-10.083862374562631,0.7157719759177519,1.5975268999681799e-43,2.0154714375302777e-42,SeAx_vs_HH,ENSG00000186603,HPDL,protein_coding,Down
ENSG00000132965.12,3074.221392371113,-10.049843038038528,0.3838335676044186,1.3148281449201223e-149,1.2664057105507522e-147,SeAx_vs_HH,ENSG00000132965,ALOX5AP,protein_coding,Down
ENSG00000108684.15,24.041492208473294,-10.007437483140183,2.970164309487082,5.623070531894604e-13,2.056283089995751e-12,SeAx_vs_HH,ENSG00000108684,ASIC2,protein_coding,Down
ENSG00000118402.7,428.62226584032663,-10.004438253769717,0.9693037941234571,2.675472773812539e-23,1.653937016661547e-22,SeAx_vs_HH,ENSG00000118402,ELOVL4,protein_coding,Down
ENSG00000287051.1,23.874531008030072,-10.001898967185943,2.958030241263464,3.729666486440952e-13,1.379091333428063e-12,SeAx_vs_HH,ENSG00000287051,KRT86-AS1,lncRNA,Down
ENSG00000118503.20,1761.096397509795,-9.991045172337182,0.5855747153035362,4.1195665977817513e-66,9.190788991190545e-65,SeAx_vs_HH,ENSG00000118503,TNFAIP3,protein_coding,Down
ENSG00000279275.1,22.558196871852413,-9.91289013313072,2.9564257535800187,7.43062103019947e-13,2.705132610364225e-12,SeAx_vs_HH,ENSG00000279275,ENSG00000279275,TEC,Down
ENSG00000254101.9,201.99230862719668,-9.893452360083336,0.9844727638831613,2.742694671584806e-22,1.611524271611735e-21,SeAx_vs_HH,ENSG00000254101,LINC02055,lncRNA,Down
ENSG00000306071.1,22.22122488736155,-9.882872844307768,2.9531826256473783,8.545260528056524e-13,3.1008373984227795e-12,SeAx_vs_HH,ENSG00000306071,ENSG00000306071,lncRNA,Down
ENSG00000166707.14,21.913163771608495,-9.84643783452115,2.9628825262643628,2.5220072541778285e-12,8.873087187469717e-12,SeAx_vs_HH,ENSG00000166707,ZCCHC18,protein_coding,Down
ENSG00000298558.1,95.04879053817893,-9.841836986778219,1.3114753651693998,3.185887718228824e-17,1.443844636278001e-16,SeAx_vs_HH,ENSG00000298558,ENSG00000298558,lncRNA,Down
ENSG00000155926.16,1330.6988735384862,-9.822278625352473,0.9671001332273744,1.2708076848079267e-25,8.679572883467024e-25,SeAx_vs_HH,ENSG00000155926,SLA,protein_coding,Down
ENSG00000304667.1,21.1780102584637,-9.803090383429373,2.946391586878052,1.5248315284629999e-12,5.444958507557234e-12,SeAx_vs_HH,ENSG00000304667,ENSG00000304667,lncRNA,Down
ENSG00000288009.2,33.71074388226676,-9.729997470462136,2.9242673208684495,1.1131176493984873e-12,4.0156066631038865e-12,SeAx_vs_HH,ENSG00000288009,ENSG00000288009,lncRNA,Down
ENSG00000165078.15,167.45399149164606,-9.679753131625509,0.9782450731162349,1.2991933376849692e-21,7.344603548320046e-21,SeAx_vs_HH,ENSG00000165078,CPA6,protein_coding,Down
ENSG00000081059.22,3415.8299037865936,-9.679525852673502,0.8922078243083691,8.704973852770414e-29,6.756915362754852e-28,SeAx_vs_HH,ENSG00000081059,TCF7,protein_coding,Down
ENSG00000293389.2,19.762585818763675,-9.668131385431098,2.9468669868984283,7.618042956417955e-12,2.6190220603382778e-11,SeAx_vs_HH,ENSG00000293389,ENSG00000293389,lncRNA,Down
ENSG00000042832.13,279.7440822094672,-9.664876870130664,0.7159403420825743,3.623286699186277e-40,4.113509582758058e-39,SeAx_vs_HH,ENSG00000042832,TG,protein_coding,Down
ENSG00000286481.3,210.21898556391324,-9.638973110267301,0.8155565413892953,8.668039397052896e-31,7.212630088165473e-30,SeAx_vs_HH,ENSG00000286481,ENSG00000286481,lncRNA,Down
ENSG00000169994.22,89.44581305492756,-9.616430860516012,1.3769162523694147,4.608143636994526e-15,1.87966514701177e-14,SeAx_vs_HH,ENSG00000169994,MYO7B,protein_coding,Down
ENSG00000296235.1,18.641326158904647,-9.52110971692843,2.9208371816034138,1.1772981004072624e-11,4.001384076796833e-11,SeAx_vs_HH,ENSG00000296235,ENSG00000296235,lncRNA,Down
ENSG00000145945.9,559.2998503437054,-9.506537670076499,1.2926377599201566,1.3849820427635547e-16,6.076892798459242e-16,SeAx_vs_HH,ENSG00000145945,FAM50B,protein_coding,Down
ENSG00000171840.15,334.90338412172457,-9.504739828215774,0.714104586210837,4.4527880118039727e-39,4.930265589089504e-38,SeAx_vs_HH,ENSG00000171840,NINJ2,protein_coding,Down
ENSG00000224027.2,17.603575616873698,-9.473026787965903,2.9230416237504047,1.738845101697448e-11,5.848931655446824e-11,SeAx_vs_HH,ENSG00000224027,ENSG00000224027,lncRNA,Down
ENSG00000267284.3,79.433521898828,-9.4287201838368,1.3112608448281269,6.48211825822487e-16,2.7609878410865087e-15,SeAx_vs_HH,ENSG00000267284,ENSG00000267284,lncRNA,Down
ENSG00000172179.14,234.3957576730167,-9.409379151168608,0.7216268842628862,1.2618347075266262e-37,1.3336736746512985e-36,SeAx_vs_HH,ENSG00000172179,PRL,protein_coding,Down
ENSG00000115085.18,3285.311279275476,-9.404734354987681,0.4644165660524727,5.9527934106467585e-90,2.1500865716075942e-88,SeAx_vs_HH,ENSG00000115085,ZAP70,protein_coding,Down
ENSG00000163053.13,16.360490571186627,-9.343202124236173,2.912466919609058,3.9262288791862144e-11,1.2887209668490478e-10,SeAx_vs_HH,ENSG00000163053,SLC16A14,protein_coding,Down
ENSG00000309127.1,16.508587903058352,-9.342905206853443,2.905081828185327,2.7071391711718825e-11,8.977859728164435e-11,SeAx_vs_HH,ENSG00000309127,ENSG00000309127,lncRNA,Down
ENSG00000226835.5,16.536645338668077,-9.33576820204306,2.9194932706535437,6.028986938214487e-11,1.9563358268087763e-10,SeAx_vs_HH,ENSG00000226835,ARHGAP29-AS1,lncRNA,Down
ENSG00000144908.16,169.58320457013716,-9.317771323396666,0.8349931083993101,8.882717018449564e-28,6.592124083907371e-27,SeAx_vs_HH,ENSG00000144908,ALDH1L1,protein_coding,Down
ENSG00000181104.8,2257.568067384049,16.214464832103705,2.791751259466541,1.4107011451983995e-37,1.4875050627562876e-36,SeAx_vs_HH,ENSG00000181104,F2R,protein_coding,Up
ENSG00000229807.15,821.2684219635818,15.816592634489751,3.559240077231231,1.0851792532460452e-32,9.681766096565189e-32,SeAx_vs_HH,ENSG00000229807,XIST,lncRNA,Up
ENSG00000141668.12,787.091217198793,15.748676390349452,3.554803163046784,3.06214924758854e-32,2.6865036126615427e-31,SeAx_vs_HH,ENSG00000141668,CBLN2,protein_coding,Up
ENSG00000101439.11,910.9078964891694,15.707854071880153,3.242297030293249,2.5395462509034944e-33,2.3106130566244848e-32,SeAx_vs_HH,ENSG00000101439,CST3,protein_coding,Up
ENSG00000134460.19,8430.431222880843,15.63654030348213,2.7419351750312337,4.959928853810362e-34,4.620755351846731e-33,SeAx_vs_HH,ENSG00000134460,IL2RA,protein_coding,Up
ENSG00000074696.15,3101.7520106638076,15.603732320814231,2.7061291377538157,1.8875438907499324e-35,1.8559466960913854e-34,SeAx_vs_HH,ENSG00000074696,HACD3,protein_coding,Up
ENSG00000138944.9,843.8772444124044,15.503712839920775,3.2061503249063974,1.5770568873441047e-29,1.2573642250453777e-28,SeAx_vs_HH,ENSG00000138944,SHISAL1,protein_coding,Up
ENSG00000172716.19,1629.570877917838,15.350489392338707,2.8919544395148735,2.2865652063644363e-33,2.0836121908453142e-32,SeAx_vs_HH,ENSG00000172716,SLFN11,protein_coding,Up
ENSG00000117139.20,1149.4593877569089,15.333452077193582,2.8798511338524517,2.8389810695239258e-33,2.573904142738924e-32,SeAx_vs_HH,ENSG00000117139,KDM5B,protein_coding,Up
ENSG00000196730.15,637.5749414819627,15.256336576554556,3.319991548953931,3.932555898523184e-31,3.320063097174498e-30,SeAx_vs_HH,ENSG00000196730,DAPK1,protein_coding,Up
ENSG00000171385.13,567.40884420754,15.24016394274649,3.514089015856747,1.6414270822092034e-30,1.353875054225501e-29,SeAx_vs_HH,ENSG00000171385,KCND3,protein_coding,Up
ENSG00000135862.8,712.7550641937282,15.156479845449672,3.030781934709672,8.021544601130413e-32,6.938965308027588e-31,SeAx_vs_HH,ENSG00000135862,LAMC1,protein_coding,Up
ENSG00000113140.13,644.5868963113807,15.02695701288758,3.048390660772315,5.949888238017824e-31,4.985605602623448e-30,SeAx_vs_HH,ENSG00000113140,SPARC,protein_coding,Up
ENSG00000159388.7,1001.9987415324995,15.009257937475184,2.7757516348174587,3.0841635382883626e-32,2.704492892238669e-31,SeAx_vs_HH,ENSG00000159388,BTG2,protein_coding,Up
ENSG00000148411.10,647.4783395387616,14.95041503899361,2.9675403422825752,3.2284331964127e-31,2.7320444361706908e-30,SeAx_vs_HH,ENSG00000148411,NACC2,protein_coding,Up
ENSG00000185668.8,521.9213629366625,14.904743657979989,3.252653354284808,5.7180008568201544e-30,4.6247397449179713e-29,SeAx_vs_HH,ENSG00000185668,POU3F1,protein_coding,Up
ENSG00000132669.16,513.9147212118366,14.859666355315095,3.2289728031060423,8.351010895718155e-30,6.726994613165051e-29,SeAx_vs_HH,ENSG00000132669,RIN2,protein_coding,Up
ENSG00000159228.14,1623.6721155811194,14.850446575194637,2.7120388512553006,4.6063908956781014e-32,4.013788564984104e-31,SeAx_vs_HH,ENSG00000159228,CBR1,protein_coding,Up
ENSG00000170627.13,2252.8744741053592,14.581775497237302,2.6690793664504957,3.960251733983781e-31,3.340297072237262e-30,SeAx_vs_HH,ENSG00000170627,GTSF1,protein_coding,Up
ENSG00000113269.16,410.35768786275526,14.558790309820656,3.26258049272169,1.8157032093421848e-28,1.3912884086982565e-27,SeAx_vs_HH,ENSG00000113269,RNF130,protein_coding,Up
ENSG00000135269.20,2958.667335954829,14.455302935087357,2.668034344065096,1.494006526286909e-30,1.2345538246508291e-29,SeAx_vs_HH,ENSG00000135269,TES,protein_coding,Up
ENSG00000132694.22,460.41948631230366,14.261282857361309,2.8755683405435275,1.421366308066985e-28,1.094745374420466e-27,SeAx_vs_HH,ENSG00000132694,ARHGEF11,protein_coding,Up
ENSG00000128641.21,419.11158274196515,14.238952329025707,2.8982404607790317,1.8385254256696306e-28,1.4075719231141638e-27,SeAx_vs_HH,ENSG00000128641,MYO1B,protein_coding,Up
ENSG00000107105.17,302.6177456673799,14.208199728078892,3.3871385488899164,1.0783487537771865e-26,7.669161541849264e-26,SeAx_vs_HH,ENSG00000107105,ELAVL2,protein_coding,Up
ENSG00000091490.13,972.9341450406107,14.179686194320084,2.7106367002365634,4.8472941377744454e-29,3.7970823995727674e-28,SeAx_vs_HH,ENSG00000091490,SEL1L3,protein_coding,Up
ENSG00000100292.19,333.9904463052305,14.134336232347518,3.1338490650917015,4.124732674372446e-27,2.9808223421291795e-26,SeAx_vs_HH,ENSG00000100292,HMOX1,protein_coding,Up
ENSG00000111796.5,321.379895367845,14.114156071381657,3.169326229809393,6.1336376754207665e-27,4.3971236076495815e-26,SeAx_vs_HH,ENSG00000111796,KLRB1,protein_coding,Up
ENSG00000169855.22,548.3425633053087,14.05879694794014,2.9855672772209543,1.336690166846946e-27,9.834416566350323e-27,SeAx_vs_HH,ENSG00000169855,ROBO1,protein_coding,Up
ENSG00000141526.20,475.3082256078759,14.052570068480142,2.866382066168776,5.274939908204913e-28,3.955652928233195e-27,SeAx_vs_HH,ENSG00000141526,SLC16A3,protein_coding,Up
ENSG00000164742.18,295.05623224153715,13.978573219016576,3.158697608914558,2.04305420204679e-26,1.4387309760089718e-25,SeAx_vs_HH,ENSG00000164742,ADCY1,protein_coding,Up
ENSG00000159217.12,858.3152949311501,13.96536637777648,2.9534261115951064,2.9265255119071415e-27,2.126925133704521e-26,SeAx_vs_HH,ENSG00000159217,IGF2BP1,protein_coding,Up
ENSG00000130340.19,374.7211096589394,13.922456752489506,2.8204873617820994,1.4809296833065162e-27,1.086439610009674e-26,SeAx_vs_HH,ENSG00000130340,SNX9,protein_coding,Up
ENSG00000138083.6,249.49327349425275,13.913825616571401,3.377239982802589,1.7438308825939203e-25,1.182912921683835e-24,SeAx_vs_HH,ENSG00000138083,SIX3,protein_coding,Up
ENSG00000215218.5,244.11464144639672,13.879512457597128,3.3728468858777028,1.933328753435146e-25,1.3084844963275648e-24,SeAx_vs_HH,ENSG00000215218,UBE2QL1,protein_coding,Up
ENSG00000172572.9,1451.8972726205218,13.825162400739938,1.3288590790019033,2.993062860116088e-32,2.627178889709932e-31,SeAx_vs_HH,ENSG00000172572,PDE3A,protein_coding,Up
ENSG00000176485.16,456.62391517200683,13.790835741983965,2.798809046576923,4.468991542900393e-27,3.223107225888106e-26,SeAx_vs_HH,ENSG00000176485,PLAAT3,protein_coding,Up
ENSG00000015475.21,1148.8353988798588,13.780152452659548,2.6689260827454193,9.80768903034799e-28,7.257527838855194e-27,SeAx_vs_HH,ENSG00000015475,BID,protein_coding,Up
ENSG00000171617.18,329.900586482976,13.772110528205507,2.8660279108390574,1.4252829730694765e-26,1.0088480625262613e-25,SeAx_vs_HH,ENSG00000171617,ENC1,protein_coding,Up
ENSG00000139722.9,769.8360285052709,13.768196129899161,2.68233903097844,1.0374185760647316e-27,7.664063418639039e-27,SeAx_vs_HH,ENSG00000139722,VPS37B,protein_coding,Up
ENSG00000197506.8,288.9595582300062,13.759766713082408,3.043300313424659,1.5273005038379997e-25,1.038784682090272e-24,SeAx_vs_HH,ENSG00000197506,SLC28A3,protein_coding,Up
ENSG00000004468.15,308.5675064280446,13.740550656009452,2.8901840316245413,1.5337027797530124e-26,1.0838771321213103e-25,SeAx_vs_HH,ENSG00000004468,CD38,protein_coding,Up
ENSG00000180667.11,633.8190413458177,13.713820412463948,2.692227071395812,2.5135401423872964e-27,1.8290037226185384e-26,SeAx_vs_HH,ENSG00000180667,YOD1,protein_coding,Up
ENSG00000174500.14,651.7679037388542,13.677816706134939,2.7119747213997183,9.823790807542468e-27,6.997742040442279e-26,SeAx_vs_HH,ENSG00000174500,GCSAM,protein_coding,Up
ENSG00000010803.20,612.6202844035315,13.617442040573724,2.681602642902629,4.6421020398128574e-27,3.3439186989645093e-26,SeAx_vs_HH,ENSG00000010803,SCMH1,protein_coding,Up
ENSG00000145632.17,227.05414946264904,13.61413557569548,3.182921655190275,7.7054125240319e-25,5.082564998822956e-24,SeAx_vs_HH,ENSG00000145632,PLK2,protein_coding,Up
ENSG00000168843.16,254.04423823440513,13.575293488955978,2.9555667964993657,1.30884248129887e-25,8.9257377436122e-25,SeAx_vs_HH,ENSG00000168843,FSTL5,protein_coding,Up
ENSG00000165801.12,279.84321790257036,13.546616473005722,3.003406527460894,3.257735733839501e-25,2.179325454508389e-24,SeAx_vs_HH,ENSG00000165801,ARHGEF40,protein_coding,Up
ENSG00000148175.15,1267.2004975007594,13.513715893160702,2.652400352223443,1.2614795300977815e-26,8.950259715525449e-26,SeAx_vs_HH,ENSG00000148175,STOM,protein_coding,Up
ENSG00000141314.15,249.849065448629,13.488730886313364,3.127003508338637,3.7280823066285453e-19,1.8724024256588277e-18,SeAx_vs_HH,ENSG00000141314,RHBDL3,protein_coding,Up
ENSG00000183625.18,248.988405214567,13.450793921123346,2.8919214380260794,3.857096842809379e-25,2.5745115476501497e-24,SeAx_vs_HH,ENSG00000183625,CCR3,protein_coding,Up
ENSG00000005882.14,604.5606460245714,13.44051998279188,2.677659525733681,2.9209206585118453e-26,2.0440739686421762e-25,SeAx_vs_HH,ENSG00000005882,PDK2,protein_coding,Up
ENSG00000007038.13,205.26480217681828,13.43385642039501,3.145537725596637,1.933939199527771e-24,1.2562190268143589e-23,SeAx_vs_HH,ENSG00000007038,PRSS21,protein_coding,Up
ENSG00000101210.17,2227.676742144847,13.430850684687874,1.0002045213481374,3.488864291217762e-38,3.7471824806454564e-37,SeAx_vs_HH,ENSG00000101210,EEF1A2,protein_coding,Up
ENSG00000165025.17,432.14128329712236,13.428457191591392,4.457117686914741,5.083463509324703e-6,1.1573293781872162e-5,SeAx_vs_HH,ENSG00000165025,SYK,protein_coding,Up
ENSG00000136826.17,224.0848366988396,13.428033045929721,2.992472290153946,6.767504756769857e-25,4.475446575028866e-24,SeAx_vs_HH,ENSG00000136826,KLF4,protein_coding,Up
ENSG00000165655.18,284.61347423037154,13.366782238774507,2.9785831989870197,8.347265786955413e-25,5.492004631239279e-24,SeAx_vs_HH,ENSG00000165655,ZNF503,protein_coding,Up
ENSG00000107438.11,207.29473463597714,13.358249849426924,3.062743185197114,2.04558445439489e-24,1.3272961065007044e-23,SeAx_vs_HH,ENSG00000107438,PDLIM1,protein_coding,Up
ENSG00000136026.16,233.97848728681484,13.353093564668152,3.002993586173149,3.510197233148579e-24,2.2539492269482723e-23,SeAx_vs_HH,ENSG00000136026,CKAP4,protein_coding,Up
ENSG00000129195.18,306.92807589655433,13.34687684024299,2.9595351924437865,7.556071457344959e-25,4.985893928483791e-24,SeAx_vs_HH,ENSG00000129195,PIMREG,protein_coding,Up
ENSG00000075891.26,197.00469173925984,13.345256518243165,3.1199883236942405,5.283895889753523e-24,3.3627351639408304e-23,SeAx_vs_HH,ENSG00000075891,PAX2,protein_coding,Up
ENSG00000148488.18,218.4492169349995,13.339177207534181,3.021577684825318,2.4502037747694336e-24,1.585816496567717e-23,SeAx_vs_HH,ENSG00000148488,ST8SIA6,protein_coding,Up
ENSG00000231419.7,173.86444006509626,13.330669211301226,3.322118971072194,2.7231879466248665e-23,1.6828531239663497e-22,SeAx_vs_HH,ENSG00000231419,LINC00689,lncRNA,Up
ENSG00000107281.12,1007.7981743774611,13.302210607236496,2.6497905794007686,5.955625211990473e-26,4.1258710623669495e-25,SeAx_vs_HH,ENSG00000107281,NPDC1,protein_coding,Up
ENSG00000105419.20,258.34283003259776,13.296897138395972,2.8206201444228793,1.4187847455318963e-22,8.4527864037924585e-22,SeAx_vs_HH,ENSG00000105419,MEIS3,protein_coding,Up
ENSG00000266976.3,169.2864870325478,13.28877690804324,3.3155378193082905,2.4423846521094365e-23,1.512977906035289e-22,SeAx_vs_HH,ENSG00000266976,ERVE-5,lncRNA,Up
ENSG00000169131.15,205.27607066175696,13.284137752768386,3.02810290551421,2.6648727095131708e-24,1.7222653171330613e-23,SeAx_vs_HH,ENSG00000169131,ZNF354A,protein_coding,Up
ENSG00000163554.15,168.70886187766828,13.281771344375711,3.31756994366771,4.211155447579245e-23,2.573962805983697e-22,SeAx_vs_HH,ENSG00000163554,SPTA1,protein_coding,Up
ENSG00000148834.15,1520.1353488852985,13.280836752851563,2.614958156282889,4.512361841881033e-26,3.1393771804776195e-25,SeAx_vs_HH,ENSG00000148834,GSTO1,protein_coding,Up
ENSG00000172594.15,167.42458282693326,13.271295393490513,3.3140376447432702,2.749325874603426e-23,1.6978343000179378e-22,SeAx_vs_HH,ENSG00000172594,SMPDL3A,protein_coding,Up
ENSG00000135318.14,233.18032317027547,13.232235232317665,2.8335798081346355,8.691695140074868e-25,5.712095320412372e-24,SeAx_vs_HH,ENSG00000135318,NT5E,protein_coding,Up
ENSG00000154153.16,178.1341044583128,13.23046320873305,3.1519602032777634,1.209995061753038e-23,7.603318671099851e-23,SeAx_vs_HH,ENSG00000154153,RETREG1,protein_coding,Up
ENSG00000179348.15,214.74259205043106,13.224658712602169,2.9909506692524537,3.2717648793092407e-24,2.1023553734872684e-23,SeAx_vs_HH,ENSG00000179348,GATA2,protein_coding,Up
ENSG00000141179.15,569.597575484582,13.192246573079567,2.6612853481706558,2.0452404520848033e-25,1.3816169946870005e-24,SeAx_vs_HH,ENSG00000141179,PCTP,protein_coding,Up
ENSG00000130487.10,448.80319465610427,13.185022562020208,2.732331926914457,5.204850577442819e-22,3.0098417719460328e-21,SeAx_vs_HH,ENSG00000130487,KLHDC7B,protein_coding,Up
ENSG00000148468.19,477.9601751502932,13.153332077975666,2.6655238915496624,4.463667053510273e-25,2.967220603474454e-24,SeAx_vs_HH,ENSG00000148468,FAM171A1,protein_coding,Up
ENSG00000144649.12,154.80484947764162,13.13932190468898,3.306972872722316,2.3573139075644445e-22,1.3878172413413415e-21,SeAx_vs_HH,ENSG00000144649,GASK1A,protein_coding,Up
ENSG00000157110.18,585.3742459837459,13.138223422373663,2.7752035908271235,9.29615439823946e-25,6.098154743480773e-24,SeAx_vs_HH,ENSG00000157110,RBPMS,protein_coding,Up
ENSG00000185551.17,177.44877419941312,13.108061684535988,3.0436991070512516,1.760037483677732e-23,1.0986436069716573e-22,SeAx_vs_HH,ENSG00000185551,NR2F2,protein_coding,Up
ENSG00000142494.15,149.6066756463726,13.088141743664941,3.2953606553159043,1.2506831172957129e-22,7.468662682117565e-22,SeAx_vs_HH,ENSG00000142494,SLC47A1,protein_coding,Up
ENSG00000057704.15,134.9359686983594,13.05205947077206,3.437715874583168,6.1122389692053425e-22,3.518661990145042e-21,SeAx_vs_HH,ENSG00000057704,TMCC3,protein_coding,Up
ENSG00000272636.7,157.3449572567334,13.00404440676982,3.1168937858423402,1.8452084805711425e-22,1.092068382207863e-21,SeAx_vs_HH,ENSG00000272636,DOC2B,protein_coding,Up
ENSG00000065320.11,183.29965838605492,13.00340552071882,2.8857656920948522,1.1114872051637149e-23,6.999048604747962e-23,SeAx_vs_HH,ENSG00000065320,NTN1,protein_coding,Up
ENSG00000166501.16,1206.8051104757071,13.002636792140141,1.3085916934829531,7.965642568235588e-29,6.1991523288419e-28,SeAx_vs_HH,ENSG00000166501,PRKCB,protein_coding,Up
ENSG00000164684.14,146.5896321158748,12.916107499066296,3.127136460169507,2.1039168242797188e-22,1.2423094893530376e-21,SeAx_vs_HH,ENSG00000164684,ZNF704,protein_coding,Up
ENSG00000077522.17,148.5132346001086,12.890758455565422,3.0836478222905623,2.299125485011514e-22,1.354450281617273e-21,SeAx_vs_HH,ENSG00000077522,ACTN2,protein_coding,Up
ENSG00000186716.23,1970.293584850779,12.890100302146703,1.2656237723731347,6.021123793911914e-29,4.702198464164426e-28,SeAx_vs_HH,ENSG00000186716,BCR,protein_coding,Up
ENSG00000132846.8,391.8910229188954,12.883536543153353,2.900346928429078,2.3002310853847828e-23,1.4263980579670606e-22,SeAx_vs_HH,ENSG00000132846,ZBED3,protein_coding,Up
ENSG00000265972.8,1063.4163714102722,12.87116330621054,2.6246827875538283,4.5484298423437354e-24,2.904995387721498e-23,SeAx_vs_HH,ENSG00000265972,TXNIP,protein_coding,Up
ENSG00000072210.21,458.8005125534962,12.869598665860341,2.6558755480962746,4.406382514876057e-24,2.8152761324538e-23,SeAx_vs_HH,ENSG00000072210,ALDH3A2,protein_coding,Up
ENSG00000144218.22,129.11111924339278,12.848476863716172,3.2727160748227178,8.990382274192488e-22,5.1342906739610594e-21,SeAx_vs_HH,ENSG00000144218,AFF3,protein_coding,Up
ENSG00000116176.9,127.45402680726603,12.826522845772288,3.2705358481374756,1.211785401042944e-21,6.867806219450915e-21,SeAx_vs_HH,ENSG00000116176,TPSG1,protein_coding,Up
ENSG00000196187.14,245.13982797986003,12.795501030477679,2.911538255767384,5.64434939425076e-23,3.4207888835589435e-22,SeAx_vs_HH,ENSG00000196187,TMEM63A,protein_coding,Up
ENSG00000226859.1,160.55705886032786,12.790146601496343,3.080612164408143,1.5399935199146932e-17,7.097757630376056e-17,SeAx_vs_HH,ENSG00000226859,LINC02051,lncRNA,Up
ENSG00000075035.12,134.84058346409495,12.77866881267285,3.1177968394509303,9.62041613574031e-22,5.4853518482427646e-21,SeAx_vs_HH,ENSG00000075035,WSCD2,protein_coding,Up
ENSG00000069869.19,268.6189113385332,12.766833265535293,2.692018015309223,1.5058606342881956e-23,9.435989249133621e-23,SeAx_vs_HH,ENSG00000069869,NEDD4,protein_coding,Up
ENSG00000177426.24,317.56725690178945,12.751876406973725,2.680553055386319,1.8632031445114172e-23,1.1618268128758107e-22,SeAx_vs_HH,ENSG00000177426,TGIF1,protein_coding,Up
ENSG00000089876.14,589.6702553859683,12.745623042819675,2.602069451012001,5.2590209755430525e-24,3.3480938442378745e-23,SeAx_vs_HH,ENSG00000089876,DHX32,protein_coding,Up
ENSG00000170456.18,130.46639783161646,12.729818247124642,3.111473774783509,7.849561913158657e-22,4.497118697609125e-21,SeAx_vs_HH,ENSG00000170456,DENND5B,protein_coding,Up
ENSG00000089327.18,2321.652609931297,12.727798204854595,2.5683925854901846,4.258262753680904e-24,2.725501151561036e-23,SeAx_vs_HH,ENSG00000089327,FXYD5,protein_coding,Up
ENSG00000174080.14,136.46148286639882,12.708210792429837,3.0346158820993847,9.271677742466894e-22,5.291561221927187e-21,SeAx_vs_HH,ENSG00000174080,CTSF,protein_coding,Up
ENSG00000211751.9,2779.5838264942827,-17.71656509534029,3.742289450245365,2.211786157680497e-41,1.980217342071269e-40,SeAx_vs_HuT78,ENSG00000211751,TRBC1,TR_C_gene,Down
ENSG00000180644.10,1395.6516725062472,-16.61861311636704,3.6350037797974877,9.78698703302724e-37,7.700213996340932e-36,SeAx_vs_HuT78,ENSG00000180644,PRF1,protein_coding,Down
ENSG00000167286.13,1876.5708220156603,-16.56780893869019,3.630190726487538,1.725844801741048e-36,1.3466249835884527e-35,SeAx_vs_HuT78,ENSG00000167286,CD3D,protein_coding,Down
ENSG00000198851.12,923.0511925101137,-15.976670585375308,3.5730867635007195,7.416624414843061e-34,5.3768713604530835e-33,SeAx_vs_HuT78,ENSG00000198851,CD3E,protein_coding,Down
ENSG00000154096.16,941.3818206773161,-15.970889159624392,3.603537607112455,3.1673838577052476e-30,2.052955202995279e-29,SeAx_vs_HuT78,ENSG00000154096,THY1,protein_coding,Down
ENSG00000214049.9,870.6816637393423,-15.888258913304476,3.5641252889427926,1.3505381607807917e-33,9.701239434798669e-33,SeAx_vs_HuT78,ENSG00000214049,UCA1,lncRNA,Down
ENSG00000187772.8,808.2835237050551,-15.764968674616355,3.545303819916667,4.2346141952878304e-33,2.998542028007173e-32,SeAx_vs_HuT78,ENSG00000187772,LIN28B,protein_coding,Down
ENSG00000250366.6,735.7860585399299,-15.621125504139727,3.5370703890924284,1.5840986748915525e-32,1.1042462163689557e-31,SeAx_vs_HuT78,ENSG00000250366,TUNAR,protein_coding,Down
ENSG00000160654.13,1164.4680566093484,-15.407759242511464,3.5150971522206644,1.0478441781972236e-31,7.107962306854699e-31,SeAx_vs_HuT78,ENSG00000160654,CD3G,protein_coding,Down
ENSG00000276405.1,610.8238783816926,-15.314985054959395,3.522378927086689,6.109504230115656e-30,3.925816652888163e-29,SeAx_vs_HuT78,ENSG00000276405,TRBV13,TR_V_gene,Down
ENSG00000187855.6,588.0434052264236,-15.264205236305644,3.502239857686993,5.387253458878772e-31,3.5718965845970836e-30,SeAx_vs_HuT78,ENSG00000187855,ASCL4,protein_coding,Down
ENSG00000173762.10,467.93171667490606,-14.897540513539118,3.4668821189928867,2.0827919699447216e-29,1.3092357242652522e-28,SeAx_vs_HuT78,ENSG00000173762,CD7,protein_coding,Down
ENSG00000107796.16,3104.945635505168,-14.88483830525219,1.3643089640232677,2.6448976328170793e-35,2.0086198004204314e-34,SeAx_vs_HuT78,ENSG00000107796,ACTA2,protein_coding,Down
ENSG00000170442.13,510.7520280334047,-14.84644229744298,3.480167017739672,2.581101265837497e-27,1.5076762040260438e-26,SeAx_vs_HuT78,ENSG00000170442,KRT86,protein_coding,Down
ENSG00000205426.11,426.8801079792745,-14.724037506605246,3.442444456768831,1.117410950446487e-28,6.881545952990311e-28,SeAx_vs_HuT78,ENSG00000205426,KRT81,protein_coding,Down
ENSG00000211772.11,881.6198799420005,-14.622672111357657,3.4555734414391654,1.0547760783339575e-26,6.046820301872912e-26,SeAx_vs_HuT78,ENSG00000211772,TRBC2,TR_C_gene,Down
ENSG00000100336.19,417.64034685464367,-14.612443819479731,3.46494527017159,8.948127776122331e-26,4.9568864906998e-25,SeAx_vs_HuT78,ENSG00000100336,APOL4,protein_coding,Down
ENSG00000137078.12,630.6265644344895,-14.601710670597804,3.4276142499320015,1.7484623637675877e-28,1.0701641013630451e-27,SeAx_vs_HuT78,ENSG00000137078,SIT1,protein_coding,Down
ENSG00000122188.15,385.16582288785213,-14.521437963686832,3.4395411344990467,7.1183249165158e-27,4.10443485289284e-26,SeAx_vs_HuT78,ENSG00000122188,LAX1,protein_coding,Down
ENSG00000198829.8,353.14766965170116,-14.425714011106894,3.4379671068712714,8.046230204727427e-26,4.4697120656648635e-25,SeAx_vs_HuT78,ENSG00000198829,SUCNR1,protein_coding,Down
ENSG00000128268.13,342.74975111417626,-14.397816793141946,3.415430634408035,1.5610477210362383e-27,9.226713930176249e-27,SeAx_vs_HuT78,ENSG00000128268,MGAT3,protein_coding,Down
ENSG00000167880.10,294.05495311697433,-14.152184083099407,3.391071133973712,1.5496550004953532e-26,8.827367037797855e-26,SeAx_vs_HuT78,ENSG00000167880,EVPL,protein_coding,Down
ENSG00000268480.4,438.3524066107717,-14.016445962955263,3.3873795906133926,3.802895901476508e-25,2.056410506337206e-24,SeAx_vs_HuT78,ENSG00000268480,NFILZ,protein_coding,Down
ENSG00000137868.21,662.0693945335411,-13.981132097534513,3.3712039427939926,4.14157207846912e-26,2.323716372871102e-25,SeAx_vs_HuT78,ENSG00000137868,STRA6,protein_coding,Down
ENSG00000240403.8,270.19569226611543,-13.931082173418675,3.442662670035835,1.4678437788490662e-20,6.575749261835715e-20,SeAx_vs_HuT78,ENSG00000240403,KIR3DL2,protein_coding,Down
ENSG00000214107.11,1108.1306512402975,-13.884836761923799,3.3582964880842425,5.009336760575697e-26,2.800944696183321e-25,SeAx_vs_HuT78,ENSG00000214107,MAGEB1,protein_coding,Down
ENSG00000110328.8,210.66096254027903,-13.620076847851553,3.3327107932911937,6.735345428493883e-25,3.607285899894407e-24,SeAx_vs_HuT78,ENSG00000110328,GALNT18,protein_coding,Down
ENSG00000096264.15,206.872265416341,-13.590547861206474,3.32988954710325,8.60075623935846e-25,4.576256252691024e-24,SeAx_vs_HuT78,ENSG00000096264,NCR2,protein_coding,Down
ENSG00000183072.11,209.61547081601705,-13.499719040292186,3.324399541892187,1.652788083732662e-24,8.71899249707616e-24,SeAx_vs_HuT78,ENSG00000183072,NKX2-5,protein_coding,Down
ENSG00000079385.25,199.81619670729955,-13.419500966431862,3.3986399972996484,8.190674215358319e-19,3.4029668035283924e-18,SeAx_vs_HuT78,ENSG00000079385,CEACAM1,protein_coding,Down
ENSG00000057294.20,177.0633508526003,-13.335294095799364,3.2987438728514684,6.5360103104041225e-24,3.371512372902098e-23,SeAx_vs_HuT78,ENSG00000057294,PKP2,protein_coding,Down
ENSG00000136014.14,175.7875857891484,-13.326036691209694,3.304265310999441,1.0854385059168171e-23,5.538487847764106e-23,SeAx_vs_HuT78,ENSG00000136014,USP44,protein_coding,Down
ENSG00000109906.17,170.13066157081323,-13.269330758627369,3.2998307969628193,2.1591528992202342e-23,1.0889984287593045e-22,SeAx_vs_HuT78,ENSG00000109906,ZBTB16,protein_coding,Down
ENSG00000279806.1,161.2671835624492,-13.186165461744459,3.287605707191139,2.1953938803725425e-23,1.1066539495462607e-22,SeAx_vs_HuT78,ENSG00000279806,ENSG00000279806,TEC,Down
ENSG00000198915.14,158.92742229342082,-13.161749446867264,3.287450123275776,3.699210734130195e-23,1.8465132432973655e-22,SeAx_vs_HuT78,ENSG00000198915,RASGEF1A,protein_coding,Down
ENSG00000182866.20,1462.1007974637,-13.012825422106095,0.9763058208822001,6.417046843370338e-38,5.249378730547015e-37,SeAx_vs_HuT78,ENSG00000182866,LCK,protein_coding,Down
ENSG00000185974.8,145.3785326197677,-13.01263541468571,3.262389963418215,7.856457507573445e-23,3.867777857877941e-22,SeAx_vs_HuT78,ENSG00000185974,GRK1,protein_coding,Down
ENSG00000198910.16,2156.777062990096,-12.963107913660746,0.8600347543631054,8.453830172562304e-50,9.331507550305217e-49,SeAx_vs_HuT78,ENSG00000198910,L1CAM,protein_coding,Down
ENSG00000249550.9,184.25064308120741,-12.94104988309291,3.2601061928909356,1.1856914864198067e-22,5.786342407848227e-22,SeAx_vs_HuT78,ENSG00000249550,LINC01234,lncRNA,Down
ENSG00000185198.13,137.3861973776422,-12.912506935848938,3.271271891621937,1.5178618887775984e-21,7.070331705005375e-21,SeAx_vs_HuT78,ENSG00000185198,PRSS57,protein_coding,Down
ENSG00000233093.9,237.12857804764596,-12.888264551123221,3.278180668203809,7.134918768743756e-21,3.240103162029008e-20,SeAx_vs_HuT78,ENSG00000233093,LINC00892,lncRNA,Down
ENSG00000261801.9,197.48181173812293,-12.858549542453282,3.25119561802319,2.1904872086299104e-22,1.0571815286262079e-21,SeAx_vs_HuT78,ENSG00000261801,LOXL1-AS1,lncRNA,Down
ENSG00000135824.14,133.42540381944755,-12.820908366472967,3.301761888712913,5.761375341866602e-19,2.409314641679276e-18,SeAx_vs_HuT78,ENSG00000135824,RGS8,protein_coding,Down
ENSG00000163106.13,125.5606758918235,-12.77722131050323,3.2495669794226845,1.0427320535236367e-21,4.887635986100458e-21,SeAx_vs_HuT78,ENSG00000163106,HPGDS,protein_coding,Down
ENSG00000163600.15,2590.5597069882338,-12.774147668931203,3.2397051228601987,2.765942164569991e-22,1.329180629781958e-21,SeAx_vs_HuT78,ENSG00000163600,ICOS,protein_coding,Down
ENSG00000204475.11,125.12053153522203,-12.76589236390665,3.24664702661753,1.0354417507167516e-21,4.854734091622771e-21,SeAx_vs_HuT78,ENSG00000204475,NCR3,protein_coding,Down
ENSG00000129038.18,181.79148947985064,-12.673921510380879,3.2376575164111685,2.4227369867227663e-21,1.1200860159261511e-20,SeAx_vs_HuT78,ENSG00000129038,LOXL1,protein_coding,Down
ENSG00000129521.17,836.1566247409735,-12.66730929295656,3.2290933236033657,7.134603345482064e-22,3.367134323875426e-21,SeAx_vs_HuT78,ENSG00000129521,EGLN3,protein_coding,Down
ENSG00000077984.8,120.23173380535825,-12.578895617535403,3.225011412432895,3.2333511148146646e-21,1.4871754870835614e-20,SeAx_vs_HuT78,ENSG00000077984,CST7,protein_coding,Down
ENSG00000179222.20,591.7607626038882,-12.561105784008278,1.3200868587676886,3.94533551276594e-27,2.2963185741131195e-26,SeAx_vs_HuT78,ENSG00000179222,MAGED1,protein_coding,Down
ENSG00000107742.16,4920.4430637610985,-12.45237267943218,0.5297453470265668,4.115931602394114e-121,1.8342516083803617e-119,SeAx_vs_HuT78,ENSG00000107742,SPOCK2,protein_coding,Down
ENSG00000293062.2,104.14013083030208,-12.379412828104517,3.205848990110459,1.9517864757461096e-20,8.702402865353796e-20,SeAx_vs_HuT78,ENSG00000293062,ENSG00000293062,lncRNA,Down
ENSG00000227507.4,1175.5052788241992,-12.308844035021913,0.9808669825705478,7.613809859920814e-34,5.5156248944796356e-33,SeAx_vs_HuT78,ENSG00000227507,LTB,protein_coding,Down
ENSG00000106952.10,110.57807655835894,-12.302334975734059,3.429216341243585,3.884052681107374e-12,1.1684769736698337e-11,SeAx_vs_HuT78,ENSG00000106952,TNFSF8,protein_coding,Down
ENSG00000164161.12,91.34814649648445,-12.264436973099258,3.1898278185071427,2.46682569090019e-20,1.0947035484884048e-19,SeAx_vs_HuT78,ENSG00000164161,HHIP,protein_coding,Down
ENSG00000294929.1,91.5693563910061,-12.260665305381197,3.1891727913454937,2.731766374116448e-20,1.2092808152284695e-19,SeAx_vs_HuT78,ENSG00000294929,ENSG00000294929,lncRNA,Down
ENSG00000101082.16,481.6312946986642,-12.246305600632407,1.3283088578129232,1.7693905801182398e-25,9.684886111462959e-25,SeAx_vs_HuT78,ENSG00000101082,SLA2,protein_coding,Down
ENSG00000026103.26,2413.2159749086145,-12.124267839373438,0.8151120940286897,6.9978227020656e-48,7.3918628365274315e-47,SeAx_vs_HuT78,ENSG00000026103,FAS,protein_coding,Down
ENSG00000101445.12,735.3107297990078,-12.040714176778978,1.322768198194538,7.563547328000825e-25,4.035168266263692e-24,SeAx_vs_HuT78,ENSG00000101445,PPP1R16B,protein_coding,Down
ENSG00000211697.4,82.26841161326018,-11.981842783460975,3.18957339539819,2.079672187579337e-18,8.469499259032465e-18,SeAx_vs_HuT78,ENSG00000211697,TRGV5,TR_V_gene,Down
ENSG00000128322.7,78.56213677296536,-11.93699037766714,3.16357850831441,8.274645883452111e-19,3.4370572919555893e-18,SeAx_vs_HuT78,ENSG00000128322,IGLL1,protein_coding,Down
ENSG00000140481.15,128.01751467023215,-11.912312915990865,3.151355244970997,3.064987776109281e-19,1.2990124440264437e-18,SeAx_vs_HuT78,ENSG00000140481,CCDC33,protein_coding,Down
ENSG00000179242.17,72.89032353913865,-11.89175369017952,3.151596207153356,4.916220933615947e-19,2.064559259862393e-18,SeAx_vs_HuT78,ENSG00000179242,CDH4,protein_coding,Down
ENSG00000081059.22,3415.8299037865936,-11.8901066218105,0.890077853182907,3.655687845212318e-42,3.3346052824327225e-41,SeAx_vs_HuT78,ENSG00000081059,TCF7,protein_coding,Down
ENSG00000142149.11,74.44323002259148,-11.881846489179436,3.148890837300583,4.266367630929731e-19,1.7941778429132894e-18,SeAx_vs_HuT78,ENSG00000142149,HUNK,protein_coding,Down
ENSG00000188042.9,2199.7276918538037,-11.821277361631408,0.7159191300515744,2.9945691127448422e-59,4.187955164310995e-58,SeAx_vs_HuT78,ENSG00000188042,ARL4C,protein_coding,Down
ENSG00000236481.3,94.65047717161077,-11.80718922154364,3.1434459350339323,9.745545332417108e-19,4.031203985921323e-18,SeAx_vs_HuT78,ENSG00000236481,LINC02195,lncRNA,Down
ENSG00000007312.16,69.07195968680648,-11.80197410598181,3.1429483169736625,9.92194498867506e-19,4.102276586016933e-18,SeAx_vs_HuT78,ENSG00000007312,CD79B,protein_coding,Down
ENSG00000188822.9,85.02313216056127,-11.776236913841862,3.4733136227072667,5.271626678228717e-10,1.3974725057778552e-9,SeAx_vs_HuT78,ENSG00000188822,CNR2,protein_coding,Down
ENSG00000172322.15,65.56811193839184,-11.715739473816091,3.133579757264593,1.8231060472562654e-18,7.44154587299977e-18,SeAx_vs_HuT78,ENSG00000172322,CLEC12A,protein_coding,Down
ENSG00000154783.14,66.22517292485026,-11.714534089350614,3.140497361314895,4.18271633354467e-18,1.6808740043843152e-17,SeAx_vs_HuT78,ENSG00000154783,FGD5,protein_coding,Down
ENSG00000183691.6,64.76949764726372,-11.689200273775713,3.137388939213578,5.065588836879129e-18,2.026574899792086e-17,SeAx_vs_HuT78,ENSG00000183691,NOG,protein_coding,Down
ENSG00000198821.14,1918.7244949192136,-11.655005620022564,0.8133648851168693,1.720331678486e-44,1.67772139466939e-43,SeAx_vs_HuT78,ENSG00000198821,CD247,protein_coding,Down
ENSG00000221923.11,62.47523681517726,-11.638913421635035,3.123210925464455,2.50334736490693e-18,1.015567664001532e-17,SeAx_vs_HuT78,ENSG00000221923,ZNF880,protein_coding,Down
ENSG00000187862.13,59.37311615737169,-11.554525188971546,3.1136739459133085,4.5258237969265525e-18,1.815091410833651e-17,SeAx_vs_HuT78,ENSG00000187862,TTC24,protein_coding,Down
ENSG00000164114.20,127.90714817210086,-11.55107824355327,3.1113955419248005,3.507859893008351e-18,1.4137977499042656e-17,SeAx_vs_HuT78,ENSG00000164114,MAP9,protein_coding,Down
ENSG00000120784.19,58.29599434506779,-11.52598060565723,3.1136286803919586,6.049822981761358e-18,2.415479802056045e-17,SeAx_vs_HuT78,ENSG00000120784,ZFP30,protein_coding,Down
ENSG00000151136.15,57.940792459641685,-11.514458374735776,3.110253254130878,6.288744243279563e-18,2.508636230646924e-17,SeAx_vs_HuT78,ENSG00000151136,ABTB3,protein_coding,Down
ENSG00000125384.9,280.17261752974395,-11.457199782856165,1.313873070103137,6.67746972790648e-23,3.2945984625569976e-22,SeAx_vs_HuT78,ENSG00000125384,PTGER2,protein_coding,Down
ENSG00000255650.6,55.478093146751306,-11.44549318334493,3.1035512338666673,9.01949464780781e-18,3.567768748409735e-17,SeAx_vs_HuT78,ENSG00000255650,FAM222A-AS1,lncRNA,Down
ENSG00000169442.10,636.3041547715887,-11.375136590541901,1.7758210430983348,1.5939420575782705e-11,4.6311177362171125e-11,SeAx_vs_HuT78,ENSG00000169442,CD52,protein_coding,Down
ENSG00000173801.19,1780.4670992351937,-11.35747586505935,0.629184943734327,3.717562348382362e-73,7.05509846093962e-72,SeAx_vs_HuT78,ENSG00000173801,JUP,protein_coding,Down
ENSG00000125498.22,52.87568803267614,-11.35059396896174,3.102172864957658,5.743317671818966e-17,2.1910463392384323e-16,SeAx_vs_HuT78,ENSG00000125498,KIR2DL1,protein_coding,Down
ENSG00000179144.7,52.704635627369846,-11.336435074964616,3.0958032615513633,7.143063072907471e-17,2.7123352045599264e-16,SeAx_vs_HuT78,ENSG00000179144,GIMAP7,protein_coding,Down
ENSG00000163145.15,51.25089717284246,-11.311408475453877,3.088720737341595,2.650005935306081e-17,1.025596377857171e-16,SeAx_vs_HuT78,ENSG00000163145,C1QTNF7,protein_coding,Down
ENSG00000170485.19,51.45497809169641,-11.296955008384137,3.086289702934903,2.6520117950769655e-17,1.0261510001901476e-16,SeAx_vs_HuT78,ENSG00000170485,NPAS2,protein_coding,Down
ENSG00000256862.6,50.489220636589,-11.275389042648778,3.0883915050879622,4.984245790490264e-17,1.9059287798641e-16,SeAx_vs_HuT78,ENSG00000256862,PARP11-AS1,lncRNA,Down
ENSG00000115523.19,640.4418568265633,-11.266737612308942,0.813438349256701,1.142657947066126e-41,1.02764644185189e-40,SeAx_vs_HuT78,ENSG00000115523,GNLY,protein_coding,Down
ENSG00000174807.4,49.52635832267463,-11.264329936246337,3.0922925626561586,3.506474625492429e-17,1.3503545338713858e-16,SeAx_vs_HuT78,ENSG00000174807,CD248,protein_coding,Down
ENSG00000113739.12,49.9936801858725,-11.263513327274056,3.0835909892534428,3.8624066765917103e-17,1.4851902900008693e-16,SeAx_vs_HuT78,ENSG00000113739,STC2,protein_coding,Down
ENSG00000140092.18,54.54208905793628,-11.252240161056626,3.0842660014609713,4.889297383393618e-17,1.8704198723787458e-16,SeAx_vs_HuT78,ENSG00000140092,FBLN5,protein_coding,Down
ENSG00000172349.20,1079.8360927203682,-11.218824231497708,0.6874249829776378,5.489055015733113e-59,7.58768677522058e-58,SeAx_vs_HuT78,ENSG00000172349,IL16,protein_coding,Down
ENSG00000164251.6,48.1440573257448,-11.204434343123081,3.07659107014472,5.199548627092523e-17,1.986562457973183e-16,SeAx_vs_HuT78,ENSG00000164251,F2RL1,protein_coding,Down
ENSG00000111249.16,260.2098854330606,-11.161653276821133,1.3179552627600668,1.207749397707824e-21,5.6493029921503056e-21,SeAx_vs_HuT78,ENSG00000111249,CUX2,protein_coding,Down
ENSG00000165548.13,85.73256737157058,-11.160754530693733,3.0749422089944924,4.80681897565432e-17,1.8396531072174138e-16,SeAx_vs_HuT78,ENSG00000165548,TMEM63C,protein_coding,Down
ENSG00000119714.13,642.4849528424979,-11.149035943612946,0.970983448761722,2.036121986791372e-28,1.2432558075449021e-27,SeAx_vs_HuT78,ENSG00000119714,GPR68,protein_coding,Down
ENSG00000245954.11,46.39378192305226,-11.142813920025963,3.0722952220977406,9.903403429180104e-17,3.745397349245547e-16,SeAx_vs_HuT78,ENSG00000245954,LINC02273,lncRNA,Down
ENSG00000160183.19,288.3315508407321,-11.116302345979403,3.058624773666972,3.7101354866822497e-17,1.4278641728015576e-16,SeAx_vs_HuT78,ENSG00000160183,TMPRSS3,protein_coding,Down
ENSG00000186451.4,45.009411729121624,-11.095387611603275,3.0646225442020025,1.0420989071040048e-16,3.935329241308652e-16,SeAx_vs_HuT78,ENSG00000186451,SPATA12,protein_coding,Down
ENSG00000295115.1,44.18143809605705,-11.065620652220352,3.061145165326254,1.237308225360444e-16,4.656801860784108e-16,SeAx_vs_HuT78,ENSG00000295115,ENSG00000295115,lncRNA,Down
ENSG00000176788.11,8491.62769448395,18.815618889352436,3.0107083459042574,5.202705307600495e-50,5.789221464948005e-49,SeAx_vs_HuT78,ENSG00000176788,BASP1,protein_coding,Up
ENSG00000179344.19,5483.3276453729895,17.265357877697042,3.1311078866094526,2.482080515219393e-41,2.217779173573837e-40,SeAx_vs_HuT78,ENSG00000179344,HLA-DQB1,protein_coding,Up
ENSG00000138061.15,5733.9567226722465,17.075695648047347,2.796197128884438,1.2003408520640818e-40,1.0530904194284048e-39,SeAx_vs_HuT78,ENSG00000138061,CYP1B1,protein_coding,Up
ENSG00000137766.19,2450.76785626025,16.803495627460986,2.98467289597075,1.5351579499446304e-39,1.3115095218530305e-38,SeAx_vs_HuT78,ENSG00000137766,UNC13C,protein_coding,Up
ENSG00000235098.11,1728.6609561073096,16.52906351261541,3.169383079274305,3.253281994283465e-35,2.4612562047123425e-34,SeAx_vs_HuT78,ENSG00000235098,ANKRD65,protein_coding,Up
ENSG00000172572.9,1451.8972726205218,16.455012796767193,3.211090033729764,5.09983658787473e-37,4.0533971815339747e-36,SeAx_vs_HuT78,ENSG00000172572,PDE3A,protein_coding,Up
ENSG00000060982.17,7264.390724161856,16.128077179972706,2.6839021943708876,5.343764773086489e-38,4.385412089319489e-37,SeAx_vs_HuT78,ENSG00000060982,BCAT1,protein_coding,Up
ENSG00000196735.15,7836.300671617997,15.916477860601937,1.3059000362998687,2.2584109127435925e-42,2.073779164623345e-41,SeAx_vs_HuT78,ENSG00000196735,HLA-DQA1,protein_coding,Up
ENSG00000229807.15,821.2684219635818,15.89595606890818,3.5586941652183652,4.090654304883528e-33,2.8988952481008074e-32,SeAx_vs_HuT78,ENSG00000229807,XIST,lncRNA,Up
ENSG00000141668.12,787.091217198793,15.821556292677334,3.5597276511395677,9.38726269062172e-32,6.3798486761186695e-31,SeAx_vs_HuT78,ENSG00000141668,CBLN2,protein_coding,Up
ENSG00000147408.18,2127.597665597292,15.500018286215942,2.725677797979628,8.902726654249846e-35,6.631698461991101e-34,SeAx_vs_HuT78,ENSG00000147408,CSGALNACT1,protein_coding,Up
ENSG00000154277.15,730.2324889011825,15.385196813854202,3.140077254522592,1.6223282364942783e-32,1.1300159547743e-31,SeAx_vs_HuT78,ENSG00000154277,UCHL1,protein_coding,Up
ENSG00000128573.30,1108.9411150344642,15.35378175368294,2.8603497380691247,1.5061081739866342e-30,9.836648901556891e-30,SeAx_vs_HuT78,ENSG00000128573,FOXP2,protein_coding,Up
ENSG00000189057.13,932.455997952727,15.335233480413608,3.064208895047779,1.3754250214151547e-32,9.606526026765105e-32,SeAx_vs_HuT78,ENSG00000189057,FAM111B,protein_coding,Up
ENSG00000171385.13,567.40884420754,15.309871266122043,3.503278890278098,6.663270031680643e-31,4.400017789073303e-30,SeAx_vs_HuT78,ENSG00000171385,KCND3,protein_coding,Up
ENSG00000184743.15,1932.8321199527777,14.99145891889938,2.694845776215858,8.634494052282253e-33,6.059027064106407e-32,SeAx_vs_HuT78,ENSG00000184743,ATL3,protein_coding,Up
ENSG00000132669.16,513.9147212118366,14.933445372477001,3.2218130149546322,3.33736662647237e-30,2.1623480330290237e-29,SeAx_vs_HuT78,ENSG00000132669,RIN2,protein_coding,Up
ENSG00000180530.12,586.8361724557163,14.770520341117233,3.0555231837300787,3.521930796098148e-30,2.2802815400107812e-29,SeAx_vs_HuT78,ENSG00000180530,NRIP1,protein_coding,Up
ENSG00000178860.11,14569.243220213011,14.7303685527781,1.2749702071135556,5.44865816107936e-37,4.326804563640812e-36,SeAx_vs_HuT78,ENSG00000178860,MSC,protein_coding,Up
ENSG00000137265.18,14282.277534027713,14.705113381378094,0.7959990667006532,2.3046346026929448e-70,4.1246282624619484e-69,SeAx_vs_HuT78,ENSG00000137265,IRF4,protein_coding,Up
ENSG00000125845.9,487.1401891787798,14.676813715282464,3.021592833579758,7.786149319353065e-30,4.979966621071409e-29,SeAx_vs_HuT78,ENSG00000125845,BMP2,protein_coding,Up
ENSG00000113269.16,410.35768786275526,14.613840525393977,3.233901201207623,7.451801688890326e-29,4.611365362917796e-28,SeAx_vs_HuT78,ENSG00000113269,RNF130,protein_coding,Up
ENSG00000147650.13,1003.8913905886773,14.596894545163428,2.7333310413049867,1.1785982399167235e-30,7.72296542359477e-30,SeAx_vs_HuT78,ENSG00000147650,LRP12,protein_coding,Up
ENSG00000168542.20,1085.0787189487653,14.59329349434615,2.871618258137047,4.741881716290662e-30,3.054685758624495e-29,SeAx_vs_HuT78,ENSG00000168542,COL3A1,protein_coding,Up
ENSG00000163629.15,432.5047741526705,14.56423675683196,3.0859261183923055,4.5192731434076423e-29,2.810231807155429e-28,SeAx_vs_HuT78,ENSG00000163629,PTPN13,protein_coding,Up
ENSG00000218336.11,1218.760050530635,14.452530364171016,2.696867699755525,2.7211154043418335e-30,1.76562051679768e-29,SeAx_vs_HuT78,ENSG00000218336,TENM3,protein_coding,Up
ENSG00000127990.21,753.5475054794704,14.339283698034244,2.981973219495291,1.016947787711698e-28,6.269311636908146e-28,SeAx_vs_HuT78,ENSG00000127990,SGCE,protein_coding,Up
ENSG00000107105.17,302.6177456673799,14.305355267465865,3.406839270591322,4.546916372263171e-27,2.6387433368673375e-26,SeAx_vs_HuT78,ENSG00000107105,ELAVL2,protein_coding,Up
ENSG00000223609.12,367.1548321551651,14.278476938106849,3.2464747559372515,2.1389631040535525e-20,9.518013911852805e-20,SeAx_vs_HuT78,ENSG00000223609,HBD,protein_coding,Up
ENSG00000169862.23,389.9001565351987,14.20184997095258,2.9240968119215607,4.201206573715163e-28,2.5358698035076534e-27,SeAx_vs_HuT78,ENSG00000169862,CTNND2,protein_coding,Up
ENSG00000186522.17,2228.3996122128206,14.198106245029699,2.634720396595781,1.3878882195862425e-29,8.782768440087437e-29,SeAx_vs_HuT78,ENSG00000186522,SEPTIN10,protein_coding,Up
ENSG00000146267.13,369.88635650240315,14.1484973627427,3.0374633010225307,1.1184374270752103e-27,6.650118322619447e-27,SeAx_vs_HuT78,ENSG00000146267,FAXC,protein_coding,Up
ENSG00000169855.22,548.3425633053087,14.133953581005404,2.98100916047288,6.009761148922677e-28,3.606863349512555e-27,SeAx_vs_HuT78,ENSG00000169855,ROBO1,protein_coding,Up
ENSG00000139687.19,1317.0166026681823,14.100996997599898,2.6641158246586767,3.938480625435521e-29,2.455895593619121e-28,SeAx_vs_HuT78,ENSG00000139687,RB1,protein_coding,Up
ENSG00000196628.22,3148.6251035581768,14.091163849522754,2.628587996426771,1.0143638866733885e-28,6.255534950001292e-28,SeAx_vs_HuT78,ENSG00000196628,TCF4,protein_coding,Up
ENSG00000107874.13,1804.9079481714743,14.062577633470502,2.645088400939998,4.2760492216569215e-29,2.6626841086542837e-28,SeAx_vs_HuT78,ENSG00000107874,CUEDC2,protein_coding,Up
ENSG00000164742.18,295.05623224153715,14.057760770578414,3.156962320428197,8.413185768352259e-27,4.8370418177160055e-26,SeAx_vs_HuT78,ENSG00000164742,ADCY1,protein_coding,Up
ENSG00000103855.20,585.8733402508167,14.024773822242492,2.8575498803457546,5.599838402910409e-28,3.365350720836631e-27,SeAx_vs_HuT78,ENSG00000103855,CD276,protein_coding,Up
ENSG00000138083.6,249.49327349425275,13.995087648249363,3.3780440088431143,7.285220957970167e-26,4.053252591988682e-25,SeAx_vs_HuT78,ENSG00000138083,SIX3,protein_coding,Up
ENSG00000215218.5,244.11464144639672,13.961420178018802,3.3744645877190282,8.224239578723255e-26,4.567180782790673e-25,SeAx_vs_HuT78,ENSG00000215218,UBE2QL1,protein_coding,Up
ENSG00000118777.14,443.56391160386937,13.922492255764372,2.8679278250952986,1.9524813340638136e-27,1.1468427245820728e-26,SeAx_vs_HuT78,ENSG00000118777,ABCG2,protein_coding,Up
ENSG00000114948.15,299.4696125986391,13.880680695535945,3.0339474680475935,1.3269919723042747e-26,7.592801400137682e-26,SeAx_vs_HuT78,ENSG00000114948,ADAM23,protein_coding,Up
ENSG00000066468.26,251.04996314460297,13.838160634699681,3.1756944368675746,7.054897471087236e-26,3.9263276854466553e-25,SeAx_vs_HuT78,ENSG00000066468,FGFR2,protein_coding,Up
ENSG00000099810.23,642.5008370429375,13.808378720642478,2.804233410684032,2.301712721213839e-27,1.347555013089736e-26,SeAx_vs_HuT78,ENSG00000099810,MTAP,protein_coding,Up
ENSG00000211899.10,394.02337900025503,13.793850575492502,2.947873971776498,1.7108272291582627e-21,7.948513954971545e-21,SeAx_vs_HuT78,ENSG00000211899,IGHM,IG_C_gene,Up
ENSG00000141934.12,276.7578955707891,13.790962363641937,2.969180014203589,1.7829312409571793e-26,1.0143287768100306e-25,SeAx_vs_HuT78,ENSG00000141934,PLPP2,protein_coding,Up
ENSG00000145632.17,227.05414946264904,13.696956559371955,3.1847568958279497,3.1528655731451094e-25,1.710069232300776e-24,SeAx_vs_HuT78,ENSG00000145632,PLK2,protein_coding,Up
ENSG00000112379.11,270.4425743989944,13.691136538315853,2.917581688409611,2.635797088484392e-26,1.4895995217728037e-25,SeAx_vs_HuT78,ENSG00000112379,ARFGEF3,protein_coding,Up
ENSG00000198142.5,1967.4947008982933,13.690686565808626,2.6483590744989858,1.8720648289590693e-27,1.1014135110279713e-26,SeAx_vs_HuT78,ENSG00000198142,SOWAHC,protein_coding,Up
ENSG00000224078.16,1729.7404848403562,13.629374031150586,1.2782205980093047,7.379229439273412e-32,5.028485941596926e-31,SeAx_vs_HuT78,ENSG00000224078,SNHG14,lncRNA,Up
ENSG00000163453.13,235.96037373234117,13.627514095152577,3.0408140048775856,2.2928877605196343e-25,1.2512057334666235e-24,SeAx_vs_HuT78,ENSG00000163453,IGFBP7,protein_coding,Up
ENSG00000179820.19,803.4934902749113,13.626546670652198,2.665643071070305,3.677591184460068e-27,2.1425706038895e-26,SeAx_vs_HuT78,ENSG00000179820,MYADM,protein_coding,Up
ENSG00000182985.21,5478.140001587072,13.577935682524178,0.8018088916168012,2.201558871069926e-60,3.157800414348897e-59,SeAx_vs_HuT78,ENSG00000182985,CADM1,protein_coding,Up
ENSG00000182168.17,214.74562709851762,13.574965555421521,3.1429800027012553,7.591505956359521e-25,4.048878511705294e-24,SeAx_vs_HuT78,ENSG00000182168,UNC5C,protein_coding,Up
ENSG00000141314.15,249.849065448629,13.569737496922126,3.128736868910867,2.2687722828613366e-19,9.658996066411799e-19,SeAx_vs_HuT78,ENSG00000141314,RHBDL3,protein_coding,Up
ENSG00000143469.22,247.00135963954264,13.562610367444554,2.9269142905667733,1.0938044850936279e-25,6.031242644029653e-25,SeAx_vs_HuT78,ENSG00000143469,SYT14,protein_coding,Up
ENSG00000165025.17,432.14128329712236,13.510638196194707,4.455498938933786,4.487598950720678e-6,9.00586257445513e-6,SeAx_vs_HuT78,ENSG00000165025,SYK,protein_coding,Up
ENSG00000007038.13,205.26480217681828,13.510478471796985,3.1409063733307048,8.281946715683297e-25,4.411866649166407e-24,SeAx_vs_HuT78,ENSG00000007038,PRSS21,protein_coding,Up
ENSG00000308208.1,655.6879527391719,13.461292644467754,2.694863014975459,3.0770903134613214e-26,1.733524307096213e-25,SeAx_vs_HuT78,ENSG00000308208,ENSG00000308208,lncRNA,Up
ENSG00000148488.18,218.4492169349995,13.420979725208559,3.0217952023391326,9.713334062958937e-25,5.159038830059572e-24,SeAx_vs_HuT78,ENSG00000148488,ST8SIA6,protein_coding,Up
ENSG00000231419.7,173.86444006509626,13.413032895244971,3.322949911767565,1.1026973802489447e-23,5.621748311656188e-23,SeAx_vs_HuT78,ENSG00000231419,LINC00689,lncRNA,Up
ENSG00000152952.16,215.65241297603018,13.40726753360573,3.018192251388369,7.140171740235425e-25,3.818393335113959e-24,SeAx_vs_HuT78,ENSG00000152952,PLOD2,protein_coding,Up
ENSG00000266976.3,169.2864870325478,13.37134219048812,3.3172714730254897,1.0376555562321739e-23,5.303737315235205e-23,SeAx_vs_HuT78,ENSG00000266976,ERVE-5,lncRNA,Up
ENSG00000163554.15,168.70886187766828,13.363549539224747,3.3175729843607713,1.7016286669393277e-23,8.61635883782308e-23,SeAx_vs_HuT78,ENSG00000163554,SPTA1,protein_coding,Up
ENSG00000137801.13,4444.351984812452,13.363424312348153,0.7392701369767433,1.8420355748867308e-72,3.4555044318424905e-71,SeAx_vs_HuT78,ENSG00000137801,THBS1,protein_coding,Up
ENSG00000172594.15,167.42458282693326,13.353488924935482,3.31531623142907,1.1706414568333641e-23,5.964744510571592e-23,SeAx_vs_HuT78,ENSG00000172594,SMPDL3A,protein_coding,Up
ENSG00000133710.18,215.08522423244034,13.344479084154129,2.904009376251156,8.463644318846662e-25,4.507318310705647e-24,SeAx_vs_HuT78,ENSG00000133710,SPINK5,protein_coding,Up
ENSG00000019991.19,222.62219745453987,13.32914856245366,2.879891323715638,7.552230649033571e-25,4.03033101213692e-24,SeAx_vs_HuT78,ENSG00000019991,HGF,protein_coding,Up
ENSG00000124429.20,397.09954093271665,13.322349076452618,2.8081374422492615,2.604975380682771e-25,1.4180532951969567e-24,SeAx_vs_HuT78,ENSG00000124429,POF1B,protein_coding,Up
ENSG00000170989.12,2370.043924074446,13.273788480408204,1.2762749563898648,2.2670743015139446e-30,1.4752864551987764e-29,SeAx_vs_HuT78,ENSG00000170989,S1PR1,protein_coding,Up
ENSG00000144649.12,154.80484947764162,13.222258212214024,3.307376687963687,8.965280491482075e-23,4.399150917691081e-22,SeAx_vs_HuT78,ENSG00000144649,GASK1A,protein_coding,Up
ENSG00000198734.14,1125.571180670327,13.177417461783762,1.285895845867343,8.122977872131561e-30,5.191692778424435e-29,SeAx_vs_HuT78,ENSG00000198734,F5,protein_coding,Up
ENSG00000142494.15,149.6066756463726,13.171319413815391,3.297350007991537,5.2632683947506357e-23,2.6097828201482875e-22,SeAx_vs_HuT78,ENSG00000142494,SLC47A1,protein_coding,Up
ENSG00000272636.7,157.3449572567334,13.086291868790866,3.1162836191139447,7.043558918350078e-23,3.471399120281751e-22,SeAx_vs_HuT78,ENSG00000272636,DOC2B,protein_coding,Up
ENSG00000057704.15,134.9359686983594,13.004230736597263,3.283009562334852,2.483355031729542e-22,1.1962706478471294e-21,SeAx_vs_HuT78,ENSG00000057704,TMCC3,protein_coding,Up
ENSG00000109458.12,165.93021650738874,12.983964243620305,2.990878904045777,2.809496216636165e-23,1.4098634375640587e-22,SeAx_vs_HuT78,ENSG00000109458,GAB1,protein_coding,Up
ENSG00000145555.16,270.2102043657192,12.973118723282676,2.7793618118611527,3.838438597820739e-24,1.9955202402773806e-23,SeAx_vs_HuT78,ENSG00000145555,MYO10,protein_coding,Up
ENSG00000147889.19,1444.397092852924,12.949503957004081,1.300753879123419,6.899603996272473e-29,4.272603027764306e-28,SeAx_vs_HuT78,ENSG00000147889,CDKN2A,protein_coding,Up
ENSG00000188352.15,794.3011862112297,12.941533461363873,2.6240428383506518,1.0051957288357745e-24,5.3357278465460446e-24,SeAx_vs_HuT78,ENSG00000188352,FOCAD,protein_coding,Up
ENSG00000144218.22,129.11111924339278,12.931090683757517,3.2734970630374747,3.710492638962526e-22,1.773571921745295e-21,SeAx_vs_HuT78,ENSG00000144218,AFF3,protein_coding,Up
ENSG00000198478.11,166.53086189918523,12.925275428935283,2.8941090065308464,6.206051164387941e-23,3.065382040529638e-22,SeAx_vs_HuT78,ENSG00000198478,SH3BGRL2,protein_coding,Up
ENSG00000116176.9,127.45402680726603,12.910456622199561,3.2725308519353002,4.9261964412178375e-22,2.339061999587001e-21,SeAx_vs_HuT78,ENSG00000116176,TPSG1,protein_coding,Up
ENSG00000198642.9,557.1512773421375,12.908491774266565,2.6406220128941915,1.711464604110244e-24,9.020561454143873e-24,SeAx_vs_HuT78,ENSG00000198642,KLHL9,protein_coding,Up
ENSG00000251138.8,138.6087899667977,12.907168792128216,3.117804902297008,1.6352047074812096e-22,7.926053120813276e-22,SeAx_vs_HuT78,ENSG00000251138,LINC02882,lncRNA,Up
ENSG00000141753.9,4670.627159475194,12.882234580914579,0.5461081409739342,2.1384523411521845e-120,9.389797473466025e-119,SeAx_vs_HuT78,ENSG00000141753,IGFBP4,protein_coding,Up
ENSG00000226859.1,160.55705886032786,12.872812514449343,3.0838152716465053,9.56331533383988e-18,3.780379395537101e-17,SeAx_vs_HuT78,ENSG00000226859,LINC02051,lncRNA,Up
ENSG00000156463.20,1605.8516802088313,12.823596864820551,1.287196524596385,1.7143831491972172e-28,1.0496641872135389e-27,SeAx_vs_HuT78,ENSG00000156463,SH3RF2,protein_coding,Up
ENSG00000078900.18,1395.6338729944162,12.821168586943537,0.9688359123969436,8.24810457750851e-37,6.509462268989646e-36,SeAx_vs_HuT78,ENSG00000078900,TP73,protein_coding,Up
ENSG00000082438.20,377.18741823563374,12.809164241399532,2.7908301006266227,3.4975493053763205e-22,1.6735736059245935e-21,SeAx_vs_HuT78,ENSG00000082438,COBLL1,protein_coding,Up
ENSG00000136305.14,308.2490843705649,12.779477322731717,2.7424589220328692,1.4263429011500956e-23,7.240842469284205e-23,SeAx_vs_HuT78,ENSG00000136305,CIDEB,protein_coding,Up
ENSG00000099139.16,129.51475526507312,12.77578771486057,3.0841654199549557,3.4186203690085246e-22,1.6371179874575705e-21,SeAx_vs_HuT78,ENSG00000099139,PCSK5,protein_coding,Up
ENSG00000185338.9,997.5450056645236,12.762313266410153,2.591466347844416,4.879913441234421e-24,2.5259650187724546e-23,SeAx_vs_HuT78,ENSG00000185338,SOCS1,protein_coding,Up
ENSG00000120693.17,144.30031123612278,12.754342974137105,2.895366714418102,1.1145626168455427e-22,5.448128043871186e-22,SeAx_vs_HuT78,ENSG00000120693,SMAD9,protein_coding,Up
ENSG00000205213.16,164.78608783434308,12.744913908655283,2.7824752749668673,4.9630693397176295e-23,2.465706800361656e-22,SeAx_vs_HuT78,ENSG00000205213,LGR4,protein_coding,Up
ENSG00000128739.25,253.58177090922592,12.73316682843423,2.6821122466621246,1.1934316806837913e-23,6.077410051009131e-23,SeAx_vs_HuT78,ENSG00000128739,SNRPN,protein_coding,Up
ENSG00000234464.3,124.29488445127386,12.732191733165285,3.101461886231907,5.468596887746639e-22,2.591796646666165e-21,SeAx_vs_HuT78,ENSG00000234464,ENSG00000234464,lncRNA,Up
ENSG00000166669.16,226.4738954285183,12.721229182369624,2.7217525133579246,2.157157885657427e-23,1.0882986066334217e-22,SeAx_vs_HuT78,ENSG00000166669,ATF7IP2,protein_coding,Up
ENSG00000196730.15,637.5749414819627,12.718893961086906,1.3340375111454437,1.5751676111997629e-27,9.307100182929997e-27,SeAx_vs_HuT78,ENSG00000196730,DAPK1,protein_coding,Up
ENSG00000249790.4,125.13977492782922,12.710947903424284,3.0697306366080337,5.431787337334112e-22,2.5750322875983227e-21,SeAx_vs_HuT78,ENSG00000249790,LINC02972,lncRNA,Up
ENSG00000170454.7,132.6921069941624,12.700962211360926,3.0013442584544507,4.777082366957516e-22,2.2694624928147416e-21,SeAx_vs_HuT78,ENSG00000170454,KRT75,protein_coding,Up
ENSG00000163600.15,2590.5597069882338,-17.530012760847885,3.723330540336346,1.0061100597760458e-40,1.0035891826774977e-39,SeAx_vs_MyLa,ENSG00000163600,ICOS,protein_coding,Down
ENSG00000103175.13,1327.5576710513233,-16.539205557884657,3.6414375743608796,1.9153322869661495e-34,1.58344152842633e-33,SeAx_vs_MyLa,ENSG00000103175,WFDC1,protein_coding,Down
ENSG00000186827.13,7256.498485475971,-16.223377427244316,1.3784647946636244,6.119954488886157e-41,6.135365678141886e-40,SeAx_vs_MyLa,ENSG00000186827,TNFRSF4,protein_coding,Down
ENSG00000198883.12,5662.721609422612,-15.876793302691269,1.3405357064187513,8.066186961242658e-42,8.32406333010727e-41,SeAx_vs_MyLa,ENSG00000198883,PNMA5,protein_coding,Down
ENSG00000214107.11,1108.1306512402975,-15.868180880713641,3.561186745946107,1.470720831311309e-33,1.1820531042145403e-32,SeAx_vs_MyLa,ENSG00000214107,MAGEB1,protein_coding,Down
ENSG00000225581.3,775.9144138476698,-15.695821345330332,3.5519290099365293,7.367360460360891e-32,5.578455733193802e-31,SeAx_vs_MyLa,ENSG00000225581,TRIM53AP,unprocessed_pseudogene,Down
ENSG00000129521.17,836.1566247409735,-15.583757438283184,3.532746708723633,2.5874976329037244e-32,1.9972003487061707e-31,SeAx_vs_MyLa,ENSG00000129521,EGLN3,protein_coding,Down
ENSG00000145839.2,635.2170765148728,-15.373866746062502,3.524092450192557,3.6945613256343125e-30,2.6359245778071966e-29,SeAx_vs_MyLa,ENSG00000145839,IL9,protein_coding,Down
ENSG00000116824.7,1867.1527681231296,-15.241078370346457,3.498305289616167,4.771701201886543e-31,3.528065498629691e-30,SeAx_vs_MyLa,ENSG00000116824,CD2,protein_coding,Down
ENSG00000186281.15,575.6913597456987,-15.224029012799935,3.4889410755373733,5.769744251047821e-31,4.2519526226870304e-30,SeAx_vs_MyLa,ENSG00000186281,GPAT2,protein_coding,Down
ENSG00000167286.13,1876.5708220156603,-15.133991158977324,3.4980244875459037,1.2836347927129428e-30,9.34050256354686e-30,SeAx_vs_MyLa,ENSG00000167286,CD3D,protein_coding,Down
ENSG00000102245.10,542.1704288325026,-15.114862645273657,3.488769140249673,3.4315402280080396e-30,2.4521756356108506e-29,SeAx_vs_MyLa,ENSG00000102245,CD40LG,protein_coding,Down
ENSG00000160654.13,1164.4680566093484,-15.072041525938323,3.4811062113435085,2.134367974937669e-30,1.5393398659826223e-29,SeAx_vs_MyLa,ENSG00000160654,CD3G,protein_coding,Down
ENSG00000137868.21,662.0693945335411,-14.64107277427377,3.4396782088388944,1.73986044785113e-28,1.1829070179602653e-27,SeAx_vs_MyLa,ENSG00000137868,STRA6,protein_coding,Down
ENSG00000267761.4,362.51961716590364,-14.4927085040771,3.42268363365072,4.070560395551319e-28,2.7322626259386247e-27,SeAx_vs_MyLa,ENSG00000267761,MIR4527HG,lncRNA,Down
ENSG00000297158.1,279.44925709205774,-14.072884217740727,3.3816225799022424,2.3520025038421578e-26,1.466114295627427e-25,SeAx_vs_MyLa,ENSG00000297158,ENSG00000297158,lncRNA,Down
ENSG00000306504.1,258.8269071936856,-13.950689109195366,3.3677630222351067,4.973782259051056e-26,3.0683646408712003e-25,SeAx_vs_MyLa,ENSG00000306504,ENSG00000306504,lncRNA,Down
ENSG00000300885.1,244.54396635727994,-13.860260670141521,3.3571085672219176,8.615953362217169e-26,5.257316229023181e-25,SeAx_vs_MyLa,ENSG00000300885,ENSG00000300885,lncRNA,Down
ENSG00000137078.12,630.6265644344895,-13.837412919384475,3.3549354220035625,1.0269359885782828e-25,6.238575190023716e-25,SeAx_vs_MyLa,ENSG00000137078,SIT1,protein_coding,Down
ENSG00000154975.16,1333.5770964317144,-13.75820332539032,1.3266557672601627,3.946597090738603e-32,3.0215079863496613e-31,SeAx_vs_MyLa,ENSG00000154975,CA10,protein_coding,Down
ENSG00000211772.11,881.6198799420005,-13.682128324350264,3.3584255321386944,1.422541410884651e-23,7.841485961845698e-23,SeAx_vs_MyLa,ENSG00000211772,TRBC2,TR_C_gene,Down
ENSG00000160183.19,288.3315508407321,-13.673529659975856,3.338748744588545,4.693055467042793e-25,2.7656608122391984e-24,SeAx_vs_MyLa,ENSG00000160183,TMPRSS3,protein_coding,Down
ENSG00000303186.1,221.48709583446575,-13.672934901990258,3.3630080317709874,3.820617360291235e-23,2.064746908284087e-22,SeAx_vs_MyLa,ENSG00000303186,ENSG00000303186,lncRNA,Down
ENSG00000233532.7,216.08705490775688,-13.62838162001157,3.3608954814873453,8.001085363709445e-23,4.258450513691465e-22,SeAx_vs_MyLa,ENSG00000233532,LINC00460,lncRNA,Down
ENSG00000135362.16,1223.0572179452308,-13.623230164854647,1.3265985644045846,1.6446348900881941e-31,1.229700920531302e-30,SeAx_vs_MyLa,ENSG00000135362,PRR5L,protein_coding,Down
ENSG00000226005.7,221.75663181860213,-13.601437836421004,3.338108578154592,3.0058275596284265e-24,1.711678344906016e-23,SeAx_vs_MyLa,ENSG00000226005,LINC02660,lncRNA,Down
ENSG00000170955.12,838.9042201560104,-13.565375653547708,3.3257136888353687,7.634230625166766e-25,4.4491620575752316e-24,SeAx_vs_MyLa,ENSG00000170955,CAVIN3,protein_coding,Down
ENSG00000221957.8,316.88844539298793,-13.397381908588946,3.804412572517801,8.075708010597206e-10,2.1805020197415064e-9,SeAx_vs_MyLa,ENSG00000221957,KIR2DS4,protein_coding,Down
ENSG00000310123.1,194.04581950461235,-13.378645931251256,3.3852392755349756,8.515166726089655e-19,3.715275496782663e-18,SeAx_vs_MyLa,ENSG00000310123,ENSG00000310123,lncRNA,Down
ENSG00000070182.23,209.6811001949594,-13.36058087255347,3.3073938882458407,7.576874308184201e-24,4.226018157880447e-23,SeAx_vs_MyLa,ENSG00000070182,SPTB,protein_coding,Down
ENSG00000261448.2,202.2583938075345,-13.33732349613415,3.309917711288075,2.2129038044547923e-23,1.2075592950596286e-22,SeAx_vs_MyLa,ENSG00000261448,ENSG00000261448,lncRNA,Down
ENSG00000111863.15,170.40224823714487,-13.255131777823633,3.295366763619369,1.4638881107827175e-23,8.061959884621083e-23,SeAx_vs_MyLa,ENSG00000111863,ADTRP,protein_coding,Down
ENSG00000268480.4,438.3524066107717,-13.228943406216178,3.3054753528948204,1.4168264551117351e-22,7.458843944556784e-22,SeAx_vs_MyLa,ENSG00000268480,NFILZ,protein_coding,Down
ENSG00000226968.2,161.52152022143218,-13.192880955835431,3.290594843017531,2.1613932836437387e-23,1.1801694811483566e-22,SeAx_vs_MyLa,ENSG00000226968,LINC00423,lncRNA,Down
ENSG00000129244.11,157.89721044695642,-13.113580225322067,3.3142267436037267,8.415788823929127e-21,4.060567109633459e-20,SeAx_vs_MyLa,ENSG00000129244,ATP1B2,protein_coding,Down
ENSG00000012124.19,149.9167680177668,-13.059228937415732,3.27509736414187,7.254581735836099e-23,3.869182250595526e-22,SeAx_vs_MyLa,ENSG00000012124,CD22,protein_coding,Down
ENSG00000293925.1,148.76472966792417,-13.05656537119882,3.274378717221859,6.384620587477253e-23,3.411287737090814e-22,SeAx_vs_MyLa,ENSG00000293925,ENSG00000293925,lncRNA,Down
ENSG00000249460.3,147.50102533881898,-13.043812254561885,3.2722074847320597,6.3232826096625e-23,3.3805314220263707e-22,SeAx_vs_MyLa,ENSG00000249460,LINC02500,lncRNA,Down
ENSG00000250033.6,143.01474002143257,-12.988316656000938,3.271464970852663,2.3846001936941714e-22,1.2425861684127713e-21,SeAx_vs_MyLa,ENSG00000250033,SLC7A11-AS1,lncRNA,Down
ENSG00000253339.5,137.60473072663723,-12.927553821497002,3.2633158568296783,2.8620022965738204e-22,1.4840165309151952e-21,SeAx_vs_MyLa,ENSG00000253339,ENSG00000253339,lncRNA,Down
ENSG00000140505.9,136.98049056212582,-12.922847548769827,3.259325377587931,1.719353294481644e-22,9.019682070465198e-22,SeAx_vs_MyLa,ENSG00000140505,CYP1A2,protein_coding,Down
ENSG00000165383.13,137.28812958353987,-12.905919313367317,3.2617575435673367,3.298528827306174e-22,1.705429839572586e-21,SeAx_vs_MyLa,ENSG00000165383,LRRC18,protein_coding,Down
ENSG00000298687.1,137.48341680626837,-12.903641481974184,3.2577515705703646,2.086615911457485e-22,1.0908002350090703e-21,SeAx_vs_MyLa,ENSG00000298687,ENSG00000298687,lncRNA,Down
ENSG00000259107.2,124.04742342821741,-12.760297652139055,3.244315148037745,8.272035683140864e-22,4.189808291305303e-21,SeAx_vs_MyLa,ENSG00000259107,LINC00911,lncRNA,Down
ENSG00000115602.19,114.35977818224706,-12.625311859569175,3.228494591941379,1.7163406738714775e-21,8.545926395888694e-21,SeAx_vs_MyLa,ENSG00000115602,IL1RL1,protein_coding,Down
ENSG00000122679.10,114.1606902909813,-12.600149899352493,3.2503411452976008,6.383007710403252e-20,2.934349066766083e-19,SeAx_vs_MyLa,ENSG00000122679,RAMP3,protein_coding,Down
ENSG00000230533.6,109.34394972487523,-12.529248571687507,3.239835064323008,8.104345974283199e-20,3.713282816605716e-19,SeAx_vs_MyLa,ENSG00000230533,LINC03004,lncRNA,Down
ENSG00000303809.1,105.15385271727484,-12.492116612263862,3.215027526854536,5.3266065062454745e-21,2.5987515130552196e-20,SeAx_vs_MyLa,ENSG00000303809,ENSG00000303809,lncRNA,Down
ENSG00000237435.11,105.0046048202922,-12.487341185240467,3.209142134153102,5.061601121337429e-21,2.4714795336266026e-20,SeAx_vs_MyLa,ENSG00000237435,LINC02790,lncRNA,Down
ENSG00000250829.3,104.20118748220817,-12.476377308269003,3.215518324270266,7.393200741531225e-21,3.576807758156411e-20,SeAx_vs_MyLa,ENSG00000250829,ENSG00000250829,lncRNA,Down
ENSG00000152463.17,104.7465075822328,-12.473620958389022,3.213732603221379,7.022284304329163e-21,3.4010333417695854e-20,SeAx_vs_MyLa,ENSG00000152463,OLAH,protein_coding,Down
ENSG00000091128.14,101.77142675901153,-12.43496827957423,3.2120498574782985,1.317347444245043e-20,6.280010501237346e-20,SeAx_vs_MyLa,ENSG00000091128,LAMB4,protein_coding,Down
ENSG00000158528.14,100.8708208976986,-12.426243530412446,3.2117486449816397,9.48120577430443e-21,4.556217849964159e-20,SeAx_vs_MyLa,ENSG00000158528,PPP1R9A,protein_coding,Down
ENSG00000104921.16,551.7202654567589,-12.410042715677502,1.3326879650217291,5.857380461811705e-26,3.5961264898340193e-25,SeAx_vs_MyLa,ENSG00000104921,FCER2,protein_coding,Down
ENSG00000233093.9,237.12857804764596,-12.408874441210015,3.2267778086047554,1.7784601888760152e-19,7.997267641494431e-19,SeAx_vs_MyLa,ENSG00000233093,LINC00892,lncRNA,Down
ENSG00000077616.12,98.0931930840355,-12.37874144267066,3.2034681771576006,1.381693490118651e-20,6.574512317523409e-20,SeAx_vs_MyLa,ENSG00000077616,NAALAD2,protein_coding,Down
ENSG00000166444.21,111.0963006963804,-12.289366976622485,3.262376316286741,8.244694818312274e-17,3.294751453715467e-16,SeAx_vs_MyLa,ENSG00000166444,DENND2B,protein_coding,Down
ENSG00000287069.1,92.92170437896122,-12.287540487538998,3.195744795934493,3.5918507681642514e-20,1.673985601239921e-19,SeAx_vs_MyLa,ENSG00000287069,ENSG00000287069,lncRNA,Down
ENSG00000259974.6,92.60526490999925,-12.279343198370386,3.1969015523266178,4.9479857772919465e-20,2.292298039828943e-19,SeAx_vs_MyLa,ENSG00000259974,LINC00261,lncRNA,Down
ENSG00000152910.21,90.0149044752035,-12.23981922085879,3.186793499024221,2.9587536186565136e-20,1.3854174353954897e-19,SeAx_vs_MyLa,ENSG00000152910,CNTNAP4,protein_coding,Down
ENSG00000145945.9,559.2998503437054,-12.18861584782407,1.3165582804047185,1.0114341423888922e-25,6.15274793239287e-25,SeAx_vs_MyLa,ENSG00000145945,FAM50B,protein_coding,Down
ENSG00000289091.2,87.20288036659579,-12.185630847887337,3.18340210166328,6.168749099151436e-20,2.840224623780467e-19,SeAx_vs_MyLa,ENSG00000289091,ENSG00000289091,lncRNA,Down
ENSG00000286592.3,102.13010280978163,-12.16554434854953,3.3868054674382204,1.7026363307338294e-12,5.425601185538341e-12,SeAx_vs_MyLa,ENSG00000286592,LINC02885,lncRNA,Down
ENSG00000226779.1,86.00685292253952,-12.163235392360354,3.180472895771186,6.749041568177623e-20,3.1002328126641565e-19,SeAx_vs_MyLa,ENSG00000226779,NAALADL2-AS2,lncRNA,Down
ENSG00000026103.26,2413.2159749086145,-12.161868601989722,0.8151835959429791,3.6643512034513656e-48,4.524248918665142e-47,SeAx_vs_MyLa,ENSG00000026103,FAS,protein_coding,Down
ENSG00000248746.8,82.03085761753472,-12.048699579956006,3.166609623697824,1.2470153010098059e-19,5.651474606018383e-19,SeAx_vs_MyLa,ENSG00000248746,ACTN3,protein_coding,Down
ENSG00000101204.19,79.81610719382016,-12.039660016403932,3.1640633973434134,1.46898194874947e-19,6.637279095043318e-19,SeAx_vs_MyLa,ENSG00000101204,CHRNA4,protein_coding,Down
ENSG00000304509.1,79.25898875413267,-12.028283869012752,3.1670129102307554,2.013838705189903e-19,9.03981969518344e-19,SeAx_vs_MyLa,ENSG00000304509,ENSG00000304509,lncRNA,Down
ENSG00000260997.1,1174.6188343382828,-11.962229400386917,1.0020462926991716,5.407678454567604e-31,3.991700021161047e-30,SeAx_vs_MyLa,ENSG00000260997,ENSG00000260997,lncRNA,Down
ENSG00000287692.2,150.1051225393742,-11.945650120365828,3.1563215785333796,2.918537966444844e-19,1.3019324618739884e-18,SeAx_vs_MyLa,ENSG00000287692,ENSG00000287692,lncRNA,Down
ENSG00000287749.1,73.93105912384176,-11.906456627877636,3.158899787321056,9.878059403852562e-19,4.298407437940701e-18,SeAx_vs_MyLa,ENSG00000287749,ENSG00000287749,lncRNA,Down
ENSG00000228536.4,72.53881606745169,-11.88325477022293,3.1500475499152096,4.617115886169774e-19,2.042361261746457e-18,SeAx_vs_MyLa,ENSG00000228536,LYPLAL1-AS1,lncRNA,Down
ENSG00000243276.7,181.38835913631615,-11.833760342845387,3.140230355133169,3.567658651189226e-19,1.5847905959845022e-18,SeAx_vs_MyLa,ENSG00000243276,ENSG00000243276,lncRNA,Down
ENSG00000258560.1,69.87537988968545,-11.817238275610878,3.142320466837896,6.925855961381944e-19,3.035144558418726e-18,SeAx_vs_MyLa,ENSG00000258560,EVL-AS1,lncRNA,Down
ENSG00000144015.6,354.69921711060215,-11.801216453310511,1.322660299528496,6.3455575723437244e-24,3.549193378349604e-23,SeAx_vs_MyLa,ENSG00000144015,TRIM43,protein_coding,Down
ENSG00000087510.9,67.16276885325757,-11.749202657227737,3.142669283294605,2.9381604075933566e-18,1.2523707756848676e-17,SeAx_vs_MyLa,ENSG00000087510,TFAP2C,protein_coding,Down
ENSG00000101680.18,66.47177379376076,-11.737909251418866,3.13686482604339,1.8011819231465175e-18,7.749321362432724e-18,SeAx_vs_MyLa,ENSG00000101680,LAMA1,protein_coding,Down
ENSG00000261801.9,197.48181173812293,-11.735873066012132,3.127875249290812,6.11197769717748e-19,2.6896605365987364e-18,SeAx_vs_MyLa,ENSG00000261801,LOXL1-AS1,lncRNA,Down
ENSG00000256988.2,98.56266264046212,-11.725855700423262,3.133850204048049,1.6062858090510652e-18,6.922575207661246e-18,SeAx_vs_MyLa,ENSG00000256988,KCNA6-AS1,lncRNA,Down
ENSG00000273108.1,64.9614745585634,-11.70288199886411,3.1305347816607663,1.686702419683964e-18,7.263767752076494e-18,SeAx_vs_MyLa,ENSG00000273108,ENSG00000273108,lncRNA,Down
ENSG00000214145.9,71.91682510678915,-11.692402729106757,3.1303641672427625,2.052647505715957e-18,8.812168719123261e-18,SeAx_vs_MyLa,ENSG00000214145,LINC00887,lncRNA,Down
ENSG00000129038.18,181.79148947985064,-11.677603135997058,3.1286004176990976,2.192326372351047e-18,9.400556955641217e-18,SeAx_vs_MyLa,ENSG00000129038,LOXL1,protein_coding,Down
ENSG00000251629.8,59.010599494526346,-11.539644848086796,3.112412475370553,5.041667119870324e-18,2.1272130582307313e-17,SeAx_vs_MyLa,ENSG00000251629,LINC02241,lncRNA,Down
ENSG00000288960.3,60.470839293571636,-11.525154265772906,3.113535038912305,6.964493579349245e-18,2.919936870443289e-17,SeAx_vs_MyLa,ENSG00000288960,ENSG00000288960,lncRNA,Down
ENSG00000114374.15,292.4838737014663,-11.519985751610642,1.3158470082209177,4.4778448263648786e-23,2.411923934585893e-22,SeAx_vs_MyLa,ENSG00000114374,USP9Y,protein_coding,Down
ENSG00000196917.6,61.51836123026735,-11.475967178325842,3.111158912474043,1.5468730541717537e-17,6.380895870478233e-17,SeAx_vs_MyLa,ENSG00000196917,HCAR1,protein_coding,Down
ENSG00000165091.18,55.38136267026254,-11.432587548281068,3.1032887374578535,1.374836073604073e-17,5.686951802959356e-17,SeAx_vs_MyLa,ENSG00000165091,TMC1,protein_coding,Down
ENSG00000140481.15,128.01751467023215,-11.4119687247158,3.09328054259424,8.218965151840684e-18,3.4402514181127534e-17,SeAx_vs_MyLa,ENSG00000140481,CCDC33,protein_coding,Down
ENSG00000188042.9,2199.7276918538037,-11.39814263878563,0.7154328280999546,2.9048280307570232e-55,4.3008259645464523e-54,SeAx_vs_MyLa,ENSG00000188042,ARL4C,protein_coding,Down
ENSG00000073756.13,265.5188289019389,-11.331947887476677,1.3355304288876393,1.1075563790594088e-21,5.568866834366912e-21,SeAx_vs_MyLa,ENSG00000073756,PTGS2,protein_coding,Down
ENSG00000279124.1,50.79770977513467,-11.29497802614276,3.0886917610268436,3.503500249535437e-17,1.4261578498165724e-16,SeAx_vs_MyLa,ENSG00000279124,IGSF3P1,transcribed_unprocessed_pseudogene,Down
ENSG00000309260.1,50.43957393158318,-11.282996089915569,3.0866703868591387,3.664000150973914e-17,1.4901376323427397e-16,SeAx_vs_MyLa,ENSG00000309260,ENSG00000309260,lncRNA,Down
ENSG00000092051.20,265.0435505398984,-11.225725165509424,1.5572882535334074,8.345905503890668e-16,3.1617022013576088e-15,SeAx_vs_MyLa,ENSG00000092051,JPH4,protein_coding,Down
ENSG00000294141.1,48.503940919258504,-11.219298322166365,3.0788647196579184,4.966717451948928e-17,2.0053807336413125e-16,SeAx_vs_MyLa,ENSG00000294141,ENSG00000294141,lncRNA,Down
ENSG00000187037.11,48.812597945929944,-11.217377153560811,3.0828533694158202,7.850869952680508e-17,3.1394717679078414e-16,SeAx_vs_MyLa,ENSG00000187037,GPR141,protein_coding,Down
ENSG00000171587.15,48.19245605415939,-11.206725569040488,3.0801402451691633,6.706858565652268e-17,2.6940217758668245e-16,SeAx_vs_MyLa,ENSG00000171587,DSCAM,protein_coding,Down
ENSG00000182352.9,49.891704828879625,-11.20597600711743,3.092049690445767,2.496993126540916e-16,9.72681710414884e-16,SeAx_vs_MyLa,ENSG00000182352,CD300LD-AS1,lncRNA,Down
ENSG00000287816.2,56.03781118010978,-11.15950607138166,3.083016785235909,2.252821617418128e-16,8.80822769010165e-16,SeAx_vs_MyLa,ENSG00000287816,ENSG00000287816,lncRNA,Down
ENSG00000248475.6,46.68457368973718,-11.154643796365278,3.073693662303507,9.197770250370676e-17,3.6658076537350537e-16,SeAx_vs_MyLa,ENSG00000248475,ENSG00000248475,lncRNA,Down
ENSG00000249550.9,184.25064308120741,-11.135324664584857,3.056655632262651,3.037465471412837e-17,1.2401138085770506e-16,SeAx_vs_MyLa,ENSG00000249550,LINC01234,lncRNA,Down
ENSG00000141753.9,4670.627159475194,17.738314448899423,3.000153092383241,3.3492696848491285e-44,3.715304421304776e-43,SeAx_vs_MyLa,ENSG00000141753,IGFBP4,protein_coding,Up
ENSG00000196126.14,6097.841024833901,17.20352478218894,2.9160849645791753,4.7725030895566125e-42,4.962239863575549e-41,SeAx_vs_MyLa,ENSG00000196126,HLA-DRB1,protein_coding,Up
ENSG00000179344.19,5483.3276453729895,17.118857022439624,3.091293163200472,8.37639287831283e-41,8.374055715121336e-40,SeAx_vs_MyLa,ENSG00000179344,HLA-DQB1,protein_coding,Up
ENSG00000235098.11,1728.6609561073096,16.42105764400772,3.170882308341641,9.570190855891489e-35,7.981842140749349e-34,SeAx_vs_MyLa,ENSG00000235098,ANKRD65,protein_coding,Up
ENSG00000077782.25,3909.656777072637,15.902334346047875,2.764804716219473,1.5991665197951313e-36,1.4050548407125932e-35,SeAx_vs_MyLa,ENSG00000077782,FGFR1,protein_coding,Up
ENSG00000196735.15,7836.300671617997,15.809131455318514,1.3064602232275837,7.741326742589556e-42,7.993421820950542e-41,SeAx_vs_MyLa,ENSG00000196735,HLA-DQA1,protein_coding,Up
ENSG00000229807.15,821.2684219635818,15.785946323458884,3.5582984935939423,1.2054683714966443e-32,9.434672728423933e-32,SeAx_vs_MyLa,ENSG00000229807,XIST,lncRNA,Up
ENSG00000141668.12,787.091217198793,15.712190698781715,3.560213056574367,2.6525348263176277e-31,1.972609440161075e-30,SeAx_vs_MyLa,ENSG00000141668,CBLN2,protein_coding,Up
ENSG00000101439.11,910.9078964891694,15.679595317789625,3.2439630415429552,2.7946316077650543e-33,2.229110652409214e-32,SeAx_vs_MyLa,ENSG00000101439,CST3,protein_coding,Up
ENSG00000138944.9,843.8772444124044,15.475845747414136,3.2093183030441463,2.086848129208955e-29,1.4626715271822547e-28,SeAx_vs_MyLa,ENSG00000138944,SHISAL1,protein_coding,Up
ENSG00000166501.16,1206.8051104757071,15.300139466031657,2.928328345009525,7.361598918783439e-33,5.791965069389781e-32,SeAx_vs_MyLa,ENSG00000166501,PRKCB,protein_coding,Up
ENSG00000189057.13,932.455997952727,15.227335176104848,3.066038072462025,4.023727590931844e-32,3.0792430496174275e-31,SeAx_vs_MyLa,ENSG00000189057,FAM111B,protein_coding,Up
ENSG00000196730.15,637.5749414819627,15.215867004746686,3.307704983099344,4.40557071134671e-31,3.261396665032079e-30,SeAx_vs_MyLa,ENSG00000196730,DAPK1,protein_coding,Up
ENSG00000171385.13,567.40884420754,15.199452641794464,3.5025856025190327,1.8933238184923107e-30,1.3682491411169723e-29,SeAx_vs_MyLa,ENSG00000171385,KCND3,protein_coding,Up
ENSG00000147889.19,1444.397092852924,15.149181445524201,2.9033292582597374,1.5345140002111705e-32,1.1957728714129238e-31,SeAx_vs_MyLa,ENSG00000147889,CDKN2A,protein_coding,Up
ENSG00000124191.20,711.8335655594452,15.02027201360939,2.9369845799497902,1.0842750947042064e-31,8.17197657619935e-31,SeAx_vs_MyLa,ENSG00000124191,TOX2,protein_coding,Up
ENSG00000172292.17,2464.045957288301,14.93191896871261,2.6960450665726863,1.6733248179103454e-32,1.3022421421747975e-31,SeAx_vs_MyLa,ENSG00000172292,CERS6,protein_coding,Up
ENSG00000185668.8,521.9213629366625,14.873699615870947,3.251362443747483,6.520154938577917e-30,4.6260822069157776e-29,SeAx_vs_MyLa,ENSG00000185668,POU3F1,protein_coding,Up
ENSG00000138760.13,1110.2921236459965,14.84921213751918,2.740404410333641,6.026490117624917e-32,4.584482821963923e-31,SeAx_vs_MyLa,ENSG00000138760,SCARB2,protein_coding,Up
ENSG00000137563.15,1474.2754143999873,14.733466152295955,2.712250953775027,1.5829157318427842e-31,1.1850369969061212e-30,SeAx_vs_MyLa,ENSG00000137563,GGH,protein_coding,Up
ENSG00000180530.12,586.8361724557163,14.659994687216702,3.054673656176461,9.869034526302138e-30,6.969008811143192e-29,SeAx_vs_MyLa,ENSG00000180530,NRIP1,protein_coding,Up
ENSG00000198502.9,2782.542410481011,14.472204700329607,2.7637234777351334,3.308920422617145e-30,2.365495186400086e-29,SeAx_vs_MyLa,ENSG00000198502,HLA-DRB5,protein_coding,Up
ENSG00000127990.21,753.5475054794704,14.232796198896656,2.985408385101902,2.7765975111673353e-28,1.8735496953884296e-27,SeAx_vs_MyLa,ENSG00000127990,SGCE,protein_coding,Up
ENSG00000107105.17,302.6177456673799,14.193687620028614,3.4050221997314294,1.2026949445107546e-26,7.597418875497238e-26,SeAx_vs_MyLa,ENSG00000107105,ELAVL2,protein_coding,Up
ENSG00000162337.14,848.2260162253942,14.181811409494886,2.7478738714074025,4.969323345388666e-29,3.431974854766305e-28,SeAx_vs_MyLa,ENSG00000162337,LRP5,protein_coding,Up
ENSG00000223609.12,367.1548321551651,14.17113898671908,3.249585327835223,4.328089726716462e-20,2.0113547977723846e-19,SeAx_vs_MyLa,ENSG00000223609,HBD,protein_coding,Up
ENSG00000141429.16,1145.1475467794587,14.15859567165705,2.685747708260062,3.1500145328630294e-29,2.193257301058732e-28,SeAx_vs_MyLa,ENSG00000141429,GALNT1,protein_coding,Up
ENSG00000100292.19,333.9904463052305,14.103573602246579,3.1323754262771915,4.4876355715978135e-27,2.881576747855729e-26,SeAx_vs_MyLa,ENSG00000100292,HMOX1,protein_coding,Up
ENSG00000111796.5,321.379895367845,14.082571039214574,3.167066644644238,6.629111835304977e-27,4.2369082600602454e-26,SeAx_vs_MyLa,ENSG00000111796,KLRB1,protein_coding,Up
ENSG00000082512.17,1010.181422346097,14.048475773200867,2.6830504572941654,7.765066676689643e-29,5.3319727678380585e-28,SeAx_vs_MyLa,ENSG00000082512,TRAF5,protein_coding,Up
ENSG00000146267.13,369.88635650240315,14.037174802700061,3.03603230202946,2.9914190875030376e-27,1.938201553440033e-26,SeAx_vs_MyLa,ENSG00000146267,FAXC,protein_coding,Up
ENSG00000159217.12,858.3152949311501,13.935171285504637,2.953046420921798,3.431666823706882e-27,2.2178322924498122e-26,SeAx_vs_MyLa,ENSG00000159217,IGF2BP1,protein_coding,Up
ENSG00000205116.4,459.412045401793,13.932941325522913,2.873792656262417,5.5577003034735975e-25,3.2623263740737058e-24,SeAx_vs_MyLa,ENSG00000205116,TMEM278,protein_coding,Up
ENSG00000134184.15,502.44057493315563,13.932196196464467,2.8728461259565035,1.499047769096034e-27,9.811998824755371e-27,SeAx_vs_MyLa,ENSG00000134184,GSTM1,protein_coding,Up
ENSG00000138083.6,249.49327349425275,13.882620206083548,3.3754201917308286,1.8792811641128378e-25,1.13015515458481e-24,SeAx_vs_MyLa,ENSG00000138083,SIX3,protein_coding,Up
ENSG00000215218.5,244.11464144639672,13.849398886362163,3.372383434900466,2.1221786934009684e-25,1.2736626898585711e-24,SeAx_vs_MyLa,ENSG00000215218,UBE2QL1,protein_coding,Up
ENSG00000111110.14,896.5791591209102,13.834469963470804,2.678115523107424,6.642211187500777e-28,4.405598423697757e-27,SeAx_vs_MyLa,ENSG00000111110,PPM1H,protein_coding,Up
ENSG00000114948.15,299.4696125986391,13.770166149118236,3.0336490545940555,3.4754262199231573e-26,2.1536582749887017e-25,SeAx_vs_MyLa,ENSG00000114948,ADAM23,protein_coding,Up
ENSG00000121753.13,373.8595672825373,13.763130577548361,2.7879800688966085,4.030032386613591e-27,2.5961175910169895e-26,SeAx_vs_MyLa,ENSG00000121753,ADGRB2,protein_coding,Up
ENSG00000066468.26,251.04996314460297,13.724122904914832,3.171491012520937,1.8196641920313694e-25,1.096142703437861e-24,SeAx_vs_MyLa,ENSG00000066468,FGFR2,protein_coding,Up
ENSG00000197506.8,288.9595582300062,13.714545610083315,3.0593870500484908,4.671454758582947e-24,2.6350476070533217e-23,SeAx_vs_MyLa,ENSG00000197506,SLC28A3,protein_coding,Up
ENSG00000145506.16,487.54206968700765,13.706572579228519,2.758345911086292,7.136415988292867e-27,4.5497826487639395e-26,SeAx_vs_MyLa,ENSG00000145506,NKD2,protein_coding,Up
ENSG00000154930.17,1699.0550442122167,13.698131760616057,2.617854570965131,1.6105018896951821e-27,1.0533823057279733e-26,SeAx_vs_MyLa,ENSG00000154930,ACSS1,protein_coding,Up
ENSG00000276231.7,354.53629850709467,13.687325817457651,2.8665809412669656,1.6400691329174124e-24,9.46579849104879e-24,SeAx_vs_MyLa,ENSG00000276231,PIK3R6,protein_coding,Up
ENSG00000054598.9,453.56013645792643,13.684360014210712,2.726830951106504,5.230253906644082e-27,3.352414981664713e-26,SeAx_vs_MyLa,ENSG00000054598,FOXC1,protein_coding,Up
ENSG00000144647.9,409.5813745349921,13.567904069258367,2.7099683016142775,1.0582233079467094e-26,6.701332824978897e-26,SeAx_vs_MyLa,ENSG00000144647,POMGNT2,protein_coding,Up
ENSG00000049449.12,521.0571674364327,13.562528313020783,2.7013121145713175,1.391895878176067e-26,8.755552899411602e-26,SeAx_vs_MyLa,ENSG00000049449,RCN1,protein_coding,Up
ENSG00000165801.12,279.84321790257036,13.514522190142307,3.000142720785634,3.528131375458281e-25,2.095705357802888e-24,SeAx_vs_MyLa,ENSG00000165801,ARHGEF40,protein_coding,Up
ENSG00000180828.3,568.174509672665,13.470392587589807,2.691746707594538,3.0614062733390117e-26,1.89972613047691e-25,SeAx_vs_MyLa,ENSG00000180828,BHLHE22,protein_coding,Up
ENSG00000182168.17,214.74562709851762,13.462020122512465,3.140091596371981,1.9129797101349913e-24,1.1001936278352607e-23,SeAx_vs_MyLa,ENSG00000182168,UNC5C,protein_coding,Up
ENSG00000137766.19,2450.76785626025,13.452273226188542,0.9760211526721599,4.034971820459636e-40,3.941467838796858e-39,SeAx_vs_MyLa,ENSG00000137766,UNC13C,protein_coding,Up
ENSG00000147443.15,1387.6005123575385,13.34193876923368,2.626324089987961,3.9309266485695693e-26,2.431717918132729e-25,SeAx_vs_MyLa,ENSG00000147443,DOK2,protein_coding,Up
ENSG00000107438.11,207.29473463597714,13.328383821809782,3.062496965950239,2.2353694787851213e-24,1.2814926147979343e-23,SeAx_vs_MyLa,ENSG00000107438,PDLIM1,protein_coding,Up
ENSG00000136026.16,233.97848728681484,13.325693416472353,3.003529660066262,3.2587107995059503e-24,1.852151141280111e-23,SeAx_vs_MyLa,ENSG00000136026,CKAP4,protein_coding,Up
ENSG00000165655.18,284.61347423037154,13.324412355019055,2.965272966360047,9.535648873890141e-25,5.53388887514551e-24,SeAx_vs_MyLa,ENSG00000165655,ZNF503,protein_coding,Up
ENSG00000075891.26,197.00469173925984,13.31591772714302,3.119455901581475,5.393602165510455e-24,3.02904021301316e-23,SeAx_vs_MyLa,ENSG00000075891,PAX2,protein_coding,Up
ENSG00000129195.18,306.92807589655433,13.31376698403231,2.956468283698836,8.818760967810183e-25,5.1228308280907724e-24,SeAx_vs_MyLa,ENSG00000129195,PIMREG,protein_coding,Up
ENSG00000231419.7,173.86444006509626,13.299978034071087,3.319945257298314,2.713673616107889e-23,1.4727012089162561e-22,SeAx_vs_MyLa,ENSG00000231419,LINC00689,lncRNA,Up
ENSG00000152952.16,215.65241297603018,13.296943572962272,3.0181135235620076,1.808907603255979e-24,1.0416772649415255e-23,SeAx_vs_MyLa,ENSG00000152952,PLOD2,protein_coding,Up
ENSG00000167693.18,1754.9517197191544,13.273044853931085,1.2824043333051502,2.304713820589959e-30,1.6588568941691088e-29,SeAx_vs_MyLa,ENSG00000167693,NXN,protein_coding,Up
ENSG00000266976.3,169.2864870325478,13.257041478427015,3.31275186324081,2.5639086984120354e-23,1.3956980957779282e-22,SeAx_vs_MyLa,ENSG00000266976,ERVE-5,lncRNA,Up
ENSG00000169131.15,205.27607066175696,13.253826668921713,3.02723526590925,2.9178447238715507e-24,1.6631622089773728e-23,SeAx_vs_MyLa,ENSG00000169131,ZNF354A,protein_coding,Up
ENSG00000163554.15,168.70886187766828,13.2528150546953,3.3173434687392795,4.16931354125694e-23,2.249119304173986e-22,SeAx_vs_MyLa,ENSG00000163554,SPTA1,protein_coding,Up
ENSG00000172594.15,167.42458282693326,13.24009176848553,3.3119321689062846,2.889839074767988e-23,1.5659850884594226e-22,SeAx_vs_MyLa,ENSG00000172594,SMPDL3A,protein_coding,Up
ENSG00000154153.16,178.1341044583128,13.197806874837191,3.1483148322860086,1.2879207564407614e-23,7.108164002352507e-23,SeAx_vs_MyLa,ENSG00000154153,RETREG1,protein_coding,Up
ENSG00000179348.15,214.74259205043106,13.193093943576875,2.988853694976272,3.6360903071958e-24,2.0607579200700017e-23,SeAx_vs_MyLa,ENSG00000179348,GATA2,protein_coding,Up
ENSG00000113504.23,217.15668704604647,13.187610157463338,2.8502226777953474,1.4366794258444968e-24,8.299939346663709e-24,SeAx_vs_MyLa,ENSG00000113504,SLC12A7,protein_coding,Up
ENSG00000144649.12,154.80484947764162,13.17466033506975,3.3795997767149824,2.152794768837369e-22,1.1231018719779111e-21,SeAx_vs_MyLa,ENSG00000144649,GASK1A,protein_coding,Up
ENSG00000185551.17,177.44877419941312,13.07556402659257,3.0399972762060856,1.8268532722951467e-23,9.999412274111687e-23,SeAx_vs_MyLa,ENSG00000185551,NR2F2,protein_coding,Up
ENSG00000142494.15,149.6066756463726,13.05794755710254,3.2940952419673586,1.2806399757741356e-22,6.7597717047712555e-22,SeAx_vs_MyLa,ENSG00000142494,SLC47A1,protein_coding,Up
ENSG00000132749.13,254.22600920493662,12.999175092307578,2.780711796154102,1.0064641192927653e-23,5.580464620940081e-23,SeAx_vs_MyLa,ENSG00000132749,TESMIN,protein_coding,Up
ENSG00000263753.11,743.4488719277863,12.994228306539206,2.634201707028397,6.849931147601514e-25,3.998583138132327e-24,SeAx_vs_MyLa,ENSG00000263753,LINC00667,lncRNA,Up
ENSG00000092621.15,1300.023637628869,12.969389049952968,2.606567771135487,6.844927829023236e-25,3.9969648649592984e-24,SeAx_vs_MyLa,ENSG00000092621,PHGDH,protein_coding,Up
ENSG00000170522.12,347.00809110850963,12.962898874596624,2.7929561706715056,5.37786064831641e-24,3.0211468646782215e-23,SeAx_vs_MyLa,ENSG00000170522,ELOVL6,protein_coding,Up
ENSG00000172572.9,1451.8972726205218,12.91569624435776,0.979925722047024,3.20849600317404e-37,2.8768871820251713e-36,SeAx_vs_MyLa,ENSG00000172572,PDE3A,protein_coding,Up
ENSG00000075651.19,838.1325494295261,12.893299216284635,2.6975586353160534,2.9845482394714438e-24,1.7006419118998384e-23,SeAx_vs_MyLa,ENSG00000075651,PLD1,protein_coding,Up
ENSG00000057704.15,134.9359686983594,12.891159082831177,3.2801960810292243,5.942099468819376e-22,3.0380340178053404e-21,SeAx_vs_MyLa,ENSG00000057704,TMCC3,protein_coding,Up
ENSG00000164684.14,146.5896321158748,12.883655899672155,3.1227960992325117,2.087923165012519e-22,1.0911652129871434e-21,SeAx_vs_MyLa,ENSG00000164684,ZNF704,protein_coding,Up
ENSG00000109458.12,165.93021650738874,12.873087513913529,2.9903962221637777,6.873024116400729e-23,3.6678649700720597e-22,SeAx_vs_MyLa,ENSG00000109458,GAB1,protein_coding,Up
ENSG00000058866.17,228.3640806450739,12.866019541725958,2.752010884588271,2.141286016113912e-23,1.1695469200817297e-22,SeAx_vs_MyLa,ENSG00000058866,DGKG,protein_coding,Up
ENSG00000077522.17,148.5132346001086,12.86087491861816,3.0820546922863783,2.2295767491899883e-22,1.1624815908538602e-21,SeAx_vs_MyLa,ENSG00000077522,ACTN2,protein_coding,Up
ENSG00000132846.8,391.8910229188954,12.853362239056711,2.900252824701109,2.6921522470291436e-23,1.462398650864982e-22,SeAx_vs_MyLa,ENSG00000132846,ZBED3,protein_coding,Up
ENSG00000144218.22,129.11111924339278,12.817131251231366,3.269733875713316,8.856710120448067e-22,4.475824028429538e-21,SeAx_vs_MyLa,ENSG00000144218,AFF3,protein_coding,Up
ENSG00000116176.9,127.45402680726603,12.793719984207103,3.2654307673681076,1.1713896382166935e-21,5.874984705669671e-21,SeAx_vs_MyLa,ENSG00000116176,TPSG1,protein_coding,Up
ENSG00000251138.8,138.6087899667977,12.79273154961916,3.1136555327034254,3.9312282177582304e-22,2.023791767848813e-21,SeAx_vs_MyLa,ENSG00000251138,LINC02882,lncRNA,Up
ENSG00000154277.15,730.2324889011825,12.78417589168136,1.3207524846719476,5.371634365775621e-28,3.5867621939198746e-27,SeAx_vs_MyLa,ENSG00000154277,UCHL1,protein_coding,Up
ENSG00000118596.14,460.5796220923628,12.775507261414717,2.6453729086317885,5.3610047307247955e-24,3.012622325938981e-23,SeAx_vs_MyLa,ENSG00000118596,SLC16A7,protein_coding,Up
ENSG00000116014.12,197.8976596008437,12.773944765369817,2.746222551121767,1.7936309439171437e-23,9.823570272172311e-23,SeAx_vs_MyLa,ENSG00000116014,KISS1R,protein_coding,Up
ENSG00000196187.14,245.13982797986003,12.771461232270928,2.917637687391599,6.542461617327038e-23,3.49249701652008e-22,SeAx_vs_MyLa,ENSG00000196187,TMEM63A,protein_coding,Up
ENSG00000147872.12,974.7677826334185,12.761878401871133,1.2768182606808693,2.665433647434033e-28,1.801254009573018e-27,SeAx_vs_MyLa,ENSG00000147872,PLIN2,protein_coding,Up
ENSG00000075035.12,134.84058346409495,12.748913098532359,3.115641544477315,8.941347774190784e-22,4.517322204586236e-21,SeAx_vs_MyLa,ENSG00000075035,WSCD2,protein_coding,Up
ENSG00000135862.8,712.7550641937282,12.720419926717838,1.3135824524785955,9.376382396740304e-28,6.18703096271096e-27,SeAx_vs_MyLa,ENSG00000135862,LAMC1,protein_coding,Up
ENSG00000196372.15,468.26673638688953,12.710977885200627,2.682654461238147,1.645624148141438e-23,9.035046464588986e-23,SeAx_vs_MyLa,ENSG00000196372,ASB13,protein_coding,Up
ENSG00000170456.18,130.46639783161646,12.698865737907308,3.1089219568283317,7.778237447509597e-22,3.950868269694767e-21,SeAx_vs_MyLa,ENSG00000170456,DENND5B,protein_coding,Up
ENSG00000174080.14,136.46148286639882,12.677877141878767,3.032000630562311,8.619155624866658e-22,4.360693957059762e-21,SeAx_vs_MyLa,ENSG00000174080,CTSF,protein_coding,Up
ENSG00000184675.11,337.1923684522094,12.671666695316185,2.664659094617814,1.6229965590545434e-23,8.913544866787904e-23,SeAx_vs_MyLa,ENSG00000184675,AMER1,protein_coding,Up
ENSG00000196757.9,253.00768238472918,12.669515345479208,2.6919118261765105,2.739234953513556e-23,1.4852722213134185e-22,SeAx_vs_MyLa,ENSG00000196757,ZNF700,protein_coding,Up
ENSG00000126778.14,244.81365273932582,12.6598593396658,2.9047274425836127,1.3752481554337645e-22,7.246344324881145e-22,SeAx_vs_MyLa,ENSG00000126778,SIX1,protein_coding,Up
ENSG00000234464.3,124.29488445127386,12.620410842016922,3.1003019202072086,1.3015114148184238e-21,6.513010334210073e-21,SeAx_vs_MyLa,ENSG00000234464,ENSG00000234464,lncRNA,Up
ENSG00000104324.18,144.37940618219827,12.613872713830718,2.881276492123093,2.7235466520448322e-22,1.4142706745328455e-21,SeAx_vs_MyLa,ENSG00000104324,CPQ,protein_coding,Up
