Geneid,module,Ensembl,gene_symbol,gene_type
ENSG00000065413.22,Module 1,ENSG00000065413,ANKRD44,protein_coding
ENSG00000114013.17,Module 2,ENSG00000114013,CD86,protein_coding
ENSG00000184897.7,Module 2,ENSG00000184897,H1-10,protein_coding
ENSG00000180611.8,Module 1,ENSG00000180611,MB21D2,protein_coding
ENSG00000168214.24,Module 3,ENSG00000168214,RBPJ,protein_coding
ENSG00000109323.13,Module 3,ENSG00000109323,MANBA,protein_coding
ENSG00000109332.22,Module 3,ENSG00000109332,UBE2D3,protein_coding
ENSG00000145354.14,Module 3,ENSG00000145354,CISD2,protein_coding
ENSG00000145349.22,Module 3,ENSG00000145349,CAMK2D,protein_coding
ENSG00000049860.15,Module 1,ENSG00000049860,HEXB,protein_coding
ENSG00000164308.20,Module 1,ENSG00000164308,ERAP2,protein_coding
ENSG00000105835.15,Module 1,ENSG00000105835,NAMPT,protein_coding
ENSG00000136573.17,Module 3,ENSG00000136573,BLK,protein_coding
ENSG00000129422.17,Module 1,ENSG00000129422,MTUS1,protein_coding
ENSG00000156675.18,Module 1,ENSG00000156675,RAB11FIP1,protein_coding
ENSG00000178860.11,Module 3,ENSG00000178860,MSC,protein_coding
ENSG00000076641.6,Module 1,ENSG00000076641,PAG1,protein_coding
ENSG00000080503.27,Module 4,ENSG00000080503,SMARCA2,protein_coding
ENSG00000157654.21,Module 1,ENSG00000157654,PALM2AKAP2,protein_coding
ENSG00000156515.27,Module 1,ENSG00000156515,HK1,protein_coding
ENSG00000203780.14,Module 3,ENSG00000203780,FANK1,protein_coding
ENSG00000185885.19,Module 1,ENSG00000185885,IFITM1,protein_coding
ENSG00000085063.20,Module 1,ENSG00000085063,CD59,protein_coding
ENSG00000134574.14,Module 1,ENSG00000134574,DDB2,protein_coding
ENSG00000182985.21,Module 3,ENSG00000182985,CADM1,protein_coding
ENSG00000076706.19,Module 3,ENSG00000076706,MCAM,protein_coding
ENSG00000181026.17,Module 1,ENSG00000181026,AEN,protein_coding
ENSG00000167522.19,Module 1,ENSG00000167522,ANKRD11,protein_coding
ENSG00000141510.21,Module 2,ENSG00000141510,TP53,protein_coding
ENSG00000126561.20,Module 1,ENSG00000126561,STAT5A,protein_coding
ENSG00000101577.13,Module 1,ENSG00000101577,LPIN2,protein_coding
ENSG00000128791.14,Module 1,ENSG00000128791,TWSG1,protein_coding
ENSG00000141682.14,Module 1,ENSG00000141682,PMAIP1,protein_coding
ENSG00000105397.18,Module 1,ENSG00000105397,TYK2,protein_coding
ENSG00000064787.16,Module 3,ENSG00000064787,BCAS1,protein_coding
ENSG00000196576.18,Module 1,ENSG00000196576,PLXNB2,protein_coding
ENSG00000147010.21,Module 3,ENSG00000147010,SH3KBP1,protein_coding
ENSG00000198947.19,Module 1,ENSG00000198947,DMD,protein_coding
ENSG00000129675.18,Module 1,ENSG00000129675,ARHGEF6,protein_coding
ENSG00000162511.10,Module 2,ENSG00000162511,LAPTM5,protein_coding
ENSG00000147044.25,Module 1,ENSG00000147044,CASK,protein_coding
ENSG00000137764.22,Module 1,ENSG00000137764,MAP2K5,protein_coding
ENSG00000134308.16,Module 3,ENSG00000134308,YWHAQ,protein_coding
ENSG00000164038.18,Module 3,ENSG00000164038,SLC9B2,protein_coding
ENSG00000196352.20,Module 1,ENSG00000196352,CD55,protein_coding
ENSG00000152990.16,Module 3,ENSG00000152990,ADGRA3,protein_coding
ENSG00000198887.11,Module 3,ENSG00000198887,SMC5,protein_coding
ENSG00000154310.19,Module 3,ENSG00000154310,TNIK,protein_coding
ENSG00000169760.19,Module 1,ENSG00000169760,NLGN1,protein_coding
ENSG00000010017.15,Module 3,ENSG00000010017,RANBP9,protein_coding
ENSG00000053254.18,Module 1,ENSG00000053254,FOXN3,protein_coding
ENSG00000174946.7,Module 1,ENSG00000174946,GPR171,protein_coding
ENSG00000115355.20,Module 3,ENSG00000115355,CCDC88A,protein_coding
ENSG00000028310.20,Module 3,ENSG00000028310,BRD9,protein_coding
ENSG00000103811.20,Module 5,ENSG00000103811,CTSH,protein_coding
ENSG00000188001.12,Module 4,ENSG00000188001,TPRG1,protein_coding
ENSG00000154229.14,Module 1,ENSG00000154229,PRKCA,protein_coding
ENSG00000150593.20,Module 3,ENSG00000150593,PDCD4,protein_coding
ENSG00000242265.6,Module 3,ENSG00000242265,PEG10,protein_coding
ENSG00000058091.19,Module 3,ENSG00000058091,CDK14,protein_coding
ENSG00000124920.16,Module 6,ENSG00000124920,MYRF,protein_coding
ENSG00000198964.16,Module 3,ENSG00000198964,SGMS1,protein_coding
ENSG00000183486.16,Module 1,ENSG00000183486,MX2,protein_coding
ENSG00000069535.16,Module 3,ENSG00000069535,MAOB,protein_coding
ENSG00000145675.18,Module 1,ENSG00000145675,PIK3R1,protein_coding
ENSG00000125910.6,Module 1,ENSG00000125910,S1PR4,protein_coding
ENSG00000180096.14,Module 1,ENSG00000180096,SEPTIN1,protein_coding
ENSG00000107130.12,Module 5,ENSG00000107130,NCS1,protein_coding
ENSG00000110880.13,Module 4,ENSG00000110880,CORO1C,protein_coding
ENSG00000109452.15,Module 3,ENSG00000109452,INPP4B,protein_coding
ENSG00000172197.13,Module 3,ENSG00000172197,MBOAT1,protein_coding
ENSG00000121039.12,Module 1,ENSG00000121039,RDH10,protein_coding
ENSG00000180104.18,Module 4,ENSG00000180104,EXOC3,protein_coding
ENSG00000183918.19,Module 1,ENSG00000183918,SH2D1A,protein_coding
ENSG00000120008.17,Module 2,ENSG00000120008,WDR11,protein_coding
ENSG00000155307.21,Module 1,ENSG00000155307,SAMSN1,protein_coding
ENSG00000099985.5,Module 1,ENSG00000099985,OSM,protein_coding
ENSG00000164039.17,Module 3,ENSG00000164039,BDH2,protein_coding
ENSG00000101096.22,Module 1,ENSG00000101096,NFATC2,protein_coding
ENSG00000184557.6,Module 1,ENSG00000184557,SOCS3,protein_coding
ENSG00000100320.26,Module 3,ENSG00000100320,RBFOX2,protein_coding
ENSG00000135426.18,Module 1,ENSG00000135426,TESPA1,protein_coding
ENSG00000103365.18,Module 3,ENSG00000103365,GGA2,protein_coding
ENSG00000151689.15,Module 2,ENSG00000151689,INPP1,protein_coding
ENSG00000109320.16,Module 3,ENSG00000109320,NFKB1,protein_coding
ENSG00000166446.17,Module 1,ENSG00000166446,CDYL2,protein_coding
ENSG00000136295.18,Module 1,ENSG00000136295,TTYH3,protein_coding
ENSG00000133812.20,Module 1,ENSG00000133812,SBF2,protein_coding
ENSG00000099377.16,Module 1,ENSG00000099377,HSD3B7,protein_coding
ENSG00000198142.5,Module 3,ENSG00000198142,SOWAHC,protein_coding
ENSG00000198885.12,Module 3,ENSG00000198885,ITPRIPL1,protein_coding
ENSG00000138795.12,Module 6,ENSG00000138795,LEF1,protein_coding
ENSG00000134198.12,Module 1,ENSG00000134198,TSPAN2,protein_coding
ENSG00000157800.20,Module 1,ENSG00000157800,SLC37A3,protein_coding
ENSG00000121594.14,Module 1,ENSG00000121594,CD80,protein_coding
ENSG00000148481.16,Module 1,ENSG00000148481,MINDY3,protein_coding
ENSG00000147649.12,Module 1,ENSG00000147649,MTDH,protein_coding
ENSG00000105639.22,Module 1,ENSG00000105639,JAK3,protein_coding
ENSG00000196526.13,Module 1,ENSG00000196526,AFAP1,protein_coding
ENSG00000100612.16,Module 1,ENSG00000100612,DHRS7,protein_coding
ENSG00000115902.13,Module 5,ENSG00000115902,SLC1A4,protein_coding
ENSG00000101974.16,Module 3,ENSG00000101974,ATP11C,protein_coding
ENSG00000198157.13,Module 3,ENSG00000198157,HMGN5,protein_coding
ENSG00000135298.16,Module 3,ENSG00000135298,ADGRB3,protein_coding
ENSG00000103876.16,Module 5,ENSG00000103876,FAH,protein_coding
ENSG00000113356.15,Module 3,ENSG00000113356,POLR3G,protein_coding
ENSG00000167315.20,Module 1,ENSG00000167315,ACAA2,protein_coding
ENSG00000025708.16,Module 1,ENSG00000025708,TYMP,protein_coding
ENSG00000120896.16,Module 3,ENSG00000120896,SORBS3,protein_coding
ENSG00000276045.5,Module 1,ENSG00000276045,ORAI1,protein_coding
ENSG00000140511.14,Module 1,ENSG00000140511,HAPLN3,protein_coding
ENSG00000152270.12,Module 6,ENSG00000152270,PDE3B,protein_coding
ENSG00000149212.13,Module 1,ENSG00000149212,SESN3,protein_coding
ENSG00000137193.16,Module 5,ENSG00000137193,PIM1,protein_coding
ENSG00000116717.14,Module 1,ENSG00000116717,GADD45A,protein_coding
ENSG00000138785.18,Module 3,ENSG00000138785,INTS12,protein_coding
ENSG00000163975.16,Module 3,ENSG00000163975,MELTF,protein_coding
ENSG00000101986.14,Module 1,ENSG00000101986,ABCD1,protein_coding
ENSG00000134330.20,Module 1,ENSG00000134330,IAH1,protein_coding
ENSG00000065989.18,Module 3,ENSG00000065989,PDE4A,protein_coding
ENSG00000100167.21,Module 3,ENSG00000100167,SEPTIN3,protein_coding
ENSG00000123472.15,Module 1,ENSG00000123472,ATPAF1,protein_coding
ENSG00000102743.18,Module 1,ENSG00000102743,SLC25A15,protein_coding
ENSG00000196155.15,Module 2,ENSG00000196155,PLEKHG4,protein_coding
ENSG00000161513.14,Module 1,ENSG00000161513,FDXR,protein_coding
ENSG00000166503.12,Module 4,ENSG00000166503,HDGFL3,protein_coding
ENSG00000115825.13,Module 3,ENSG00000115825,PRKD3,protein_coding
ENSG00000064309.18,Module 3,ENSG00000064309,CDON,protein_coding
ENSG00000164733.25,Module 2,ENSG00000164733,CTSB,protein_coding
ENSG00000121578.15,Module 1,ENSG00000121578,B4GALT4,protein_coding
ENSG00000158234.15,Module 1,ENSG00000158234,FAIM,protein_coding
ENSG00000142875.23,Module 6,ENSG00000142875,PRKACB,protein_coding
ENSG00000110660.17,Module 3,ENSG00000110660,SLC35F2,protein_coding
ENSG00000026103.26,Module 1,ENSG00000026103,FAS,protein_coding
ENSG00000111859.19,Module 1,ENSG00000111859,NEDD9,protein_coding
ENSG00000117676.16,Module 1,ENSG00000117676,RPS6KA1,protein_coding
ENSG00000059804.20,Module 5,ENSG00000059804,SLC2A3,protein_coding
ENSG00000123989.17,Module 1,ENSG00000123989,CHPF,protein_coding
ENSG00000136717.17,Module 1,ENSG00000136717,BIN1,protein_coding
ENSG00000135454.16,Module 4,ENSG00000135454,B4GALNT1,protein_coding
ENSG00000124496.15,Module 4,ENSG00000124496,TRERF1,protein_coding
ENSG00000075407.21,Module 1,ENSG00000075407,ZNF37A,protein_coding
ENSG00000163412.15,Module 3,ENSG00000163412,EIF4E3,protein_coding
ENSG00000143156.16,Module 4,ENSG00000143156,NME7,protein_coding
ENSG00000127561.18,Module 1,ENSG00000127561,SYNGR3,protein_coding
ENSG00000167815.14,Module 6,ENSG00000167815,PRDX2,protein_coding
ENSG00000150995.22,Module 1,ENSG00000150995,ITPR1,protein_coding
ENSG00000133597.13,Module 1,ENSG00000133597,ADCK2,protein_coding
ENSG00000184489.15,Module 1,ENSG00000184489,PTP4A3,protein_coding
ENSG00000100139.16,Module 1,ENSG00000100139,MICALL1,protein_coding
ENSG00000082458.14,Module 1,ENSG00000082458,DLG3,protein_coding
ENSG00000155330.11,Module 3,ENSG00000155330,C16orf87,protein_coding
ENSG00000143061.20,Module 1,ENSG00000143061,IGSF3,protein_coding
ENSG00000108370.19,Module 3,ENSG00000108370,RGS9,protein_coding
ENSG00000123159.18,Module 1,ENSG00000123159,GIPC1,protein_coding
ENSG00000149600.14,Module 5,ENSG00000149600,COMMD7,protein_coding
ENSG00000114737.18,Module 1,ENSG00000114737,CISH,protein_coding
ENSG00000183943.8,Module 1,ENSG00000183943,PRKX,protein_coding
ENSG00000156711.19,Module 1,ENSG00000156711,MAPK13,protein_coding
ENSG00000187446.14,Module 2,ENSG00000187446,CHP1,protein_coding
ENSG00000136810.15,Module 1,ENSG00000136810,TXN,protein_coding
ENSG00000130511.18,Module 1,ENSG00000130511,SSBP4,protein_coding
ENSG00000104611.14,Module 3,ENSG00000104611,SH2D4A,protein_coding
ENSG00000143494.18,Module 3,ENSG00000143494,VASH2,protein_coding
ENSG00000093010.17,Module 1,ENSG00000093010,COMT,protein_coding
ENSG00000106415.15,Module 4,ENSG00000106415,GLCCI1,protein_coding
ENSG00000085719.15,Module 5,ENSG00000085719,CPNE3,protein_coding
ENSG00000168310.14,Module 4,ENSG00000168310,IRF2,protein_coding
ENSG00000128829.14,Module 1,ENSG00000128829,EIF2AK4,protein_coding
ENSG00000115548.19,Module 1,ENSG00000115548,KDM3A,protein_coding
ENSG00000138119.19,Module 3,ENSG00000138119,MYOF,protein_coding
ENSG00000081320.14,Module 1,ENSG00000081320,STK17B,protein_coding
ENSG00000006282.24,Module 1,ENSG00000006282,SPATA20,protein_coding
ENSG00000134243.14,Module 3,ENSG00000134243,SORT1,protein_coding
ENSG00000132872.14,Module 1,ENSG00000132872,SYT4,protein_coding
ENSG00000117091.12,Module 2,ENSG00000117091,CD48,protein_coding
ENSG00000134864.13,Module 1,ENSG00000134864,GGACT,protein_coding
ENSG00000139793.23,Module 3,ENSG00000139793,MBNL2,protein_coding
ENSG00000182459.6,Module 1,ENSG00000182459,TEX19,protein_coding
ENSG00000109756.12,Module 1,ENSG00000109756,RAPGEF2,protein_coding
ENSG00000198752.13,Module 1,ENSG00000198752,CDC42BPB,protein_coding
ENSG00000139083.13,Module 1,ENSG00000139083,ETV6,protein_coding
ENSG00000072110.19,Module 5,ENSG00000072110,ACTN1,protein_coding
ENSG00000081189.19,Module 4,ENSG00000081189,MEF2C,protein_coding
ENSG00000178163.10,Module 1,ENSG00000178163,ZNF518B,protein_coding
ENSG00000085365.20,Module 3,ENSG00000085365,SCAMP1,protein_coding
ENSG00000110324.14,Module 1,ENSG00000110324,IL10RA,protein_coding
ENSG00000196975.18,Module 5,ENSG00000196975,ANXA4,protein_coding
ENSG00000171033.15,Module 2,ENSG00000171033,PKIA,protein_coding
ENSG00000100628.14,Module 3,ENSG00000100628,ASB2,protein_coding
ENSG00000163219.13,Module 1,ENSG00000163219,ARHGAP25,protein_coding
ENSG00000163040.17,Module 3,ENSG00000163040,CCDC74A,protein_coding
ENSG00000188191.18,Module 1,ENSG00000188191,PRKAR1B,protein_coding
ENSG00000139352.5,Module 1,ENSG00000139352,ASCL1,protein_coding
ENSG00000134109.12,Module 1,ENSG00000134109,EDEM1,protein_coding
ENSG00000169504.17,Module 6,ENSG00000169504,CLIC4,protein_coding
ENSG00000106211.12,Module 1,ENSG00000106211,HSPB1,protein_coding
ENSG00000110047.19,Module 3,ENSG00000110047,EHD1,protein_coding
ENSG00000167123.22,Module 1,ENSG00000167123,CERCAM,protein_coding
ENSG00000117114.23,Module 1,ENSG00000117114,ADGRL2,protein_coding
ENSG00000148429.17,Module 1,ENSG00000148429,USP6NL,protein_coding
ENSG00000188042.9,Module 1,ENSG00000188042,ARL4C,protein_coding
ENSG00000120910.17,Module 3,ENSG00000120910,PPP3CC,protein_coding
ENSG00000205189.14,Module 1,ENSG00000205189,ZBTB10,protein_coding
ENSG00000142621.23,Module 1,ENSG00000142621,FHAD1,protein_coding
ENSG00000196862.10,Module 1,ENSG00000196862,RGPD4,protein_coding
ENSG00000185201.19,Module 1,ENSG00000185201,IFITM2,protein_coding
ENSG00000144749.16,Module 2,ENSG00000144749,LRIG1,protein_coding
ENSG00000124788.19,Module 1,ENSG00000124788,ATXN1,protein_coding
ENSG00000137767.16,Module 1,ENSG00000137767,SQOR,protein_coding
ENSG00000023902.15,Module 6,ENSG00000023902,PLEKHO1,protein_coding
ENSG00000135679.29,Module 2,ENSG00000135679,MDM2,protein_coding
ENSG00000169379.18,Module 1,ENSG00000169379,ARL13B,protein_coding
ENSG00000054983.19,Module 1,ENSG00000054983,GALC,protein_coding
ENSG00000163659.15,Module 6,ENSG00000163659,TIPARP,protein_coding
ENSG00000109113.22,Module 1,ENSG00000109113,RAB34,protein_coding
ENSG00000184640.22,Module 6,ENSG00000184640,SEPTIN9,protein_coding
ENSG00000100385.17,Module 3,ENSG00000100385,IL2RB,protein_coding
ENSG00000148154.12,Module 1,ENSG00000148154,UGCG,protein_coding
ENSG00000112679.16,Module 2,ENSG00000112679,DUSP22,protein_coding
ENSG00000054392.15,Module 3,ENSG00000054392,HHAT,protein_coding
ENSG00000073578.20,Module 3,ENSG00000073578,SDHA,protein_coding
ENSG00000178234.16,Module 1,ENSG00000178234,GALNT11,protein_coding
ENSG00000151779.16,Module 3,ENSG00000151779,NBAS,protein_coding
ENSG00000169991.12,Module 3,ENSG00000169991,IFFO2,protein_coding
ENSG00000162430.19,Module 1,ENSG00000162430,SELENON,protein_coding
ENSG00000049656.16,Module 3,ENSG00000049656,CLPTM1L,protein_coding
ENSG00000067208.19,Module 1,ENSG00000067208,EVI5,protein_coding
ENSG00000186603.7,Module 6,ENSG00000186603,HPDL,protein_coding
ENSG00000130779.24,Module 1,ENSG00000130779,CLIP1,protein_coding
ENSG00000132481.9,Module 5,ENSG00000132481,TRIM47,protein_coding
ENSG00000017483.18,Module 6,ENSG00000017483,SLC38A5,protein_coding
ENSG00000204104.14,Module 3,ENSG00000204104,TRAF3IP1,protein_coding
ENSG00000131370.18,Module 4,ENSG00000131370,SH3BP5,protein_coding
ENSG00000125249.8,Module 3,ENSG00000125249,RAP2A,protein_coding
ENSG00000013619.17,Module 2,ENSG00000013619,MAMLD1,protein_coding
ENSG00000057657.19,Module 2,ENSG00000057657,PRDM1,protein_coding
ENSG00000145945.9,Module 1,ENSG00000145945,FAM50B,protein_coding
ENSG00000115129.16,Module 1,ENSG00000115129,TP53I3,protein_coding
ENSG00000152076.21,Module 3,ENSG00000152076,CCDC74B,protein_coding
ENSG00000138080.16,Module 1,ENSG00000138080,EMILIN1,protein_coding
ENSG00000144843.14,Module 1,ENSG00000144843,ADPRH,protein_coding
ENSG00000146776.16,Module 1,ENSG00000146776,ATXN7L1,protein_coding
ENSG00000060566.16,Module 2,ENSG00000060566,CREB3L3,protein_coding
ENSG00000185088.16,Module 1,ENSG00000185088,RPS27L,protein_coding
ENSG00000168243.13,Module 2,ENSG00000168243,GNG4,protein_coding
ENSG00000169508.9,Module 1,ENSG00000169508,GPR183,protein_coding
ENSG00000054523.22,Module 3,ENSG00000054523,KIF1B,protein_coding
ENSG00000173757.13,Module 1,ENSG00000173757,STAT5B,protein_coding
ENSG00000170633.19,Module 1,ENSG00000170633,RNF34,protein_coding
ENSG00000049089.17,Module 2,ENSG00000049089,COL9A2,protein_coding
ENSG00000176788.11,Module 2,ENSG00000176788,BASP1,protein_coding
ENSG00000163214.23,Module 3,ENSG00000163214,DHX57,protein_coding
ENSG00000165156.17,Module 3,ENSG00000165156,ZHX1,protein_coding
ENSG00000165030.7,Module 2,ENSG00000165030,NFIL3,protein_coding
ENSG00000147570.12,Module 1,ENSG00000147570,DNAJC5B,protein_coding
ENSG00000171840.15,Module 6,ENSG00000171840,NINJ2,protein_coding
ENSG00000123411.17,Module 1,ENSG00000123411,IKZF4,protein_coding
ENSG00000169750.11,Module 3,ENSG00000169750,RAC3,protein_coding
ENSG00000218891.7,Module 2,ENSG00000218891,ZNF579,protein_coding
ENSG00000116096.9,Module 1,ENSG00000116096,SPR,protein_coding
ENSG00000232119.10,Module 3,ENSG00000232119,MCTS1,protein_coding
ENSG00000127603.33,Module 5,ENSG00000127603,MACF1,protein_coding
ENSG00000221926.15,Module 1,ENSG00000221926,TRIM16,protein_coding
ENSG00000168785.10,Module 3,ENSG00000168785,TSPAN5,protein_coding
ENSG00000114480.15,Module 1,ENSG00000114480,GBE1,protein_coding
ENSG00000136040.10,Module 3,ENSG00000136040,PLXNC1,protein_coding
ENSG00000115318.14,Module 3,ENSG00000115318,LOXL3,protein_coding
ENSG00000162733.21,Module 2,ENSG00000162733,DDR2,protein_coding
ENSG00000004866.24,Module 3,ENSG00000004866,ST7,protein_coding
ENSG00000104880.20,Module 3,ENSG00000104880,ARHGEF18,protein_coding
ENSG00000115738.12,Module 1,ENSG00000115738,ID2,protein_coding
ENSG00000104043.17,Module 1,ENSG00000104043,ATP8B4,protein_coding
ENSG00000135052.18,Module 3,ENSG00000135052,GOLM1,protein_coding
ENSG00000171552.16,Module 5,ENSG00000171552,BCL2L1,protein_coding
ENSG00000136842.16,Module 2,ENSG00000136842,TMOD1,protein_coding
ENSG00000177694.17,Module 1,ENSG00000177694,NAALADL2,protein_coding
ENSG00000141012.15,Module 3,ENSG00000141012,GALNS,protein_coding
ENSG00000137806.12,Module 1,ENSG00000137806,NDUFAF1,protein_coding
ENSG00000233276.10,Module 5,ENSG00000233276,GPX1,protein_coding
ENSG00000104213.15,Module 1,ENSG00000104213,PDGFRL,protein_coding
ENSG00000084676.18,Module 3,ENSG00000084676,NCOA1,protein_coding
ENSG00000214279.14,Module 1,ENSG00000214279,SCART1,protein_coding
ENSG00000113580.17,Module 3,ENSG00000113580,NR3C1,protein_coding
ENSG00000111885.9,Module 4,ENSG00000111885,MAN1A1,protein_coding
ENSG00000175155.12,Module 1,ENSG00000175155,YPEL2,protein_coding
ENSG00000124766.7,Module 4,ENSG00000124766,SOX4,protein_coding
ENSG00000119042.20,Module 4,ENSG00000119042,SATB2,protein_coding
ENSG00000136153.23,Module 4,ENSG00000136153,LMO7,protein_coding
ENSG00000151917.20,Module 3,ENSG00000151917,BEND6,protein_coding
ENSG00000104549.14,Module 3,ENSG00000104549,SQLE,protein_coding
ENSG00000049246.17,Module 3,ENSG00000049246,PER3,protein_coding
ENSG00000059378.15,Module 1,ENSG00000059378,PARP12,protein_coding
ENSG00000065882.20,Module 5,ENSG00000065882,TBC1D1,protein_coding
ENSG00000155111.17,Module 1,ENSG00000155111,CDK19,protein_coding
ENSG00000167799.12,Module 1,ENSG00000167799,NUDT8,protein_coding
ENSG00000198033.14,Module 3,ENSG00000198033,TUBA3C,protein_coding
ENSG00000164830.20,Module 3,ENSG00000164830,OXR1,protein_coding
ENSG00000106789.15,Module 3,ENSG00000106789,CORO2A,protein_coding
ENSG00000079263.21,Module 3,ENSG00000079263,SP140,protein_coding
ENSG00000051620.13,Module 3,ENSG00000051620,HEBP2,protein_coding
ENSG00000213190.6,Module 3,ENSG00000213190,MLLT11,protein_coding
ENSG00000050628.23,Module 1,ENSG00000050628,PTGER3,protein_coding
ENSG00000183011.16,Module 1,ENSG00000183011,NAA38,protein_coding
ENSG00000158747.17,Module 3,ENSG00000158747,NBL1,protein_coding
ENSG00000166130.16,Module 1,ENSG00000166130,IKBIP,protein_coding
ENSG00000117479.17,Module 3,ENSG00000117479,SLC19A2,protein_coding
ENSG00000153250.23,Module 5,ENSG00000153250,RBMS1,protein_coding
ENSG00000083857.17,Module 1,ENSG00000083857,FAT1,protein_coding
ENSG00000139926.18,Module 1,ENSG00000139926,FRMD6,protein_coding
ENSG00000162694.16,Module 1,ENSG00000162694,EXTL2,protein_coding
ENSG00000175215.12,Module 3,ENSG00000175215,CTDSP2,protein_coding
ENSG00000128311.16,Module 1,ENSG00000128311,TST,protein_coding
ENSG00000111328.8,Module 1,ENSG00000111328,CDK2AP1,protein_coding
ENSG00000154822.20,Module 4,ENSG00000154822,PLCL2,protein_coding
ENSG00000175745.15,Module 4,ENSG00000175745,NR2F1,protein_coding
ENSG00000132563.19,Module 1,ENSG00000132563,REEP2,protein_coding
ENSG00000071246.12,Module 5,ENSG00000071246,VASH1,protein_coding
ENSG00000136267.16,Module 1,ENSG00000136267,DGKB,protein_coding
ENSG00000169641.16,Module 1,ENSG00000169641,LUZP1,protein_coding
ENSG00000059758.10,Module 2,ENSG00000059758,CDK17,protein_coding
ENSG00000177853.17,Module 1,ENSG00000177853,ZNF518A,protein_coding
ENSG00000205593.14,Module 1,ENSG00000205593,DENND6B,protein_coding
ENSG00000162614.21,Module 3,ENSG00000162614,NEXN,protein_coding
ENSG00000142733.20,Module 1,ENSG00000142733,MAP3K6,protein_coding
ENSG00000181830.11,Module 1,ENSG00000181830,SLC35C1,protein_coding
ENSG00000137491.17,Module 3,ENSG00000137491,SLCO2B1,protein_coding
ENSG00000165434.10,Module 6,ENSG00000165434,PGM2L1,protein_coding
ENSG00000100852.15,Module 3,ENSG00000100852,ARHGAP5,protein_coding
ENSG00000114541.17,Module 1,ENSG00000114541,FRMD4B,protein_coding
ENSG00000074370.21,Module 1,ENSG00000074370,ATP2A3,protein_coding
ENSG00000160712.15,Module 3,ENSG00000160712,IL6R,protein_coding
ENSG00000135362.16,Module 1,ENSG00000135362,PRR5L,protein_coding
ENSG00000118640.13,Module 4,ENSG00000118640,VAMP8,protein_coding
ENSG00000095794.22,Module 1,ENSG00000095794,CREM,protein_coding
ENSG00000067798.17,Module 1,ENSG00000067798,NAV3,protein_coding
ENSG00000174871.12,Module 3,ENSG00000174871,CNIH2,protein_coding
ENSG00000118308.18,Module 1,ENSG00000118308,IRAG2,protein_coding
ENSG00000011143.21,Module 5,ENSG00000011143,MKS1,protein_coding
ENSG00000160285.17,Module 3,ENSG00000160285,LSS,protein_coding
ENSG00000090020.13,Module 1,ENSG00000090020,SLC9A1,protein_coding
ENSG00000133935.9,Module 3,ENSG00000133935,ERG28,protein_coding
ENSG00000288920.3,Module 1,ENSG00000288920,RPSA2,protein_coding
ENSG00000172671.22,Module 1,ENSG00000172671,ZFAND4,protein_coding
ENSG00000158856.20,Module 1,ENSG00000158856,DMTN,protein_coding
ENSG00000178585.17,Module 3,ENSG00000178585,CTNNBIP1,protein_coding
ENSG00000181827.18,Module 1,ENSG00000181827,RFX7,protein_coding
ENSG00000074603.21,Module 1,ENSG00000074603,DPP8,protein_coding
ENSG00000188958.12,Module 3,ENSG00000188958,UTS2B,protein_coding
ENSG00000184371.16,Module 1,ENSG00000184371,CSF1,protein_coding
ENSG00000159788.22,Module 1,ENSG00000159788,RGS12,protein_coding
ENSG00000113916.19,Module 1,ENSG00000113916,BCL6,protein_coding
ENSG00000134285.13,Module 1,ENSG00000134285,FKBP11,protein_coding
ENSG00000121895.11,Module 6,ENSG00000121895,TMEM156,protein_coding
ENSG00000108176.17,Module 1,ENSG00000108176,DNAJC12,protein_coding
ENSG00000164136.19,Module 1,ENSG00000164136,IL15,protein_coding
ENSG00000181744.10,Module 3,ENSG00000181744,DIPK2A,protein_coding
ENSG00000134324.14,Module 3,ENSG00000134324,LPIN1,protein_coding
ENSG00000138796.20,Module 3,ENSG00000138796,HADH,protein_coding
ENSG00000140105.20,Module 1,ENSG00000140105,WARS1,protein_coding
ENSG00000186367.7,Module 3,ENSG00000186367,MINAR2,protein_coding
ENSG00000135631.19,Module 1,ENSG00000135631,RAB11FIP5,protein_coding
ENSG00000181577.17,Module 3,ENSG00000181577,LINC03040,protein_coding
ENSG00000115414.23,Module 1,ENSG00000115414,FN1,protein_coding
ENSG00000181847.14,Module 1,ENSG00000181847,TIGIT,protein_coding
ENSG00000105327.20,Module 1,ENSG00000105327,BBC3,protein_coding
ENSG00000140853.19,Module 3,ENSG00000140853,NLRC5,protein_coding
ENSG00000075234.19,Module 1,ENSG00000075234,TTC38,protein_coding
ENSG00000162783.11,Module 2,ENSG00000162783,IER5,protein_coding
ENSG00000066629.21,Module 3,ENSG00000066629,EML1,protein_coding
ENSG00000122122.11,Module 5,ENSG00000122122,SASH3,protein_coding
ENSG00000043355.13,Module 1,ENSG00000043355,ZIC2,protein_coding
ENSG00000133818.16,Module 1,ENSG00000133818,RRAS2,protein_coding
ENSG00000102226.12,Module 5,ENSG00000102226,USP11,protein_coding
ENSG00000105122.15,Module 1,ENSG00000105122,RASAL3,protein_coding
ENSG00000166949.19,Module 1,ENSG00000166949,SMAD3,protein_coding
ENSG00000138061.15,Module 2,ENSG00000138061,CYP1B1,protein_coding
ENSG00000168610.19,Module 1,ENSG00000168610,STAT3,protein_coding
ENSG00000181019.14,Module 2,ENSG00000181019,NQO1,protein_coding
ENSG00000085117.15,Module 1,ENSG00000085117,CD82,protein_coding
ENSG00000063438.22,Module 3,ENSG00000063438,AHRR,protein_coding
ENSG00000179832.20,Module 6,ENSG00000179832,MROH1,protein_coding
ENSG00000172331.14,Module 1,ENSG00000172331,BPGM,protein_coding
ENSG00000164983.11,Module 1,ENSG00000164983,TMEM65,protein_coding
ENSG00000196814.17,Module 5,ENSG00000196814,MVB12B,protein_coding
ENSG00000103260.11,Module 3,ENSG00000103260,METRN,protein_coding
ENSG00000179841.9,Module 3,ENSG00000179841,AKAP5,protein_coding
ENSG00000116663.13,Module 1,ENSG00000116663,FBXO6,protein_coding
ENSG00000171132.16,Module 1,ENSG00000171132,PRKCE,protein_coding
ENSG00000112972.16,Module 3,ENSG00000112972,HMGCS1,protein_coding
ENSG00000031081.13,Module 1,ENSG00000031081,ARHGAP31,protein_coding
ENSG00000128487.21,Module 3,ENSG00000128487,SPECC1,protein_coding
ENSG00000182568.20,Module 2,ENSG00000182568,SATB1,protein_coding
ENSG00000111962.10,Module 1,ENSG00000111962,UST,protein_coding
ENSG00000044115.23,Module 1,ENSG00000044115,CTNNA1,protein_coding
ENSG00000110881.14,Module 3,ENSG00000110881,ASIC1,protein_coding
ENSG00000128578.12,Module 1,ENSG00000128578,STRIP2,protein_coding
ENSG00000198369.12,Module 3,ENSG00000198369,SPRED2,protein_coding
ENSG00000151702.20,Module 4,ENSG00000151702,FLI1,protein_coding
ENSG00000104419.18,Module 3,ENSG00000104419,NDRG1,protein_coding
ENSG00000108960.11,Module 1,ENSG00000108960,MMD,protein_coding
ENSG00000177272.10,Module 1,ENSG00000177272,KCNA3,protein_coding
ENSG00000159231.8,Module 2,ENSG00000159231,CBR3,protein_coding
ENSG00000049759.22,Module 3,ENSG00000049759,NEDD4L,protein_coding
ENSG00000081377.19,Module 4,ENSG00000081377,CDC14B,protein_coding
ENSG00000121858.13,Module 5,ENSG00000121858,TNFSF10,protein_coding
ENSG00000008869.14,Module 3,ENSG00000008869,HEATR5B,protein_coding
ENSG00000109016.20,Module 1,ENSG00000109016,DHRS7B,protein_coding
ENSG00000119801.16,Module 1,ENSG00000119801,YPEL5,protein_coding
ENSG00000183570.19,Module 1,ENSG00000183570,PCBP3,protein_coding
ENSG00000198954.11,Module 1,ENSG00000198954,KIFBP,protein_coding
ENSG00000082146.15,Module 1,ENSG00000082146,STRADB,protein_coding
ENSG00000133069.19,Module 1,ENSG00000133069,TMCC2,protein_coding
ENSG00000112182.18,Module 1,ENSG00000112182,BACH2,protein_coding
ENSG00000117266.18,Module 1,ENSG00000117266,CDK18,protein_coding
ENSG00000198216.15,Module 1,ENSG00000198216,CACNA1E,protein_coding
ENSG00000070214.19,Module 2,ENSG00000070214,SLC44A1,protein_coding
ENSG00000130158.15,Module 4,ENSG00000130158,DOCK6,protein_coding
ENSG00000174125.11,Module 1,ENSG00000174125,TLR1,protein_coding
ENSG00000100365.17,Module 1,ENSG00000100365,NCF4,protein_coding
ENSG00000168646.16,Module 3,ENSG00000168646,AXIN2,protein_coding
ENSG00000115919.17,Module 1,ENSG00000115919,KYNU,protein_coding
ENSG00000149328.18,Module 3,ENSG00000149328,GLB1L2,protein_coding
ENSG00000173221.16,Module 1,ENSG00000173221,GLRX,protein_coding
ENSG00000143375.17,Module 3,ENSG00000143375,CGN,protein_coding
ENSG00000099814.19,Module 1,ENSG00000099814,CEP170B,protein_coding
ENSG00000026025.18,Module 1,ENSG00000026025,VIM,protein_coding
ENSG00000136542.11,Module 1,ENSG00000136542,GALNT5,protein_coding
ENSG00000102096.11,Module 1,ENSG00000102096,PIM2,protein_coding
ENSG00000198794.14,Module 1,ENSG00000198794,SCAMP5,protein_coding
ENSG00000169105.8,Module 1,ENSG00000169105,CHST14,protein_coding
ENSG00000110013.15,Module 1,ENSG00000110013,SIAE,protein_coding
ENSG00000157827.23,Module 1,ENSG00000157827,FMNL2,protein_coding
ENSG00000166165.16,Module 4,ENSG00000166165,CKB,protein_coding
ENSG00000106012.21,Module 1,ENSG00000106012,IQCE,protein_coding
ENSG00000039560.16,Module 1,ENSG00000039560,RAI14,protein_coding
ENSG00000152782.21,Module 2,ENSG00000152782,PANK1,protein_coding
ENSG00000131873.9,Module 2,ENSG00000131873,CHSY1,protein_coding
ENSG00000100033.19,Module 3,ENSG00000100033,PRODH,protein_coding
ENSG00000114739.16,Module 2,ENSG00000114739,ACVR2B,protein_coding
ENSG00000184584.16,Module 1,ENSG00000184584,STING1,protein_coding
ENSG00000088899.18,Module 3,ENSG00000088899,LZTS3,protein_coding
ENSG00000167972.16,Module 1,ENSG00000167972,ABCA3,protein_coding
ENSG00000151116.19,Module 1,ENSG00000151116,UEVLD,protein_coding
ENSG00000154760.16,Module 2,ENSG00000154760,SLFN13,protein_coding
ENSG00000189221.13,Module 1,ENSG00000189221,MAOA,protein_coding
ENSG00000106799.17,Module 5,ENSG00000106799,TGFBR1,protein_coding
ENSG00000177453.9,Module 2,ENSG00000177453,NIM1K,protein_coding
ENSG00000117586.14,Module 1,ENSG00000117586,TNFSF4,protein_coding
ENSG00000160767.25,Module 1,ENSG00000160767,ENTREP3,protein_coding
ENSG00000132635.19,Module 2,ENSG00000132635,PCED1A,protein_coding
ENSG00000158457.8,Module 3,ENSG00000158457,TSPAN33,protein_coding
ENSG00000197471.14,Module 5,ENSG00000197471,SPN,protein_coding
ENSG00000155366.19,Module 1,ENSG00000155366,RHOC,protein_coding
ENSG00000145687.19,Module 4,ENSG00000145687,SSBP2,protein_coding
ENSG00000163191.8,Module 2,ENSG00000163191,S100A11,protein_coding
ENSG00000005379.18,Module 4,ENSG00000005379,TSPOAP1,protein_coding
ENSG00000101665.12,Module 1,ENSG00000101665,SMAD7,protein_coding
ENSG00000115306.19,Module 3,ENSG00000115306,SPTBN1,protein_coding
ENSG00000140284.13,Module 2,ENSG00000140284,SLC27A2,protein_coding
ENSG00000196405.15,Module 6,ENSG00000196405,EVL,protein_coding
ENSG00000121743.6,Module 1,ENSG00000121743,GJA3,protein_coding
ENSG00000214107.11,Module 1,ENSG00000214107,MAGEB1,protein_coding
ENSG00000187688.16,Module 2,ENSG00000187688,TRPV2,protein_coding
ENSG00000100116.19,Module 2,ENSG00000100116,GCAT,protein_coding
ENSG00000160305.21,Module 4,ENSG00000160305,DIP2A,protein_coding
ENSG00000120868.17,Module 1,ENSG00000120868,APAF1,protein_coding
ENSG00000169427.9,Module 3,ENSG00000169427,KCNK9,protein_coding
ENSG00000117228.13,Module 1,ENSG00000117228,GBP1,protein_coding
ENSG00000012174.14,Module 1,ENSG00000012174,MBTPS2,protein_coding
ENSG00000186472.22,Module 3,ENSG00000186472,PCLO,protein_coding
ENSG00000141376.25,Module 1,ENSG00000141376,BCAS3,protein_coding
ENSG00000116977.21,Module 5,ENSG00000116977,LGALS8,protein_coding
ENSG00000047365.15,Module 6,ENSG00000047365,ARAP2,protein_coding
ENSG00000132821.14,Module 3,ENSG00000132821,VSTM2L,protein_coding
ENSG00000116251.13,Module 3,ENSG00000116251,RPL22,protein_coding
ENSG00000155363.21,Module 4,ENSG00000155363,MOV10,protein_coding
ENSG00000133059.20,Module 1,ENSG00000133059,DSTYK,protein_coding
ENSG00000153551.16,Module 4,ENSG00000153551,CMTM7,protein_coding
ENSG00000179981.12,Module 6,ENSG00000179981,TSHZ1,protein_coding
ENSG00000205045.14,Module 2,ENSG00000205045,SLFN12L,protein_coding
ENSG00000183742.15,Module 3,ENSG00000183742,MACC1,protein_coding
ENSG00000131697.20,Module 4,ENSG00000131697,NPHP4,protein_coding
ENSG00000119508.19,Module 1,ENSG00000119508,NR4A3,protein_coding
ENSG00000185187.16,Module 1,ENSG00000185187,SIGIRR,protein_coding
ENSG00000104833.13,Module 4,ENSG00000104833,TUBB4A,protein_coding
ENSG00000005059.18,Module 3,ENSG00000005059,MCUB,protein_coding
ENSG00000156958.17,Module 1,ENSG00000156958,GALK2,protein_coding
ENSG00000147650.13,Module 2,ENSG00000147650,LRP12,protein_coding
ENSG00000025156.15,Module 3,ENSG00000025156,HSF2,protein_coding
ENSG00000152784.18,Module 1,ENSG00000152784,PRDM8,protein_coding
ENSG00000074416.18,Module 3,ENSG00000074416,MGLL,protein_coding
ENSG00000128000.19,Module 4,ENSG00000128000,ZNF780B,protein_coding
ENSG00000144802.12,Module 1,ENSG00000144802,NFKBIZ,protein_coding
ENSG00000167508.14,Module 3,ENSG00000167508,MVD,protein_coding
ENSG00000078237.9,Module 1,ENSG00000078237,TIGAR,protein_coding
ENSG00000159674.14,Module 3,ENSG00000159674,SPON2,protein_coding
ENSG00000182287.17,Module 6,ENSG00000182287,AP1S2,protein_coding
ENSG00000116667.17,Module 2,ENSG00000116667,C1orf21,protein_coding
ENSG00000109929.12,Module 3,ENSG00000109929,SC5D,protein_coding
ENSG00000204308.10,Module 4,ENSG00000204308,RNF5,protein_coding
ENSG00000107816.19,Module 2,ENSG00000107816,LZTS2,protein_coding
ENSG00000110057.11,Module 2,ENSG00000110057,UNC93B1,protein_coding
ENSG00000055163.23,Module 1,ENSG00000055163,CYFIP2,protein_coding
ENSG00000166548.18,Module 1,ENSG00000166548,TK2,protein_coding
ENSG00000185697.19,Module 6,ENSG00000185697,MYBL1,protein_coding
ENSG00000124074.14,Module 3,ENSG00000124074,ENKD1,protein_coding
ENSG00000101746.18,Module 3,ENSG00000101746,NOL4,protein_coding
ENSG00000101160.17,Module 4,ENSG00000101160,CTSZ,protein_coding
ENSG00000166900.19,Module 5,ENSG00000166900,STX3,protein_coding
ENSG00000167895.18,Module 1,ENSG00000167895,TMC8,protein_coding
ENSG00000144306.17,Module 4,ENSG00000144306,SCRN3,protein_coding
ENSG00000160183.19,Module 1,ENSG00000160183,TMPRSS3,protein_coding
ENSG00000132256.22,Module 3,ENSG00000132256,TRIM5,protein_coding
ENSG00000170776.24,Module 1,ENSG00000170776,AKAP13,protein_coding
ENSG00000150347.18,Module 1,ENSG00000150347,ARID5B,protein_coding
ENSG00000171298.17,Module 1,ENSG00000171298,GAA,protein_coding
ENSG00000111670.18,Module 2,ENSG00000111670,GNPTAB,protein_coding
ENSG00000183317.19,Module 2,ENSG00000183317,EPHA10,protein_coding
ENSG00000140368.15,Module 1,ENSG00000140368,PSTPIP1,protein_coding
ENSG00000139737.24,Module 3,ENSG00000139737,SLAIN1,protein_coding
ENSG00000100600.17,Module 3,ENSG00000100600,LGMN,protein_coding
ENSG00000144407.11,Module 1,ENSG00000144407,PTH2R,protein_coding
ENSG00000197971.17,Module 5,ENSG00000197971,MBP,protein_coding
ENSG00000042832.13,Module 3,ENSG00000042832,TG,protein_coding
ENSG00000126821.10,Module 1,ENSG00000126821,SGPP1,protein_coding
ENSG00000136147.20,Module 2,ENSG00000136147,PHF11,protein_coding
ENSG00000168356.14,Module 1,ENSG00000168356,SCN11A,protein_coding
ENSG00000093072.21,Module 6,ENSG00000093072,ADA2,protein_coding
ENSG00000182534.15,Module 3,ENSG00000182534,MXRA7,protein_coding
ENSG00000159618.18,Module 3,ENSG00000159618,ADGRG5,protein_coding
ENSG00000144642.24,Module 1,ENSG00000144642,RBMS3,protein_coding
ENSG00000092978.13,Module 3,ENSG00000092978,GPATCH2,protein_coding
ENSG00000205726.17,Module 2,ENSG00000205726,ITSN1,protein_coding
ENSG00000186827.13,Module 1,ENSG00000186827,TNFRSF4,protein_coding
ENSG00000171791.15,Module 2,ENSG00000171791,BCL2,protein_coding
ENSG00000159216.22,Module 2,ENSG00000159216,RUNX1,protein_coding
ENSG00000169884.15,Module 1,ENSG00000169884,WNT10B,protein_coding
ENSG00000069667.17,Module 4,ENSG00000069667,RORA,protein_coding
ENSG00000133816.22,Module 5,ENSG00000133816,MICAL2,protein_coding
ENSG00000132170.26,Module 2,ENSG00000132170,PPARG,protein_coding
ENSG00000156162.18,Module 4,ENSG00000156162,DPY19L4,protein_coding
ENSG00000089558.10,Module 1,ENSG00000089558,KCNH4,protein_coding
ENSG00000070081.20,Module 5,ENSG00000070081,NUCB2,protein_coding
ENSG00000125735.14,Module 3,ENSG00000125735,TNFSF14,protein_coding
ENSG00000164620.11,Module 6,ENSG00000164620,RELL2,protein_coding
ENSG00000100592.17,Module 3,ENSG00000100592,DAAM1,protein_coding
ENSG00000027869.15,Module 1,ENSG00000027869,SH2D2A,protein_coding
ENSG00000099999.17,Module 2,ENSG00000099999,RNF215,protein_coding
ENSG00000131773.16,Module 3,ENSG00000131773,KHDRBS3,protein_coding
ENSG00000119729.14,Module 2,ENSG00000119729,RHOQ,protein_coding
ENSG00000144711.18,Module 5,ENSG00000144711,IQSEC1,protein_coding
ENSG00000178531.7,Module 6,ENSG00000178531,CTXN1,protein_coding
ENSG00000073150.15,Module 2,ENSG00000073150,PANX2,protein_coding
ENSG00000197635.13,Module 1,ENSG00000197635,DPP4,protein_coding
ENSG00000186792.19,Module 1,ENSG00000186792,HYAL3,protein_coding
ENSG00000260027.6,Module 1,ENSG00000260027,HOXB7,protein_coding
ENSG00000167984.20,Module 1,ENSG00000167984,NLRC3,protein_coding
ENSG00000099204.24,Module 2,ENSG00000099204,ABLIM1,protein_coding
ENSG00000170542.9,Module 4,ENSG00000170542,SERPINB9,protein_coding
ENSG00000166963.14,Module 1,ENSG00000166963,MAP1A,protein_coding
ENSG00000141068.18,Module 4,ENSG00000141068,KSR1,protein_coding
ENSG00000172687.16,Module 5,ENSG00000172687,ZNF738,protein_coding
ENSG00000134317.19,Module 3,ENSG00000134317,GRHL1,protein_coding
ENSG00000104490.19,Module 3,ENSG00000104490,NCALD,protein_coding
ENSG00000263528.10,Module 5,ENSG00000263528,IKBKE,protein_coding
ENSG00000152556.19,Module 6,ENSG00000152556,PFKM,protein_coding
ENSG00000175701.12,Module 1,ENSG00000175701,MTLN,protein_coding
ENSG00000107742.16,Module 5,ENSG00000107742,SPOCK2,protein_coding
ENSG00000080546.16,Module 5,ENSG00000080546,SESN1,protein_coding
ENSG00000162542.16,Module 5,ENSG00000162542,TMCO4,protein_coding
ENSG00000141524.21,Module 5,ENSG00000141524,TMC6,protein_coding
ENSG00000161267.14,Module 5,ENSG00000161267,BDH1,protein_coding
ENSG00000141696.15,Module 5,ENSG00000141696,P3H4,protein_coding
ENSG00000072071.19,Module 2,ENSG00000072071,ADGRL1,protein_coding
ENSG00000074706.16,Module 1,ENSG00000074706,IPCEF1,protein_coding
ENSG00000127124.16,Module 1,ENSG00000127124,HIVEP3,protein_coding
ENSG00000187049.13,Module 2,ENSG00000187049,TMEM216,protein_coding
ENSG00000128203.9,Module 1,ENSG00000128203,ASPHD2,protein_coding
ENSG00000138658.19,Module 3,ENSG00000138658,ZGRF1,protein_coding
ENSG00000116574.7,Module 2,ENSG00000116574,RHOU,protein_coding
ENSG00000068885.17,Module 6,ENSG00000068885,IFT80,protein_coding
ENSG00000155858.7,Module 5,ENSG00000155858,LSM11,protein_coding
ENSG00000170006.15,Module 6,ENSG00000170006,TMEM154,protein_coding
ENSG00000213015.11,Module 1,ENSG00000213015,ZNF580,protein_coding
ENSG00000177425.13,Module 2,ENSG00000177425,PAWR,protein_coding
ENSG00000138794.11,Module 3,ENSG00000138794,CASP6,protein_coding
ENSG00000068383.21,Module 6,ENSG00000068383,INPP5A,protein_coding
ENSG00000157077.18,Module 3,ENSG00000157077,ZFYVE9,protein_coding
ENSG00000063660.11,Module 1,ENSG00000063660,GPC1,protein_coding
ENSG00000223865.14,Module 1,ENSG00000223865,HLA-DPB1,protein_coding
ENSG00000091073.22,Module 1,ENSG00000091073,DTX2,protein_coding
ENSG00000168952.18,Module 1,ENSG00000168952,STXBP6,protein_coding
ENSG00000170525.23,Module 5,ENSG00000170525,PFKFB3,protein_coding
ENSG00000178607.18,Module 1,ENSG00000178607,ERN1,protein_coding
ENSG00000128596.19,Module 1,ENSG00000128596,CCDC136,protein_coding
ENSG00000138604.12,Module 5,ENSG00000138604,GLCE,protein_coding
ENSG00000149582.18,Module 3,ENSG00000149582,TMEM25,protein_coding
ENSG00000136305.14,Module 2,ENSG00000136305,CIDEB,protein_coding
ENSG00000169629.13,Module 1,ENSG00000169629,RGPD8,protein_coding
ENSG00000185650.12,Module 3,ENSG00000185650,ZFP36L1,protein_coding
ENSG00000188522.18,Module 1,ENSG00000188522,FAM83G,protein_coding
ENSG00000079215.17,Module 3,ENSG00000079215,SLC1A3,protein_coding
ENSG00000028137.21,Module 3,ENSG00000028137,TNFRSF1B,protein_coding
ENSG00000145365.14,Module 3,ENSG00000145365,TIFA,protein_coding
ENSG00000150054.21,Module 3,ENSG00000150054,MPP7,protein_coding
ENSG00000141013.19,Module 1,ENSG00000141013,DRC4,protein_coding
ENSG00000178764.10,Module 2,ENSG00000178764,ZHX2,protein_coding
ENSG00000166435.18,Module 1,ENSG00000166435,XRRA1,protein_coding
ENSG00000117461.17,Module 3,ENSG00000117461,PIK3R3,protein_coding
ENSG00000006459.13,Module 1,ENSG00000006459,KDM7A,protein_coding
ENSG00000188687.19,Module 1,ENSG00000188687,SLC4A5,protein_coding
ENSG00000153208.21,Module 3,ENSG00000153208,MERTK,protein_coding
ENSG00000175793.12,Module 1,ENSG00000175793,SFN,protein_coding
ENSG00000169193.14,Module 3,ENSG00000169193,CCDC126,protein_coding
ENSG00000069974.19,Module 5,ENSG00000069974,RAB27A,protein_coding
ENSG00000141506.17,Module 6,ENSG00000141506,PIK3R5,protein_coding
ENSG00000160284.17,Module 3,ENSG00000160284,SPATC1L,protein_coding
ENSG00000113758.16,Module 4,ENSG00000113758,DBN1,protein_coding
ENSG00000169116.13,Module 3,ENSG00000169116,PARM1,protein_coding
ENSG00000173852.18,Module 3,ENSG00000173852,DPY19L1,protein_coding
ENSG00000154240.20,Module 3,ENSG00000154240,CEP112,protein_coding
ENSG00000070087.17,Module 2,ENSG00000070087,PFN2,protein_coding
ENSG00000078589.15,Module 5,ENSG00000078589,P2RY10,protein_coding
ENSG00000187210.16,Module 1,ENSG00000187210,GCNT1,protein_coding
ENSG00000150637.11,Module 4,ENSG00000150637,CD226,protein_coding
ENSG00000165078.15,Module 3,ENSG00000165078,CPA6,protein_coding
ENSG00000188263.11,Module 1,ENSG00000188263,IL17REL,protein_coding
ENSG00000113196.5,Module 3,ENSG00000113196,HAND1,protein_coding
ENSG00000197565.19,Module 3,ENSG00000197565,COL4A6,protein_coding
ENSG00000157514.20,Module 6,ENSG00000157514,TSC22D3,protein_coding
ENSG00000114107.11,Module 2,ENSG00000114107,CEP70,protein_coding
ENSG00000189058.11,Module 3,ENSG00000189058,APOD,protein_coding
ENSG00000140564.15,Module 1,ENSG00000140564,FURIN,protein_coding
ENSG00000003436.18,Module 2,ENSG00000003436,TFPI,protein_coding
ENSG00000133739.18,Module 4,ENSG00000133739,LRRCC1,protein_coding
ENSG00000187601.5,Module 1,ENSG00000187601,MAGEH1,protein_coding
ENSG00000135622.16,Module 2,ENSG00000135622,SEMA4F,protein_coding
ENSG00000081177.21,Module 1,ENSG00000081177,EXD2,protein_coding
ENSG00000106665.18,Module 5,ENSG00000106665,CLIP2,protein_coding
ENSG00000124782.23,Module 4,ENSG00000124782,RREB1,protein_coding
ENSG00000128567.19,Module 5,ENSG00000128567,PODXL,protein_coding
ENSG00000171843.18,Module 3,ENSG00000171843,MLLT3,protein_coding
ENSG00000168811.9,Module 2,ENSG00000168811,IL12A,protein_coding
ENSG00000134343.15,Module 1,ENSG00000134343,ANO3,protein_coding
ENSG00000139517.11,Module 3,ENSG00000139517,LNX2,protein_coding
ENSG00000169032.13,Module 1,ENSG00000169032,MAP2K1,protein_coding
ENSG00000139278.11,Module 6,ENSG00000139278,GLIPR1,protein_coding
ENSG00000123739.13,Module 3,ENSG00000123739,PLA2G12A,protein_coding
ENSG00000173114.15,Module 1,ENSG00000173114,LRRN3,protein_coding
ENSG00000187231.16,Module 3,ENSG00000187231,SESTD1,protein_coding
ENSG00000073712.17,Module 1,ENSG00000073712,FERMT2,protein_coding
ENSG00000094841.16,Module 5,ENSG00000094841,UPRT,protein_coding
ENSG00000141349.12,Module 1,ENSG00000141349,G6PC3,protein_coding
ENSG00000102034.20,Module 4,ENSG00000102034,ELF4,protein_coding
ENSG00000160185.16,Module 5,ENSG00000160185,UBASH3A,protein_coding
ENSG00000168685.17,Module 1,ENSG00000168685,IL7R,protein_coding
ENSG00000183161.6,Module 4,ENSG00000183161,FANCF,protein_coding
ENSG00000188026.15,Module 1,ENSG00000188026,RILPL1,protein_coding
ENSG00000154721.17,Module 2,ENSG00000154721,JAM2,protein_coding
ENSG00000198324.16,Module 1,ENSG00000198324,PHETA1,protein_coding
ENSG00000037042.11,Module 5,ENSG00000037042,TUBG2,protein_coding
ENSG00000124243.21,Module 5,ENSG00000124243,BCAS4,protein_coding
ENSG00000136541.17,Module 1,ENSG00000136541,ERMN,protein_coding
ENSG00000107242.22,Module 1,ENSG00000107242,PIP5K1B,protein_coding
ENSG00000088836.16,Module 5,ENSG00000088836,SLC4A11,protein_coding
ENSG00000106080.12,Module 3,ENSG00000106080,FKBP14,protein_coding
ENSG00000188859.8,Module 1,ENSG00000188859,FAM78B,protein_coding
ENSG00000178229.10,Module 4,ENSG00000178229,ZNF543,protein_coding
ENSG00000188372.16,Module 1,ENSG00000188372,ZP3,protein_coding
ENSG00000144893.15,Module 1,ENSG00000144893,MED12L,protein_coding
ENSG00000163328.16,Module 1,ENSG00000163328,GPR155,protein_coding
ENSG00000166979.15,Module 3,ENSG00000166979,EVA1C,protein_coding
ENSG00000171621.16,Module 5,ENSG00000171621,SPSB1,protein_coding
ENSG00000169398.22,Module 5,ENSG00000169398,PTK2,protein_coding
ENSG00000124159.19,Module 1,ENSG00000124159,MATN4,protein_coding
ENSG00000215375.9,Module 1,ENSG00000215375,MYL5,protein_coding
ENSG00000166669.16,Module 2,ENSG00000166669,ATF7IP2,protein_coding
ENSG00000221968.11,Module 1,ENSG00000221968,FADS3,protein_coding
ENSG00000134460.19,Module 1,ENSG00000134460,IL2RA,protein_coding
ENSG00000184588.19,Module 1,ENSG00000184588,PDE4B,protein_coding
ENSG00000164037.19,Module 3,ENSG00000164037,SLC9B1,protein_coding
ENSG00000066923.21,Module 5,ENSG00000066923,STAG3,protein_coding
ENSG00000145012.17,Module 2,ENSG00000145012,LPP,protein_coding
ENSG00000148450.15,Module 1,ENSG00000148450,MSRB2,protein_coding
ENSG00000111728.13,Module 1,ENSG00000111728,ST8SIA1,protein_coding
ENSG00000105976.18,Module 4,ENSG00000105976,MET,protein_coding
ENSG00000119121.24,Module 3,ENSG00000119121,TRPM6,protein_coding
ENSG00000177374.15,Module 3,ENSG00000177374,HIC1,protein_coding
ENSG00000181418.8,Module 6,ENSG00000181418,DDN,protein_coding
ENSG00000198814.16,Module 1,ENSG00000198814,GK,protein_coding
ENSG00000128165.10,Module 1,ENSG00000128165,ADM2,protein_coding
ENSG00000215440.14,Module 1,ENSG00000215440,NPEPL1,protein_coding
ENSG00000187912.12,Module 3,ENSG00000187912,CLEC17A,protein_coding
ENSG00000156463.20,Module 4,ENSG00000156463,SH3RF2,protein_coding
ENSG00000170476.17,Module 1,ENSG00000170476,MZB1,protein_coding
ENSG00000054654.21,Module 5,ENSG00000054654,SYNE2,protein_coding
ENSG00000141933.10,Module 1,ENSG00000141933,TPGS1,protein_coding
ENSG00000159714.14,Module 1,ENSG00000159714,ZDHHC1,protein_coding
ENSG00000163584.20,Module 1,ENSG00000163584,RPL22L1,protein_coding
ENSG00000188404.12,Module 4,ENSG00000188404,SELL,protein_coding
ENSG00000152402.12,Module 3,ENSG00000152402,GUCY1A2,protein_coding
ENSG00000243279.6,Module 1,ENSG00000243279,PRAF2,protein_coding
ENSG00000253293.7,Module 5,ENSG00000253293,HOXA10,protein_coding
ENSG00000158286.15,Module 1,ENSG00000158286,RNF207,protein_coding
ENSG00000104518.12,Module 4,ENSG00000104518,GSDMD,protein_coding
ENSG00000257093.8,Module 1,ENSG00000257093,DENND11,protein_coding
ENSG00000198756.13,Module 1,ENSG00000198756,COLGALT2,protein_coding
ENSG00000124762.17,Module 2,ENSG00000124762,CDKN1A,protein_coding
ENSG00000132196.18,Module 3,ENSG00000132196,HSD17B7,protein_coding
ENSG00000187627.18,Module 1,ENSG00000187627,RGPD1,protein_coding
ENSG00000127220.8,Module 4,ENSG00000127220,ABHD8,protein_coding
ENSG00000069020.20,Module 1,ENSG00000069020,MAST4,protein_coding
ENSG00000010818.13,Module 5,ENSG00000010818,HIVEP2,protein_coding
ENSG00000170837.3,Module 3,ENSG00000170837,GPR27,protein_coding
ENSG00000137868.21,Module 1,ENSG00000137868,STRA6,protein_coding
ENSG00000106605.13,Module 3,ENSG00000106605,BLVRA,protein_coding
ENSG00000278129.4,Module 6,ENSG00000278129,ZNF8,protein_coding
ENSG00000106804.12,Module 3,ENSG00000106804,C5,protein_coding
ENSG00000105290.16,Module 1,ENSG00000105290,APLP1,protein_coding
ENSG00000248746.8,Module 1,ENSG00000248746,ACTN3,protein_coding
ENSG00000114423.25,Module 1,ENSG00000114423,CBLB,protein_coding
ENSG00000163359.19,Module 3,ENSG00000163359,COL6A3,protein_coding
ENSG00000163947.14,Module 5,ENSG00000163947,ARHGEF3,protein_coding
ENSG00000099810.23,Module 4,ENSG00000099810,MTAP,protein_coding
ENSG00000184530.10,Module 3,ENSG00000184530,C6orf58,protein_coding
ENSG00000165312.7,Module 2,ENSG00000165312,OTUD1,protein_coding
ENSG00000139626.18,Module 6,ENSG00000139626,ITGB7,protein_coding
ENSG00000067715.17,Module 3,ENSG00000067715,SYT1,protein_coding
ENSG00000135074.18,Module 1,ENSG00000135074,ADAM19,protein_coding
ENSG00000196126.14,Module 4,ENSG00000196126,HLA-DRB1,protein_coding
ENSG00000164078.17,Module 1,ENSG00000164078,MST1R,protein_coding
ENSG00000198883.12,Module 1,ENSG00000198883,PNMA5,protein_coding
ENSG00000135452.12,Module 1,ENSG00000135452,TSPAN31,protein_coding
ENSG00000150457.11,Module 1,ENSG00000150457,LATS2,protein_coding
ENSG00000115363.16,Module 4,ENSG00000115363,EVA1A,protein_coding
ENSG00000179344.19,Module 4,ENSG00000179344,HLA-DQB1,protein_coding
ENSG00000129473.13,Module 1,ENSG00000129473,BCL2L2,protein_coding
ENSG00000070190.15,Module 3,ENSG00000070190,DAPP1,protein_coding
ENSG00000109667.14,Module 1,ENSG00000109667,SLC2A9,protein_coding
ENSG00000139178.14,Module 1,ENSG00000139178,C1RL,protein_coding
ENSG00000136048.16,Module 2,ENSG00000136048,DRAM1,protein_coding
ENSG00000171444.20,Module 5,ENSG00000171444,MCC,protein_coding
ENSG00000142102.18,Module 1,ENSG00000142102,PGGHG,protein_coding
ENSG00000010030.15,Module 1,ENSG00000010030,ETV7,protein_coding
ENSG00000002822.18,Module 1,ENSG00000002822,MAD1L1,protein_coding
ENSG00000146416.20,Module 1,ENSG00000146416,AIG1,protein_coding
ENSG00000123191.20,Module 2,ENSG00000123191,ATP7B,protein_coding
ENSG00000134871.22,Module 1,ENSG00000134871,COL4A2,protein_coding
ENSG00000120306.13,Module 1,ENSG00000120306,CYSTM1,protein_coding
ENSG00000108932.15,Module 1,ENSG00000108932,SLC16A6,protein_coding
ENSG00000083454.25,Module 6,ENSG00000083454,P2RX5,protein_coding
ENSG00000164211.15,Module 1,ENSG00000164211,STARD4,protein_coding
ENSG00000077782.25,Module 4,ENSG00000077782,FGFR1,protein_coding
ENSG00000239713.11,Module 4,ENSG00000239713,APOBEC3G,protein_coding
ENSG00000130222.13,Module 1,ENSG00000130222,GADD45G,protein_coding
ENSG00000178814.19,Module 2,ENSG00000178814,OPLAH,protein_coding
ENSG00000161265.16,Module 1,ENSG00000161265,U2AF1L4,protein_coding
ENSG00000104497.17,Module 4,ENSG00000104497,SNX16,protein_coding
ENSG00000198502.9,Module 3,ENSG00000198502,HLA-DRB5,protein_coding
ENSG00000158106.17,Module 5,ENSG00000158106,RHPN1,protein_coding
ENSG00000123358.22,Module 1,ENSG00000123358,NR4A1,protein_coding
ENSG00000160654.13,Module 1,ENSG00000160654,CD3G,protein_coding
ENSG00000107537.16,Module 1,ENSG00000107537,PHYH,protein_coding
ENSG00000101298.17,Module 2,ENSG00000101298,SNPH,protein_coding
ENSG00000107821.17,Module 5,ENSG00000107821,KAZALD1,protein_coding
ENSG00000174669.14,Module 3,ENSG00000174669,SLC29A2,protein_coding
ENSG00000239887.6,Module 3,ENSG00000239887,C1orf226,protein_coding
ENSG00000120949.16,Module 3,ENSG00000120949,TNFRSF8,protein_coding
ENSG00000134824.16,Module 1,ENSG00000134824,FADS2,protein_coding
ENSG00000168209.8,Module 5,ENSG00000168209,DDIT4,protein_coding
ENSG00000033327.14,Module 1,ENSG00000033327,GAB2,protein_coding
ENSG00000215252.14,Module 1,ENSG00000215252,GOLGA8B,protein_coding
ENSG00000127824.17,Module 1,ENSG00000127824,TUBA4A,protein_coding
ENSG00000146376.13,Module 5,ENSG00000146376,ARHGAP18,protein_coding
ENSG00000197381.20,Module 1,ENSG00000197381,ADARB1,protein_coding
ENSG00000168389.20,Module 1,ENSG00000168389,MFSD2A,protein_coding
ENSG00000147799.14,Module 6,ENSG00000147799,ARHGAP39,protein_coding
ENSG00000134531.12,Module 2,ENSG00000134531,EMP1,protein_coding
ENSG00000180626.12,Module 1,ENSG00000180626,ZNF594,protein_coding
ENSG00000103187.9,Module 6,ENSG00000103187,COTL1,protein_coding
ENSG00000269743.5,Module 3,ENSG00000269743,SLC25A53,protein_coding
ENSG00000120756.15,Module 4,ENSG00000120756,PLS1,protein_coding
ENSG00000181481.16,Module 2,ENSG00000181481,RNF135,protein_coding
ENSG00000197256.13,Module 4,ENSG00000197256,KANK2,protein_coding
ENSG00000185630.21,Module 3,ENSG00000185630,PBX1,protein_coding
ENSG00000065717.18,Module 1,ENSG00000065717,TLE2,protein_coding
ENSG00000131069.22,Module 2,ENSG00000131069,ACSS2,protein_coding
ENSG00000196476.14,Module 4,ENSG00000196476,C20orf96,protein_coding
ENSG00000115525.20,Module 5,ENSG00000115525,ST3GAL5,protein_coding
ENSG00000178096.11,Module 1,ENSG00000178096,BOLA1,protein_coding
ENSG00000183655.15,Module 1,ENSG00000183655,KLHL25,protein_coding
ENSG00000110448.13,Module 6,ENSG00000110448,CD5,protein_coding
ENSG00000070759.19,Module 3,ENSG00000070759,TESK2,protein_coding
ENSG00000196358.14,Module 4,ENSG00000196358,NTNG2,protein_coding
ENSG00000180233.13,Module 3,ENSG00000180233,ZNRF2,protein_coding
ENSG00000121210.18,Module 4,ENSG00000121210,TMEM131L,protein_coding
ENSG00000154975.16,Module 1,ENSG00000154975,CA10,protein_coding
ENSG00000143891.19,Module 3,ENSG00000143891,GALM,protein_coding
ENSG00000172292.17,Module 3,ENSG00000172292,CERS6,protein_coding
ENSG00000038945.17,Module 6,ENSG00000038945,MSR1,protein_coding
ENSG00000197321.18,Module 2,ENSG00000197321,SVIL,protein_coding
ENSG00000137501.20,Module 3,ENSG00000137501,SYTL2,protein_coding
ENSG00000156299.17,Module 6,ENSG00000156299,TIAM1,protein_coding
ENSG00000162512.18,Module 2,ENSG00000162512,SDC3,protein_coding
ENSG00000115641.21,Module 5,ENSG00000115641,FHL2,protein_coding
ENSG00000128342.6,Module 1,ENSG00000128342,LIF,protein_coding
ENSG00000163600.15,Module 1,ENSG00000163600,ICOS,protein_coding
ENSG00000125148.9,Module 1,ENSG00000125148,MT2A,protein_coding
ENSG00000115295.23,Module 3,ENSG00000115295,CLIP4,protein_coding
ENSG00000138166.8,Module 1,ENSG00000138166,DUSP5,protein_coding
ENSG00000188483.8,Module 4,ENSG00000188483,IER5L,protein_coding
ENSG00000106701.15,Module 2,ENSG00000106701,FSD1L,protein_coding
ENSG00000136960.15,Module 1,ENSG00000136960,ENPP2,protein_coding
ENSG00000013725.16,Module 6,ENSG00000013725,CD6,protein_coding
ENSG00000186480.15,Module 3,ENSG00000186480,INSIG1,protein_coding
ENSG00000166750.12,Module 5,ENSG00000166750,SLFN5,protein_coding
ENSG00000185340.18,Module 1,ENSG00000185340,GAS2L1,protein_coding
ENSG00000026508.23,Module 1,ENSG00000026508,CD44,protein_coding
ENSG00000127415.15,Module 2,ENSG00000127415,IDUA,protein_coding
ENSG00000079150.20,Module 3,ENSG00000079150,FKBP7,protein_coding
ENSG00000137203.15,Module 4,ENSG00000137203,TFAP2A,protein_coding
ENSG00000197457.12,Module 5,ENSG00000197457,STMN3,protein_coding
ENSG00000089327.18,Module 5,ENSG00000089327,FXYD5,protein_coding
ENSG00000141576.18,Module 3,ENSG00000141576,RNF157,protein_coding
ENSG00000159733.15,Module 2,ENSG00000159733,ZFYVE28,protein_coding
ENSG00000152207.10,Module 1,ENSG00000152207,CYSLTR2,protein_coding
ENSG00000181215.18,Module 2,ENSG00000181215,C4orf50,protein_coding
ENSG00000105376.7,Module 3,ENSG00000105376,ICAM5,protein_coding
ENSG00000067177.17,Module 3,ENSG00000067177,PHKA1,protein_coding
ENSG00000139800.9,Module 1,ENSG00000139800,ZIC5,protein_coding
ENSG00000103175.13,Module 1,ENSG00000103175,WFDC1,protein_coding
ENSG00000119632.6,Module 1,ENSG00000119632,IFI27L2,protein_coding
ENSG00000135919.16,Module 3,ENSG00000135919,SERPINE2,protein_coding
ENSG00000204161.17,Module 1,ENSG00000204161,TMEM273,protein_coding
ENSG00000075340.25,Module 1,ENSG00000075340,ADD2,protein_coding
ENSG00000160593.22,Module 3,ENSG00000160593,JAML,protein_coding
ENSG00000183508.7,Module 1,ENSG00000183508,TENT5C,protein_coding
ENSG00000107282.10,Module 1,ENSG00000107282,APBA1,protein_coding
ENSG00000169258.9,Module 3,ENSG00000169258,GPRIN1,protein_coding
ENSG00000163131.14,Module 4,ENSG00000163131,CTSS,protein_coding
ENSG00000110090.15,Module 4,ENSG00000110090,CPT1A,protein_coding
ENSG00000196735.15,Module 4,ENSG00000196735,HLA-DQA1,protein_coding
ENSG00000062282.17,Module 5,ENSG00000062282,DGAT2,protein_coding
ENSG00000104290.13,Module 5,ENSG00000104290,FZD3,protein_coding
ENSG00000128573.30,Module 2,ENSG00000128573,FOXP2,protein_coding
ENSG00000186648.17,Module 1,ENSG00000186648,CARMIL3,protein_coding
ENSG00000028277.24,Module 6,ENSG00000028277,POU2F2,protein_coding
ENSG00000021826.20,Module 1,ENSG00000021826,CPS1,protein_coding
ENSG00000203867.11,Module 3,ENSG00000203867,RBM20,protein_coding
ENSG00000133121.23,Module 1,ENSG00000133121,STARD13,protein_coding
ENSG00000074696.15,Module 2,ENSG00000074696,HACD3,protein_coding
ENSG00000082556.15,Module 3,ENSG00000082556,OPRK1,protein_coding
ENSG00000172382.12,Module 1,ENSG00000172382,PRSS27,protein_coding
ENSG00000148834.15,Module 5,ENSG00000148834,GSTO1,protein_coding
ENSG00000197121.17,Module 1,ENSG00000197121,PGAP1,protein_coding
ENSG00000151474.24,Module 1,ENSG00000151474,FRMD4A,protein_coding
ENSG00000145569.8,Module 5,ENSG00000145569,OTULINL,protein_coding
ENSG00000197142.13,Module 6,ENSG00000197142,ACSL5,protein_coding
ENSG00000115159.19,Module 3,ENSG00000115159,GPD2,protein_coding
ENSG00000089692.11,Module 3,ENSG00000089692,LAG3,protein_coding
ENSG00000163218.16,Module 1,ENSG00000163218,PGLYRP4,protein_coding
ENSG00000079156.19,Module 1,ENSG00000079156,OSBPL6,protein_coding
ENSG00000154265.18,Module 2,ENSG00000154265,ABCA5,protein_coding
ENSG00000111335.15,Module 1,ENSG00000111335,OAS2,protein_coding
ENSG00000183723.14,Module 5,ENSG00000183723,CMTM4,protein_coding
ENSG00000116711.12,Module 1,ENSG00000116711,PLA2G4A,protein_coding
ENSG00000179477.12,Module 1,ENSG00000179477,ALOX12B,protein_coding
ENSG00000130413.18,Module 6,ENSG00000130413,STK33,protein_coding
ENSG00000141655.20,Module 2,ENSG00000141655,TNFRSF11A,protein_coding
ENSG00000008441.20,Module 6,ENSG00000008441,NFIX,protein_coding
ENSG00000171119.5,Module 2,ENSG00000171119,NRTN,protein_coding
ENSG00000145555.16,Module 2,ENSG00000145555,MYO10,protein_coding
ENSG00000095370.22,Module 5,ENSG00000095370,SH2D3C,protein_coding
ENSG00000124145.8,Module 1,ENSG00000124145,SDC4,protein_coding
ENSG00000158887.22,Module 1,ENSG00000158887,MPZ,protein_coding
ENSG00000072682.22,Module 1,ENSG00000072682,P4HA2,protein_coding
ENSG00000120217.15,Module 1,ENSG00000120217,CD274,protein_coding
ENSG00000129521.17,Module 1,ENSG00000129521,EGLN3,protein_coding
ENSG00000183688.4,Module 1,ENSG00000183688,RFLNB,protein_coding
ENSG00000147862.20,Module 3,ENSG00000147862,NFIB,protein_coding
ENSG00000135898.12,Module 1,ENSG00000135898,GPR55,protein_coding
ENSG00000147443.15,Module 3,ENSG00000147443,DOK2,protein_coding
ENSG00000277258.7,Module 2,ENSG00000277258,PCGF2,protein_coding
ENSG00000152689.21,Module 1,ENSG00000152689,RASGRP3,protein_coding
ENSG00000137841.14,Module 1,ENSG00000137841,PLCB2,protein_coding
ENSG00000079435.11,Module 5,ENSG00000079435,LIPE,protein_coding
ENSG00000187164.22,Module 3,ENSG00000187164,SHTN1,protein_coding
ENSG00000092621.15,Module 3,ENSG00000092621,PHGDH,protein_coding
ENSG00000043462.15,Module 1,ENSG00000043462,LCP2,protein_coding
ENSG00000147889.19,Module 3,ENSG00000147889,CDKN2A,protein_coding
ENSG00000164691.21,Module 1,ENSG00000164691,TAGAP,protein_coding
ENSG00000173846.16,Module 1,ENSG00000173846,PLK3,protein_coding
ENSG00000162971.13,Module 1,ENSG00000162971,TYW5,protein_coding
ENSG00000128284.23,Module 6,ENSG00000128284,APOL3,protein_coding
ENSG00000107281.12,Module 1,ENSG00000107281,NPDC1,protein_coding
ENSG00000115594.14,Module 1,ENSG00000115594,IL1R1,protein_coding
ENSG00000075651.19,Module 3,ENSG00000075651,PLD1,protein_coding
ENSG00000119862.15,Module 2,ENSG00000119862,LGALSL,protein_coding
ENSG00000137563.15,Module 3,ENSG00000137563,GGH,protein_coding
ENSG00000140563.18,Module 1,ENSG00000140563,MCTP2,protein_coding
ENSG00000233493.6,Module 1,ENSG00000233493,TMEM238,protein_coding
ENSG00000261115.8,Module 1,ENSG00000261115,TMEM178B,protein_coding
ENSG00000184374.5,Module 1,ENSG00000184374,COLEC10,protein_coding
ENSG00000115648.16,Module 3,ENSG00000115648,MLPH,protein_coding
ENSG00000187535.16,Module 1,ENSG00000187535,IFT140,protein_coding
ENSG00000204991.13,Module 1,ENSG00000204991,SPIRE2,protein_coding
ENSG00000119917.16,Module 2,ENSG00000119917,IFIT3,protein_coding
ENSG00000141756.22,Module 1,ENSG00000141756,FKBP10,protein_coding
ENSG00000186281.15,Module 1,ENSG00000186281,GPAT2,protein_coding
ENSG00000135643.6,Module 3,ENSG00000135643,KCNMB4,protein_coding
ENSG00000152377.16,Module 1,ENSG00000152377,SPOCK1,protein_coding
ENSG00000260001.10,Module 3,ENSG00000260001,TGFBR3L,protein_coding
ENSG00000166582.13,Module 6,ENSG00000166582,CENPV,protein_coding
ENSG00000167286.13,Module 1,ENSG00000167286,CD3D,protein_coding
ENSG00000170627.13,Module 5,ENSG00000170627,GTSF1,protein_coding
ENSG00000143333.9,Module 5,ENSG00000143333,RGS16,protein_coding
ENSG00000117090.18,Module 1,ENSG00000117090,SLAMF1,protein_coding
ENSG00000154611.16,Module 3,ENSG00000154611,PSMA8,protein_coding
ENSG00000171224.11,Module 1,ENSG00000171224,FAM241B,protein_coding
ENSG00000133026.16,Module 5,ENSG00000133026,MYH10,protein_coding
ENSG00000162676.15,Module 3,ENSG00000162676,GFI1,protein_coding
ENSG00000160179.22,Module 5,ENSG00000160179,ABCG1,protein_coding
ENSG00000041515.17,Module 1,ENSG00000041515,MYO16,protein_coding
ENSG00000163235.18,Module 2,ENSG00000163235,TGFA,protein_coding
ENSG00000186854.13,Module 2,ENSG00000186854,TRABD2A,protein_coding
ENSG00000115155.19,Module 1,ENSG00000115155,OTOF,protein_coding
ENSG00000161682.17,Module 4,ENSG00000161682,FAM171A2,protein_coding
ENSG00000102245.10,Module 1,ENSG00000102245,CD40LG,protein_coding
ENSG00000143079.17,Module 5,ENSG00000143079,CTTNBP2NL,protein_coding
ENSG00000049323.18,Module 2,ENSG00000049323,LTBP1,protein_coding
ENSG00000198467.18,Module 1,ENSG00000198467,TPM2,protein_coding
ENSG00000142794.21,Module 1,ENSG00000142794,NBPF3,protein_coding
ENSG00000124570.23,Module 3,ENSG00000124570,SERPINB6,protein_coding
ENSG00000168502.20,Module 1,ENSG00000168502,MTCL1,protein_coding
ENSG00000011028.15,Module 2,ENSG00000011028,MRC2,protein_coding
ENSG00000141429.16,Module 4,ENSG00000141429,GALNT1,protein_coding
ENSG00000145839.2,Module 1,ENSG00000145839,IL9,protein_coding
ENSG00000078900.18,Module 2,ENSG00000078900,TP73,protein_coding
ENSG00000162390.20,Module 2,ENSG00000162390,ACOT11,protein_coding
ENSG00000134698.13,Module 1,ENSG00000134698,AGO4,protein_coding
ENSG00000163421.10,Module 3,ENSG00000163421,PROK2,protein_coding
ENSG00000111817.21,Module 4,ENSG00000111817,DSE,protein_coding
ENSG00000164649.22,Module 3,ENSG00000164649,CDCA7L,protein_coding
ENSG00000104921.16,Module 1,ENSG00000104921,FCER2,protein_coding
ENSG00000136732.18,Module 6,ENSG00000136732,GYPC,protein_coding
ENSG00000145103.17,Module 2,ENSG00000145103,ILDR1,protein_coding
ENSG00000053747.18,Module 6,ENSG00000053747,LAMA3,protein_coding
ENSG00000165507.11,Module 1,ENSG00000165507,DEPP1,protein_coding
ENSG00000085831.18,Module 1,ENSG00000085831,TTC39A,protein_coding
ENSG00000144452.15,Module 1,ENSG00000144452,ABCA12,protein_coding
ENSG00000109684.17,Module 1,ENSG00000109684,CLNK,protein_coding
ENSG00000189283.12,Module 3,ENSG00000189283,FHIT,protein_coding
ENSG00000104267.12,Module 3,ENSG00000104267,CA2,protein_coding
ENSG00000214194.11,Module 5,ENSG00000214194,SMIM30,protein_coding
ENSG00000151320.13,Module 3,ENSG00000151320,AKAP6,protein_coding
ENSG00000173482.18,Module 1,ENSG00000173482,PTPRM,protein_coding
ENSG00000134986.16,Module 4,ENSG00000134986,NREP,protein_coding
ENSG00000110076.22,Module 5,ENSG00000110076,NRXN2,protein_coding
ENSG00000239697.14,Module 1,ENSG00000239697,TNFSF12,protein_coding
ENSG00000138640.17,Module 1,ENSG00000138640,FAM13A,protein_coding
ENSG00000105974.15,Module 3,ENSG00000105974,CAV1,protein_coding
ENSG00000122778.12,Module 5,ENSG00000122778,KIAA1549,protein_coding
ENSG00000105854.15,Module 1,ENSG00000105854,PON2,protein_coding
ENSG00000079462.10,Module 2,ENSG00000079462,PAFAH1B3,protein_coding
ENSG00000204397.13,Module 1,ENSG00000204397,CARD16,protein_coding
ENSG00000196664.6,Module 1,ENSG00000196664,TLR7,protein_coding
ENSG00000123843.15,Module 1,ENSG00000123843,C4BPB,protein_coding
ENSG00000147592.11,Module 5,ENSG00000147592,LACTB2,protein_coding
ENSG00000182359.17,Module 3,ENSG00000182359,KBTBD3,protein_coding
ENSG00000121101.18,Module 3,ENSG00000121101,TEX14,protein_coding
ENSG00000170231.18,Module 5,ENSG00000170231,FABP6,protein_coding
ENSG00000075043.23,Module 1,ENSG00000075043,KCNQ2,protein_coding
ENSG00000165322.20,Module 2,ENSG00000165322,ARHGAP12,protein_coding
ENSG00000101384.14,Module 3,ENSG00000101384,JAG1,protein_coding
ENSG00000181315.13,Module 4,ENSG00000181315,ZNF322,protein_coding
ENSG00000105991.11,Module 5,ENSG00000105991,HOXA1,protein_coding
ENSG00000138378.22,Module 1,ENSG00000138378,STAT4,protein_coding
ENSG00000113369.10,Module 3,ENSG00000113369,ARRDC3,protein_coding
ENSG00000168421.15,Module 5,ENSG00000168421,RHOH,protein_coding
ENSG00000198286.13,Module 5,ENSG00000198286,CARD11,protein_coding
ENSG00000157110.18,Module 1,ENSG00000157110,RBPMS,protein_coding
ENSG00000189171.18,Module 1,ENSG00000189171,S100A13,protein_coding
ENSG00000113946.6,Module 1,ENSG00000113946,CLDN16,protein_coding
ENSG00000039523.22,Module 4,ENSG00000039523,RIPOR1,protein_coding
ENSG00000039068.22,Module 1,ENSG00000039068,CDH1,protein_coding
ENSG00000188322.9,Module 5,ENSG00000188322,SBK1,protein_coding
ENSG00000127990.21,Module 3,ENSG00000127990,SGCE,protein_coding
ENSG00000141753.9,Module 2,ENSG00000141753,IGFBP4,protein_coding
ENSG00000095397.20,Module 1,ENSG00000095397,WHRN,protein_coding
ENSG00000101400.8,Module 4,ENSG00000101400,SNTA1,protein_coding
ENSG00000196839.16,Module 6,ENSG00000196839,ADA,protein_coding
ENSG00000107954.13,Module 1,ENSG00000107954,NEURL1,protein_coding
ENSG00000171208.12,Module 4,ENSG00000171208,NETO2,protein_coding
ENSG00000167693.18,Module 4,ENSG00000167693,NXN,protein_coding
ENSG00000081237.24,Module 6,ENSG00000081237,PTPRC,protein_coding
ENSG00000213889.13,Module 1,ENSG00000213889,PPM1N,protein_coding
ENSG00000171777.18,Module 2,ENSG00000171777,RASGRP4,protein_coding
ENSG00000104312.10,Module 3,ENSG00000104312,RIPK2,protein_coding
ENSG00000171045.18,Module 5,ENSG00000171045,TSNARE1,protein_coding
ENSG00000136514.4,Module 1,ENSG00000136514,RTP4,protein_coding
ENSG00000116117.21,Module 3,ENSG00000116117,PARD3B,protein_coding
ENSG00000154319.18,Module 2,ENSG00000154319,FAM167A,protein_coding
ENSG00000136848.20,Module 6,ENSG00000136848,DAB2IP,protein_coding
ENSG00000100298.17,Module 1,ENSG00000100298,APOBEC3H,protein_coding
ENSG00000144015.6,Module 1,ENSG00000144015,TRIM43,protein_coding
ENSG00000189420.11,Module 1,ENSG00000189420,ZFP92,protein_coding
ENSG00000235750.12,Module 1,ENSG00000235750,KIAA0040,protein_coding
ENSG00000137267.9,Module 3,ENSG00000137267,TUBB2A,protein_coding
ENSG00000198353.9,Module 1,ENSG00000198353,HOXC4,protein_coding
ENSG00000111110.14,Module 4,ENSG00000111110,PPM1H,protein_coding
ENSG00000095203.17,Module 5,ENSG00000095203,EPB41L4B,protein_coding
ENSG00000012124.19,Module 1,ENSG00000012124,CD22,protein_coding
ENSG00000133315.14,Module 5,ENSG00000133315,MACROD1,protein_coding
ENSG00000111846.22,Module 1,ENSG00000111846,GCNT2,protein_coding
ENSG00000162433.17,Module 1,ENSG00000162433,AK4,protein_coding
ENSG00000160191.20,Module 1,ENSG00000160191,PDE9A,protein_coding
ENSG00000186716.23,Module 2,ENSG00000186716,BCR,protein_coding
ENSG00000081026.21,Module 3,ENSG00000081026,MAGI3,protein_coding
ENSG00000163606.12,Module 6,ENSG00000163606,CD200R1,protein_coding
ENSG00000163694.17,Module 1,ENSG00000163694,RBM47,protein_coding
ENSG00000151276.25,Module 1,ENSG00000151276,MAGI1,protein_coding
ENSG00000168542.20,Module 2,ENSG00000168542,COL3A1,protein_coding
ENSG00000078596.13,Module 5,ENSG00000078596,ITM2A,protein_coding
ENSG00000139722.9,Module 2,ENSG00000139722,VPS37B,protein_coding
ENSG00000092445.14,Module 2,ENSG00000092445,TYRO3,protein_coding
ENSG00000163564.16,Module 1,ENSG00000163564,PYHIN1,protein_coding
ENSG00000114374.15,Module 1,ENSG00000114374,USP9Y,protein_coding
ENSG00000154930.17,Module 4,ENSG00000154930,ACSS1,protein_coding
ENSG00000162777.19,Module 1,ENSG00000162777,DENND2D,protein_coding
ENSG00000138760.13,Module 4,ENSG00000138760,SCARB2,protein_coding
ENSG00000082512.17,Module 4,ENSG00000082512,TRAF5,protein_coding
ENSG00000137766.19,Module 2,ENSG00000137766,UNC13C,protein_coding
ENSG00000253276.5,Module 1,ENSG00000253276,CCDC71L,protein_coding
ENSG00000120885.24,Module 4,ENSG00000120885,CLU,protein_coding
ENSG00000152527.16,Module 1,ENSG00000152527,PLEKHH2,protein_coding
ENSG00000152582.16,Module 1,ENSG00000152582,SPEF2,protein_coding
ENSG00000166444.21,Module 1,ENSG00000166444,DENND2B,protein_coding
ENSG00000117139.20,Module 2,ENSG00000117139,KDM5B,protein_coding
ENSG00000227507.4,Module 1,ENSG00000227507,LTB,protein_coding
ENSG00000174500.14,Module 1,ENSG00000174500,GCSAM,protein_coding
ENSG00000120549.21,Module 1,ENSG00000120549,KIAA1217,protein_coding
ENSG00000118263.18,Module 3,ENSG00000118263,KLF7,protein_coding
ENSG00000131941.9,Module 1,ENSG00000131941,RHPN2,protein_coding
ENSG00000107796.16,Module 5,ENSG00000107796,ACTA2,protein_coding
ENSG00000139880.22,Module 4,ENSG00000139880,CDH24,protein_coding
ENSG00000113494.19,Module 1,ENSG00000113494,PRLR,protein_coding
ENSG00000198963.12,Module 3,ENSG00000198963,RORB,protein_coding
ENSG00000185686.18,Module 1,ENSG00000185686,PRAME,protein_coding
ENSG00000180828.3,Module 4,ENSG00000180828,BHLHE22,protein_coding
ENSG00000135269.20,Module 5,ENSG00000135269,TES,protein_coding
ENSG00000010319.9,Module 3,ENSG00000010319,SEMA3G,protein_coding
ENSG00000005884.20,Module 5,ENSG00000005884,ITGA3,protein_coding
ENSG00000073008.18,Module 5,ENSG00000073008,PVR,protein_coding
ENSG00000169896.20,Module 1,ENSG00000169896,ITGAM,protein_coding
ENSG00000178053.22,Module 3,ENSG00000178053,MLF1,protein_coding
ENSG00000135605.15,Module 5,ENSG00000135605,TEC,protein_coding
ENSG00000183775.12,Module 2,ENSG00000183775,KCTD16,protein_coding
ENSG00000147231.15,Module 3,ENSG00000147231,RADX,protein_coding
ENSG00000169194.10,Module 1,ENSG00000169194,IL13,protein_coding
ENSG00000254997.4,Module 3,ENSG00000254997,KRTAP5-9,protein_coding
ENSG00000100979.17,Module 1,ENSG00000100979,PLTP,protein_coding
ENSG00000205730.7,Module 1,ENSG00000205730,ITPRIPL2,protein_coding
ENSG00000136327.7,Module 1,ENSG00000136327,NKX2-8,protein_coding
ENSG00000137078.12,Module 1,ENSG00000137078,SIT1,protein_coding
ENSG00000156103.17,Module 3,ENSG00000156103,MMP16,protein_coding
ENSG00000164749.14,Module 3,ENSG00000164749,HNF4G,protein_coding
ENSG00000115604.14,Module 1,ENSG00000115604,IL18R1,protein_coding
ENSG00000162086.18,Module 6,ENSG00000162086,ZNF75A,protein_coding
ENSG00000134901.16,Module 5,ENSG00000134901,POGLUT2,protein_coding
ENSG00000010803.20,Module 1,ENSG00000010803,SCMH1,protein_coding
ENSG00000172179.14,Module 3,ENSG00000172179,PRL,protein_coding
ENSG00000196659.10,Module 3,ENSG00000196659,IFT70B,protein_coding
ENSG00000138613.16,Module 1,ENSG00000138613,APH1B,protein_coding
ENSG00000205704.11,Module 1,ENSG00000205704,SMIM45,protein_coding
ENSG00000114861.26,Module 5,ENSG00000114861,FOXP1,protein_coding
ENSG00000185818.9,Module 3,ENSG00000185818,NAT8L,protein_coding
ENSG00000085871.11,Module 1,ENSG00000085871,MGST2,protein_coding
ENSG00000101333.21,Module 3,ENSG00000101333,PLCB4,protein_coding
ENSG00000180806.6,Module 1,ENSG00000180806,HOXC9,protein_coding
ENSG00000147647.15,Module 3,ENSG00000147647,DPYS,protein_coding
ENSG00000169855.22,Module 2,ENSG00000169855,ROBO1,protein_coding
ENSG00000172349.20,Module 5,ENSG00000172349,IL16,protein_coding
ENSG00000133740.13,Module 3,ENSG00000133740,E2F5,protein_coding
ENSG00000152078.12,Module 3,ENSG00000152078,TLCD4,protein_coding
ENSG00000131398.15,Module 1,ENSG00000131398,KCNC3,protein_coding
ENSG00000187624.10,Module 3,ENSG00000187624,LIAT1,protein_coding
ENSG00000073756.13,Module 1,ENSG00000073756,PTGS2,protein_coding
ENSG00000145911.9,Module 5,ENSG00000145911,N4BP3,protein_coding
ENSG00000154845.18,Module 1,ENSG00000154845,PPP4R1,protein_coding
ENSG00000126259.22,Module 1,ENSG00000126259,KIRREL2,protein_coding
ENSG00000186998.18,Module 6,ENSG00000186998,EMID1,protein_coding
ENSG00000185499.17,Module 1,ENSG00000185499,MUC1,protein_coding
ENSG00000168118.14,Module 2,ENSG00000168118,RAB4A,protein_coding
ENSG00000104361.12,Module 3,ENSG00000104361,NIPAL2,protein_coding
ENSG00000132274.19,Module 1,ENSG00000132274,TRIM22,protein_coding
ENSG00000082014.17,Module 5,ENSG00000082014,SMARCD3,protein_coding
ENSG00000133805.18,Module 5,ENSG00000133805,AMPD3,protein_coding
ENSG00000171604.14,Module 4,ENSG00000171604,CXXC5,protein_coding
ENSG00000189057.13,Module 4,ENSG00000189057,FAM111B,protein_coding
ENSG00000159388.7,Module 2,ENSG00000159388,BTG2,protein_coding
ENSG00000107819.17,Module 1,ENSG00000107819,SFXN3,protein_coding
ENSG00000197872.13,Module 3,ENSG00000197872,CYRIA,protein_coding
ENSG00000145934.18,Module 2,ENSG00000145934,TENM2,protein_coding
ENSG00000138684.9,Module 3,ENSG00000138684,IL21,protein_coding
ENSG00000081665.16,Module 1,ENSG00000081665,ZNF506,protein_coding
ENSG00000006740.20,Module 4,ENSG00000006740,ARHGAP44,protein_coding
ENSG00000159228.14,Module 5,ENSG00000159228,CBR1,protein_coding
ENSG00000108797.13,Module 1,ENSG00000108797,CNTNAP1,protein_coding
ENSG00000089876.14,Module 2,ENSG00000089876,DHX32,protein_coding
ENSG00000150967.21,Module 1,ENSG00000150967,ABCB9,protein_coding
ENSG00000076826.12,Module 6,ENSG00000076826,CAMSAP3,protein_coding
ENSG00000181104.8,Module 2,ENSG00000181104,F2R,protein_coding
ENSG00000149548.17,Module 6,ENSG00000149548,CCDC15,protein_coding
ENSG00000186918.16,Module 5,ENSG00000186918,ZNF395,protein_coding
ENSG00000115457.12,Module 5,ENSG00000115457,IGFBP2,protein_coding
ENSG00000170425.5,Module 3,ENSG00000170425,ADORA2B,protein_coding
ENSG00000101230.7,Module 4,ENSG00000101230,ISM1,protein_coding
ENSG00000131634.16,Module 1,ENSG00000131634,TMEM204,protein_coding
ENSG00000087258.18,Module 1,ENSG00000087258,GNAO1,protein_coding
ENSG00000108821.16,Module 1,ENSG00000108821,COL1A1,protein_coding
ENSG00000072210.21,Module 2,ENSG00000072210,ALDH3A2,protein_coding
ENSG00000085662.16,Module 4,ENSG00000085662,AKR1B1,protein_coding
ENSG00000185760.19,Module 3,ENSG00000185760,KCNQ5,protein_coding
ENSG00000198910.16,Module 5,ENSG00000198910,L1CAM,protein_coding
ENSG00000145703.18,Module 5,ENSG00000145703,IQGAP2,protein_coding
ENSG00000158769.21,Module 5,ENSG00000158769,F11R,protein_coding
ENSG00000157388.21,Module 1,ENSG00000157388,CACNA1D,protein_coding
ENSG00000188921.16,Module 3,ENSG00000188921,HACD4,protein_coding
ENSG00000178184.17,Module 3,ENSG00000178184,PARD6G,protein_coding
ENSG00000120451.12,Module 3,ENSG00000120451,SNX19,protein_coding
ENSG00000160013.12,Module 1,ENSG00000160013,PTGIR,protein_coding
ENSG00000151552.15,Module 3,ENSG00000151552,QDPR,protein_coding
ENSG00000138771.18,Module 1,ENSG00000138771,SHROOM3,protein_coding
ENSG00000215845.13,Module 1,ENSG00000215845,TSTD1,protein_coding
ENSG00000141179.15,Module 2,ENSG00000141179,PCTP,protein_coding
ENSG00000086289.14,Module 3,ENSG00000086289,EPDR1,protein_coding
ENSG00000111863.15,Module 1,ENSG00000111863,ADTRP,protein_coding
ENSG00000155926.16,Module 3,ENSG00000155926,SLA,protein_coding
ENSG00000078043.18,Module 3,ENSG00000078043,PIAS2,protein_coding
ENSG00000141448.13,Module 1,ENSG00000141448,GATA6,protein_coding
ENSG00000134184.15,Module 4,ENSG00000134184,GSTM1,protein_coding
ENSG00000136383.9,Module 1,ENSG00000136383,ALPK3,protein_coding
ENSG00000115008.8,Module 2,ENSG00000115008,IL1A,protein_coding
ENSG00000180667.11,Module 2,ENSG00000180667,YOD1,protein_coding
ENSG00000113742.15,Module 3,ENSG00000113742,CPEB4,protein_coding
ENSG00000184709.8,Module 3,ENSG00000184709,LRRC26,protein_coding
ENSG00000197183.16,Module 5,ENSG00000197183,NOL4L,protein_coding
ENSG00000152127.11,Module 1,ENSG00000152127,MGAT5,protein_coding
ENSG00000268480.4,Module 1,ENSG00000268480,NFILZ,protein_coding
ENSG00000196437.14,Module 2,ENSG00000196437,ZNF569,protein_coding
ENSG00000144724.20,Module 2,ENSG00000144724,PTPRG,protein_coding
ENSG00000197757.9,Module 1,ENSG00000197757,HOXC6,protein_coding
ENSG00000173548.10,Module 2,ENSG00000173548,SNX33,protein_coding
ENSG00000120318.18,Module 1,ENSG00000120318,ARAP3,protein_coding
ENSG00000168961.19,Module 5,ENSG00000168961,LGALS9,protein_coding
ENSG00000154451.17,Module 1,ENSG00000154451,GBP5,protein_coding
ENSG00000107338.12,Module 3,ENSG00000107338,SHB,protein_coding
ENSG00000072840.15,Module 3,ENSG00000072840,EVC,protein_coding
ENSG00000196878.17,Module 1,ENSG00000196878,LAMB3,protein_coding
ENSG00000082438.20,Module 4,ENSG00000082438,COBLL1,protein_coding
ENSG00000153165.19,Module 1,ENSG00000153165,RGPD3,protein_coding
ENSG00000174939.13,Module 1,ENSG00000174939,ASPHD1,protein_coding
ENSG00000188760.13,Module 1,ENSG00000188760,TMEM198,protein_coding
ENSG00000115339.17,Module 4,ENSG00000115339,GALNT3,protein_coding
ENSG00000163171.10,Module 1,ENSG00000163171,CDC42EP3,protein_coding
ENSG00000175449.17,Module 4,ENSG00000175449,RFESD,protein_coding
ENSG00000135378.6,Module 3,ENSG00000135378,PRRG4,protein_coding
ENSG00000108771.15,Module 1,ENSG00000108771,DHX58,protein_coding
ENSG00000125848.12,Module 1,ENSG00000125848,FLRT3,protein_coding
ENSG00000134247.12,Module 2,ENSG00000134247,PTGFRN,protein_coding
ENSG00000118596.14,Module 4,ENSG00000118596,SLC16A7,protein_coding
ENSG00000104689.12,Module 5,ENSG00000104689,TNFRSF10A,protein_coding
ENSG00000166387.16,Module 1,ENSG00000166387,PPFIBP2,protein_coding
ENSG00000148053.20,Module 1,ENSG00000148053,NTRK2,protein_coding
ENSG00000124429.20,Module 2,ENSG00000124429,POF1B,protein_coding
ENSG00000158716.11,Module 1,ENSG00000158716,DUSP23,protein_coding
ENSG00000132205.13,Module 1,ENSG00000132205,EMILIN2,protein_coding
ENSG00000125731.15,Module 5,ENSG00000125731,SH2D3A,protein_coding
ENSG00000165474.10,Module 1,ENSG00000165474,GJB2,protein_coding
ENSG00000003400.18,Module 5,ENSG00000003400,CASP10,protein_coding
ENSG00000145990.12,Module 5,ENSG00000145990,GFOD1,protein_coding
ENSG00000188580.17,Module 3,ENSG00000188580,NKAIN2,protein_coding
ENSG00000015475.21,Module 5,ENSG00000015475,BID,protein_coding
ENSG00000173040.15,Module 1,ENSG00000173040,EVC2,protein_coding
ENSG00000159335.20,Module 3,ENSG00000159335,PTMS,protein_coding
ENSG00000140505.9,Module 1,ENSG00000140505,CYP1A2,protein_coding
ENSG00000138639.19,Module 3,ENSG00000138639,ARHGAP24,protein_coding
ENSG00000158639.14,Module 1,ENSG00000158639,PAGE5,protein_coding
ENSG00000129244.11,Module 1,ENSG00000129244,ATP1B2,protein_coding
ENSG00000147642.19,Module 1,ENSG00000147642,SYBU,protein_coding
ENSG00000148468.19,Module 2,ENSG00000148468,FAM171A1,protein_coding
ENSG00000049449.12,Module 4,ENSG00000049449,RCN1,protein_coding
ENSG00000176485.16,Module 2,ENSG00000176485,PLAAT3,protein_coding
ENSG00000135503.15,Module 5,ENSG00000135503,ACVR1B,protein_coding
ENSG00000148175.15,Module 5,ENSG00000148175,STOM,protein_coding
ENSG00000103855.20,Module 2,ENSG00000103855,CD276,protein_coding
ENSG00000265972.8,Module 5,ENSG00000265972,TXNIP,protein_coding
ENSG00000102401.22,Module 3,ENSG00000102401,ARMCX3,protein_coding
ENSG00000204291.14,Module 1,ENSG00000204291,COL15A1,protein_coding
ENSG00000137558.10,Module 3,ENSG00000137558,PI15,protein_coding
ENSG00000165383.13,Module 1,ENSG00000165383,LRRC18,protein_coding
ENSG00000172456.20,Module 1,ENSG00000172456,FGGY,protein_coding
ENSG00000136237.21,Module 1,ENSG00000136237,RAPGEF5,protein_coding
ENSG00000172164.16,Module 1,ENSG00000172164,SNTB1,protein_coding
ENSG00000125245.15,Module 1,ENSG00000125245,GPR18,protein_coding
ENSG00000178075.22,Module 3,ENSG00000178075,GRAMD1C,protein_coding
ENSG00000197056.14,Module 1,ENSG00000197056,ZMYM1,protein_coding
ENSG00000177103.15,Module 1,ENSG00000177103,DSCAML1,protein_coding
ENSG00000184349.15,Module 3,ENSG00000184349,EFNA5,protein_coding
ENSG00000005073.7,Module 1,ENSG00000005073,HOXA11,protein_coding
ENSG00000138646.11,Module 4,ENSG00000138646,HERC5,protein_coding
ENSG00000145246.16,Module 4,ENSG00000145246,ATP10D,protein_coding
ENSG00000071282.14,Module 4,ENSG00000071282,LMCD1,protein_coding
ENSG00000186891.15,Module 1,ENSG00000186891,TNFRSF18,protein_coding
ENSG00000187134.16,Module 3,ENSG00000187134,AKR1C1,protein_coding
ENSG00000130751.12,Module 1,ENSG00000130751,NPAS1,protein_coding
ENSG00000005882.14,Module 2,ENSG00000005882,PDK2,protein_coding
ENSG00000182463.17,Module 1,ENSG00000182463,TSHZ2,protein_coding
ENSG00000175274.21,Module 1,ENSG00000175274,TP53I11,protein_coding
ENSG00000132681.18,Module 2,ENSG00000132681,ATP1A4,protein_coding
ENSG00000127989.16,Module 4,ENSG00000127989,MTERF1,protein_coding
ENSG00000186806.8,Module 2,ENSG00000186806,VSIG10L,protein_coding
ENSG00000113790.13,Module 2,ENSG00000113790,EHHADH,protein_coding
ENSG00000154134.16,Module 1,ENSG00000154134,ROBO3,protein_coding
ENSG00000169902.17,Module 2,ENSG00000169902,TPST1,protein_coding
ENSG00000083290.22,Module 1,ENSG00000083290,ULK2,protein_coding
ENSG00000177426.24,Module 1,ENSG00000177426,TGIF1,protein_coding
ENSG00000115602.19,Module 1,ENSG00000115602,IL1RL1,protein_coding
ENSG00000164256.11,Module 1,ENSG00000164256,PRDM9,protein_coding
ENSG00000183044.14,Module 5,ENSG00000183044,ABAT,protein_coding
ENSG00000114993.18,Module 1,ENSG00000114993,RTKN,protein_coding
ENSG00000117281.18,Module 3,ENSG00000117281,CD160,protein_coding
ENSG00000069431.16,Module 1,ENSG00000069431,ABCC9,protein_coding
ENSG00000169245.7,Module 2,ENSG00000169245,CXCL10,protein_coding
ENSG00000152669.10,Module 4,ENSG00000152669,CCNO,protein_coding
ENSG00000149639.17,Module 5,ENSG00000149639,MTCL2,protein_coding
ENSG00000104447.15,Module 4,ENSG00000104447,TRPS1,protein_coding
ENSG00000185669.7,Module 3,ENSG00000185669,SNAI3,protein_coding
ENSG00000128833.15,Module 1,ENSG00000128833,MYO5C,protein_coding
ENSG00000176463.15,Module 2,ENSG00000176463,SLCO3A1,protein_coding
ENSG00000150893.12,Module 1,ENSG00000150893,FREM2,protein_coding
ENSG00000132429.12,Module 1,ENSG00000132429,POPDC3,protein_coding
ENSG00000096996.17,Module 5,ENSG00000096996,IL12RB1,protein_coding
ENSG00000139117.16,Module 1,ENSG00000139117,CPNE8,protein_coding
ENSG00000113263.16,Module 5,ENSG00000113263,ITK,protein_coding
ENSG00000196569.15,Module 1,ENSG00000196569,LAMA2,protein_coding
ENSG00000163599.18,Module 1,ENSG00000163599,CTLA4,protein_coding
ENSG00000174792.12,Module 1,ENSG00000174792,ODAPH,protein_coding
ENSG00000154645.15,Module 1,ENSG00000154645,CHODL,protein_coding
ENSG00000166049.11,Module 3,ENSG00000166049,PASD1,protein_coding
ENSG00000165272.18,Module 5,ENSG00000165272,AQP3,protein_coding
ENSG00000186907.9,Module 1,ENSG00000186907,RTN4RL2,protein_coding
ENSG00000108375.15,Module 6,ENSG00000108375,RNF43,protein_coding
ENSG00000184564.12,Module 3,ENSG00000184564,SLITRK6,protein_coding
ENSG00000156427.10,Module 2,ENSG00000156427,FGF18,protein_coding
ENSG00000178573.8,Module 1,ENSG00000178573,MAF,protein_coding
ENSG00000106123.15,Module 5,ENSG00000106123,EPHB6,protein_coding
ENSG00000064692.22,Module 3,ENSG00000064692,SNCAIP,protein_coding
ENSG00000187796.18,Module 1,ENSG00000187796,CARD9,protein_coding
ENSG00000103489.14,Module 5,ENSG00000103489,XYLT1,protein_coding
ENSG00000018408.17,Module 3,ENSG00000018408,WWTR1,protein_coding
ENSG00000235098.11,Module 2,ENSG00000235098,ANKRD65,protein_coding
ENSG00000169740.16,Module 1,ENSG00000169740,ZNF32,protein_coding
ENSG00000147852.19,Module 3,ENSG00000147852,VLDLR,protein_coding
ENSG00000105246.8,Module 1,ENSG00000105246,EBI3,protein_coding
ENSG00000152463.17,Module 1,ENSG00000152463,OLAH,protein_coding
ENSG00000129993.16,Module 3,ENSG00000129993,CBFA2T3,protein_coding
ENSG00000148498.19,Module 2,ENSG00000148498,PARD3,protein_coding
ENSG00000164330.20,Module 1,ENSG00000164330,EBF1,protein_coding
ENSG00000123384.15,Module 2,ENSG00000123384,LRP1,protein_coding
ENSG00000198624.15,Module 2,ENSG00000198624,CCDC69,protein_coding
ENSG00000120068.8,Module 4,ENSG00000120068,HOXB8,protein_coding
ENSG00000170899.13,Module 1,ENSG00000170899,GSTA4,protein_coding
ENSG00000168734.16,Module 5,ENSG00000168734,PKIG,protein_coding
ENSG00000203943.10,Module 6,ENSG00000203943,SAMD13,protein_coding
ENSG00000091128.14,Module 1,ENSG00000091128,LAMB4,protein_coding
ENSG00000077616.12,Module 1,ENSG00000077616,NAALAD2,protein_coding
ENSG00000109265.17,Module 1,ENSG00000109265,CRACD,protein_coding
ENSG00000009790.17,Module 1,ENSG00000009790,TRAF3IP3,protein_coding
ENSG00000198363.20,Module 4,ENSG00000198363,ASPH,protein_coding
ENSG00000156298.15,Module 1,ENSG00000156298,TSPAN7,protein_coding
ENSG00000070182.23,Module 1,ENSG00000070182,SPTB,protein_coding
ENSG00000126016.18,Module 4,ENSG00000126016,AMOT,protein_coding
ENSG00000160190.16,Module 2,ENSG00000160190,SLC37A1,protein_coding
ENSG00000171310.11,Module 1,ENSG00000171310,CHST11,protein_coding
ENSG00000148344.12,Module 1,ENSG00000148344,PTGES,protein_coding
ENSG00000143772.13,Module 5,ENSG00000143772,ITPKB,protein_coding
ENSG00000008256.19,Module 2,ENSG00000008256,CYTH3,protein_coding
ENSG00000203907.11,Module 1,ENSG00000203907,OOEP,protein_coding
ENSG00000138735.18,Module 3,ENSG00000138735,PDE5A,protein_coding
ENSG00000162545.8,Module 1,ENSG00000162545,CAMK2N1,protein_coding
ENSG00000152910.21,Module 1,ENSG00000152910,CNTNAP4,protein_coding
ENSG00000196189.16,Module 1,ENSG00000196189,SEMA4A,protein_coding
ENSG00000144476.8,Module 1,ENSG00000144476,ACKR3,protein_coding
ENSG00000145284.13,Module 5,ENSG00000145284,SCD5,protein_coding
ENSG00000265590.10,Module 3,ENSG00000265590,CFAP298-TCP10L,protein_coding
ENSG00000100031.21,Module 1,ENSG00000100031,GGT1,protein_coding
ENSG00000137494.16,Module 1,ENSG00000137494,ANKRD42,protein_coding
ENSG00000154589.9,Module 1,ENSG00000154589,LY96,protein_coding
ENSG00000147485.15,Module 3,ENSG00000147485,PXDNL,protein_coding
ENSG00000158458.23,Module 3,ENSG00000158458,NRG2,protein_coding
ENSG00000131019.13,Module 3,ENSG00000131019,ULBP3,protein_coding
ENSG00000089847.15,Module 1,ENSG00000089847,ANKRD24,protein_coding
ENSG00000180530.12,Module 2,ENSG00000180530,NRIP1,protein_coding
ENSG00000183722.11,Module 1,ENSG00000183722,LHFPL6,protein_coding
ENSG00000011105.16,Module 1,ENSG00000011105,TSPAN9,protein_coding
ENSG00000164403.17,Module 4,ENSG00000164403,SHROOM1,protein_coding
ENSG00000204287.16,Module 3,ENSG00000204287,HLA-DRA,protein_coding
ENSG00000144908.16,Module 3,ENSG00000144908,ALDH1L1,protein_coding
ENSG00000198108.5,Module 3,ENSG00000198108,CHSY3,protein_coding
ENSG00000170677.8,Module 4,ENSG00000170677,SOCS6,protein_coding
ENSG00000170921.17,Module 2,ENSG00000170921,TANC2,protein_coding
ENSG00000162398.13,Module 1,ENSG00000162398,CIMAP2,protein_coding
ENSG00000101311.19,Module 6,ENSG00000101311,FERMT1,protein_coding
ENSG00000154114.15,Module 6,ENSG00000154114,TBCEL,protein_coding
ENSG00000087303.20,Module 1,ENSG00000087303,NID2,protein_coding
ENSG00000081059.22,Module 6,ENSG00000081059,TCF7,protein_coding
ENSG00000172828.15,Module 1,ENSG00000172828,CES3,protein_coding
ENSG00000161642.20,Module 2,ENSG00000161642,ZNF385A,protein_coding
ENSG00000123094.18,Module 2,ENSG00000123094,RASSF8,protein_coding
ENSG00000221821.4,Module 2,ENSG00000221821,PEX39,protein_coding
ENSG00000111981.7,Module 2,ENSG00000111981,ULBP1,protein_coding
ENSG00000067646.14,Module 1,ENSG00000067646,ZFY,protein_coding
ENSG00000053108.20,Module 1,ENSG00000053108,FSTL4,protein_coding
ENSG00000166482.14,Module 3,ENSG00000166482,MFAP4,protein_coding
ENSG00000165912.18,Module 4,ENSG00000165912,PACSIN3,protein_coding
ENSG00000122679.10,Module 1,ENSG00000122679,RAMP3,protein_coding
ENSG00000144935.18,Module 3,ENSG00000144935,TRPC1,protein_coding
ENSG00000204519.12,Module 4,ENSG00000204519,ZNF551,protein_coding
ENSG00000137693.16,Module 1,ENSG00000137693,YAP1,protein_coding
ENSG00000137871.23,Module 1,ENSG00000137871,ZNF280D,protein_coding
ENSG00000101204.19,Module 1,ENSG00000101204,CHRNA4,protein_coding
ENSG00000121900.21,Module 1,ENSG00000121900,TMEM54,protein_coding
ENSG00000135218.21,Module 1,ENSG00000135218,CD36,protein_coding
ENSG00000181656.8,Module 3,ENSG00000181656,GPR88,protein_coding
ENSG00000091490.13,Module 5,ENSG00000091490,SEL1L3,protein_coding
ENSG00000136059.18,Module 1,ENSG00000136059,VILL,protein_coding
ENSG00000148143.15,Module 1,ENSG00000148143,ZNF462,protein_coding
ENSG00000132879.16,Module 1,ENSG00000132879,FBXO44,protein_coding
ENSG00000196083.13,Module 1,ENSG00000196083,IL1RAP,protein_coding
ENSG00000162627.19,Module 1,ENSG00000162627,SNX7,protein_coding
ENSG00000150681.11,Module 1,ENSG00000150681,RGS18,protein_coding
ENSG00000198626.19,Module 1,ENSG00000198626,RYR2,protein_coding
ENSG00000215915.10,Module 3,ENSG00000215915,ATAD3C,protein_coding
ENSG00000140262.20,Module 5,ENSG00000140262,TCF12,protein_coding
ENSG00000135916.17,Module 5,ENSG00000135916,ITM2C,protein_coding
ENSG00000132334.19,Module 5,ENSG00000132334,PTPRE,protein_coding
ENSG00000249992.2,Module 1,ENSG00000249992,TMEM158,protein_coding
ENSG00000162924.18,Module 1,ENSG00000162924,REL,protein_coding
ENSG00000183439.12,Module 3,ENSG00000183439,TRIM61,protein_coding
ENSG00000196757.9,Module 4,ENSG00000196757,ZNF700,protein_coding
ENSG00000205116.4,Module 2,ENSG00000205116,TMEM278,protein_coding
ENSG00000185875.15,Module 5,ENSG00000185875,THNSL1,protein_coding
ENSG00000107295.12,Module 3,ENSG00000107295,SH3GL2,protein_coding
ENSG00000164023.17,Module 4,ENSG00000164023,SGMS2,protein_coding
ENSG00000196081.11,Module 2,ENSG00000196081,ZNF724,protein_coding
ENSG00000069869.19,Module 2,ENSG00000069869,NEDD4,protein_coding
ENSG00000145390.14,Module 4,ENSG00000145390,USP53,protein_coding
ENSG00000118777.14,Module 4,ENSG00000118777,ABCG2,protein_coding
ENSG00000164114.20,Module 6,ENSG00000164114,MAP9,protein_coding
ENSG00000167619.14,Module 1,ENSG00000167619,TMEM145,protein_coding
ENSG00000127252.9,Module 3,ENSG00000127252,PLAAT1,protein_coding
ENSG00000151692.17,Module 5,ENSG00000151692,RNF144A,protein_coding
ENSG00000006468.17,Module 4,ENSG00000006468,ETV1,protein_coding
ENSG00000142798.21,Module 1,ENSG00000142798,HSPG2,protein_coding
ENSG00000125430.10,Module 5,ENSG00000125430,HS3ST3B1,protein_coding
ENSG00000204520.16,Module 3,ENSG00000204520,MICA,protein_coding
ENSG00000144677.17,Module 5,ENSG00000144677,CTDSPL,protein_coding
ENSG00000155719.19,Module 1,ENSG00000155719,OTOA,protein_coding
ENSG00000117115.15,Module 1,ENSG00000117115,PADI2,protein_coding
ENSG00000166068.15,Module 5,ENSG00000166068,SPRED1,protein_coding
ENSG00000123427.18,Module 1,ENSG00000123427,EEF1AKMT3,protein_coding
ENSG00000095321.20,Module 1,ENSG00000095321,CRAT,protein_coding
ENSG00000143479.19,Module 5,ENSG00000143479,DYRK3,protein_coding
ENSG00000151208.19,Module 2,ENSG00000151208,DLG5,protein_coding
ENSG00000198960.13,Module 4,ENSG00000198960,ARMCX6,protein_coding
ENSG00000188153.16,Module 3,ENSG00000188153,COL4A5,protein_coding
ENSG00000168917.11,Module 5,ENSG00000168917,SLC35G2,protein_coding
ENSG00000129038.18,Module 1,ENSG00000129038,LOXL1,protein_coding
ENSG00000131845.16,Module 4,ENSG00000131845,ZNF304,protein_coding
ENSG00000162174.14,Module 4,ENSG00000162174,ASRGL1,protein_coding
ENSG00000235568.9,Module 5,ENSG00000235568,NFAM1,protein_coding
ENSG00000112218.11,Module 3,ENSG00000112218,GPR63,protein_coding
ENSG00000175874.11,Module 2,ENSG00000175874,CREG2,protein_coding
ENSG00000166147.17,Module 1,ENSG00000166147,FBN1,protein_coding
ENSG00000148357.19,Module 1,ENSG00000148357,HMCN2,protein_coding
ENSG00000101680.18,Module 1,ENSG00000101680,LAMA1,protein_coding
ENSG00000170558.12,Module 3,ENSG00000170558,CDH2,protein_coding
ENSG00000143126.8,Module 4,ENSG00000143126,CELSR2,protein_coding
ENSG00000167642.15,Module 5,ENSG00000167642,SPINT2,protein_coding
ENSG00000128266.11,Module 2,ENSG00000128266,GNAZ,protein_coding
ENSG00000155016.20,Module 3,ENSG00000155016,CYP2U1,protein_coding
ENSG00000139263.14,Module 3,ENSG00000139263,LRIG3,protein_coding
ENSG00000183960.11,Module 1,ENSG00000183960,KCNH8,protein_coding
ENSG00000120129.8,Module 4,ENSG00000120129,DUSP1,protein_coding
ENSG00000134532.21,Module 5,ENSG00000134532,SOX5,protein_coding
ENSG00000170044.9,Module 1,ENSG00000170044,ZPLD1,protein_coding
ENSG00000122786.22,Module 1,ENSG00000122786,CALD1,protein_coding
ENSG00000080823.25,Module 5,ENSG00000080823,MOK,protein_coding
ENSG00000170293.11,Module 6,ENSG00000170293,CMTM8,protein_coding
ENSG00000132623.18,Module 4,ENSG00000132623,ANKEF1,protein_coding
ENSG00000168916.18,Module 1,ENSG00000168916,ZNF608,protein_coding
ENSG00000008086.14,Module 3,ENSG00000008086,CDKL5,protein_coding
ENSG00000274183.2,Module 2,ENSG00000274183,H2AB1,protein_coding
ENSG00000126467.12,Module 3,ENSG00000126467,TSKS,protein_coding
ENSG00000087510.9,Module 1,ENSG00000087510,TFAP2C,protein_coding
ENSG00000107551.23,Module 5,ENSG00000107551,RASSF4,protein_coding
ENSG00000187672.17,Module 1,ENSG00000187672,ERC2,protein_coding
ENSG00000162670.13,Module 1,ENSG00000162670,BRINP3,protein_coding
ENSG00000176244.8,Module 5,ENSG00000176244,ACBD7,protein_coding
ENSG00000012817.18,Module 1,ENSG00000012817,KDM5D,protein_coding
ENSG00000160460.18,Module 1,ENSG00000160460,SPTBN4,protein_coding
ENSG00000137962.15,Module 3,ENSG00000137962,ARHGAP29,protein_coding
ENSG00000089682.20,Module 4,ENSG00000089682,RBM41,protein_coding
ENSG00000140481.15,Module 1,ENSG00000140481,CCDC33,protein_coding
ENSG00000118965.18,Module 5,ENSG00000118965,WDR35,protein_coding
ENSG00000130035.11,Module 1,ENSG00000130035,GALNT8,protein_coding
ENSG00000147872.12,Module 4,ENSG00000147872,PLIN2,protein_coding
ENSG00000172348.17,Module 3,ENSG00000172348,RCAN2,protein_coding
ENSG00000050555.21,Module 1,ENSG00000050555,LAMC3,protein_coding
ENSG00000119922.12,Module 1,ENSG00000119922,IFIT2,protein_coding
ENSG00000124721.18,Module 3,ENSG00000124721,DNAH8,protein_coding
ENSG00000015413.12,Module 4,ENSG00000015413,DPEP1,protein_coding
ENSG00000129744.5,Module 1,ENSG00000129744,ART1,protein_coding
ENSG00000144290.19,Module 1,ENSG00000144290,SLC4A10,protein_coding
ENSG00000113448.21,Module 5,ENSG00000113448,PDE4D,protein_coding
ENSG00000152192.8,Module 3,ENSG00000152192,POU4F1,protein_coding
ENSG00000196417.15,Module 4,ENSG00000196417,ZNF765,protein_coding
ENSG00000172005.13,Module 3,ENSG00000172005,MAL,protein_coding
ENSG00000136244.14,Module 1,ENSG00000136244,IL6,protein_coding
ENSG00000186448.17,Module 4,ENSG00000186448,ZNF197,protein_coding
ENSG00000125337.23,Module 1,ENSG00000125337,KIF25,protein_coding
ENSG00000139044.14,Module 1,ENSG00000139044,B4GALNT3,protein_coding
ENSG00000137486.19,Module 5,ENSG00000137486,ARRB1,protein_coding
ENSG00000005102.16,Module 3,ENSG00000005102,MEOX1,protein_coding
ENSG00000156265.19,Module 6,ENSG00000156265,MAP3K7CL,protein_coding
ENSG00000118200.18,Module 2,ENSG00000118200,CAMSAP2,protein_coding
ENSG00000165568.20,Module 3,ENSG00000165568,AKR1E2,protein_coding
ENSG00000128408.10,Module 4,ENSG00000128408,RIBC2,protein_coding
ENSG00000153234.18,Module 3,ENSG00000153234,NR4A2,protein_coding
ENSG00000100151.18,Module 2,ENSG00000100151,PICK1,protein_coding
ENSG00000133424.24,Module 2,ENSG00000133424,LARGE1,protein_coding
ENSG00000171680.25,Module 1,ENSG00000171680,PLEKHG5,protein_coding
ENSG00000158528.14,Module 1,ENSG00000158528,PPP1R9A,protein_coding
ENSG00000277462.4,Module 4,ENSG00000277462,ZNF670,protein_coding
ENSG00000076770.18,Module 4,ENSG00000076770,MBNL3,protein_coding
ENSG00000197905.11,Module 1,ENSG00000197905,TEAD4,protein_coding
ENSG00000122861.18,Module 5,ENSG00000122861,PLAU,protein_coding
ENSG00000089199.12,Module 5,ENSG00000089199,CHGB,protein_coding
ENSG00000213626.14,Module 1,ENSG00000213626,LBH,protein_coding
ENSG00000204381.14,Module 1,ENSG00000204381,LAYN,protein_coding
ENSG00000127129.12,Module 1,ENSG00000127129,EDN2,protein_coding
ENSG00000145685.16,Module 1,ENSG00000145685,LHFPL2,protein_coding
ENSG00000169136.15,Module 1,ENSG00000169136,ATF5,protein_coding
ENSG00000158555.17,Module 5,ENSG00000158555,GDPD5,protein_coding
ENSG00000179431.7,Module 3,ENSG00000179431,FJX1,protein_coding
ENSG00000196139.16,Module 3,ENSG00000196139,AKR1C3,protein_coding
ENSG00000196917.6,Module 1,ENSG00000196917,HCAR1,protein_coding
ENSG00000184408.11,Module 1,ENSG00000184408,KCND2,protein_coding
ENSG00000082497.14,Module 3,ENSG00000082497,SERTAD4,protein_coding
ENSG00000021300.15,Module 1,ENSG00000021300,PLEKHB1,protein_coding
ENSG00000087085.18,Module 1,ENSG00000087085,ACHE,protein_coding
ENSG00000105855.12,Module 6,ENSG00000105855,ITGB8,protein_coding
ENSG00000198298.15,Module 3,ENSG00000198298,ZNF485,protein_coding
ENSG00000100625.10,Module 1,ENSG00000100625,SIX4,protein_coding
ENSG00000115425.16,Module 5,ENSG00000115425,PECR,protein_coding
ENSG00000226742.6,Module 3,ENSG00000226742,HSBP1L1,protein_coding
ENSG00000197951.13,Module 4,ENSG00000197951,ZNF71,protein_coding
ENSG00000140548.12,Module 4,ENSG00000140548,ZNF710,protein_coding
ENSG00000246705.5,Module 3,ENSG00000246705,H2AJ,protein_coding
ENSG00000056487.19,Module 4,ENSG00000056487,PHF21B,protein_coding
ENSG00000122870.13,Module 3,ENSG00000122870,BICC1,protein_coding
ENSG00000022267.21,Module 5,ENSG00000022267,FHL1,protein_coding
ENSG00000166780.13,Module 1,ENSG00000166780,BMERB1,protein_coding
ENSG00000151952.17,Module 1,ENSG00000151952,TMEM132D,protein_coding
ENSG00000184675.11,Module 4,ENSG00000184675,AMER1,protein_coding
ENSG00000136367.16,Module 1,ENSG00000136367,ZFHX2,protein_coding
ENSG00000106006.7,Module 1,ENSG00000106006,HOXA6,protein_coding
ENSG00000090932.13,Module 1,ENSG00000090932,DLL3,protein_coding
ENSG00000130487.10,Module 2,ENSG00000130487,KLHDC7B,protein_coding
ENSG00000010278.17,Module 1,ENSG00000010278,CD9,protein_coding
ENSG00000090975.16,Module 5,ENSG00000090975,PITPNM2,protein_coding
ENSG00000154127.11,Module 5,ENSG00000154127,UBASH3B,protein_coding
ENSG00000184185.12,Module 1,ENSG00000184185,KCNJ12,protein_coding
ENSG00000003147.21,Module 6,ENSG00000003147,ICA1,protein_coding
ENSG00000113645.17,Module 4,ENSG00000113645,WWC1,protein_coding
ENSG00000171951.6,Module 5,ENSG00000171951,SCG2,protein_coding
ENSG00000174721.11,Module 3,ENSG00000174721,FGFBP3,protein_coding
ENSG00000123095.8,Module 4,ENSG00000123095,BHLHE41,protein_coding
ENSG00000166569.9,Module 3,ENSG00000166569,CPLX4,protein_coding
ENSG00000156172.8,Module 3,ENSG00000156172,CFAP418,protein_coding
ENSG00000164512.19,Module 1,ENSG00000164512,ANKRD55,protein_coding
ENSG00000180758.14,Module 2,ENSG00000180758,GPR157,protein_coding
ENSG00000109107.16,Module 3,ENSG00000109107,ALDOC,protein_coding
ENSG00000174844.16,Module 3,ENSG00000174844,DNAH12,protein_coding
ENSG00000173193.17,Module 4,ENSG00000173193,PARP14,protein_coding
ENSG00000157978.15,Module 5,ENSG00000157978,LDLRAP1,protein_coding
ENSG00000184378.5,Module 1,ENSG00000184378,ACTRT3,protein_coding
ENSG00000171813.16,Module 4,ENSG00000171813,PWWP2B,protein_coding
ENSG00000176273.17,Module 4,ENSG00000176273,SLC35G1,protein_coding
ENSG00000011566.17,Module 5,ENSG00000011566,MAP4K3,protein_coding
ENSG00000164465.21,Module 4,ENSG00000164465,DCBLD1,protein_coding
ENSG00000163734.4,Module 1,ENSG00000163734,CXCL3,protein_coding
ENSG00000137185.15,Module 2,ENSG00000137185,ZSCAN9,protein_coding
ENSG00000139946.12,Module 1,ENSG00000139946,PELI2,protein_coding
ENSG00000169432.20,Module 3,ENSG00000169432,SCN9A,protein_coding
ENSG00000167525.17,Module 1,ENSG00000167525,PROCA1,protein_coding
ENSG00000128805.17,Module 1,ENSG00000128805,ARHGAP22,protein_coding
ENSG00000088367.25,Module 3,ENSG00000088367,EPB41L1,protein_coding
ENSG00000170959.16,Module 3,ENSG00000170959,DCDC1,protein_coding
ENSG00000088538.15,Module 1,ENSG00000088538,DOCK3,protein_coding
ENSG00000179859.11,Module 2,ENSG00000179859,RNF227,protein_coding
ENSG00000162946.25,Module 3,ENSG00000162946,DISC1,protein_coding
ENSG00000162999.14,Module 3,ENSG00000162999,DUSP19,protein_coding
ENSG00000115526.13,Module 4,ENSG00000115526,CHST10,protein_coding
ENSG00000171587.15,Module 1,ENSG00000171587,DSCAM,protein_coding
ENSG00000135828.13,Module 4,ENSG00000135828,RNASEL,protein_coding
ENSG00000187098.20,Module 3,ENSG00000187098,MITF,protein_coding
ENSG00000132932.20,Module 5,ENSG00000132932,ATP8A2,protein_coding
ENSG00000196639.9,Module 1,ENSG00000196639,HRH1,protein_coding
ENSG00000187037.11,Module 1,ENSG00000187037,GPR141,protein_coding
ENSG00000222011.11,Module 5,ENSG00000222011,FAM185A,protein_coding
ENSG00000123610.6,Module 1,ENSG00000123610,TNFAIP6,protein_coding
ENSG00000042493.18,Module 1,ENSG00000042493,CAPG,protein_coding
ENSG00000205078.7,Module 1,ENSG00000205078,SYCE1L,protein_coding
ENSG00000138678.13,Module 4,ENSG00000138678,GPAT3,protein_coding
ENSG00000177989.16,Module 2,ENSG00000177989,CIMAP1B,protein_coding
ENSG00000140678.19,Module 1,ENSG00000140678,ITGAX,protein_coding
ENSG00000122641.13,Module 1,ENSG00000122641,INHBA,protein_coding
ENSG00000171236.12,Module 5,ENSG00000171236,LRG1,protein_coding
ENSG00000163536.15,Module 3,ENSG00000163536,SERPINI1,protein_coding
ENSG00000058866.17,Module 4,ENSG00000058866,DGKG,protein_coding
ENSG00000141441.18,Module 4,ENSG00000141441,GAREM1,protein_coding
ENSG00000198205.7,Module 1,ENSG00000198205,ZXDA,protein_coding
ENSG00000152104.13,Module 1,ENSG00000152104,PTPN14,protein_coding
ENSG00000074590.15,Module 2,ENSG00000074590,NUAK1,protein_coding
ENSG00000181885.20,Module 1,ENSG00000181885,CLDN7,protein_coding
ENSG00000161509.16,Module 2,ENSG00000161509,GRIN2C,protein_coding
ENSG00000118997.15,Module 4,ENSG00000118997,DNAH7,protein_coding
ENSG00000256087.9,Module 2,ENSG00000256087,ZNF432,protein_coding
ENSG00000111732.13,Module 3,ENSG00000111732,AICDA,protein_coding
ENSG00000184347.17,Module 1,ENSG00000184347,SLIT3,protein_coding
ENSG00000165449.14,Module 3,ENSG00000165449,SLC16A9,protein_coding
ENSG00000166926.11,Module 3,ENSG00000166926,MS4A6E,protein_coding
ENSG00000132639.17,Module 3,ENSG00000132639,SNAP25,protein_coding
ENSG00000163623.11,Module 3,ENSG00000163623,NKX6-1,protein_coding
ENSG00000186017.18,Module 4,ENSG00000186017,ZNF566,protein_coding
ENSG00000106868.19,Module 6,ENSG00000106868,SUSD1,protein_coding
ENSG00000164411.13,Module 3,ENSG00000164411,GJB7,protein_coding
ENSG00000184719.14,Module 5,ENSG00000184719,RNLS,protein_coding
ENSG00000198393.10,Module 4,ENSG00000198393,ZNF26,protein_coding
ENSG00000150051.16,Module 1,ENSG00000150051,MKX,protein_coding
ENSG00000188559.18,Module 1,ENSG00000188559,RALGAPA2,protein_coding
ENSG00000165379.16,Module 1,ENSG00000165379,LRFN5,protein_coding
ENSG00000007237.21,Module 1,ENSG00000007237,GAS7,protein_coding
ENSG00000260458.3,Module 1,ENSG00000260458,KCNJ18,protein_coding
ENSG00000180644.10,Module 5,ENSG00000180644,PRF1,protein_coding
ENSG00000132970.16,Module 1,ENSG00000132970,WASF3,protein_coding
ENSG00000146267.13,Module 2,ENSG00000146267,FAXC,protein_coding
ENSG00000186868.20,Module 5,ENSG00000186868,MAPT,protein_coding
ENSG00000149489.10,Module 1,ENSG00000149489,ROM1,protein_coding
ENSG00000251369.11,Module 4,ENSG00000251369,ZNF550,protein_coding
ENSG00000130844.21,Module 4,ENSG00000130844,ZNF331,protein_coding
ENSG00000092051.20,Module 1,ENSG00000092051,JPH4,protein_coding
ENSG00000118432.15,Module 2,ENSG00000118432,CNR1,protein_coding
ENSG00000075673.14,Module 3,ENSG00000075673,ATP12A,protein_coding
ENSG00000060558.5,Module 1,ENSG00000060558,GNA15,protein_coding
ENSG00000101265.18,Module 5,ENSG00000101265,RASSF2,protein_coding
ENSG00000106004.6,Module 2,ENSG00000106004,HOXA5,protein_coding
ENSG00000179674.4,Module 1,ENSG00000179674,ARL14,protein_coding
ENSG00000128872.12,Module 5,ENSG00000128872,TMOD2,protein_coding
ENSG00000177674.18,Module 5,ENSG00000177674,AGTRAP,protein_coding
ENSG00000167291.18,Module 5,ENSG00000167291,TBC1D16,protein_coding
ENSG00000176014.15,Module 1,ENSG00000176014,TUBB6,protein_coding
ENSG00000267680.8,Module 4,ENSG00000267680,ZNF224,protein_coding
ENSG00000182195.10,Module 3,ENSG00000182195,LDOC1,protein_coding
ENSG00000187122.18,Module 5,ENSG00000187122,SLIT1,protein_coding
ENSG00000198879.14,Module 5,ENSG00000198879,SFMBT2,protein_coding
ENSG00000101134.14,Module 1,ENSG00000101134,DOK5,protein_coding
ENSG00000232629.11,Module 1,ENSG00000232629,HLA-DQB2,protein_coding
ENSG00000162373.15,Module 2,ENSG00000162373,BEND5,protein_coding
ENSG00000123836.17,Module 2,ENSG00000123836,PFKFB2,protein_coding
ENSG00000142178.11,Module 1,ENSG00000142178,SIK1,protein_coding
ENSG00000152670.20,Module 1,ENSG00000152670,DDX4,protein_coding
ENSG00000083750.15,Module 3,ENSG00000083750,RRAGB,protein_coding
ENSG00000164292.15,Module 4,ENSG00000164292,RHOBTB3,protein_coding
ENSG00000170631.17,Module 4,ENSG00000170631,ZNF16,protein_coding
ENSG00000196646.14,Module 4,ENSG00000196646,ZNF136,protein_coding
ENSG00000111249.16,Module 5,ENSG00000111249,CUX2,protein_coding
ENSG00000151882.12,Module 3,ENSG00000151882,CCL28,protein_coding
ENSG00000121552.5,Module 1,ENSG00000121552,CSTA,protein_coding
ENSG00000102678.8,Module 3,ENSG00000102678,FGF9,protein_coding
ENSG00000130821.19,Module 2,ENSG00000130821,SLC6A8,protein_coding
ENSG00000164142.18,Module 1,ENSG00000164142,FHIP1A,protein_coding
ENSG00000198739.12,Module 1,ENSG00000198739,LRRTM3,protein_coding
ENSG00000181264.11,Module 3,ENSG00000181264,TLCD5,protein_coding
ENSG00000176406.26,Module 1,ENSG00000176406,RIMS2,protein_coding
ENSG00000119408.19,Module 3,ENSG00000119408,NEK6,protein_coding
ENSG00000165895.20,Module 4,ENSG00000165895,ARHGAP42,protein_coding
ENSG00000162078.14,Module 6,ENSG00000162078,ZG16B,protein_coding
ENSG00000180447.7,Module 2,ENSG00000180447,GAS1,protein_coding
ENSG00000164626.11,Module 1,ENSG00000164626,KCNK5,protein_coding
ENSG00000049130.18,Module 3,ENSG00000049130,KITLG,protein_coding
ENSG00000173702.9,Module 4,ENSG00000173702,MUC13,protein_coding
ENSG00000112782.20,Module 2,ENSG00000112782,CLIC5,protein_coding
ENSG00000155970.15,Module 6,ENSG00000155970,MICU3,protein_coding
ENSG00000144355.16,Module 5,ENSG00000144355,DLX1,protein_coding
ENSG00000146350.16,Module 4,ENSG00000146350,TBC1D32,protein_coding
ENSG00000178695.6,Module 4,ENSG00000178695,KCTD12,protein_coding
ENSG00000204681.13,Module 1,ENSG00000204681,GABBR1,protein_coding
ENSG00000139318.10,Module 5,ENSG00000139318,DUSP6,protein_coding
ENSG00000163995.23,Module 2,ENSG00000163995,ABLIM2,protein_coding
ENSG00000119699.10,Module 3,ENSG00000119699,TGFB3,protein_coding
ENSG00000072422.19,Module 4,ENSG00000072422,RHOBTB1,protein_coding
ENSG00000204711.11,Module 1,ENSG00000204711,CFAP95,protein_coding
ENSG00000178026.15,Module 2,ENSG00000178026,LRRC75B,protein_coding
ENSG00000089091.19,Module 4,ENSG00000089091,DZANK1,protein_coding
ENSG00000165996.16,Module 5,ENSG00000165996,HACD1,protein_coding
ENSG00000171509.18,Module 1,ENSG00000171509,RXFP1,protein_coding
ENSG00000167208.18,Module 3,ENSG00000167208,SNX20,protein_coding
ENSG00000136830.14,Module 5,ENSG00000136830,NIBAN2,protein_coding
ENSG00000188659.11,Module 3,ENSG00000188659,SAXO2,protein_coding
ENSG00000174469.23,Module 1,ENSG00000174469,CNTNAP2,protein_coding
ENSG00000197888.5,Module 3,ENSG00000197888,UGT2B17,protein_coding
ENSG00000088305.21,Module 5,ENSG00000088305,DNMT3B,protein_coding
ENSG00000171295.14,Module 4,ENSG00000171295,ZNF440,protein_coding
ENSG00000051128.21,Module 2,ENSG00000051128,HOMER3,protein_coding
ENSG00000167964.15,Module 1,ENSG00000167964,RAB26,protein_coding
ENSG00000165091.18,Module 1,ENSG00000165091,TMC1,protein_coding
ENSG00000135472.11,Module 1,ENSG00000135472,FAIM2,protein_coding
ENSG00000184451.5,Module 1,ENSG00000184451,CCR10,protein_coding
ENSG00000134323.15,Module 3,ENSG00000134323,MYCN,protein_coding
ENSG00000127863.18,Module 2,ENSG00000127863,TNFRSF19,protein_coding
ENSG00000146192.18,Module 1,ENSG00000146192,FGD2,protein_coding
ENSG00000138101.22,Module 5,ENSG00000138101,DTNB,protein_coding
ENSG00000166016.8,Module 5,ENSG00000166016,ABTB2,protein_coding
ENSG00000166199.15,Module 6,ENSG00000166199,ALKBH3,protein_coding
ENSG00000141391.15,Module 3,ENSG00000141391,PRELID3A,protein_coding
ENSG00000175305.20,Module 3,ENSG00000175305,CCNE2,protein_coding
ENSG00000163624.8,Module 4,ENSG00000163624,CDS1,protein_coding
ENSG00000100490.12,Module 6,ENSG00000100490,CDKL1,protein_coding
ENSG00000165475.17,Module 1,ENSG00000165475,CRYL1,protein_coding
ENSG00000178623.15,Module 1,ENSG00000178623,GPR35,protein_coding
ENSG00000173320.14,Module 4,ENSG00000173320,STOX2,protein_coding
ENSG00000182674.7,Module 4,ENSG00000182674,KCNB2,protein_coding
ENSG00000174292.14,Module 1,ENSG00000174292,TNK1,protein_coding
ENSG00000176834.16,Module 1,ENSG00000176834,VSIG10,protein_coding
ENSG00000138623.11,Module 5,ENSG00000138623,SEMA7A,protein_coding
ENSG00000163132.8,Module 5,ENSG00000163132,MSX1,protein_coding
ENSG00000133019.14,Module 4,ENSG00000133019,CHRM3,protein_coding
ENSG00000165548.13,Module 1,ENSG00000165548,TMEM63C,protein_coding
ENSG00000163638.14,Module 1,ENSG00000163638,ADAMTS9,protein_coding
ENSG00000163435.17,Module 1,ENSG00000163435,ELF3,protein_coding
ENSG00000104967.9,Module 1,ENSG00000104967,NOVA2,protein_coding
ENSG00000104818.15,Module 1,ENSG00000104818,CGB2,protein_coding
ENSG00000158748.5,Module 3,ENSG00000158748,HTR6,protein_coding
ENSG00000108018.18,Module 6,ENSG00000108018,SORCS1,protein_coding
ENSG00000134070.7,Module 1,ENSG00000134070,IRAK2,protein_coding
ENSG00000119139.23,Module 3,ENSG00000119139,TJP2,protein_coding
ENSG00000161180.12,Module 1,ENSG00000161180,CCDC116,protein_coding
ENSG00000076864.23,Module 5,ENSG00000076864,RAP1GAP,protein_coding
ENSG00000204186.13,Module 4,ENSG00000204186,ZDBF2,protein_coding
ENSG00000025039.17,Module 5,ENSG00000025039,RRAGD,protein_coding
ENSG00000198610.13,Module 1,ENSG00000198610,AKR1C4,protein_coding
ENSG00000054598.9,Module 4,ENSG00000054598,FOXC1,protein_coding
ENSG00000116014.12,Module 4,ENSG00000116014,KISS1R,protein_coding
ENSG00000241399.9,Module 1,ENSG00000241399,CD302,protein_coding
ENSG00000109686.23,Module 1,ENSG00000109686,SH3D19,protein_coding
ENSG00000143995.22,Module 4,ENSG00000143995,MEIS1,protein_coding
ENSG00000171617.18,Module 2,ENSG00000171617,ENC1,protein_coding
ENSG00000163093.14,Module 5,ENSG00000163093,BBS5,protein_coding
ENSG00000187554.17,Module 5,ENSG00000187554,TLR5,protein_coding
ENSG00000137834.17,Module 2,ENSG00000137834,SMAD6,protein_coding
ENSG00000137648.22,Module 1,ENSG00000137648,TMPRSS4,protein_coding
ENSG00000088881.23,Module 2,ENSG00000088881,EBF4,protein_coding
ENSG00000133321.14,Module 5,ENSG00000133321,PLAAT4,protein_coding
ENSG00000188368.13,Module 2,ENSG00000188368,PRR19,protein_coding
ENSG00000175879.10,Module 1,ENSG00000175879,HOXD8,protein_coding
ENSG00000183837.11,Module 1,ENSG00000183837,PNMA3,protein_coding
ENSG00000153563.18,Module 1,ENSG00000153563,CD8A,protein_coding
ENSG00000143554.16,Module 2,ENSG00000143554,SLC27A3,protein_coding
ENSG00000166105.18,Module 3,ENSG00000166105,GLB1L3,protein_coding
ENSG00000155265.14,Module 1,ENSG00000155265,GOLGA7B,protein_coding
ENSG00000048462.12,Module 3,ENSG00000048462,TNFRSF17,protein_coding
ENSG00000169994.22,Module 3,ENSG00000169994,MYO7B,protein_coding
ENSG00000011638.13,Module 5,ENSG00000011638,LDAF1,protein_coding
ENSG00000241106.10,Module 1,ENSG00000241106,HLA-DOB,protein_coding
ENSG00000178462.13,Module 1,ENSG00000178462,TUBAL3,protein_coding
ENSG00000083844.12,Module 4,ENSG00000083844,ZNF264,protein_coding
ENSG00000183779.8,Module 1,ENSG00000183779,ZNF703,protein_coding
ENSG00000010361.16,Module 5,ENSG00000010361,FUZ,protein_coding
ENSG00000122194.22,Module 3,ENSG00000122194,PLG,protein_coding
ENSG00000105642.18,Module 3,ENSG00000105642,KCNN1,protein_coding
ENSG00000077585.16,Module 5,ENSG00000077585,GPR137B,protein_coding
ENSG00000205795.6,Module 1,ENSG00000205795,CYS1,protein_coding
ENSG00000165512.7,Module 3,ENSG00000165512,ZNF22,protein_coding
ENSG00000102057.13,Module 5,ENSG00000102057,KCND1,protein_coding
ENSG00000198440.11,Module 4,ENSG00000198440,ZNF583,protein_coding
ENSG00000172752.16,Module 1,ENSG00000172752,COL6A5,protein_coding
ENSG00000178301.6,Module 3,ENSG00000178301,AQP11,protein_coding
ENSG00000181826.12,Module 5,ENSG00000181826,RELL1,protein_coding
ENSG00000149305.8,Module 1,ENSG00000149305,HTR3B,protein_coding
ENSG00000156475.21,Module 2,ENSG00000156475,PPP2R2B,protein_coding
ENSG00000160325.17,Module 3,ENSG00000160325,CACFD1,protein_coding
ENSG00000171956.8,Module 4,ENSG00000171956,FOXB1,protein_coding
ENSG00000057019.18,Module 4,ENSG00000057019,DCBLD2,protein_coding
ENSG00000067606.19,Module 5,ENSG00000067606,PRKCZ,protein_coding
ENSG00000087076.11,Module 1,ENSG00000087076,HSD17B14,protein_coding
ENSG00000113303.14,Module 1,ENSG00000113303,BTNL8,protein_coding
ENSG00000122145.17,Module 3,ENSG00000122145,TBX22,protein_coding
ENSG00000139144.13,Module 1,ENSG00000139144,PIK3C2G,protein_coding
ENSG00000171462.17,Module 3,ENSG00000171462,DLK2,protein_coding
ENSG00000114757.20,Module 1,ENSG00000114757,PEX5L,protein_coding
ENSG00000122367.23,Module 1,ENSG00000122367,LDB3,protein_coding
ENSG00000114948.15,Module 2,ENSG00000114948,ADAM23,protein_coding
ENSG00000106025.11,Module 4,ENSG00000106025,TSPAN12,protein_coding
ENSG00000111961.21,Module 2,ENSG00000111961,SASH1,protein_coding
ENSG00000105699.19,Module 1,ENSG00000105699,LSR,protein_coding
ENSG00000083817.11,Module 4,ENSG00000083817,ZNF416,protein_coding
ENSG00000109787.15,Module 4,ENSG00000109787,KLF3,protein_coding
ENSG00000105928.18,Module 2,ENSG00000105928,GSDME,protein_coding
ENSG00000141449.18,Module 1,ENSG00000141449,GREB1L,protein_coding
ENSG00000102595.24,Module 3,ENSG00000102595,UGGT2,protein_coding
ENSG00000171714.15,Module 3,ENSG00000171714,ANO5,protein_coding
ENSG00000198929.15,Module 3,ENSG00000198929,NOS1AP,protein_coding
ENSG00000213020.12,Module 6,ENSG00000213020,ZNF611,protein_coding
ENSG00000039600.13,Module 1,ENSG00000039600,SOX30,protein_coding
ENSG00000275395.8,Module 5,ENSG00000275395,FCGBP,protein_coding
ENSG00000151062.15,Module 2,ENSG00000151062,CACNA2D4,protein_coding
ENSG00000175065.13,Module 1,ENSG00000175065,DSG4,protein_coding
ENSG00000158373.11,Module 3,ENSG00000158373,H2BC5,protein_coding
ENSG00000150636.19,Module 4,ENSG00000150636,CCDC102B,protein_coding
ENSG00000102524.13,Module 3,ENSG00000102524,TNFSF13B,protein_coding
ENSG00000106560.12,Module 4,ENSG00000106560,GIMAP2,protein_coding
ENSG00000110944.10,Module 5,ENSG00000110944,IL23A,protein_coding
ENSG00000162654.11,Module 5,ENSG00000162654,GBP4,protein_coding
ENSG00000108684.15,Module 3,ENSG00000108684,ASIC2,protein_coding
ENSG00000112246.12,Module 1,ENSG00000112246,SIM1,protein_coding
ENSG00000203805.12,Module 1,ENSG00000203805,PLPP4,protein_coding
ENSG00000188385.14,Module 1,ENSG00000188385,JAKMIP3,protein_coding
ENSG00000214212.11,Module 1,ENSG00000214212,C19orf38,protein_coding
ENSG00000123570.6,Module 6,ENSG00000123570,RAB9B,protein_coding
ENSG00000103723.18,Module 1,ENSG00000103723,AP3B2,protein_coding
ENSG00000153822.17,Module 1,ENSG00000153822,KCNJ16,protein_coding
ENSG00000084764.14,Module 2,ENSG00000084764,MAPRE3,protein_coding
ENSG00000132470.16,Module 3,ENSG00000132470,ITGB4,protein_coding
ENSG00000172789.5,Module 1,ENSG00000172789,HOXC5,protein_coding
ENSG00000163697.20,Module 1,ENSG00000163697,APBB2,protein_coding
ENSG00000079257.9,Module 6,ENSG00000079257,LXN,protein_coding
ENSG00000136943.14,Module 2,ENSG00000136943,CTSV,protein_coding
ENSG00000092345.15,Module 1,ENSG00000092345,DAZL,protein_coding
ENSG00000042980.16,Module 3,ENSG00000042980,ADAM28,protein_coding
ENSG00000174130.14,Module 1,ENSG00000174130,TLR6,protein_coding
ENSG00000163513.22,Module 5,ENSG00000163513,TGFBR2,protein_coding
ENSG00000020181.20,Module 5,ENSG00000020181,ADGRA2,protein_coding
ENSG00000164692.21,Module 1,ENSG00000164692,COL1A2,protein_coding
ENSG00000049192.16,Module 3,ENSG00000049192,ADAMTS6,protein_coding
ENSG00000083828.17,Module 4,ENSG00000083828,ZNF586,protein_coding
ENSG00000131435.15,Module 1,ENSG00000131435,PDLIM4,protein_coding
ENSG00000134508.15,Module 5,ENSG00000134508,CABLES1,protein_coding
ENSG00000133106.17,Module 3,ENSG00000133106,EPSTI1,protein_coding
ENSG00000186300.14,Module 4,ENSG00000186300,ZNF555,protein_coding
ENSG00000107679.17,Module 5,ENSG00000107679,PLEKHA1,protein_coding
ENSG00000183072.11,Module 6,ENSG00000183072,NKX2-5,protein_coding
ENSG00000165138.20,Module 4,ENSG00000165138,ANKS6,protein_coding
ENSG00000197696.11,Module 6,ENSG00000197696,NMB,protein_coding
ENSG00000154864.15,Module 1,ENSG00000154864,PIEZO2,protein_coding
ENSG00000100336.19,Module 5,ENSG00000100336,APOL4,protein_coding
ENSG00000181894.17,Module 4,ENSG00000181894,ZNF329,protein_coding
ENSG00000181381.17,Module 4,ENSG00000181381,DDX60L,protein_coding
ENSG00000103485.21,Module 5,ENSG00000103485,QPRT,protein_coding
ENSG00000100003.18,Module 1,ENSG00000100003,SEC14L2,protein_coding
ENSG00000106069.28,Module 2,ENSG00000106069,CHN2,protein_coding
ENSG00000167371.23,Module 4,ENSG00000167371,PRRT2,protein_coding
ENSG00000162337.14,Module 4,ENSG00000162337,LRP5,protein_coding
ENSG00000180818.6,Module 2,ENSG00000180818,HOXC10,protein_coding
ENSG00000197857.18,Module 4,ENSG00000197857,ZNF44,protein_coding
ENSG00000167100.17,Module 2,ENSG00000167100,SAMD14,protein_coding
ENSG00000109944.13,Module 1,ENSG00000109944,JHY,protein_coding
ENSG00000183166.13,Module 2,ENSG00000183166,CALN1,protein_coding
ENSG00000184916.11,Module 1,ENSG00000184916,JAG2,protein_coding
ENSG00000198692.12,Module 1,ENSG00000198692,EIF1AY,protein_coding
ENSG00000197013.13,Module 4,ENSG00000197013,ZNF429,protein_coding
ENSG00000115896.18,Module 3,ENSG00000115896,PLCL1,protein_coding
ENSG00000196586.19,Module 2,ENSG00000196586,MYO6,protein_coding
ENSG00000179528.17,Module 1,ENSG00000179528,LBX2,protein_coding
ENSG00000196466.11,Module 4,ENSG00000196466,ZNF799,protein_coding
ENSG00000090539.18,Module 3,ENSG00000090539,CHRD,protein_coding
ENSG00000091129.24,Module 1,ENSG00000091129,NRCAM,protein_coding
ENSG00000064763.14,Module 2,ENSG00000064763,FAR2,protein_coding
ENSG00000275342.8,Module 5,ENSG00000275342,PRAG1,protein_coding
ENSG00000126603.11,Module 4,ENSG00000126603,GLIS2,protein_coding
ENSG00000166707.14,Module 3,ENSG00000166707,ZCCHC18,protein_coding
ENSG00000293488.3,Module 2,ENSG00000293488,CLECL1,protein_coding
ENSG00000183395.5,Module 1,ENSG00000183395,PMCH,protein_coding
ENSG00000124479.13,Module 3,ENSG00000124479,NDP,protein_coding
ENSG00000158406.6,Module 3,ENSG00000158406,H4C8,protein_coding
ENSG00000108405.6,Module 1,ENSG00000108405,P2RX1,protein_coding
ENSG00000249948.7,Module 3,ENSG00000249948,GBA3,protein_coding
ENSG00000114315.6,Module 5,ENSG00000114315,HES1,protein_coding
ENSG00000160233.10,Module 4,ENSG00000160233,LRRC3,protein_coding
ENSG00000165591.9,Module 3,ENSG00000165591,FAAH2,protein_coding
ENSG00000169302.17,Module 1,ENSG00000169302,STK32A,protein_coding
ENSG00000181790.14,Module 1,ENSG00000181790,ADGRB1,protein_coding
ENSG00000176658.19,Module 2,ENSG00000176658,MYO1D,protein_coding
ENSG00000126266.5,Module 1,ENSG00000126266,FFAR1,protein_coding
ENSG00000170949.20,Module 4,ENSG00000170949,ZNF160,protein_coding
ENSG00000139269.5,Module 1,ENSG00000139269,INHBE,protein_coding
ENSG00000099840.15,Module 1,ENSG00000099840,IZUMO4,protein_coding
ENSG00000185101.15,Module 1,ENSG00000185101,ANO9,protein_coding
ENSG00000180884.12,Module 2,ENSG00000180884,ZNF792,protein_coding
ENSG00000180881.23,Module 4,ENSG00000180881,CAPS2,protein_coding
ENSG00000197540.9,Module 5,ENSG00000197540,GZMM,protein_coding
ENSG00000172123.16,Module 5,ENSG00000172123,SLFN12,protein_coding
ENSG00000179715.15,Module 1,ENSG00000179715,PCED1B,protein_coding
ENSG00000065675.18,Module 5,ENSG00000065675,PRKCQ,protein_coding
ENSG00000107249.25,Module 1,ENSG00000107249,GLIS3,protein_coding
ENSG00000185905.6,Module 1,ENSG00000185905,C16orf54,protein_coding
ENSG00000164241.15,Module 6,ENSG00000164241,C5orf63,protein_coding
ENSG00000138835.25,Module 6,ENSG00000138835,RGS3,protein_coding
ENSG00000100867.17,Module 1,ENSG00000100867,DHRS2,protein_coding
ENSG00000105479.18,Module 5,ENSG00000105479,ODAD1,protein_coding
ENSG00000136250.15,Module 2,ENSG00000136250,AOAH,protein_coding
ENSG00000090534.22,Module 3,ENSG00000090534,THPO,protein_coding
ENSG00000196074.14,Module 1,ENSG00000196074,SYCP2,protein_coding
ENSG00000149257.18,Module 1,ENSG00000149257,SERPINH1,protein_coding
ENSG00000256771.7,Module 6,ENSG00000256771,ZNF253,protein_coding
ENSG00000164604.16,Module 1,ENSG00000164604,GPR85,protein_coding
ENSG00000232810.6,Module 1,ENSG00000232810,TNF,protein_coding
ENSG00000155052.15,Module 3,ENSG00000155052,CNTNAP5,protein_coding
ENSG00000157617.19,Module 4,ENSG00000157617,C2CD2,protein_coding
ENSG00000139289.16,Module 4,ENSG00000139289,PHLDA1,protein_coding
ENSG00000107611.17,Module 1,ENSG00000107611,CUBN,protein_coding
ENSG00000082293.14,Module 3,ENSG00000082293,COL19A1,protein_coding
ENSG00000273820.2,Module 1,ENSG00000273820,USP27X,protein_coding
ENSG00000081803.19,Module 1,ENSG00000081803,CADPS2,protein_coding
ENSG00000131242.20,Module 5,ENSG00000131242,RAB11FIP4,protein_coding
ENSG00000172889.18,Module 1,ENSG00000172889,EGFL7,protein_coding
ENSG00000197980.15,Module 3,ENSG00000197980,LEKR1,protein_coding
ENSG00000177721.5,Module 4,ENSG00000177721,ANXA2R,protein_coding
ENSG00000116141.19,Module 1,ENSG00000116141,MARK1,protein_coding
ENSG00000112273.7,Module 3,ENSG00000112273,HDGFL1,protein_coding
ENSG00000182379.11,Module 4,ENSG00000182379,NXPH4,protein_coding
ENSG00000148488.18,Module 2,ENSG00000148488,ST8SIA6,protein_coding
ENSG00000118156.14,Module 1,ENSG00000118156,ZNF541,protein_coding
ENSG00000221890.8,Module 4,ENSG00000221890,NPTXR,protein_coding
ENSG00000184486.10,Module 4,ENSG00000184486,POU3F2,protein_coding
ENSG00000214929.4,Module 1,ENSG00000214929,SPATA31D1,protein_coding
ENSG00000068078.22,Module 2,ENSG00000068078,FGFR3,protein_coding
ENSG00000178403.4,Module 4,ENSG00000178403,NEUROG2,protein_coding
ENSG00000173926.8,Module 6,ENSG00000173926,MARCHF3,protein_coding
ENSG00000136689.21,Module 1,ENSG00000136689,IL1RN,protein_coding
ENSG00000155629.17,Module 5,ENSG00000155629,PIK3AP1,protein_coding
ENSG00000121297.9,Module 2,ENSG00000121297,TSHZ3,protein_coding
ENSG00000181031.18,Module 1,ENSG00000181031,RPH3AL,protein_coding
ENSG00000146674.18,Module 1,ENSG00000146674,IGFBP3,protein_coding
ENSG00000110665.14,Module 5,ENSG00000110665,C11orf21,protein_coding
ENSG00000198715.15,Module 1,ENSG00000198715,GLMP,protein_coding
ENSG00000197191.7,Module 1,ENSG00000197191,CYSRT1,protein_coding
ENSG00000281406.4,Module 1,ENSG00000281406,BLACAT1,protein_coding
ENSG00000160229.15,Module 2,ENSG00000160229,ZNF66,protein_coding
ENSG00000235109.10,Module 4,ENSG00000235109,ZSCAN31,protein_coding
ENSG00000006453.16,Module 2,ENSG00000006453,BAIAP2L1,protein_coding
ENSG00000187583.13,Module 1,ENSG00000187583,PLEKHN1,protein_coding
ENSG00000125864.15,Module 1,ENSG00000125864,BFSP1,protein_coding
ENSG00000134028.16,Module 3,ENSG00000134028,ADAMDEC1,protein_coding
ENSG00000167232.16,Module 2,ENSG00000167232,ZNF91,protein_coding
ENSG00000163053.13,Module 3,ENSG00000163053,SLC16A14,protein_coding
ENSG00000137821.14,Module 2,ENSG00000137821,LRRC49,protein_coding
ENSG00000154479.14,Module 3,ENSG00000154479,CFAP210,protein_coding
ENSG00000079691.21,Module 1,ENSG00000079691,CARMIL1,protein_coding
ENSG00000130755.15,Module 1,ENSG00000130755,GMFG,protein_coding
ENSG00000105289.17,Module 5,ENSG00000105289,TJP3,protein_coding
ENSG00000152433.17,Module 4,ENSG00000152433,ZNF547,protein_coding
ENSG00000152952.16,Module 2,ENSG00000152952,PLOD2,protein_coding
ENSG00000164651.19,Module 2,ENSG00000164651,SP8,protein_coding
ENSG00000204611.9,Module 5,ENSG00000204611,ZNF616,protein_coding
ENSG00000100100.16,Module 5,ENSG00000100100,PIK3IP1,protein_coding
ENSG00000160447.9,Module 4,ENSG00000160447,PKN3,protein_coding
ENSG00000152778.10,Module 2,ENSG00000152778,IFIT5,protein_coding
ENSG00000108813.12,Module 5,ENSG00000108813,DLX4,protein_coding
ENSG00000115657.16,Module 1,ENSG00000115657,ABCB6,protein_coding
ENSG00000172345.16,Module 5,ENSG00000172345,STARD5,protein_coding
ENSG00000115607.12,Module 1,ENSG00000115607,IL18RAP,protein_coding
ENSG00000180855.16,Module 4,ENSG00000180855,ZNF443,protein_coding
ENSG00000141404.18,Module 2,ENSG00000141404,GNAL,protein_coding
ENSG00000176125.7,Module 1,ENSG00000176125,UFSP1,protein_coding
ENSG00000187626.11,Module 4,ENSG00000187626,ZKSCAN4,protein_coding
ENSG00000122694.18,Module 6,ENSG00000122694,GLIPR2,protein_coding
ENSG00000102934.12,Module 3,ENSG00000102934,PLLP,protein_coding
ENSG00000139998.18,Module 5,ENSG00000139998,RAB15,protein_coding
ENSG00000113525.12,Module 1,ENSG00000113525,IL5,protein_coding
ENSG00000196372.15,Module 4,ENSG00000196372,ASB13,protein_coding
ENSG00000197646.10,Module 1,ENSG00000197646,PDCD1LG2,protein_coding
ENSG00000274512.8,Module 4,ENSG00000274512,TBC1D3L,protein_coding
ENSG00000174938.17,Module 1,ENSG00000174938,SEZ6L2,protein_coding
ENSG00000137393.12,Module 1,ENSG00000137393,RNF144B,protein_coding
ENSG00000125618.20,Module 4,ENSG00000125618,PAX8,protein_coding
ENSG00000171234.16,Module 3,ENSG00000171234,UGT2B7,protein_coding
ENSG00000148082.11,Module 1,ENSG00000148082,SHC3,protein_coding
ENSG00000156052.13,Module 4,ENSG00000156052,GNAQ,protein_coding
ENSG00000152315.7,Module 6,ENSG00000152315,KCNK13,protein_coding
ENSG00000128011.7,Module 5,ENSG00000128011,LRFN1,protein_coding
ENSG00000106070.22,Module 1,ENSG00000106070,GRB10,protein_coding
ENSG00000108679.15,Module 5,ENSG00000108679,LGALS3BP,protein_coding
ENSG00000150394.16,Module 1,ENSG00000150394,CDH8,protein_coding
ENSG00000077984.8,Module 6,ENSG00000077984,CST7,protein_coding
ENSG00000179639.12,Module 1,ENSG00000179639,FCER1A,protein_coding
ENSG00000137731.16,Module 5,ENSG00000137731,FXYD2,protein_coding
ENSG00000138642.18,Module 4,ENSG00000138642,HERC6,protein_coding
ENSG00000085465.15,Module 3,ENSG00000085465,OVGP1,protein_coding
ENSG00000185015.9,Module 3,ENSG00000185015,CA13,protein_coding
ENSG00000109458.12,Module 2,ENSG00000109458,GAB1,protein_coding
ENSG00000143994.16,Module 1,ENSG00000143994,ABHD1,protein_coding
ENSG00000235034.8,Module 2,ENSG00000235034,C19orf81,protein_coding
ENSG00000104059.7,Module 1,ENSG00000104059,ENTREP2,protein_coding
ENSG00000171659.18,Module 3,ENSG00000171659,GPR34,protein_coding
ENSG00000143153.16,Module 4,ENSG00000143153,ATP1B1,protein_coding
ENSG00000140297.15,Module 1,ENSG00000140297,GCNT3,protein_coding
ENSG00000114670.16,Module 4,ENSG00000114670,NEK11,protein_coding
ENSG00000121753.13,Module 2,ENSG00000121753,ADGRB2,protein_coding
ENSG00000196387.12,Module 6,ENSG00000196387,ZNF140,protein_coding
ENSG00000214274.12,Module 1,ENSG00000214274,ANG,protein_coding
ENSG00000186810.9,Module 6,ENSG00000186810,CXCR3,protein_coding
ENSG00000143147.17,Module 4,ENSG00000143147,GPR161,protein_coding
ENSG00000268223.8,Module 2,ENSG00000268223,ARL14EPL,protein_coding
ENSG00000197933.15,Module 4,ENSG00000197933,ZNF823,protein_coding
ENSG00000203778.10,Module 4,ENSG00000203778,FAM229B,protein_coding
ENSG00000152439.14,Module 4,ENSG00000152439,ZNF773,protein_coding
ENSG00000172748.16,Module 3,ENSG00000172748,ZNF596,protein_coding
ENSG00000110237.7,Module 5,ENSG00000110237,ARHGEF17,protein_coding
ENSG00000006025.15,Module 6,ENSG00000006025,OSBPL7,protein_coding
ENSG00000165118.16,Module 1,ENSG00000165118,QNG1,protein_coding
ENSG00000128271.24,Module 1,ENSG00000128271,ADORA2A,protein_coding
ENSG00000169862.23,Module 2,ENSG00000169862,CTNND2,protein_coding
ENSG00000221957.8,Module 1,ENSG00000221957,KIR2DS4,protein_coding
ENSG00000125869.12,Module 4,ENSG00000125869,LAMP5,protein_coding
ENSG00000267041.7,Module 4,ENSG00000267041,ZNF850,protein_coding
ENSG00000067182.11,Module 1,ENSG00000067182,TNFRSF1A,protein_coding
ENSG00000175130.9,Module 6,ENSG00000175130,MARCKSL1,protein_coding
ENSG00000117148.10,Module 1,ENSG00000117148,ACTL8,protein_coding
ENSG00000101883.8,Module 1,ENSG00000101883,RHOXF1,protein_coding
ENSG00000196440.13,Module 3,ENSG00000196440,ARMCX4,protein_coding
ENSG00000071575.13,Module 5,ENSG00000071575,TRIB2,protein_coding
ENSG00000177614.13,Module 5,ENSG00000177614,PGBD5,protein_coding
ENSG00000143801.20,Module 2,ENSG00000143801,PSEN2,protein_coding
ENSG00000248099.4,Module 1,ENSG00000248099,INSL3,protein_coding
ENSG00000164303.13,Module 3,ENSG00000164303,ENPP6,protein_coding
ENSG00000133020.4,Module 3,ENSG00000133020,MYH8,protein_coding
ENSG00000138741.13,Module 3,ENSG00000138741,TRPC3,protein_coding
ENSG00000169715.16,Module 4,ENSG00000169715,MT1E,protein_coding
ENSG00000171533.14,Module 4,ENSG00000171533,MAP6,protein_coding
ENSG00000178852.17,Module 4,ENSG00000178852,EFCAB13,protein_coding
ENSG00000111077.20,Module 1,ENSG00000111077,TNS2,protein_coding
ENSG00000127074.17,Module 1,ENSG00000127074,RGS13,protein_coding
ENSG00000185436.14,Module 6,ENSG00000185436,IFNLR1,protein_coding
ENSG00000128536.18,Module 2,ENSG00000128536,CDHR3,protein_coding
ENSG00000203740.6,Module 3,ENSG00000203740,NTMT2,protein_coding
ENSG00000187815.12,Module 1,ENSG00000187815,ZFP69,protein_coding
ENSG00000183092.20,Module 1,ENSG00000183092,BEGAIN,protein_coding
ENSG00000147394.22,Module 1,ENSG00000147394,ZNF185,protein_coding
ENSG00000165164.15,Module 5,ENSG00000165164,CFAP47,protein_coding
ENSG00000183780.14,Module 5,ENSG00000183780,SLC35F3,protein_coding
ENSG00000166326.9,Module 6,ENSG00000166326,TRIM44,protein_coding
ENSG00000119986.9,Module 5,ENSG00000119986,AVPI1,protein_coding
ENSG00000077935.19,Module 4,ENSG00000077935,SMC1B,protein_coding
ENSG00000289721.1,Module 1,ENSG00000289721,PYDC5,protein_coding
ENSG00000135925.11,Module 3,ENSG00000135925,WNT10A,protein_coding
ENSG00000100368.17,Module 1,ENSG00000100368,CSF2RB,protein_coding
ENSG00000171811.15,Module 5,ENSG00000171811,CFAP46,protein_coding
ENSG00000187240.19,Module 1,ENSG00000187240,DYNC2H1,protein_coding
ENSG00000174137.15,Module 3,ENSG00000174137,FAM53A,protein_coding
ENSG00000027075.19,Module 5,ENSG00000027075,PRKCH,protein_coding
ENSG00000105997.25,Module 2,ENSG00000105997,HOXA3,protein_coding
ENSG00000077420.19,Module 3,ENSG00000077420,APBB1IP,protein_coding
ENSG00000145506.16,Module 4,ENSG00000145506,NKD2,protein_coding
ENSG00000144366.19,Module 1,ENSG00000144366,GULP1,protein_coding
ENSG00000188549.15,Module 1,ENSG00000188549,CCDC9B,protein_coding
ENSG00000101441.5,Module 1,ENSG00000101441,CST4,protein_coding
ENSG00000184939.17,Module 1,ENSG00000184939,ZFP90,protein_coding
ENSG00000163625.18,Module 2,ENSG00000163625,WDFY3,protein_coding
ENSG00000122188.15,Module 5,ENSG00000122188,LAX1,protein_coding
ENSG00000168899.7,Module 4,ENSG00000168899,VAMP5,protein_coding
ENSG00000258881.6,Module 1,ENSG00000258881,ENSG00000258881,protein_coding
ENSG00000254004.9,Module 6,ENSG00000254004,ZNF260,protein_coding
ENSG00000160336.19,Module 4,ENSG00000160336,ZNF761,protein_coding
ENSG00000105419.20,Module 2,ENSG00000105419,MEIS3,protein_coding
ENSG00000125378.18,Module 1,ENSG00000125378,BMP4,protein_coding
ENSG00000164181.16,Module 4,ENSG00000164181,ELOVL7,protein_coding
ENSG00000102385.15,Module 3,ENSG00000102385,DRP2,protein_coding
ENSG00000116833.16,Module 5,ENSG00000116833,NR5A2,protein_coding
ENSG00000183230.19,Module 3,ENSG00000183230,CTNNA3,protein_coding
ENSG00000198542.17,Module 1,ENSG00000198542,ITGBL1,protein_coding
ENSG00000213588.8,Module 3,ENSG00000213588,ZBTB9,protein_coding
ENSG00000179213.14,Module 1,ENSG00000179213,SIGLECL1,protein_coding
ENSG00000105967.18,Module 1,ENSG00000105967,TFEC,protein_coding
ENSG00000128602.13,Module 3,ENSG00000128602,SMO,protein_coding
ENSG00000164683.20,Module 1,ENSG00000164683,HEY1,protein_coding
ENSG00000167216.21,Module 3,ENSG00000167216,KATNAL2,protein_coding
ENSG00000105708.10,Module 4,ENSG00000105708,ZNF14,protein_coding
ENSG00000168890.16,Module 4,ENSG00000168890,TMEM150A,protein_coding
ENSG00000034053.17,Module 5,ENSG00000034053,APBA2,protein_coding
ENSG00000275713.3,Module 3,ENSG00000275713,H2BC9,protein_coding
ENSG00000105383.18,Module 1,ENSG00000105383,CD33,protein_coding
ENSG00000168913.9,Module 2,ENSG00000168913,ENHO,protein_coding
ENSG00000168676.12,Module 1,ENSG00000168676,KCTD19,protein_coding
ENSG00000029534.23,Module 1,ENSG00000029534,ANK1,protein_coding
ENSG00000058085.17,Module 1,ENSG00000058085,LAMC2,protein_coding
ENSG00000164756.13,Module 2,ENSG00000164756,SLC30A8,protein_coding
ENSG00000122223.15,Module 5,ENSG00000122223,CD244,protein_coding
ENSG00000198729.7,Module 2,ENSG00000198729,PPP1R14C,protein_coding
ENSG00000135750.17,Module 2,ENSG00000135750,KCNK1,protein_coding
ENSG00000163618.20,Module 3,ENSG00000163618,CADPS,protein_coding
ENSG00000185022.15,Module 5,ENSG00000185022,MAFF,protein_coding
ENSG00000130558.22,Module 1,ENSG00000130558,OLFM1,protein_coding
ENSG00000166432.18,Module 3,ENSG00000166432,ZMAT1,protein_coding
ENSG00000121068.16,Module 2,ENSG00000121068,TBX2,protein_coding
ENSG00000138336.11,Module 5,ENSG00000138336,TET1,protein_coding
ENSG00000204262.16,Module 1,ENSG00000204262,COL5A2,protein_coding
ENSG00000140057.11,Module 1,ENSG00000140057,AK7,protein_coding
ENSG00000186523.17,Module 1,ENSG00000186523,FAM86B1,protein_coding
ENSG00000185345.26,Module 1,ENSG00000185345,PRKN,protein_coding
ENSG00000173258.15,Module 4,ENSG00000173258,ZNF483,protein_coding
ENSG00000198948.14,Module 2,ENSG00000198948,MFAP3L,protein_coding
ENSG00000162836.14,Module 4,ENSG00000162836,ACP6,protein_coding
ENSG00000127528.7,Module 4,ENSG00000127528,KLF2,protein_coding
ENSG00000184702.22,Module 3,ENSG00000184702,SEPTIN5,protein_coding
ENSG00000138622.4,Module 1,ENSG00000138622,HCN4,protein_coding
ENSG00000130340.19,Module 2,ENSG00000130340,SNX9,protein_coding
ENSG00000255501.3,Module 1,ENSG00000255501,CARD18,protein_coding
ENSG00000184500.18,Module 2,ENSG00000184500,PROS1,protein_coding
ENSG00000259207.11,Module 2,ENSG00000259207,ITGB3,protein_coding
ENSG00000095587.11,Module 2,ENSG00000095587,TLL2,protein_coding
ENSG00000126246.12,Module 1,ENSG00000126246,IGFLR1,protein_coding
ENSG00000114638.10,Module 1,ENSG00000114638,UPK1B,protein_coding
ENSG00000205084.14,Module 5,ENSG00000205084,TMEM231,protein_coding
ENSG00000138463.11,Module 2,ENSG00000138463,SLC49A4,protein_coding
ENSG00000187678.12,Module 5,ENSG00000187678,SPRY4,protein_coding
ENSG00000146409.14,Module 4,ENSG00000146409,SLC18B1,protein_coding
ENSG00000205426.11,Module 5,ENSG00000205426,KRT81,protein_coding
ENSG00000136235.19,Module 2,ENSG00000136235,GPNMB,protein_coding
ENSG00000213463.7,Module 5,ENSG00000213463,SYNJ2BP,protein_coding
ENSG00000274750.5,Module 3,ENSG00000274750,H3C6,protein_coding
ENSG00000244694.9,Module 1,ENSG00000244694,PTCHD4,protein_coding
ENSG00000152443.14,Module 4,ENSG00000152443,ZNF776,protein_coding
ENSG00000256060.4,Module 4,ENSG00000256060,TRAPPC2B,protein_coding
ENSG00000144647.9,Module 4,ENSG00000144647,POMGNT2,protein_coding
ENSG00000187808.5,Module 3,ENSG00000187808,SOWAHD,protein_coding
ENSG00000143412.12,Module 5,ENSG00000143412,ANXA9,protein_coding
ENSG00000171643.16,Module 1,ENSG00000171643,S100Z,protein_coding
ENSG00000121310.19,Module 1,ENSG00000121310,ECHDC2,protein_coding
ENSG00000161653.13,Module 2,ENSG00000161653,NAGS,protein_coding
ENSG00000007384.17,Module 1,ENSG00000007384,RHBDF1,protein_coding
ENSG00000038295.9,Module 5,ENSG00000038295,TLL1,protein_coding
ENSG00000150556.19,Module 3,ENSG00000150556,LYPD6B,protein_coding
ENSG00000240038.8,Module 3,ENSG00000240038,AMY2B,protein_coding
ENSG00000151322.21,Module 1,ENSG00000151322,NPAS3,protein_coding
ENSG00000159917.19,Module 4,ENSG00000159917,ZNF235,protein_coding
ENSG00000165899.12,Module 3,ENSG00000165899,OTOGL,protein_coding
ENSG00000184261.6,Module 1,ENSG00000184261,KCNK12,protein_coding
ENSG00000153814.15,Module 5,ENSG00000153814,JAZF1,protein_coding
ENSG00000119514.9,Module 4,ENSG00000119514,GALNT12,protein_coding
ENSG00000141314.15,Module 2,ENSG00000141314,RHBDL3,protein_coding
ENSG00000167971.17,Module 1,ENSG00000167971,CASKIN1,protein_coding
ENSG00000157017.18,Module 1,ENSG00000157017,GHRL,protein_coding
ENSG00000160200.20,Module 2,ENSG00000160200,CBS,protein_coding
ENSG00000171540.8,Module 1,ENSG00000171540,OTP,protein_coding
ENSG00000184979.14,Module 5,ENSG00000184979,USP18,protein_coding
ENSG00000185215.13,Module 1,ENSG00000185215,TNFAIP2,protein_coding
ENSG00000153896.20,Module 6,ENSG00000153896,ZNF599,protein_coding
ENSG00000039139.11,Module 1,ENSG00000039139,DNAH5,protein_coding
ENSG00000177627.12,Module 2,ENSG00000177627,C12orf54,protein_coding
ENSG00000163794.6,Module 3,ENSG00000163794,UCN,protein_coding
ENSG00000157107.16,Module 1,ENSG00000157107,FCHO2,protein_coding
ENSG00000186567.16,Module 5,ENSG00000186567,CEACAM19,protein_coding
ENSG00000140403.15,Module 1,ENSG00000140403,DNAJA4,protein_coding
ENSG00000042813.10,Module 1,ENSG00000042813,ZPBP,protein_coding
ENSG00000060656.22,Module 2,ENSG00000060656,PTPRU,protein_coding
ENSG00000198670.15,Module 3,ENSG00000198670,LPA,protein_coding
ENSG00000140092.18,Module 5,ENSG00000140092,FBLN5,protein_coding
ENSG00000146859.8,Module 1,ENSG00000146859,TMEM140,protein_coding
ENSG00000116819.10,Module 3,ENSG00000116819,TFAP2E,protein_coding
ENSG00000240204.4,Module 5,ENSG00000240204,SMKR1,protein_coding
ENSG00000019991.19,Module 2,ENSG00000019991,HGF,protein_coding
ENSG00000159184.9,Module 5,ENSG00000159184,HOXB13,protein_coding
ENSG00000151687.16,Module 1,ENSG00000151687,ANKAR,protein_coding
ENSG00000213694.9,Module 1,ENSG00000213694,S1PR3,protein_coding
ENSG00000176170.16,Module 5,ENSG00000176170,SPHK1,protein_coding
ENSG00000103742.14,Module 5,ENSG00000103742,IGDCC4,protein_coding
ENSG00000087589.19,Module 5,ENSG00000087589,CASS4,protein_coding
ENSG00000004848.9,Module 2,ENSG00000004848,ARX,protein_coding
ENSG00000186231.19,Module 4,ENSG00000186231,KLHL32,protein_coding
ENSG00000113070.10,Module 5,ENSG00000113070,HBEGF,protein_coding
ENSG00000179604.12,Module 2,ENSG00000179604,CDC42EP4,protein_coding
ENSG00000086730.19,Module 2,ENSG00000086730,LAT2,protein_coding
ENSG00000168386.20,Module 3,ENSG00000168386,FILIP1L,protein_coding
ENSG00000124313.20,Module 5,ENSG00000124313,IQSEC2,protein_coding
ENSG00000148541.15,Module 3,ENSG00000148541,FAM13C,protein_coding
ENSG00000155974.15,Module 1,ENSG00000155974,GRIP1,protein_coding
ENSG00000179934.8,Module 5,ENSG00000179934,CCR8,protein_coding
ENSG00000188266.15,Module 5,ENSG00000188266,HYKK,protein_coding
ENSG00000104432.17,Module 4,ENSG00000104432,IL7,protein_coding
ENSG00000147082.19,Module 2,ENSG00000147082,CCNB3,protein_coding
ENSG00000198753.14,Module 1,ENSG00000198753,PLXNB3,protein_coding
ENSG00000253368.6,Module 1,ENSG00000253368,TRNP1,protein_coding
ENSG00000074181.11,Module 1,ENSG00000074181,NOTCH3,protein_coding
ENSG00000173917.12,Module 2,ENSG00000173917,HOXB2,protein_coding
ENSG00000142530.13,Module 1,ENSG00000142530,GARIN5A,protein_coding
ENSG00000174672.18,Module 2,ENSG00000174672,BRSK2,protein_coding
ENSG00000173918.17,Module 5,ENSG00000173918,C1QTNF1,protein_coding
ENSG00000171798.21,Module 2,ENSG00000171798,KNDC1,protein_coding
ENSG00000110002.18,Module 1,ENSG00000110002,VWA5A,protein_coding
ENSG00000008056.16,Module 1,ENSG00000008056,SYN1,protein_coding
ENSG00000120289.12,Module 1,ENSG00000120289,MAGEB4,protein_coding
ENSG00000112486.20,Module 1,ENSG00000112486,CCR6,protein_coding
ENSG00000158315.13,Module 1,ENSG00000158315,RHBDL2,protein_coding
ENSG00000064989.15,Module 3,ENSG00000064989,CALCRL,protein_coding
ENSG00000126803.10,Module 2,ENSG00000126803,HSPA2,protein_coding
ENSG00000005187.14,Module 5,ENSG00000005187,ACSM3,protein_coding
ENSG00000177875.5,Module 2,ENSG00000177875,CCDC184,protein_coding
ENSG00000157150.7,Module 1,ENSG00000157150,TIMP4,protein_coding
ENSG00000171450.6,Module 2,ENSG00000171450,CDK5R2,protein_coding
ENSG00000152804.13,Module 5,ENSG00000152804,HHEX,protein_coding
ENSG00000137877.10,Module 1,ENSG00000137877,SPTBN5,protein_coding
ENSG00000164532.11,Module 4,ENSG00000164532,TBX20,protein_coding
ENSG00000187720.16,Module 2,ENSG00000187720,THSD4,protein_coding
ENSG00000111404.7,Module 1,ENSG00000111404,RERGL,protein_coding
ENSG00000186787.12,Module 4,ENSG00000186787,SPIN2B,protein_coding
ENSG00000003987.16,Module 1,ENSG00000003987,MTMR7,protein_coding
ENSG00000163154.8,Module 1,ENSG00000163154,TNFAIP8L2,protein_coding
ENSG00000159527.4,Module 1,ENSG00000159527,PGLYRP3,protein_coding
ENSG00000157087.21,Module 1,ENSG00000157087,ATP2B2,protein_coding
ENSG00000130711.5,Module 1,ENSG00000130711,PRDM12,protein_coding
ENSG00000175600.18,Module 1,ENSG00000175600,SUGCT,protein_coding
ENSG00000152284.7,Module 2,ENSG00000152284,TCF7L1,protein_coding
ENSG00000145536.17,Module 2,ENSG00000145536,ADAMTS16,protein_coding
ENSG00000221988.15,Module 5,ENSG00000221988,PPT2,protein_coding
ENSG00000148935.14,Module 4,ENSG00000148935,GAS2,protein_coding
ENSG00000155816.22,Module 2,ENSG00000155816,FMN2,protein_coding
ENSG00000196458.13,Module 1,ENSG00000196458,ZNF605,protein_coding
ENSG00000166682.15,Module 3,ENSG00000166682,TMPRSS5,protein_coding
ENSG00000060709.19,Module 5,ENSG00000060709,RIMBP2,protein_coding
ENSG00000144645.18,Module 2,ENSG00000144645,OSBPL10,protein_coding
ENSG00000183032.13,Module 1,ENSG00000183032,SLC25A21,protein_coding
ENSG00000116991.14,Module 1,ENSG00000116991,SIPA1L2,protein_coding
ENSG00000123453.21,Module 5,ENSG00000123453,SARDH,protein_coding
ENSG00000106366.11,Module 5,ENSG00000106366,SERPINE1,protein_coding
ENSG00000173699.18,Module 1,ENSG00000173699,SPATA3,protein_coding
ENSG00000163508.14,Module 5,ENSG00000163508,EOMES,protein_coding
ENSG00000105737.12,Module 1,ENSG00000105737,GRIK5,protein_coding
ENSG00000132744.10,Module 5,ENSG00000132744,ACY3,protein_coding
ENSG00000187908.22,Module 1,ENSG00000187908,DMBT1,protein_coding
ENSG00000116885.20,Module 1,ENSG00000116885,OSCP1,protein_coding
ENSG00000131409.14,Module 1,ENSG00000131409,LRRC4B,protein_coding
ENSG00000063127.16,Module 6,ENSG00000063127,SLC6A16,protein_coding
ENSG00000183421.13,Module 2,ENSG00000183421,RIPK4,protein_coding
ENSG00000187091.16,Module 2,ENSG00000187091,PLCD1,protein_coding
ENSG00000088826.20,Module 5,ENSG00000088826,SMOX,protein_coding
ENSG00000154096.16,Module 5,ENSG00000154096,THY1,protein_coding
ENSG00000116157.7,Module 3,ENSG00000116157,GPX7,protein_coding
ENSG00000107104.23,Module 5,ENSG00000107104,KANK1,protein_coding
ENSG00000100290.5,Module 4,ENSG00000100290,BIK,protein_coding
ENSG00000140465.17,Module 1,ENSG00000140465,CYP1A1,protein_coding
ENSG00000091986.18,Module 4,ENSG00000091986,CCDC80,protein_coding
ENSG00000260428.5,Module 4,ENSG00000260428,SCX,protein_coding
ENSG00000102174.11,Module 3,ENSG00000102174,PHEX,protein_coding
ENSG00000143502.18,Module 4,ENSG00000143502,SUSD4,protein_coding
ENSG00000118785.17,Module 1,ENSG00000118785,SPP1,protein_coding
ENSG00000156219.20,Module 2,ENSG00000156219,ART3,protein_coding
ENSG00000089041.19,Module 5,ENSG00000089041,P2RX7,protein_coding
ENSG00000130649.12,Module 2,ENSG00000130649,CYP2E1,protein_coding
ENSG00000184619.9,Module 2,ENSG00000184619,KRABD2,protein_coding
ENSG00000182040.9,Module 1,ENSG00000182040,USH1G,protein_coding
ENSG00000019144.22,Module 1,ENSG00000019144,PHLDB1,protein_coding
ENSG00000148655.17,Module 2,ENSG00000148655,LRMDA,protein_coding
ENSG00000128322.7,Module 5,ENSG00000128322,IGLL1,protein_coding
ENSG00000102001.14,Module 1,ENSG00000102001,CACNA1F,protein_coding
ENSG00000109819.12,Module 3,ENSG00000109819,PPARGC1A,protein_coding
ENSG00000205403.17,Module 1,ENSG00000205403,CFI,protein_coding
ENSG00000086967.12,Module 1,ENSG00000086967,MYBPC2,protein_coding
ENSG00000163393.15,Module 1,ENSG00000163393,SLC22A15,protein_coding
ENSG00000185565.15,Module 1,ENSG00000185565,LSAMP,protein_coding
ENSG00000134072.13,Module 1,ENSG00000134072,CAMK1,protein_coding
ENSG00000177679.17,Module 2,ENSG00000177679,SRRM3,protein_coding
ENSG00000157680.18,Module 1,ENSG00000157680,DGKI,protein_coding
ENSG00000175505.12,Module 5,ENSG00000175505,CLCF1,protein_coding
ENSG00000073670.16,Module 1,ENSG00000073670,ADAM11,protein_coding
ENSG00000153885.17,Module 2,ENSG00000153885,KCTD15,protein_coding
ENSG00000007062.14,Module 2,ENSG00000007062,PROM1,protein_coding
ENSG00000137285.12,Module 3,ENSG00000137285,TUBB2B,protein_coding
ENSG00000133104.16,Module 4,ENSG00000133104,SPART,protein_coding
ENSG00000180998.14,Module 3,ENSG00000180998,GPR137C,protein_coding
ENSG00000115590.16,Module 1,ENSG00000115590,IL1R2,protein_coding
ENSG00000166323.15,Module 3,ENSG00000166323,C11orf65,protein_coding
ENSG00000245848.3,Module 2,ENSG00000245848,CEBPA,protein_coding
ENSG00000100505.16,Module 6,ENSG00000100505,TRIM9,protein_coding
ENSG00000256870.5,Module 1,ENSG00000256870,SLC5A8,protein_coding
ENSG00000169247.16,Module 1,ENSG00000169247,SH3TC2,protein_coding
ENSG00000183091.22,Module 4,ENSG00000183091,NEB,protein_coding
ENSG00000072609.20,Module 4,ENSG00000072609,CHFR,protein_coding
ENSG00000189143.10,Module 1,ENSG00000189143,CLDN4,protein_coding
ENSG00000152503.12,Module 5,ENSG00000152503,TRIM36,protein_coding
ENSG00000169252.6,Module 2,ENSG00000169252,ADRB2,protein_coding
ENSG00000176092.18,Module 1,ENSG00000176092,CRYBG2,protein_coding
ENSG00000184492.7,Module 1,ENSG00000184492,FOXD4L1,protein_coding
ENSG00000162591.19,Module 2,ENSG00000162591,MEGF6,protein_coding
ENSG00000179873.15,Module 2,ENSG00000179873,NLRP11,protein_coding
ENSG00000149295.16,Module 2,ENSG00000149295,DRD2,protein_coding
ENSG00000184672.12,Module 3,ENSG00000184672,RALYL,protein_coding
ENSG00000116981.6,Module 4,ENSG00000116981,NT5C1A,protein_coding
ENSG00000159496.16,Module 6,ENSG00000159496,RGL4,protein_coding
ENSG00000273749.7,Module 2,ENSG00000273749,CYFIP1,protein_coding
ENSG00000175497.18,Module 3,ENSG00000175497,DPP10,protein_coding
ENSG00000170454.7,Module 2,ENSG00000170454,KRT75,protein_coding
ENSG00000183856.13,Module 1,ENSG00000183856,IQGAP3,protein_coding
ENSG00000158859.12,Module 5,ENSG00000158859,ADAMTS4,protein_coding
ENSG00000095637.25,Module 2,ENSG00000095637,SORBS1,protein_coding
ENSG00000064886.16,Module 5,ENSG00000064886,CHI3L2,protein_coding
ENSG00000154928.21,Module 1,ENSG00000154928,EPHB1,protein_coding
ENSG00000148671.17,Module 1,ENSG00000148671,ADIRF,protein_coding
ENSG00000141519.17,Module 1,ENSG00000141519,CCDC40,protein_coding
ENSG00000143878.10,Module 2,ENSG00000143878,RHOB,protein_coding
ENSG00000074966.14,Module 2,ENSG00000074966,TXK,protein_coding
ENSG00000188732.13,Module 3,ENSG00000188732,FAM221A,protein_coding
ENSG00000105711.16,Module 1,ENSG00000105711,SCN1B,protein_coding
ENSG00000166509.12,Module 1,ENSG00000166509,CLEC3A,protein_coding
ENSG00000113504.23,Module 2,ENSG00000113504,SLC12A7,protein_coding
ENSG00000080007.10,Module 1,ENSG00000080007,DDX43,protein_coding
ENSG00000111452.15,Module 1,ENSG00000111452,ADGRD1,protein_coding
ENSG00000112116.11,Module 1,ENSG00000112116,IL17F,protein_coding
ENSG00000182050.16,Module 2,ENSG00000182050,MGAT4C,protein_coding
ENSG00000139174.14,Module 4,ENSG00000139174,PRICKLE1,protein_coding
ENSG00000181240.14,Module 6,ENSG00000181240,SLC25A41,protein_coding
ENSG00000008323.18,Module 2,ENSG00000008323,PLEKHG6,protein_coding
ENSG00000198691.15,Module 1,ENSG00000198691,ABCA4,protein_coding
ENSG00000167483.20,Module 1,ENSG00000167483,NIBAN3,protein_coding
ENSG00000143469.22,Module 2,ENSG00000143469,SYT14,protein_coding
ENSG00000144837.11,Module 1,ENSG00000144837,PLA1A,protein_coding
ENSG00000140937.16,Module 1,ENSG00000140937,CDH11,protein_coding
ENSG00000204866.10,Module 1,ENSG00000204866,IGFL2,protein_coding
ENSG00000151240.20,Module 2,ENSG00000151240,DIP2C,protein_coding
ENSG00000287080.2,Module 3,ENSG00000287080,H3C3,protein_coding
ENSG00000128641.21,Module 2,ENSG00000128641,MYO1B,protein_coding
ENSG00000204060.8,Module 2,ENSG00000204060,FOXO6,protein_coding
ENSG00000104044.18,Module 1,ENSG00000104044,OCA2,protein_coding
ENSG00000118508.7,Module 1,ENSG00000118508,RAB32,protein_coding
ENSG00000181773.9,Module 5,ENSG00000181773,GPR3,protein_coding
ENSG00000120833.16,Module 2,ENSG00000120833,SOCS2,protein_coding
ENSG00000147117.9,Module 5,ENSG00000147117,ZNF157,protein_coding
ENSG00000119630.16,Module 1,ENSG00000119630,PGF,protein_coding
ENSG00000171847.13,Module 2,ENSG00000171847,FAM90A1,protein_coding
ENSG00000168350.9,Module 1,ENSG00000168350,DEGS2,protein_coding
ENSG00000287839.3,Module 5,ENSG00000287839,ENSG00000287839,protein_coding
ENSG00000170160.21,Module 1,ENSG00000170160,CCDC144A,protein_coding
ENSG00000171044.12,Module 2,ENSG00000171044,XKR6,protein_coding
ENSG00000213096.12,Module 6,ENSG00000213096,ZNF254,protein_coding
ENSG00000185950.10,Module 4,ENSG00000185950,IRS2,protein_coding
ENSG00000277632.2,Module 1,ENSG00000277632,CCL3,protein_coding
ENSG00000099994.13,Module 2,ENSG00000099994,SUSD2,protein_coding
ENSG00000105784.18,Module 1,ENSG00000105784,RUNDC3B,protein_coding
ENSG00000154654.16,Module 2,ENSG00000154654,NCAM2,protein_coding
ENSG00000115963.16,Module 5,ENSG00000115963,RND3,protein_coding
ENSG00000184357.5,Module 4,ENSG00000184357,H1-5,protein_coding
ENSG00000055332.21,Module 4,ENSG00000055332,EIF2AK2,protein_coding
ENSG00000169126.18,Module 1,ENSG00000169126,ODAD2,protein_coding
ENSG00000183098.12,Module 2,ENSG00000183098,GPC6,protein_coding
ENSG00000234719.9,Module 3,ENSG00000234719,NPIPB2,protein_coding
ENSG00000137880.7,Module 6,ENSG00000137880,GCHFR,protein_coding
ENSG00000197361.9,Module 2,ENSG00000197361,FBXL22,protein_coding
ENSG00000135407.12,Module 3,ENSG00000135407,AVIL,protein_coding
ENSG00000117643.18,Module 2,ENSG00000117643,MAN1C1,protein_coding
ENSG00000180730.6,Module 5,ENSG00000180730,SHISA2,protein_coding
ENSG00000181072.14,Module 2,ENSG00000181072,CHRM2,protein_coding
ENSG00000185736.17,Module 1,ENSG00000185736,ADARB2,protein_coding
ENSG00000198478.11,Module 2,ENSG00000198478,SH3BGRL2,protein_coding
ENSG00000112379.11,Module 2,ENSG00000112379,ARFGEF3,protein_coding
ENSG00000183878.18,Module 1,ENSG00000183878,UTY,protein_coding
ENSG00000143217.11,Module 2,ENSG00000143217,NECTIN4,protein_coding
ENSG00000268916.8,Module 1,ENSG00000268916,CSAG3,protein_coding
ENSG00000077327.18,Module 1,ENSG00000077327,SPAG6,protein_coding
ENSG00000226650.6,Module 3,ENSG00000226650,KIF4B,protein_coding
ENSG00000137747.18,Module 1,ENSG00000137747,TMPRSS13,protein_coding
ENSG00000106302.11,Module 1,ENSG00000106302,HYAL4,protein_coding
ENSG00000169856.10,Module 1,ENSG00000169856,ONECUT1,protein_coding
ENSG00000135549.18,Module 3,ENSG00000135549,PKIB,protein_coding
ENSG00000184986.14,Module 5,ENSG00000184986,TMEM121,protein_coding
ENSG00000099958.17,Module 4,ENSG00000099958,DERL3,protein_coding
ENSG00000157303.13,Module 6,ENSG00000157303,SUSD3,protein_coding
ENSG00000091136.17,Module 1,ENSG00000091136,LAMB1,protein_coding
ENSG00000243414.8,Module 2,ENSG00000243414,TICAM2,protein_coding
ENSG00000123096.14,Module 3,ENSG00000123096,SSPN,protein_coding
ENSG00000144369.16,Module 3,ENSG00000144369,FAM171B,protein_coding
ENSG00000146216.14,Module 2,ENSG00000146216,TTBK1,protein_coding
ENSG00000150625.19,Module 2,ENSG00000150625,GPM6A,protein_coding
ENSG00000134253.10,Module 2,ENSG00000134253,TRIM45,protein_coding
ENSG00000182310.16,Module 2,ENSG00000182310,SPACA6,protein_coding
ENSG00000064201.18,Module 5,ENSG00000064201,TSPAN32,protein_coding
ENSG00000186160.5,Module 1,ENSG00000186160,CYP4Z1,protein_coding
ENSG00000178752.17,Module 6,ENSG00000178752,ERFE,protein_coding
ENSG00000145526.14,Module 4,ENSG00000145526,CDH18,protein_coding
ENSG00000150627.18,Module 3,ENSG00000150627,WDR17,protein_coding
ENSG00000169752.19,Module 2,ENSG00000169752,NRG4,protein_coding
ENSG00000213366.15,Module 4,ENSG00000213366,GSTM2,protein_coding
ENSG00000164418.23,Module 5,ENSG00000164418,GRIK2,protein_coding
ENSG00000119915.6,Module 2,ENSG00000119915,ELOVL3,protein_coding
ENSG00000172037.16,Module 1,ENSG00000172037,LAMB2,protein_coding
ENSG00000157782.12,Module 1,ENSG00000157782,CABP1,protein_coding
ENSG00000251287.9,Module 1,ENSG00000251287,ALG1L2,protein_coding
ENSG00000103056.14,Module 5,ENSG00000103056,SMPD3,protein_coding
ENSG00000109099.18,Module 5,ENSG00000109099,PMP22,protein_coding
ENSG00000116661.13,Module 1,ENSG00000116661,FBXO2,protein_coding
ENSG00000169981.13,Module 4,ENSG00000169981,ZNF35,protein_coding
ENSG00000169894.20,Module 1,ENSG00000169894,MUC3A,protein_coding
ENSG00000138271.6,Module 1,ENSG00000138271,GPR87,protein_coding
ENSG00000066735.18,Module 1,ENSG00000066735,KIF26A,protein_coding
ENSG00000172986.14,Module 4,ENSG00000172986,GXYLT2,protein_coding
ENSG00000109927.11,Module 3,ENSG00000109927,TECTA,protein_coding
ENSG00000140795.15,Module 3,ENSG00000140795,MYLK3,protein_coding
ENSG00000132464.13,Module 3,ENSG00000132464,ENAM,protein_coding
ENSG00000274290.3,Module 4,ENSG00000274290,H2BC6,protein_coding
ENSG00000172020.15,Module 1,ENSG00000172020,GAP43,protein_coding
ENSG00000133636.13,Module 3,ENSG00000133636,NTS,protein_coding
ENSG00000261787.4,Module 5,ENSG00000261787,TCF24,protein_coding
ENSG00000185862.9,Module 5,ENSG00000185862,EVI2B,protein_coding
ENSG00000147883.14,Module 2,ENSG00000147883,CDKN2B,protein_coding
ENSG00000155158.22,Module 5,ENSG00000155158,TTC39B,protein_coding
ENSG00000137801.13,Module 2,ENSG00000137801,THBS1,protein_coding
ENSG00000196517.15,Module 2,ENSG00000196517,SLC6A9,protein_coding
ENSG00000145192.15,Module 1,ENSG00000145192,AHSG,protein_coding
ENSG00000130513.8,Module 1,ENSG00000130513,GDF15,protein_coding
ENSG00000115956.11,Module 3,ENSG00000115956,PLEK,protein_coding
ENSG00000163293.14,Module 2,ENSG00000163293,NIPAL1,protein_coding
ENSG00000079385.25,Module 5,ENSG00000079385,CEACAM1,protein_coding
ENSG00000008118.12,Module 1,ENSG00000008118,CAMK1G,protein_coding
ENSG00000055118.20,Module 5,ENSG00000055118,KCNH2,protein_coding
ENSG00000197162.12,Module 1,ENSG00000197162,ZNF785,protein_coding
ENSG00000175003.17,Module 3,ENSG00000175003,SLC22A1,protein_coding
ENSG00000130545.17,Module 4,ENSG00000130545,CRB3,protein_coding
ENSG00000167549.21,Module 1,ENSG00000167549,CORO6,protein_coding
ENSG00000128815.22,Module 1,ENSG00000128815,WDFY4,protein_coding
ENSG00000241697.7,Module 3,ENSG00000241697,TMEFF1,protein_coding
ENSG00000163840.11,Module 4,ENSG00000163840,DTX3L,protein_coding
ENSG00000151575.17,Module 5,ENSG00000151575,TEX9,protein_coding
ENSG00000054793.16,Module 3,ENSG00000054793,ATP9A,protein_coding
ENSG00000187323.13,Module 1,ENSG00000187323,DCC,protein_coding
ENSG00000266714.11,Module 1,ENSG00000266714,MYO15B,protein_coding
ENSG00000261678.4,Module 3,ENSG00000261678,SCRT1,protein_coding
ENSG00000136630.15,Module 1,ENSG00000136630,HLX,protein_coding
ENSG00000235169.13,Module 3,ENSG00000235169,SMIM1,protein_coding
ENSG00000138496.19,Module 4,ENSG00000138496,PARP9,protein_coding
ENSG00000155254.14,Module 4,ENSG00000155254,MARVELD1,protein_coding
ENSG00000165171.13,Module 5,ENSG00000165171,METTL27,protein_coding
ENSG00000095752.7,Module 1,ENSG00000095752,IL11,protein_coding
ENSG00000176771.19,Module 1,ENSG00000176771,NCKAP5,protein_coding
ENSG00000105963.17,Module 4,ENSG00000105963,ADAP1,protein_coding
ENSG00000131746.15,Module 5,ENSG00000131746,TNS4,protein_coding
ENSG00000112280.19,Module 4,ENSG00000112280,COL9A1,protein_coding
ENSG00000104067.19,Module 1,ENSG00000104067,TJP1,protein_coding
ENSG00000161328.13,Module 2,ENSG00000161328,LRRC56,protein_coding
ENSG00000186075.14,Module 2,ENSG00000186075,ZPBP2,protein_coding
ENSG00000283463.2,Module 2,ENSG00000283463,HSFX4,protein_coding
ENSG00000122877.19,Module 2,ENSG00000122877,EGR2,protein_coding
ENSG00000006283.18,Module 1,ENSG00000006283,CACNA1G,protein_coding
ENSG00000112541.19,Module 1,ENSG00000112541,PDE10A,protein_coding
ENSG00000266302.6,Module 1,ENSG00000266302,ENSG00000266302,protein_coding
ENSG00000130202.12,Module 5,ENSG00000130202,NECTIN2,protein_coding
ENSG00000073350.16,Module 5,ENSG00000073350,LLGL2,protein_coding
ENSG00000015568.15,Module 1,ENSG00000015568,RGPD5,protein_coding
ENSG00000142959.8,Module 3,ENSG00000142959,BEST4,protein_coding
ENSG00000105668.9,Module 1,ENSG00000105668,UPK1A,protein_coding
ENSG00000055955.19,Module 3,ENSG00000055955,ITIH4,protein_coding
ENSG00000134627.13,Module 3,ENSG00000134627,PIWIL4,protein_coding
ENSG00000164342.16,Module 4,ENSG00000164342,TLR3,protein_coding
ENSG00000189430.14,Module 3,ENSG00000189430,NCR1,protein_coding
ENSG00000144339.14,Module 2,ENSG00000144339,TMEFF2,protein_coding
ENSG00000131044.19,Module 1,ENSG00000131044,TTLL9,protein_coding
ENSG00000134780.12,Module 1,ENSG00000134780,DAGLA,protein_coding
ENSG00000152583.15,Module 2,ENSG00000152583,SPARCL1,protein_coding
ENSG00000118514.16,Module 2,ENSG00000118514,ALDH8A1,protein_coding
ENSG00000137310.15,Module 4,ENSG00000137310,TCF19,protein_coding
ENSG00000288681.1,Module 1,ENSG00000288681,ENSG00000288681,protein_coding
ENSG00000132000.16,Module 1,ENSG00000132000,PODNL1,protein_coding
ENSG00000170962.15,Module 3,ENSG00000170962,PDGFD,protein_coding
ENSG00000249931.5,Module 1,ENSG00000249931,GOLGA8K,protein_coding
ENSG00000133246.14,Module 5,ENSG00000133246,PRAM1,protein_coding
ENSG00000121454.8,Module 3,ENSG00000121454,LHX4,protein_coding
ENSG00000204131.12,Module 3,ENSG00000204131,NHSL2,protein_coding
ENSG00000182871.18,Module 5,ENSG00000182871,COL18A1,protein_coding
ENSG00000137707.14,Module 6,ENSG00000137707,BTG4,protein_coding
ENSG00000139132.17,Module 4,ENSG00000139132,FGD4,protein_coding
ENSG00000171368.14,Module 2,ENSG00000171368,TPPP,protein_coding
ENSG00000183248.13,Module 3,ENSG00000183248,PRR36,protein_coding
ENSG00000172296.15,Module 3,ENSG00000172296,SPTLC3,protein_coding
ENSG00000163736.6,Module 1,ENSG00000163736,PPBP,protein_coding
ENSG00000157890.21,Module 5,ENSG00000157890,MEGF11,protein_coding
ENSG00000198483.15,Module 1,ENSG00000198483,ANKRD35,protein_coding
ENSG00000197054.13,Module 2,ENSG00000197054,ZNF763,protein_coding
ENSG00000164176.15,Module 3,ENSG00000164176,EDIL3,protein_coding
ENSG00000233381.5,Module 1,ENSG00000233381,AK4P3,protein_coding
ENSG00000106125.16,Module 5,ENSG00000106125,MINDY4,protein_coding
ENSG00000139567.16,Module 1,ENSG00000139567,ACVRL1,protein_coding
ENSG00000158815.12,Module 3,ENSG00000158815,FGF17,protein_coding
ENSG00000267221.4,Module 4,ENSG00000267221,C17orf113,protein_coding
ENSG00000163491.20,Module 2,ENSG00000163491,NEK10,protein_coding
ENSG00000146221.12,Module 1,ENSG00000146221,DRC5,protein_coding
ENSG00000058404.23,Module 5,ENSG00000058404,CAMK2B,protein_coding
ENSG00000144451.21,Module 4,ENSG00000144451,SPAG16,protein_coding
ENSG00000198203.12,Module 3,ENSG00000198203,SULT1C2,protein_coding
ENSG00000173530.8,Module 2,ENSG00000173530,TNFRSF10D,protein_coding
ENSG00000125730.20,Module 6,ENSG00000125730,C3,protein_coding
ENSG00000134256.15,Module 3,ENSG00000134256,CD101,protein_coding
ENSG00000070614.17,Module 2,ENSG00000070614,NDST1,protein_coding
ENSG00000131094.6,Module 2,ENSG00000131094,C1QL1,protein_coding
ENSG00000243749.4,Module 1,ENSG00000243749,TMEM35B,protein_coding
ENSG00000180875.7,Module 2,ENSG00000180875,GREM2,protein_coding
ENSG00000173801.19,Module 5,ENSG00000173801,JUP,protein_coding
ENSG00000005249.16,Module 5,ENSG00000005249,PRKAR2B,protein_coding
ENSG00000080166.16,Module 3,ENSG00000080166,DCT,protein_coding
ENSG00000133105.9,Module 2,ENSG00000133105,RXFP2,protein_coding
ENSG00000184060.14,Module 1,ENSG00000184060,ADAP2,protein_coding
ENSG00000171827.13,Module 5,ENSG00000171827,ZNF570,protein_coding
ENSG00000170396.9,Module 1,ENSG00000170396,ZNF804A,protein_coding
ENSG00000099365.13,Module 1,ENSG00000099365,STX1B,protein_coding
ENSG00000171557.19,Module 2,ENSG00000171557,FGG,protein_coding
ENSG00000152611.14,Module 1,ENSG00000152611,CAPSL,protein_coding
ENSG00000117477.15,Module 5,ENSG00000117477,CCDC181,protein_coding
ENSG00000183423.14,Module 3,ENSG00000183423,LRIT3,protein_coding
ENSG00000140993.13,Module 6,ENSG00000140993,TIGD7,protein_coding
ENSG00000141574.10,Module 2,ENSG00000141574,SECTM1,protein_coding
ENSG00000196754.15,Module 3,ENSG00000196754,S100A2,protein_coding
ENSG00000167995.18,Module 1,ENSG00000167995,BEST1,protein_coding
ENSG00000188779.12,Module 5,ENSG00000188779,SKOR1,protein_coding
ENSG00000084636.20,Module 1,ENSG00000084636,COL16A1,protein_coding
ENSG00000162461.10,Module 2,ENSG00000162461,SLC25A34,protein_coding
ENSG00000132749.13,Module 4,ENSG00000132749,TESMIN,protein_coding
ENSG00000134668.15,Module 1,ENSG00000134668,SPOCD1,protein_coding
ENSG00000196436.9,Module 4,ENSG00000196436,NPIPB15,protein_coding
ENSG00000134853.14,Module 1,ENSG00000134853,PDGFRA,protein_coding
ENSG00000178718.7,Module 5,ENSG00000178718,RPP25,protein_coding
ENSG00000179083.9,Module 3,ENSG00000179083,FAM133A,protein_coding
ENSG00000214562.16,Module 1,ENSG00000214562,NUTM2D,protein_coding
ENSG00000188343.16,Module 2,ENSG00000188343,CIBAR1,protein_coding
ENSG00000121653.13,Module 2,ENSG00000121653,MAPK8IP1,protein_coding
ENSG00000186462.10,Module 3,ENSG00000186462,NAP1L2,protein_coding
ENSG00000139445.19,Module 2,ENSG00000139445,FOXN4,protein_coding
ENSG00000188211.10,Module 5,ENSG00000188211,NCR3LG1,protein_coding
ENSG00000076356.9,Module 1,ENSG00000076356,PLXNA2,protein_coding
ENSG00000108823.19,Module 1,ENSG00000108823,SGCA,protein_coding
ENSG00000172379.24,Module 2,ENSG00000172379,ARNT2,protein_coding
ENSG00000177873.16,Module 4,ENSG00000177873,ZNF619,protein_coding
ENSG00000151967.20,Module 2,ENSG00000151967,SCHIP1,protein_coding
ENSG00000185133.16,Module 1,ENSG00000185133,INPP5J,protein_coding
ENSG00000168065.17,Module 1,ENSG00000168065,SLC22A11,protein_coding
ENSG00000104154.9,Module 4,ENSG00000104154,SLC30A4,protein_coding
ENSG00000105146.16,Module 4,ENSG00000105146,AURKC,protein_coding
ENSG00000188868.16,Module 4,ENSG00000188868,ZNF563,protein_coding
ENSG00000186994.14,Module 2,ENSG00000186994,KANK3,protein_coding
ENSG00000182508.16,Module 6,ENSG00000182508,LHFPL1,protein_coding
ENSG00000035664.13,Module 5,ENSG00000035664,DAPK2,protein_coding
ENSG00000158806.16,Module 4,ENSG00000158806,NPM2,protein_coding
ENSG00000185442.15,Module 5,ENSG00000185442,FAM174B,protein_coding
ENSG00000145002.15,Module 1,ENSG00000145002,FAM86B2,protein_coding
ENSG00000137752.27,Module 5,ENSG00000137752,CASP1,protein_coding
ENSG00000180815.17,Module 2,ENSG00000180815,MAP3K15,protein_coding
ENSG00000134321.14,Module 5,ENSG00000134321,RSAD2,protein_coding
ENSG00000172458.7,Module 6,ENSG00000172458,IL17D,protein_coding
ENSG00000198722.17,Module 1,ENSG00000198722,UNC13B,protein_coding
ENSG00000116985.13,Module 5,ENSG00000116985,BMP8B,protein_coding
ENSG00000124203.7,Module 6,ENSG00000124203,ZNF831,protein_coding
ENSG00000128886.12,Module 3,ENSG00000128886,ELL3,protein_coding
ENSG00000198400.15,Module 2,ENSG00000198400,NTRK1,protein_coding
ENSG00000105675.10,Module 3,ENSG00000105675,ATP4A,protein_coding
ENSG00000300510.1,Module 3,ENSG00000300510,ENSG00000300510,protein_coding
ENSG00000198795.13,Module 2,ENSG00000198795,ZNF521,protein_coding
ENSG00000167771.8,Module 4,ENSG00000167771,RCOR2,protein_coding
ENSG00000136231.16,Module 4,ENSG00000136231,IGF2BP3,protein_coding
ENSG00000129990.17,Module 5,ENSG00000129990,SYT5,protein_coding
ENSG00000089335.24,Module 5,ENSG00000089335,ZNF302,protein_coding
ENSG00000196408.14,Module 1,ENSG00000196408,NOXO1,protein_coding
ENSG00000128253.17,Module 1,ENSG00000128253,RFPL2,protein_coding
ENSG00000162897.17,Module 5,ENSG00000162897,FCAMR,protein_coding
ENSG00000150630.5,Module 1,ENSG00000150630,VEGFC,protein_coding
ENSG00000159761.16,Module 3,ENSG00000159761,C16orf86,protein_coding
ENSG00000189045.17,Module 1,ENSG00000189045,ANKDD1B,protein_coding
ENSG00000130208.12,Module 2,ENSG00000130208,APOC1,protein_coding
ENSG00000174599.5,Module 3,ENSG00000174599,TRAM1L1,protein_coding
ENSG00000168348.4,Module 3,ENSG00000168348,INSM2,protein_coding
ENSG00000124191.20,Module 2,ENSG00000124191,TOX2,protein_coding
ENSG00000175984.18,Module 2,ENSG00000175984,DENND2C,protein_coding
ENSG00000169429.14,Module 1,ENSG00000169429,CXCL8,protein_coding
ENSG00000121281.14,Module 6,ENSG00000121281,ADCY7,protein_coding
ENSG00000172738.14,Module 5,ENSG00000172738,TMEM217,protein_coding
ENSG00000172264.20,Module 2,ENSG00000172264,MACROD2,protein_coding
ENSG00000196268.13,Module 4,ENSG00000196268,ZNF493,protein_coding
ENSG00000162522.13,Module 5,ENSG00000162522,NHSL3,protein_coding
ENSG00000102996.7,Module 2,ENSG00000102996,MMP15,protein_coding
ENSG00000214029.8,Module 5,ENSG00000214029,ZNF891,protein_coding
ENSG00000123119.14,Module 3,ENSG00000123119,NECAB1,protein_coding
ENSG00000011347.12,Module 2,ENSG00000011347,SYT7,protein_coding
ENSG00000204147.12,Module 4,ENSG00000204147,ASAH2B,protein_coding
ENSG00000197748.15,Module 3,ENSG00000197748,CFAP43,protein_coding
ENSG00000009694.15,Module 2,ENSG00000009694,TENM1,protein_coding
ENSG00000171992.15,Module 5,ENSG00000171992,SYNPO,protein_coding
ENSG00000102760.15,Module 5,ENSG00000102760,RGCC,protein_coding
ENSG00000156966.9,Module 1,ENSG00000156966,B3GNT7,protein_coding
ENSG00000182771.20,Module 2,ENSG00000182771,GRID1,protein_coding
ENSG00000197165.13,Module 5,ENSG00000197165,SULT1A2,protein_coding
ENSG00000223609.12,Module 2,ENSG00000223609,HBD,protein_coding
ENSG00000179388.9,Module 1,ENSG00000179388,EGR3,protein_coding
ENSG00000265190.9,Module 5,ENSG00000265190,ANXA8,protein_coding
ENSG00000141934.12,Module 2,ENSG00000141934,PLPP2,protein_coding
ENSG00000140859.18,Module 2,ENSG00000140859,KIFC3,protein_coding
ENSG00000272398.7,Module 2,ENSG00000272398,CD24,protein_coding
ENSG00000086288.12,Module 1,ENSG00000086288,NME8,protein_coding
ENSG00000204482.13,Module 5,ENSG00000204482,LST1,protein_coding
ENSG00000242550.7,Module 3,ENSG00000242550,SERPINB10,protein_coding
ENSG00000261594.4,Module 2,ENSG00000261594,TPBGL,protein_coding
ENSG00000133116.9,Module 1,ENSG00000133116,KL,protein_coding
ENSG00000183715.16,Module 2,ENSG00000183715,OPCML,protein_coding
ENSG00000141469.20,Module 6,ENSG00000141469,SLC14A1,protein_coding
ENSG00000293615.1,Module 2,ENSG00000293615,ENSG00000293615,protein_coding
ENSG00000171794.5,Module 1,ENSG00000171794,UTF1,protein_coding
ENSG00000198133.11,Module 5,ENSG00000198133,TMEM229B,protein_coding
ENSG00000145649.9,Module 5,ENSG00000145649,GZMA,protein_coding
ENSG00000168060.17,Module 3,ENSG00000168060,NAALADL1,protein_coding
ENSG00000247595.6,Module 1,ENSG00000247595,MISFA,protein_coding
ENSG00000111834.14,Module 3,ENSG00000111834,RSPH4A,protein_coding
ENSG00000104883.10,Module 1,ENSG00000104883,PEX11G,protein_coding
ENSG00000101977.23,Module 4,ENSG00000101977,MCF2,protein_coding
ENSG00000142156.18,Module 5,ENSG00000142156,COL6A1,protein_coding
ENSG00000111907.22,Module 2,ENSG00000111907,TPD52L1,protein_coding
ENSG00000130307.14,Module 1,ENSG00000130307,USHBP1,protein_coding
ENSG00000130477.17,Module 1,ENSG00000130477,UNC13A,protein_coding
ENSG00000005108.18,Module 1,ENSG00000005108,THSD7A,protein_coding
ENSG00000182389.21,Module 1,ENSG00000182389,CACNB4,protein_coding
ENSG00000182253.16,Module 3,ENSG00000182253,SYNM,protein_coding
ENSG00000175920.19,Module 5,ENSG00000175920,DOK7,protein_coding
ENSG00000204052.7,Module 1,ENSG00000204052,LRRC73,protein_coding
ENSG00000138823.15,Module 4,ENSG00000138823,MTTP,protein_coding
ENSG00000100453.16,Module 1,ENSG00000100453,GZMB,protein_coding
ENSG00000182749.8,Module 4,ENSG00000182749,PAQR7,protein_coding
ENSG00000188611.18,Module 4,ENSG00000188611,ASAH2,protein_coding
ENSG00000145198.17,Module 1,ENSG00000145198,VWA5B2,protein_coding
ENSG00000177839.7,Module 2,ENSG00000177839,PCDHB9,protein_coding
ENSG00000213023.13,Module 2,ENSG00000213023,SYT3,protein_coding
ENSG00000175556.20,Module 1,ENSG00000175556,LONRF3,protein_coding
ENSG00000176402.6,Module 3,ENSG00000176402,GJC3,protein_coding
ENSG00000182557.9,Module 5,ENSG00000182557,SPNS3,protein_coding
ENSG00000007516.17,Module 4,ENSG00000007516,BAIAP3,protein_coding
ENSG00000139574.11,Module 3,ENSG00000139574,NPFF,protein_coding
ENSG00000175832.15,Module 5,ENSG00000175832,ETV4,protein_coding
ENSG00000145244.14,Module 1,ENSG00000145244,CORIN,protein_coding
ENSG00000170365.12,Module 2,ENSG00000170365,SMAD1,protein_coding
ENSG00000138162.21,Module 5,ENSG00000138162,TACC2,protein_coding
ENSG00000108602.20,Module 1,ENSG00000108602,ALDH3A1,protein_coding
ENSG00000274419.8,Module 3,ENSG00000274419,TBC1D3D,protein_coding
ENSG00000197380.12,Module 2,ENSG00000197380,DACT3,protein_coding
ENSG00000158055.18,Module 2,ENSG00000158055,GRHL3,protein_coding
ENSG00000196407.12,Module 4,ENSG00000196407,THEM5,protein_coding
ENSG00000148948.10,Module 3,ENSG00000148948,LRRC4C,protein_coding
ENSG00000058335.17,Module 5,ENSG00000058335,RASGRF1,protein_coding
ENSG00000168994.15,Module 2,ENSG00000168994,PXDC1,protein_coding
ENSG00000182621.20,Module 2,ENSG00000182621,PLCB1,protein_coding
ENSG00000185250.18,Module 5,ENSG00000185250,PPIL6,protein_coding
ENSG00000154655.18,Module 2,ENSG00000154655,L3MBTL4,protein_coding
ENSG00000154447.17,Module 2,ENSG00000154447,SH3RF1,protein_coding
ENSG00000273173.7,Module 3,ENSG00000273173,SNURF,protein_coding
ENSG00000146700.11,Module 5,ENSG00000146700,SSC4D,protein_coding
ENSG00000004776.15,Module 1,ENSG00000004776,HSPB6,protein_coding
ENSG00000110427.19,Module 1,ENSG00000110427,KIAA1549L,protein_coding
ENSG00000187944.5,Module 1,ENSG00000187944,C2orf66,protein_coding
ENSG00000114124.3,Module 1,ENSG00000114124,GRK7,protein_coding
ENSG00000237693.7,Module 6,ENSG00000237693,IRGM,protein_coding
ENSG00000196092.14,Module 3,ENSG00000196092,PAX5,protein_coding
ENSG00000240403.8,Module 5,ENSG00000240403,KIR3DL2,protein_coding
ENSG00000226979.10,Module 6,ENSG00000226979,LTA,protein_coding
ENSG00000197124.13,Module 2,ENSG00000197124,ZNF682,protein_coding
ENSG00000132694.22,Module 2,ENSG00000132694,ARHGEF11,protein_coding
ENSG00000135636.18,Module 5,ENSG00000135636,DYSF,protein_coding
ENSG00000153237.21,Module 3,ENSG00000153237,CCDC148,protein_coding
ENSG00000104972.18,Module 2,ENSG00000104972,LILRB1,protein_coding
ENSG00000198576.4,Module 3,ENSG00000198576,ARC,protein_coding
ENSG00000241322.12,Module 1,ENSG00000241322,FBXW10B,protein_coding
ENSG00000134363.14,Module 2,ENSG00000134363,FST,protein_coding
ENSG00000184271.19,Module 4,ENSG00000184271,POU6F1,protein_coding
ENSG00000004399.15,Module 5,ENSG00000004399,PLXND1,protein_coding
ENSG00000105559.15,Module 5,ENSG00000105559,PLEKHA4,protein_coding
ENSG00000186862.22,Module 1,ENSG00000186862,PDZD7,protein_coding
ENSG00000248592.7,Module 3,ENSG00000248592,STIMATE-MUSTN1,protein_coding
ENSG00000165028.14,Module 2,ENSG00000165028,NIPSNAP3B,protein_coding
ENSG00000130829.20,Module 4,ENSG00000130829,DUSP9,protein_coding
ENSG00000178562.20,Module 6,ENSG00000178562,CD28,protein_coding
ENSG00000165917.12,Module 2,ENSG00000165917,RAPSN,protein_coding
ENSG00000204580.16,Module 2,ENSG00000204580,DDR1,protein_coding
ENSG00000143847.18,Module 1,ENSG00000143847,PPFIA4,protein_coding
ENSG00000184923.12,Module 2,ENSG00000184923,NUTM2A,protein_coding
ENSG00000000971.19,Module 2,ENSG00000000971,CFH,protein_coding
ENSG00000124257.8,Module 2,ENSG00000124257,NEURL2,protein_coding
ENSG00000120324.9,Module 2,ENSG00000120324,PCDHB10,protein_coding
ENSG00000115844.12,Module 5,ENSG00000115844,DLX2,protein_coding
ENSG00000112276.16,Module 5,ENSG00000112276,POPDC1,protein_coding
ENSG00000127318.11,Module 1,ENSG00000127318,IL22,protein_coding
ENSG00000142089.19,Module 5,ENSG00000142089,IFITM3,protein_coding
ENSG00000132530.19,Module 5,ENSG00000132530,XAF1,protein_coding
ENSG00000135318.14,Module 2,ENSG00000135318,NT5E,protein_coding
ENSG00000116016.16,Module 6,ENSG00000116016,EPAS1,protein_coding
ENSG00000166126.13,Module 2,ENSG00000166126,AMN,protein_coding
ENSG00000227471.10,Module 2,ENSG00000227471,AKR1B15,protein_coding
ENSG00000133789.17,Module 6,ENSG00000133789,SWAP70,protein_coding
ENSG00000182240.18,Module 5,ENSG00000182240,BACE2,protein_coding
ENSG00000109743.14,Module 4,ENSG00000109743,BST1,protein_coding
ENSG00000137101.15,Module 5,ENSG00000137101,CD72,protein_coding
ENSG00000180549.10,Module 1,ENSG00000180549,FUT7,protein_coding
ENSG00000179403.14,Module 2,ENSG00000179403,VWA1,protein_coding
ENSG00000160870.16,Module 6,ENSG00000160870,CYP3A7,protein_coding
ENSG00000196218.15,Module 5,ENSG00000196218,RYR1,protein_coding
ENSG00000166823.7,Module 5,ENSG00000166823,MESP1,protein_coding
ENSG00000108702.4,Module 2,ENSG00000108702,CCL1,protein_coding
ENSG00000256294.10,Module 4,ENSG00000256294,ZNF225,protein_coding
ENSG00000169169.17,Module 5,ENSG00000169169,CPT1C,protein_coding
ENSG00000165409.19,Module 2,ENSG00000165409,TSHR,protein_coding
ENSG00000184635.18,Module 2,ENSG00000184635,ZNF93,protein_coding
ENSG00000204335.5,Module 4,ENSG00000204335,SP5,protein_coding
ENSG00000266094.10,Module 5,ENSG00000266094,RASSF5,protein_coding
ENSG00000115756.15,Module 5,ENSG00000115756,HPCAL1,protein_coding
ENSG00000164111.17,Module 2,ENSG00000164111,ANXA5,protein_coding
ENSG00000205002.5,Module 3,ENSG00000205002,AARD,protein_coding
ENSG00000156831.11,Module 3,ENSG00000156831,NSMCE2,protein_coding
ENSG00000166902.7,Module 5,ENSG00000166902,MRPL16,protein_coding
ENSG00000111674.11,Module 1,ENSG00000111674,ENO2,protein_coding
ENSG00000092871.19,Module 2,ENSG00000092871,RFFL,protein_coding
ENSG00000134046.14,Module 3,ENSG00000134046,MBD2,protein_coding
ENSG00000166562.12,Module 1,ENSG00000166562,SEC11C,protein_coding
ENSG00000134815.22,Module 5,ENSG00000134815,DHX34,protein_coding
ENSG00000154978.15,Module 3,ENSG00000154978,VOPP1,protein_coding
ENSG00000123685.10,Module 2,ENSG00000123685,BATF3,protein_coding
ENSG00000114473.16,Module 1,ENSG00000114473,DRC9,protein_coding
ENSG00000127663.18,Module 5,ENSG00000127663,KDM4B,protein_coding
ENSG00000100523.19,Module 1,ENSG00000100523,DDHD1,protein_coding
ENSG00000170873.21,Module 1,ENSG00000170873,MTSS1,protein_coding
ENSG00000139116.21,Module 3,ENSG00000139116,KIF21A,protein_coding
ENSG00000189067.17,Module 1,ENSG00000189067,LITAF,protein_coding
ENSG00000105402.9,Module 5,ENSG00000105402,NAPA,protein_coding
ENSG00000159840.18,Module 5,ENSG00000159840,ZYX,protein_coding
ENSG00000197879.19,Module 1,ENSG00000197879,MYO1C,protein_coding
ENSG00000085733.18,Module 1,ENSG00000085733,CTTN,protein_coding
ENSG00000010810.20,Module 5,ENSG00000010810,FYN,protein_coding
ENSG00000138801.11,Module 1,ENSG00000138801,PAPSS1,protein_coding
ENSG00000183624.16,Module 5,ENSG00000183624,HMCES,protein_coding
ENSG00000166228.11,Module 1,ENSG00000166228,PCBD1,protein_coding
ENSG00000145982.15,Module 3,ENSG00000145982,FARS2,protein_coding
ENSG00000130005.15,Module 1,ENSG00000130005,GAMT,protein_coding
ENSG00000121940.19,Module 3,ENSG00000121940,CLCC1,protein_coding
ENSG00000125520.16,Module 3,ENSG00000125520,SLC2A4RG,protein_coding
ENSG00000105810.12,Module 1,ENSG00000105810,CDK6,protein_coding
ENSG00000137166.20,Module 5,ENSG00000137166,FOXP4,protein_coding
ENSG00000132718.11,Module 1,ENSG00000132718,SYT11,protein_coding
ENSG00000247315.4,Module 5,ENSG00000247315,ZCCHC3,protein_coding
ENSG00000088992.20,Module 1,ENSG00000088992,TESC,protein_coding
ENSG00000164366.6,Module 3,ENSG00000164366,CCDC127,protein_coding
ENSG00000069493.16,Module 3,ENSG00000069493,CLEC2D,protein_coding
ENSG00000105926.18,Module 3,ENSG00000105926,PALS2,protein_coding
ENSG00000109062.14,Module 5,ENSG00000109062,NHERF1,protein_coding
ENSG00000143198.15,Module 1,ENSG00000143198,MGST3,protein_coding
ENSG00000138758.14,Module 1,ENSG00000138758,SEPTIN11,protein_coding
ENSG00000149269.12,Module 1,ENSG00000149269,PAK1,protein_coding
ENSG00000141293.19,Module 1,ENSG00000141293,SKAP1,protein_coding
ENSG00000176438.15,Module 3,ENSG00000176438,SYNE3,protein_coding
ENSG00000064393.18,Module 1,ENSG00000064393,HIPK2,protein_coding
ENSG00000154328.18,Module 3,ENSG00000154328,NEIL2,protein_coding
ENSG00000130956.16,Module 1,ENSG00000130956,HABP4,protein_coding
ENSG00000160789.27,Module 1,ENSG00000160789,LMNA,protein_coding
ENSG00000102007.13,Module 1,ENSG00000102007,PLP2,protein_coding
ENSG00000147138.5,Module 5,ENSG00000147138,GPR174,protein_coding
ENSG00000116852.16,Module 5,ENSG00000116852,KIF21B,protein_coding
ENSG00000186470.16,Module 2,ENSG00000186470,BTN3A2,protein_coding
ENSG00000087077.16,Module 5,ENSG00000087077,TRIP6,protein_coding
ENSG00000116815.18,Module 3,ENSG00000116815,CD58,protein_coding
ENSG00000105483.20,Module 5,ENSG00000105483,CARD8,protein_coding
ENSG00000183049.15,Module 1,ENSG00000183049,CAMK1D,protein_coding
ENSG00000160584.19,Module 3,ENSG00000160584,SIK3,protein_coding
ENSG00000102172.18,Module 5,ENSG00000102172,SMS,protein_coding
ENSG00000152492.17,Module 3,ENSG00000152492,CCDC50,protein_coding
ENSG00000174749.7,Module 3,ENSG00000174749,FAM241A,protein_coding
ENSG00000168067.14,Module 1,ENSG00000168067,MAP4K2,protein_coding
ENSG00000136636.15,Module 1,ENSG00000136636,KCTD3,protein_coding
ENSG00000018699.15,Module 1,ENSG00000018699,TTC27,protein_coding
ENSG00000057252.15,Module 5,ENSG00000057252,SOAT1,protein_coding
ENSG00000160991.19,Module 5,ENSG00000160991,ORAI2,protein_coding
ENSG00000157216.19,Module 5,ENSG00000157216,SSBP3,protein_coding
ENSG00000235162.11,Module 5,ENSG00000235162,C12orf75,protein_coding
ENSG00000118162.16,Module 5,ENSG00000118162,KPTN,protein_coding
ENSG00000064115.13,Module 2,ENSG00000064115,TM7SF3,protein_coding
ENSG00000138777.22,Module 3,ENSG00000138777,PPA2,protein_coding
ENSG00000178104.23,Module 5,ENSG00000178104,PDE4DIP,protein_coding
ENSG00000180694.16,Module 3,ENSG00000180694,TMEM64,protein_coding
ENSG00000178980.17,Module 5,ENSG00000178980,SELENOW,protein_coding
ENSG00000135926.17,Module 1,ENSG00000135926,TMBIM1,protein_coding
ENSG00000163888.5,Module 3,ENSG00000163888,CAMK2N2,protein_coding
ENSG00000112576.14,Module 5,ENSG00000112576,CCND3,protein_coding
ENSG00000135924.19,Module 3,ENSG00000135924,DNAJB2,protein_coding
ENSG00000089159.19,Module 5,ENSG00000089159,PXN,protein_coding
ENSG00000140577.19,Module 5,ENSG00000140577,CRTC3,protein_coding
ENSG00000117318.11,Module 4,ENSG00000117318,ID3,protein_coding
ENSG00000181004.11,Module 1,ENSG00000181004,BBS12,protein_coding
ENSG00000164236.13,Module 1,ENSG00000164236,ANKRD33B,protein_coding
ENSG00000073803.16,Module 3,ENSG00000073803,MAP3K13,protein_coding
ENSG00000185811.23,Module 2,ENSG00000185811,IKZF1,protein_coding
ENSG00000137714.5,Module 3,ENSG00000137714,FDX1,protein_coding
ENSG00000106477.22,Module 5,ENSG00000106477,CEP41,protein_coding
ENSG00000135069.16,Module 1,ENSG00000135069,PSAT1,protein_coding
ENSG00000116824.7,Module 1,ENSG00000116824,CD2,protein_coding
ENSG00000143515.22,Module 3,ENSG00000143515,ATP8B2,protein_coding
ENSG00000008710.20,Module 1,ENSG00000008710,PKD1,protein_coding
ENSG00000196923.16,Module 4,ENSG00000196923,PDLIM7,protein_coding
ENSG00000165672.9,Module 3,ENSG00000165672,PRDX3,protein_coding
ENSG00000168769.16,Module 3,ENSG00000168769,TET2,protein_coding
ENSG00000142949.20,Module 5,ENSG00000142949,PTPRF,protein_coding
ENSG00000154358.24,Module 5,ENSG00000154358,OBSCN,protein_coding
ENSG00000124813.25,Module 3,ENSG00000124813,RUNX2,protein_coding
ENSG00000151914.23,Module 3,ENSG00000151914,DST,protein_coding
ENSG00000197037.13,Module 5,ENSG00000197037,ZSCAN25,protein_coding
ENSG00000038532.19,Module 1,ENSG00000038532,CLEC16A,protein_coding
ENSG00000115107.22,Module 1,ENSG00000115107,STEAP3,protein_coding
ENSG00000137710.19,Module 3,ENSG00000137710,RDX,protein_coding
ENSG00000215788.13,Module 1,ENSG00000215788,TNFRSF25,protein_coding
ENSG00000186187.14,Module 5,ENSG00000186187,ZNRF1,protein_coding
ENSG00000149809.19,Module 1,ENSG00000149809,TM7SF2,protein_coding
ENSG00000151612.20,Module 1,ENSG00000151612,ZNF827,protein_coding
ENSG00000198464.16,Module 5,ENSG00000198464,ZNF480,protein_coding
ENSG00000124406.19,Module 3,ENSG00000124406,ATP8A1,protein_coding
ENSG00000160352.18,Module 5,ENSG00000160352,ZNF714,protein_coding
ENSG00000090097.24,Module 3,ENSG00000090097,PCBP4,protein_coding
ENSG00000205744.12,Module 5,ENSG00000205744,DENND1C,protein_coding
ENSG00000184384.16,Module 1,ENSG00000184384,MAML2,protein_coding
ENSG00000188313.15,Module 5,ENSG00000188313,PLSCR1,protein_coding
ENSG00000185477.8,Module 2,ENSG00000185477,GPRIN3,protein_coding
ENSG00000104427.15,Module 3,ENSG00000104427,ZC2HC1A,protein_coding
ENSG00000163297.20,Module 5,ENSG00000163297,ANTXR2,protein_coding
ENSG00000128394.19,Module 5,ENSG00000128394,APOBEC3F,protein_coding
ENSG00000006530.20,Module 1,ENSG00000006530,AGK,protein_coding
ENSG00000058056.12,Module 3,ENSG00000058056,USP13,protein_coding
ENSG00000177685.19,Module 3,ENSG00000177685,CRACR2B,protein_coding
ENSG00000171867.20,Module 5,ENSG00000171867,PRNP,protein_coding
ENSG00000130592.19,Module 1,ENSG00000130592,LSP1,protein_coding
ENSG00000073282.15,Module 2,ENSG00000073282,TP63,protein_coding
ENSG00000165097.18,Module 3,ENSG00000165097,KDM1B,protein_coding
ENSG00000130787.16,Module 4,ENSG00000130787,HIP1R,protein_coding
ENSG00000118985.18,Module 1,ENSG00000118985,ELL2,protein_coding
ENSG00000166845.17,Module 3,ENSG00000166845,C18orf54,protein_coding
ENSG00000172059.13,Module 3,ENSG00000172059,KLF11,protein_coding
ENSG00000198851.12,Module 5,ENSG00000198851,CD3E,protein_coding
ENSG00000108219.19,Module 1,ENSG00000108219,TSPAN14,protein_coding
ENSG00000126705.17,Module 4,ENSG00000126705,AHDC1,protein_coding
ENSG00000175463.14,Module 5,ENSG00000175463,TBC1D10C,protein_coding
ENSG00000091592.18,Module 1,ENSG00000091592,NLRP1,protein_coding
ENSG00000132965.12,Module 1,ENSG00000132965,ALOX5AP,protein_coding
ENSG00000123338.15,Module 5,ENSG00000123338,NCKAP1L,protein_coding
ENSG00000196684.14,Module 5,ENSG00000196684,HSH2D,protein_coding
ENSG00000124733.6,Module 5,ENSG00000124733,MEA1,protein_coding
ENSG00000065923.12,Module 1,ENSG00000065923,SLC9A7,protein_coding
ENSG00000103202.15,Module 3,ENSG00000103202,NME4,protein_coding
ENSG00000189337.17,Module 4,ENSG00000189337,KAZN,protein_coding
ENSG00000119772.21,Module 5,ENSG00000119772,DNMT3A,protein_coding
ENSG00000163754.20,Module 5,ENSG00000163754,GYG1,protein_coding
ENSG00000135002.13,Module 5,ENSG00000135002,RFK,protein_coding
ENSG00000137364.7,Module 3,ENSG00000137364,TPMT,protein_coding
ENSG00000005844.21,Module 5,ENSG00000005844,ITGAL,protein_coding
ENSG00000169554.25,Module 2,ENSG00000169554,ZEB2,protein_coding
ENSG00000165661.19,Module 5,ENSG00000165661,QSOX2,protein_coding
ENSG00000100784.14,Module 4,ENSG00000100784,RPS6KA5,protein_coding
ENSG00000112877.10,Module 3,ENSG00000112877,CEP72,protein_coding
ENSG00000102804.18,Module 5,ENSG00000102804,TSC22D1,protein_coding
ENSG00000101236.19,Module 5,ENSG00000101236,RNF24,protein_coding
ENSG00000155755.21,Module 3,ENSG00000155755,TMEM237,protein_coding
ENSG00000030419.19,Module 5,ENSG00000030419,IKZF2,protein_coding
ENSG00000188647.15,Module 3,ENSG00000188647,PTAR1,protein_coding
ENSG00000179163.14,Module 4,ENSG00000179163,FUCA1,protein_coding
ENSG00000138448.15,Module 3,ENSG00000138448,ITGAV,protein_coding
ENSG00000135842.19,Module 2,ENSG00000135842,NIBAN1,protein_coding
ENSG00000179833.6,Module 5,ENSG00000179833,SERTAD2,protein_coding
ENSG00000145362.23,Module 1,ENSG00000145362,ANK2,protein_coding
ENSG00000213390.13,Module 3,ENSG00000213390,ARHGAP19,protein_coding
ENSG00000008282.12,Module 5,ENSG00000008282,SYPL1,protein_coding
ENSG00000091436.19,Module 3,ENSG00000091436,MAP3K20,protein_coding
ENSG00000116691.13,Module 1,ENSG00000116691,MIIP,protein_coding
ENSG00000155962.15,Module 3,ENSG00000155962,CLIC2,protein_coding
ENSG00000071794.18,Module 5,ENSG00000071794,HLTF,protein_coding
ENSG00000146112.14,Module 5,ENSG00000146112,PPP1R18,protein_coding
ENSG00000196843.20,Module 3,ENSG00000196843,ARID5A,protein_coding
ENSG00000122359.20,Module 3,ENSG00000122359,ANXA11,protein_coding
ENSG00000109790.20,Module 4,ENSG00000109790,KLHL5,protein_coding
ENSG00000155893.15,Module 5,ENSG00000155893,PXYLP1,protein_coding
ENSG00000116273.8,Module 3,ENSG00000116273,PHF13,protein_coding
ENSG00000188636.5,Module 2,ENSG00000188636,RTL6,protein_coding
ENSG00000127947.18,Module 5,ENSG00000127947,PTPN12,protein_coding
ENSG00000158292.9,Module 1,ENSG00000158292,GPR153,protein_coding
ENSG00000168404.15,Module 5,ENSG00000168404,MLKL,protein_coding
ENSG00000214063.14,Module 5,ENSG00000214063,TSPAN4,protein_coding
ENSG00000178445.12,Module 5,ENSG00000178445,GLDC,protein_coding
ENSG00000125968.12,Module 4,ENSG00000125968,ID1,protein_coding
ENSG00000050405.16,Module 2,ENSG00000050405,LIMA1,protein_coding
ENSG00000139182.17,Module 5,ENSG00000139182,CLSTN3,protein_coding
ENSG00000182179.15,Module 4,ENSG00000182179,UBA7,protein_coding
ENSG00000119326.17,Module 1,ENSG00000119326,CTNNAL1,protein_coding
ENSG00000005020.15,Module 4,ENSG00000005020,SKAP2,protein_coding
ENSG00000104998.6,Module 5,ENSG00000104998,IL27RA,protein_coding
ENSG00000174136.15,Module 1,ENSG00000174136,RGMB,protein_coding
ENSG00000118515.14,Module 4,ENSG00000118515,SGK1,protein_coding
ENSG00000172081.16,Module 5,ENSG00000172081,MOB3A,protein_coding
ENSG00000124067.19,Module 1,ENSG00000124067,SLC12A4,protein_coding
ENSG00000153283.16,Module 5,ENSG00000153283,CD96,protein_coding
ENSG00000075240.19,Module 5,ENSG00000075240,GRAMD4,protein_coding
ENSG00000071909.20,Module 1,ENSG00000071909,MYO3B,protein_coding
ENSG00000076555.17,Module 1,ENSG00000076555,ACACB,protein_coding
ENSG00000213047.15,Module 4,ENSG00000213047,DENND1B,protein_coding
ENSG00000164300.20,Module 5,ENSG00000164300,SERINC5,protein_coding
ENSG00000180354.18,Module 1,ENSG00000180354,MTURN,protein_coding
ENSG00000100526.23,Module 3,ENSG00000100526,CDKN3,protein_coding
ENSG00000138468.18,Module 5,ENSG00000138468,SENP7,protein_coding
ENSG00000072134.18,Module 2,ENSG00000072134,EPN2,protein_coding
ENSG00000086015.25,Module 3,ENSG00000086015,MAST2,protein_coding
ENSG00000160469.18,Module 3,ENSG00000160469,BRSK1,protein_coding
ENSG00000059145.21,Module 2,ENSG00000059145,UNKL,protein_coding
ENSG00000142192.24,Module 5,ENSG00000142192,APP,protein_coding
ENSG00000116675.16,Module 2,ENSG00000116675,DNAJC6,protein_coding
ENSG00000140367.14,Module 2,ENSG00000140367,UBE2Q2,protein_coding
ENSG00000110719.12,Module 3,ENSG00000110719,TCIRG1,protein_coding
ENSG00000160746.15,Module 1,ENSG00000160746,ANO10,protein_coding
ENSG00000102780.19,Module 3,ENSG00000102780,DGKH,protein_coding
ENSG00000131650.17,Module 5,ENSG00000131650,KREMEN2,protein_coding
ENSG00000152061.25,Module 3,ENSG00000152061,RABGAP1L,protein_coding
ENSG00000162889.13,Module 5,ENSG00000162889,MAPKAPK2,protein_coding
ENSG00000198420.12,Module 5,ENSG00000198420,TCAF1,protein_coding
ENSG00000111913.22,Module 1,ENSG00000111913,RIPOR2,protein_coding
ENSG00000168280.19,Module 1,ENSG00000168280,KIF5C,protein_coding
ENSG00000131459.15,Module 1,ENSG00000131459,GFPT2,protein_coding
ENSG00000169047.8,Module 1,ENSG00000169047,IRS1,protein_coding
ENSG00000064652.13,Module 3,ENSG00000064652,SNX24,protein_coding
ENSG00000026652.17,Module 3,ENSG00000026652,AGPAT4,protein_coding
ENSG00000184232.11,Module 5,ENSG00000184232,OAF,protein_coding
ENSG00000135127.14,Module 5,ENSG00000135127,BICDL1,protein_coding
ENSG00000137265.18,Module 2,ENSG00000137265,IRF4,protein_coding
ENSG00000069399.16,Module 5,ENSG00000069399,BCL3,protein_coding
ENSG00000170464.12,Module 1,ENSG00000170464,DNAJC18,protein_coding
ENSG00000185158.15,Module 5,ENSG00000185158,LRRC37B,protein_coding
ENSG00000128581.18,Module 5,ENSG00000128581,IFT22,protein_coding
ENSG00000151651.18,Module 1,ENSG00000151651,ADAM8,protein_coding
ENSG00000137942.20,Module 5,ENSG00000137942,FNBP1L,protein_coding
ENSG00000118507.21,Module 4,ENSG00000118507,AKAP7,protein_coding
ENSG00000090013.13,Module 2,ENSG00000090013,BLVRB,protein_coding
ENSG00000198018.9,Module 5,ENSG00000198018,ENTPD7,protein_coding
ENSG00000077454.19,Module 5,ENSG00000077454,LRCH4,protein_coding
ENSG00000081087.17,Module 5,ENSG00000081087,OSTM1,protein_coding
ENSG00000168675.21,Module 2,ENSG00000168675,LDLRAD4,protein_coding
ENSG00000125089.20,Module 1,ENSG00000125089,SH3TC1,protein_coding
ENSG00000123933.19,Module 5,ENSG00000123933,MXD4,protein_coding
ENSG00000059728.13,Module 5,ENSG00000059728,MXD1,protein_coding
ENSG00000108828.18,Module 3,ENSG00000108828,VAT1,protein_coding
ENSG00000078269.16,Module 4,ENSG00000078269,SYNJ2,protein_coding
ENSG00000205476.10,Module 2,ENSG00000205476,CCDC85C,protein_coding
ENSG00000105373.21,Module 5,ENSG00000105373,NOP53,protein_coding
ENSG00000128294.18,Module 5,ENSG00000128294,TPST2,protein_coding
ENSG00000099282.12,Module 1,ENSG00000099282,TSPAN15,protein_coding
ENSG00000178498.18,Module 1,ENSG00000178498,DTX3,protein_coding
ENSG00000137449.17,Module 1,ENSG00000137449,CPEB2,protein_coding
ENSG00000164088.20,Module 1,ENSG00000164088,PPM1M,protein_coding
ENSG00000116741.9,Module 1,ENSG00000116741,RGS2,protein_coding
ENSG00000197818.14,Module 3,ENSG00000197818,SLC9A8,protein_coding
ENSG00000172794.22,Module 5,ENSG00000172794,RAB37,protein_coding
ENSG00000176049.18,Module 1,ENSG00000176049,JAKMIP2,protein_coding
ENSG00000100439.13,Module 2,ENSG00000100439,ABHD4,protein_coding
ENSG00000145819.19,Module 3,ENSG00000145819,ARHGAP26,protein_coding
ENSG00000113319.15,Module 3,ENSG00000113319,RASGRF2,protein_coding
ENSG00000101082.16,Module 5,ENSG00000101082,SLA2,protein_coding
ENSG00000106327.15,Module 5,ENSG00000106327,TFR2,protein_coding
ENSG00000198911.15,Module 3,ENSG00000198911,SREBF2,protein_coding
ENSG00000163017.16,Module 5,ENSG00000163017,ACTG2,protein_coding
ENSG00000135740.19,Module 3,ENSG00000135740,SLC9A5,protein_coding
ENSG00000167106.14,Module 4,ENSG00000167106,EEIG1,protein_coding
ENSG00000180346.6,Module 2,ENSG00000180346,TIGD2,protein_coding
ENSG00000134369.19,Module 5,ENSG00000134369,NAV1,protein_coding
ENSG00000241945.10,Module 1,ENSG00000241945,PWP2,protein_coding
ENSG00000147813.18,Module 2,ENSG00000147813,NAPRT,protein_coding
ENSG00000115523.19,Module 5,ENSG00000115523,GNLY,protein_coding
ENSG00000109736.17,Module 2,ENSG00000109736,SLC75A1,protein_coding
ENSG00000129116.22,Module 2,ENSG00000129116,PALLD,protein_coding
ENSG00000204252.16,Module 1,ENSG00000204252,HLA-DOA,protein_coding
ENSG00000165914.17,Module 5,ENSG00000165914,TTC7B,protein_coding
ENSG00000175471.20,Module 1,ENSG00000175471,MCTP1,protein_coding
ENSG00000125733.20,Module 3,ENSG00000125733,TRIP10,protein_coding
ENSG00000073910.24,Module 5,ENSG00000073910,FRY,protein_coding
ENSG00000166289.8,Module 5,ENSG00000166289,PLEKHF1,protein_coding
ENSG00000088808.20,Module 5,ENSG00000088808,PPP1R13B,protein_coding
ENSG00000182919.17,Module 3,ENSG00000182919,C11orf54,protein_coding
ENSG00000187630.20,Module 1,ENSG00000187630,DHRS4L2,protein_coding
ENSG00000157796.20,Module 5,ENSG00000157796,WDR19,protein_coding
ENSG00000166833.24,Module 3,ENSG00000166833,NAV2,protein_coding
ENSG00000010219.15,Module 5,ENSG00000010219,DYRK4,protein_coding
ENSG00000126522.19,Module 5,ENSG00000126522,ASL,protein_coding
ENSG00000090006.20,Module 1,ENSG00000090006,LTBP4,protein_coding
ENSG00000185761.13,Module 1,ENSG00000185761,ADAMTSL5,protein_coding
ENSG00000020577.16,Module 1,ENSG00000020577,SAMD4A,protein_coding
ENSG00000125744.14,Module 3,ENSG00000125744,RTN2,protein_coding
ENSG00000115232.15,Module 4,ENSG00000115232,ITGA4,protein_coding
ENSG00000156535.16,Module 1,ENSG00000156535,CD109,protein_coding
ENSG00000164949.10,Module 1,ENSG00000164949,GEM,protein_coding
ENSG00000123360.14,Module 5,ENSG00000123360,PDE1B,protein_coding
ENSG00000151012.14,Module 1,ENSG00000151012,SLC7A11,protein_coding
ENSG00000181045.18,Module 2,ENSG00000181045,SLC26A11,protein_coding
ENSG00000184014.11,Module 1,ENSG00000184014,DENND5A,protein_coding
ENSG00000181523.15,Module 2,ENSG00000181523,SGSH,protein_coding
ENSG00000243811.14,Module 5,ENSG00000243811,APOBEC3D,protein_coding
ENSG00000116396.16,Module 1,ENSG00000116396,KCNC4,protein_coding
ENSG00000188157.17,Module 2,ENSG00000188157,AGRN,protein_coding
ENSG00000169129.18,Module 5,ENSG00000169129,AFAP1L2,protein_coding
ENSG00000176476.11,Module 5,ENSG00000176476,SGF29,protein_coding
ENSG00000173208.6,Module 2,ENSG00000173208,ABCD2,protein_coding
ENSG00000105948.15,Module 5,ENSG00000105948,IFT56,protein_coding
ENSG00000130396.24,Module 1,ENSG00000130396,AFDN,protein_coding
ENSG00000117016.12,Module 2,ENSG00000117016,RIMS3,protein_coding
ENSG00000107968.12,Module 1,ENSG00000107968,MAP3K8,protein_coding
ENSG00000173818.19,Module 5,ENSG00000173818,ENDOV,protein_coding
ENSG00000132535.23,Module 5,ENSG00000132535,DLG4,protein_coding
ENSG00000170500.14,Module 4,ENSG00000170500,LONRF2,protein_coding
ENSG00000133454.17,Module 5,ENSG00000133454,MYO18B,protein_coding
ENSG00000134138.24,Module 3,ENSG00000134138,MEIS2,protein_coding
ENSG00000100097.14,Module 1,ENSG00000100097,LGALS1,protein_coding
ENSG00000040487.15,Module 3,ENSG00000040487,SLC66A1,protein_coding
ENSG00000185189.20,Module 1,ENSG00000185189,NRBP2,protein_coding
ENSG00000146426.21,Module 1,ENSG00000146426,TIAM2,protein_coding
ENSG00000183762.15,Module 2,ENSG00000183762,KREMEN1,protein_coding
ENSG00000130449.7,Module 2,ENSG00000130449,ZSWIM6,protein_coding
ENSG00000169087.13,Module 5,ENSG00000169087,HSPBAP1,protein_coding
ENSG00000163322.16,Module 3,ENSG00000163322,ABRAXAS1,protein_coding
ENSG00000143776.22,Module 4,ENSG00000143776,CDC42BPA,protein_coding
ENSG00000172915.21,Module 2,ENSG00000172915,NBEA,protein_coding
ENSG00000148120.21,Module 3,ENSG00000148120,AOPEP,protein_coding
ENSG00000188321.16,Module 4,ENSG00000188321,ZNF559,protein_coding
ENSG00000134852.17,Module 1,ENSG00000134852,CLOCK,protein_coding
ENSG00000112378.13,Module 1,ENSG00000112378,PERP,protein_coding
ENSG00000145476.18,Module 3,ENSG00000145476,CYP4V2,protein_coding
ENSG00000075618.20,Module 1,ENSG00000075618,FSCN1,protein_coding
ENSG00000111860.16,Module 5,ENSG00000111860,CEP85L,protein_coding
ENSG00000172183.18,Module 1,ENSG00000172183,ISG20,protein_coding
ENSG00000131669.12,Module 2,ENSG00000131669,NINJ1,protein_coding
ENSG00000184949.19,Module 5,ENSG00000184949,FAM227A,protein_coding
ENSG00000108733.12,Module 5,ENSG00000108733,PEX12,protein_coding
ENSG00000198807.13,Module 5,ENSG00000198807,PAX9,protein_coding
ENSG00000125347.17,Module 5,ENSG00000125347,IRF1,protein_coding
ENSG00000128656.17,Module 3,ENSG00000128656,CHN1,protein_coding
ENSG00000137941.19,Module 2,ENSG00000137941,TTLL7,protein_coding
ENSG00000155090.17,Module 4,ENSG00000155090,KLF10,protein_coding
ENSG00000104325.9,Module 3,ENSG00000104325,DECR1,protein_coding
ENSG00000163482.14,Module 5,ENSG00000163482,STK36,protein_coding
ENSG00000161940.13,Module 5,ENSG00000161940,BCL6B,protein_coding
ENSG00000142149.11,Module 5,ENSG00000142149,HUNK,protein_coding
ENSG00000177707.13,Module 3,ENSG00000177707,NECTIN3,protein_coding
ENSG00000110848.8,Module 5,ENSG00000110848,CD69,protein_coding
ENSG00000060982.17,Module 1,ENSG00000060982,BCAT1,protein_coding
ENSG00000065665.23,Module 1,ENSG00000065665,SEC61A2,protein_coding
ENSG00000183579.18,Module 4,ENSG00000183579,ZNRF3,protein_coding
ENSG00000167077.15,Module 1,ENSG00000167077,MEI1,protein_coding
ENSG00000187961.17,Module 1,ENSG00000187961,KLHL17,protein_coding
ENSG00000225556.3,Module 2,ENSG00000225556,C2CD4D,protein_coding
ENSG00000118689.17,Module 5,ENSG00000118689,FOXO3,protein_coding
ENSG00000228594.4,Module 4,ENSG00000228594,FNDC10,protein_coding
ENSG00000196628.22,Module 1,ENSG00000196628,TCF4,protein_coding
ENSG00000266074.12,Module 5,ENSG00000266074,BAHCC1,protein_coding
ENSG00000110777.12,Module 5,ENSG00000110777,POU2AF1,protein_coding
ENSG00000186522.17,Module 3,ENSG00000186522,SEPTIN10,protein_coding
ENSG00000180336.20,Module 5,ENSG00000180336,MEIOC,protein_coding
ENSG00000173166.20,Module 1,ENSG00000173166,RAPH1,protein_coding
ENSG00000111186.15,Module 2,ENSG00000111186,WNT5B,protein_coding
ENSG00000049769.16,Module 1,ENSG00000049769,PPP1R3F,protein_coding
ENSG00000182866.20,Module 5,ENSG00000182866,LCK,protein_coding
ENSG00000154639.21,Module 3,ENSG00000154639,CXADR,protein_coding
ENSG00000101306.13,Module 5,ENSG00000101306,MYLK2,protein_coding
ENSG00000105520.13,Module 2,ENSG00000105520,PLPPR2,protein_coding
ENSG00000126351.15,Module 4,ENSG00000126351,THRA,protein_coding
ENSG00000007264.17,Module 5,ENSG00000007264,MATK,protein_coding
ENSG00000059377.21,Module 1,ENSG00000059377,TBXAS1,protein_coding
ENSG00000251493.5,Module 1,ENSG00000251493,FOXD1,protein_coding
ENSG00000115170.18,Module 1,ENSG00000115170,ACVR1,protein_coding
ENSG00000170684.11,Module 3,ENSG00000170684,ZNF296,protein_coding
ENSG00000099822.3,Module 2,ENSG00000099822,HCN2,protein_coding
ENSG00000175866.18,Module 5,ENSG00000175866,BAIAP2,protein_coding
ENSG00000135205.17,Module 5,ENSG00000135205,CCDC146,protein_coding
ENSG00000105851.12,Module 5,ENSG00000105851,PIK3CG,protein_coding
ENSG00000180902.20,Module 3,ENSG00000180902,D2HGDH,protein_coding
ENSG00000167840.16,Module 2,ENSG00000167840,ZNF232,protein_coding
ENSG00000177606.9,Module 1,ENSG00000177606,JUN,protein_coding
ENSG00000161243.12,Module 5,ENSG00000161243,FBXO27,protein_coding
ENSG00000242612.9,Module 3,ENSG00000242612,DECR2,protein_coding
ENSG00000147996.19,Module 3,ENSG00000147996,ZNG1E,protein_coding
ENSG00000162594.18,Module 3,ENSG00000162594,IL23R,protein_coding
ENSG00000173898.18,Module 5,ENSG00000173898,SPTBN2,protein_coding
ENSG00000187772.8,Module 5,ENSG00000187772,LIN28B,protein_coding
ENSG00000147408.18,Module 2,ENSG00000147408,CSGALNACT1,protein_coding
ENSG00000107874.13,Module 1,ENSG00000107874,CUEDC2,protein_coding
ENSG00000204536.15,Module 4,ENSG00000204536,CCHCR1,protein_coding
ENSG00000153094.27,Module 5,ENSG00000153094,BCL2L11,protein_coding
ENSG00000172716.19,Module 5,ENSG00000172716,SLFN11,protein_coding
ENSG00000143184.6,Module 5,ENSG00000143184,XCL1,protein_coding
ENSG00000250366.6,Module 5,ENSG00000250366,TUNAR,protein_coding
ENSG00000137094.17,Module 5,ENSG00000137094,DNAJB5,protein_coding
ENSG00000166311.12,Module 2,ENSG00000166311,SMPD1,protein_coding
ENSG00000170955.12,Module 1,ENSG00000170955,CAVIN3,protein_coding
ENSG00000245680.13,Module 2,ENSG00000245680,ZNF585B,protein_coding
ENSG00000154016.16,Module 5,ENSG00000154016,GRAP,protein_coding
ENSG00000109089.9,Module 1,ENSG00000109089,CDR2L,protein_coding
ENSG00000153395.13,Module 1,ENSG00000153395,LPCAT1,protein_coding
ENSG00000126562.19,Module 5,ENSG00000126562,WNK4,protein_coding
ENSG00000154065.19,Module 3,ENSG00000154065,ANKRD29,protein_coding
ENSG00000182010.13,Module 4,ENSG00000182010,RTKN2,protein_coding
ENSG00000167703.17,Module 5,ENSG00000167703,SLC43A2,protein_coding
ENSG00000107554.19,Module 2,ENSG00000107554,DNMBP,protein_coding
ENSG00000135931.21,Module 5,ENSG00000135931,ARMC9,protein_coding
ENSG00000168772.12,Module 3,ENSG00000168772,CXXC4,protein_coding
ENSG00000184743.15,Module 1,ENSG00000184743,ATL3,protein_coding
ENSG00000243710.10,Module 1,ENSG00000243710,CFAP57,protein_coding
ENSG00000137502.12,Module 3,ENSG00000137502,RAB30,protein_coding
ENSG00000151150.24,Module 1,ENSG00000151150,ANK3,protein_coding
ENSG00000187855.6,Module 5,ENSG00000187855,ASCL4,protein_coding
ENSG00000011590.16,Module 1,ENSG00000011590,ZBTB32,protein_coding
ENSG00000179222.20,Module 5,ENSG00000179222,MAGED1,protein_coding
ENSG00000170989.12,Module 2,ENSG00000170989,S1PR1,protein_coding
ENSG00000072832.16,Module 5,ENSG00000072832,CRMP1,protein_coding
ENSG00000103351.15,Module 5,ENSG00000103351,CLUAP1,protein_coding
ENSG00000159217.12,Module 4,ENSG00000159217,IGF2BP1,protein_coding
ENSG00000167083.9,Module 5,ENSG00000167083,GNGT2,protein_coding
ENSG00000130818.14,Module 2,ENSG00000130818,ZNF426,protein_coding
ENSG00000172673.14,Module 3,ENSG00000172673,THEMIS,protein_coding
ENSG00000259330.3,Module 5,ENSG00000259330,INAFM2,protein_coding
ENSG00000175182.17,Module 1,ENSG00000175182,FAM131A,protein_coding
ENSG00000111331.16,Module 5,ENSG00000111331,OAS3,protein_coding
ENSG00000139687.19,Module 1,ENSG00000139687,RB1,protein_coding
ENSG00000188352.15,Module 3,ENSG00000188352,FOCAD,protein_coding
ENSG00000114455.17,Module 1,ENSG00000114455,HHLA2,protein_coding
ENSG00000173762.10,Module 5,ENSG00000173762,CD7,protein_coding
ENSG00000073849.18,Module 4,ENSG00000073849,ST6GAL1,protein_coding
ENSG00000137628.20,Module 5,ENSG00000137628,DDX60,protein_coding
ENSG00000105655.21,Module 5,ENSG00000105655,ISYNA1,protein_coding
ENSG00000169372.15,Module 3,ENSG00000169372,CRADD,protein_coding
ENSG00000277443.5,Module 5,ENSG00000277443,MARCKS,protein_coding
ENSG00000124785.11,Module 5,ENSG00000124785,NRN1,protein_coding
ENSG00000164976.11,Module 5,ENSG00000164976,MYORG,protein_coding
ENSG00000074621.16,Module 5,ENSG00000074621,SLC24A1,protein_coding
ENSG00000157833.14,Module 5,ENSG00000157833,GAREM2,protein_coding
ENSG00000106733.23,Module 1,ENSG00000106733,NMRK1,protein_coding
ENSG00000167779.11,Module 5,ENSG00000167779,IGFBP6,protein_coding
ENSG00000179820.19,Module 3,ENSG00000179820,MYADM,protein_coding
ENSG00000173890.19,Module 5,ENSG00000173890,GPR160,protein_coding
ENSG00000138685.19,Module 1,ENSG00000138685,FGF2,protein_coding
ENSG00000137642.15,Module 5,ENSG00000137642,SORL1,protein_coding
ENSG00000158321.20,Module 2,ENSG00000158321,AUTS2,protein_coding
ENSG00000101213.9,Module 1,ENSG00000101213,PTK6,protein_coding
ENSG00000184602.8,Module 5,ENSG00000184602,SNN,protein_coding
ENSG00000140009.20,Module 5,ENSG00000140009,ESR2,protein_coding
ENSG00000128268.13,Module 5,ENSG00000128268,MGAT3,protein_coding
ENSG00000157224.18,Module 5,ENSG00000157224,CLDN12,protein_coding
ENSG00000021355.15,Module 3,ENSG00000021355,SERPINB1,protein_coding
ENSG00000198829.8,Module 5,ENSG00000198829,SUCNR1,protein_coding
ENSG00000185974.8,Module 5,ENSG00000185974,GRK1,protein_coding
ENSG00000198796.9,Module 1,ENSG00000198796,ALPK2,protein_coding
ENSG00000082397.20,Module 5,ENSG00000082397,EPB41L3,protein_coding
ENSG00000126353.6,Module 2,ENSG00000126353,CCR7,protein_coding
ENSG00000115884.13,Module 5,ENSG00000115884,SDC1,protein_coding
ENSG00000168778.15,Module 5,ENSG00000168778,TCTN2,protein_coding
ENSG00000139899.13,Module 1,ENSG00000139899,CBLN3,protein_coding
ENSG00000081181.10,Module 5,ENSG00000081181,ARG2,protein_coding
ENSG00000173334.5,Module 3,ENSG00000173334,TRIB1,protein_coding
ENSG00000125384.9,Module 5,ENSG00000125384,PTGER2,protein_coding
ENSG00000198642.9,Module 3,ENSG00000198642,KLHL9,protein_coding
ENSG00000100473.20,Module 5,ENSG00000100473,COCH,protein_coding
ENSG00000167880.10,Module 5,ENSG00000167880,EVPL,protein_coding
ENSG00000214021.20,Module 5,ENSG00000214021,TTLL3,protein_coding
ENSG00000160999.13,Module 5,ENSG00000160999,SH2B2,protein_coding
ENSG00000130830.17,Module 5,ENSG00000130830,MPP1,protein_coding
ENSG00000111816.10,Module 4,ENSG00000111816,FRK,protein_coding
ENSG00000164638.13,Module 5,ENSG00000164638,SLC29A4,protein_coding
ENSG00000185482.10,Module 5,ENSG00000185482,STAC3,protein_coding
ENSG00000114450.13,Module 4,ENSG00000114450,GNB4,protein_coding
ENSG00000160223.20,Module 5,ENSG00000160223,ICOSLG,protein_coding
ENSG00000131196.19,Module 5,ENSG00000131196,NFATC1,protein_coding
ENSG00000105136.24,Module 5,ENSG00000105136,ZNF419,protein_coding
ENSG00000115109.16,Module 5,ENSG00000115109,EPB41L5,protein_coding
ENSG00000162004.21,Module 3,ENSG00000162004,CCDC78,protein_coding
ENSG00000189369.9,Module 4,ENSG00000189369,GSPT2,protein_coding
ENSG00000120278.19,Module 1,ENSG00000120278,PLEKHG1,protein_coding
ENSG00000132846.8,Module 5,ENSG00000132846,ZBED3,protein_coding
ENSG00000116857.19,Module 4,ENSG00000116857,TMEM9,protein_coding
ENSG00000218336.11,Module 2,ENSG00000218336,TENM3,protein_coding
ENSG00000162692.14,Module 1,ENSG00000162692,VCAM1,protein_coding
ENSG00000105374.12,Module 5,ENSG00000105374,NKG7,protein_coding
ENSG00000163993.8,Module 5,ENSG00000163993,S100P,protein_coding
ENSG00000135525.21,Module 5,ENSG00000135525,MAP7,protein_coding
ENSG00000118402.7,Module 1,ENSG00000118402,ELOVL4,protein_coding
ENSG00000071967.14,Module 4,ENSG00000071967,CYBRD1,protein_coding
ENSG00000110328.8,Module 5,ENSG00000110328,GALNT18,protein_coding
ENSG00000165521.18,Module 1,ENSG00000165521,EML5,protein_coding
ENSG00000227051.8,Module 5,ENSG00000227051,C14orf132,protein_coding
ENSG00000096264.15,Module 5,ENSG00000096264,NCR2,protein_coding
ENSG00000162894.14,Module 5,ENSG00000162894,FCMR,protein_coding
ENSG00000205683.13,Module 5,ENSG00000205683,DPF3,protein_coding
ENSG00000120093.13,Module 5,ENSG00000120093,HOXB3,protein_coding
ENSG00000276231.7,Module 2,ENSG00000276231,PIK3R6,protein_coding
ENSG00000089177.22,Module 4,ENSG00000089177,KIF16B,protein_coding
ENSG00000196782.15,Module 4,ENSG00000196782,MAML3,protein_coding
ENSG00000119943.15,Module 5,ENSG00000119943,PYROXD2,protein_coding
ENSG00000122547.14,Module 5,ENSG00000122547,EEPD1,protein_coding
ENSG00000185338.9,Module 1,ENSG00000185338,SOCS1,protein_coding
ENSG00000110318.17,Module 1,ENSG00000110318,CEP126,protein_coding
ENSG00000134504.16,Module 2,ENSG00000134504,KCTD1,protein_coding
ENSG00000132958.20,Module 1,ENSG00000132958,TPTE2,protein_coding
ENSG00000087086.18,Module 3,ENSG00000087086,FTL,protein_coding
ENSG00000166501.16,Module 4,ENSG00000166501,PRKCB,protein_coding
ENSG00000110492.19,Module 2,ENSG00000110492,MDK,protein_coding
ENSG00000130054.6,Module 5,ENSG00000130054,NALF2,protein_coding
ENSG00000141504.14,Module 1,ENSG00000141504,SAT2,protein_coding
ENSG00000131115.18,Module 5,ENSG00000131115,ZNF227,protein_coding
ENSG00000185432.14,Module 5,ENSG00000185432,TMT1A,protein_coding
ENSG00000136014.14,Module 5,ENSG00000136014,USP44,protein_coding
ENSG00000213762.14,Module 4,ENSG00000213762,ZNF134,protein_coding
ENSG00000114200.12,Module 5,ENSG00000114200,BCHE,protein_coding
ENSG00000184226.16,Module 5,ENSG00000184226,PCDH9,protein_coding
ENSG00000109906.17,Module 5,ENSG00000109906,ZBTB16,protein_coding
ENSG00000101846.11,Module 5,ENSG00000101846,STS,protein_coding
ENSG00000048052.27,Module 5,ENSG00000048052,HDAC9,protein_coding
ENSG00000129474.19,Module 5,ENSG00000129474,AJUBA,protein_coding
ENSG00000139112.13,Module 5,ENSG00000139112,GABARAPL1,protein_coding
ENSG00000162739.16,Module 5,ENSG00000162739,SLAMF6,protein_coding
ENSG00000155980.15,Module 1,ENSG00000155980,KIF5A,protein_coding
ENSG00000147465.14,Module 5,ENSG00000147465,STAR,protein_coding
ENSG00000144445.19,Module 1,ENSG00000144445,KANSL1L,protein_coding
ENSG00000106772.21,Module 5,ENSG00000106772,PRUNE2,protein_coding
ENSG00000189042.16,Module 5,ENSG00000189042,ZNF567,protein_coding
ENSG00000198585.13,Module 5,ENSG00000198585,NUDT16,protein_coding
ENSG00000090612.24,Module 5,ENSG00000090612,ZNF268,protein_coding
ENSG00000148225.19,Module 5,ENSG00000148225,WDR31,protein_coding
ENSG00000023171.22,Module 1,ENSG00000023171,GRAMD1B,protein_coding
ENSG00000162490.9,Module 5,ENSG00000162490,DRAXIN,protein_coding
ENSG00000213799.15,Module 5,ENSG00000213799,ZNF845,protein_coding
ENSG00000186654.23,Module 2,ENSG00000186654,PRR5,protein_coding
ENSG00000170442.13,Module 5,ENSG00000170442,KRT86,protein_coding
ENSG00000105369.11,Module 5,ENSG00000105369,CD79A,protein_coding
ENSG00000061656.13,Module 2,ENSG00000061656,SPAG4,protein_coding
ENSG00000170522.12,Module 5,ENSG00000170522,ELOVL6,protein_coding
ENSG00000165929.15,Module 5,ENSG00000165929,TC2N,protein_coding
ENSG00000132825.7,Module 2,ENSG00000132825,PPP1R3D,protein_coding
ENSG00000181804.17,Module 4,ENSG00000181804,SLC9A9,protein_coding
ENSG00000196935.12,Module 2,ENSG00000196935,SRGAP1,protein_coding
ENSG00000104951.18,Module 5,ENSG00000104951,IL4I1,protein_coding
ENSG00000056558.13,Module 1,ENSG00000056558,TRAF1,protein_coding
ENSG00000198915.14,Module 5,ENSG00000198915,RASGEF1A,protein_coding
ENSG00000131127.16,Module 5,ENSG00000131127,ZNF141,protein_coding
ENSG00000013364.21,Module 1,ENSG00000013364,MVP,protein_coding
ENSG00000196872.14,Module 2,ENSG00000196872,CRACDL,protein_coding
ENSG00000204475.11,Module 5,ENSG00000204475,NCR3,protein_coding
ENSG00000073331.20,Module 5,ENSG00000073331,ALPK1,protein_coding
ENSG00000116678.21,Module 2,ENSG00000116678,LEPR,protein_coding
ENSG00000204179.13,Module 5,ENSG00000204179,PTPN20,protein_coding
ENSG00000102796.14,Module 3,ENSG00000102796,DHRS12,protein_coding
ENSG00000198513.17,Module 5,ENSG00000198513,ATL1,protein_coding
ENSG00000141526.20,Module 4,ENSG00000141526,SLC16A3,protein_coding
ENSG00000157483.11,Module 5,ENSG00000157483,MYO1E,protein_coding
ENSG00000135824.14,Module 5,ENSG00000135824,RGS8,protein_coding
ENSG00000035720.10,Module 5,ENSG00000035720,STAP1,protein_coding
ENSG00000151025.12,Module 5,ENSG00000151025,GPR158,protein_coding
ENSG00000124019.12,Module 5,ENSG00000124019,FAM124B,protein_coding
ENSG00000126778.14,Module 5,ENSG00000126778,SIX1,protein_coding
ENSG00000110987.11,Module 5,ENSG00000110987,BCL7A,protein_coding
ENSG00000148737.20,Module 5,ENSG00000148737,TCF7L2,protein_coding
ENSG00000212123.5,Module 5,ENSG00000212123,PRR22,protein_coding
ENSG00000123329.22,Module 5,ENSG00000123329,ARHGAP9,protein_coding
ENSG00000100228.16,Module 5,ENSG00000100228,RAB36,protein_coding
ENSG00000120658.16,Module 1,ENSG00000120658,ENOX1,protein_coding
ENSG00000082269.19,Module 1,ENSG00000082269,FAM135A,protein_coding
ENSG00000165071.17,Module 1,ENSG00000165071,TMEM71,protein_coding
ENSG00000155760.3,Module 2,ENSG00000155760,FZD7,protein_coding
ENSG00000196876.19,Module 5,ENSG00000196876,SCN8A,protein_coding
ENSG00000126970.18,Module 4,ENSG00000126970,ZC4H2,protein_coding
ENSG00000021762.22,Module 4,ENSG00000021762,OSBPL5,protein_coding
ENSG00000225968.9,Module 1,ENSG00000225968,ELFN1,protein_coding
ENSG00000186020.15,Module 4,ENSG00000186020,ZNF529,protein_coding
ENSG00000054219.13,Module 1,ENSG00000054219,LY75,protein_coding
ENSG00000127955.19,Module 1,ENSG00000127955,GNAI1,protein_coding
ENSG00000104903.7,Module 1,ENSG00000104903,LYL1,protein_coding
ENSG00000196187.14,Module 5,ENSG00000196187,TMEM63A,protein_coding
ENSG00000146904.11,Module 5,ENSG00000146904,EPHA1,protein_coding
ENSG00000167889.15,Module 5,ENSG00000167889,MGAT5B,protein_coding
ENSG00000180287.18,Module 3,ENSG00000180287,PLD5,protein_coding
ENSG00000129195.18,Module 4,ENSG00000129195,PIMREG,protein_coding
ENSG00000142303.16,Module 5,ENSG00000142303,ADAMTS10,protein_coding
ENSG00000189350.15,Module 5,ENSG00000189350,TOGARAM2,protein_coding
ENSG00000148798.13,Module 5,ENSG00000148798,INA,protein_coding
ENSG00000043591.6,Module 5,ENSG00000043591,ADRB1,protein_coding
ENSG00000057294.20,Module 5,ENSG00000057294,PKP2,protein_coding
ENSG00000184574.12,Module 5,ENSG00000184574,LPAR5,protein_coding
ENSG00000135537.19,Module 5,ENSG00000135537,AFG1L,protein_coding
ENSG00000184545.13,Module 3,ENSG00000184545,DUSP8,protein_coding
ENSG00000110852.7,Module 4,ENSG00000110852,CLEC2B,protein_coding
ENSG00000164161.12,Module 5,ENSG00000164161,HHIP,protein_coding
ENSG00000053524.14,Module 2,ENSG00000053524,MCF2L2,protein_coding
ENSG00000101210.17,Module 2,ENSG00000101210,EEF1A2,protein_coding
ENSG00000149970.17,Module 4,ENSG00000149970,CNKSR2,protein_coding
ENSG00000119547.6,Module 4,ENSG00000119547,ONECUT2,protein_coding
ENSG00000157470.14,Module 5,ENSG00000157470,FAM81A,protein_coding
ENSG00000196371.4,Module 1,ENSG00000196371,FUT4,protein_coding
ENSG00000184524.8,Module 1,ENSG00000184524,CEND1,protein_coding
ENSG00000177990.14,Module 5,ENSG00000177990,DPY19L2,protein_coding
ENSG00000108352.14,Module 5,ENSG00000108352,RAPGEFL1,protein_coding
ENSG00000135709.16,Module 3,ENSG00000135709,KIAA0513,protein_coding
ENSG00000198780.15,Module 5,ENSG00000198780,FAM169A,protein_coding
ENSG00000141447.21,Module 4,ENSG00000141447,OSBPL1A,protein_coding
ENSG00000241852.13,Module 2,ENSG00000241852,C8orf58,protein_coding
ENSG00000076351.15,Module 5,ENSG00000076351,SLC46A1,protein_coding
ENSG00000198734.14,Module 2,ENSG00000198734,F5,protein_coding
ENSG00000167613.18,Module 5,ENSG00000167613,LAIR1,protein_coding
ENSG00000181649.10,Module 5,ENSG00000181649,PHLDA2,protein_coding
ENSG00000133985.5,Module 5,ENSG00000133985,TTC9,protein_coding
ENSG00000173706.16,Module 4,ENSG00000173706,HEG1,protein_coding
ENSG00000165757.10,Module 4,ENSG00000165757,JCAD,protein_coding
ENSG00000151718.18,Module 5,ENSG00000151718,WWC2,protein_coding
ENSG00000107872.16,Module 1,ENSG00000107872,FBXL15,protein_coding
ENSG00000184792.18,Module 2,ENSG00000184792,OSBP2,protein_coding
ENSG00000188227.16,Module 5,ENSG00000188227,ZNF793,protein_coding
ENSG00000165655.18,Module 4,ENSG00000165655,ZNF503,protein_coding
ENSG00000108852.18,Module 5,ENSG00000108852,MPP2,protein_coding
ENSG00000164542.15,Module 5,ENSG00000164542,MATCAP2,protein_coding
ENSG00000164659.17,Module 3,ENSG00000164659,ELAPOR2,protein_coding
ENSG00000123700.7,Module 3,ENSG00000123700,KCNJ2,protein_coding
ENSG00000128039.15,Module 1,ENSG00000128039,SRD5A3,protein_coding
ENSG00000124635.12,Module 3,ENSG00000124635,H2BC11,protein_coding
ENSG00000156011.20,Module 3,ENSG00000156011,PSD3,protein_coding
ENSG00000066294.17,Module 5,ENSG00000066294,CD84,protein_coding
ENSG00000196873.18,Module 3,ENSG00000196873,ZNG1C,protein_coding
ENSG00000179242.17,Module 5,ENSG00000179242,CDH4,protein_coding
ENSG00000122592.9,Module 5,ENSG00000122592,HOXA7,protein_coding
ENSG00000169403.14,Module 5,ENSG00000169403,PTAFR,protein_coding
ENSG00000179869.16,Module 1,ENSG00000179869,ABCA13,protein_coding
ENSG00000179583.22,Module 2,ENSG00000179583,CIITA,protein_coding
ENSG00000135838.16,Module 5,ENSG00000135838,NPL,protein_coding
ENSG00000106689.12,Module 5,ENSG00000106689,LHX2,protein_coding
ENSG00000078081.10,Module 5,ENSG00000078081,LAMP3,protein_coding
ENSG00000163519.15,Module 5,ENSG00000163519,TRAT1,protein_coding
ENSG00000007312.16,Module 5,ENSG00000007312,CD79B,protein_coding
ENSG00000110400.12,Module 3,ENSG00000110400,NECTIN1,protein_coding
ENSG00000106809.13,Module 5,ENSG00000106809,OGN,protein_coding
ENSG00000186088.18,Module 5,ENSG00000186088,GSAP,protein_coding
ENSG00000171174.17,Module 5,ENSG00000171174,RBKS,protein_coding
ENSG00000221886.6,Module 5,ENSG00000221886,FAM200C,protein_coding
ENSG00000163106.13,Module 5,ENSG00000163106,HPGDS,protein_coding
ENSG00000167380.19,Module 5,ENSG00000167380,ZNF226,protein_coding
ENSG00000105497.10,Module 5,ENSG00000105497,ZNF175,protein_coding
ENSG00000234444.11,Module 4,ENSG00000234444,ZNF736,protein_coding
ENSG00000152454.5,Module 5,ENSG00000152454,ZNF256,protein_coding
ENSG00000172322.15,Module 5,ENSG00000172322,CLEC12A,protein_coding
ENSG00000170485.19,Module 5,ENSG00000170485,NPAS2,protein_coding
ENSG00000100351.19,Module 5,ENSG00000100351,GRAP2,protein_coding
ENSG00000185198.13,Module 5,ENSG00000185198,PRSS57,protein_coding
ENSG00000221923.11,Module 5,ENSG00000221923,ZNF880,protein_coding
ENSG00000153956.19,Module 1,ENSG00000153956,CACNA2D1,protein_coding
ENSG00000183647.13,Module 5,ENSG00000183647,ZNF530,protein_coding
ENSG00000149599.18,Module 5,ENSG00000149599,DUSP15,protein_coding
ENSG00000182247.13,Module 4,ENSG00000182247,UBE2E2,protein_coding
ENSG00000187862.13,Module 5,ENSG00000187862,TTC24,protein_coding
ENSG00000180257.16,Module 5,ENSG00000180257,ZNF816,protein_coding
ENSG00000170545.19,Module 5,ENSG00000170545,SMAGP,protein_coding
ENSG00000144730.21,Module 5,ENSG00000144730,IL17RD,protein_coding
ENSG00000154783.14,Module 5,ENSG00000154783,FGD5,protein_coding
ENSG00000186814.17,Module 1,ENSG00000186814,ZSCAN30,protein_coding
ENSG00000149292.19,Module 3,ENSG00000149292,TTC12,protein_coding
ENSG00000237440.11,Module 5,ENSG00000237440,ZNF737,protein_coding
ENSG00000151136.15,Module 5,ENSG00000151136,ABTB3,protein_coding
ENSG00000120784.19,Module 5,ENSG00000120784,ZFP30,protein_coding
ENSG00000150275.21,Module 3,ENSG00000150275,PCDH15,protein_coding
ENSG00000105808.21,Module 5,ENSG00000105808,RASA4,protein_coding
ENSG00000183691.6,Module 5,ENSG00000183691,NOG,protein_coding
ENSG00000198208.14,Module 5,ENSG00000198208,RPS6KL1,protein_coding
ENSG00000120149.10,Module 5,ENSG00000120149,MSX2,protein_coding
ENSG00000128739.25,Module 2,ENSG00000128739,SNRPN,protein_coding
ENSG00000080200.11,Module 2,ENSG00000080200,CRYBG3,protein_coding
ENSG00000176845.14,Module 5,ENSG00000176845,METRNL,protein_coding
ENSG00000152894.17,Module 2,ENSG00000152894,PTPRK,protein_coding
ENSG00000091409.19,Module 5,ENSG00000091409,ITGA6,protein_coding
ENSG00000230453.12,Module 2,ENSG00000230453,ANKRD18B,protein_coding
ENSG00000011422.14,Module 5,ENSG00000011422,PLAUR,protein_coding
ENSG00000226124.12,Module 1,ENSG00000226124,FTCDNL1,protein_coding
ENSG00000197808.15,Module 5,ENSG00000197808,ZNF461,protein_coding
ENSG00000037965.7,Module 5,ENSG00000037965,HOXC8,protein_coding
ENSG00000163145.15,Module 5,ENSG00000163145,C1QTNF7,protein_coding
ENSG00000174807.4,Module 5,ENSG00000174807,CD248,protein_coding
ENSG00000179241.15,Module 1,ENSG00000179241,LDLRAD3,protein_coding
ENSG00000213722.12,Module 4,ENSG00000213722,DDAH2,protein_coding
ENSG00000160345.15,Module 5,ENSG00000160345,PIERCE1,protein_coding
ENSG00000113739.12,Module 5,ENSG00000113739,STC2,protein_coding
ENSG00000121406.11,Module 5,ENSG00000121406,ZNF549,protein_coding
ENSG00000133216.18,Module 4,ENSG00000133216,EPHB2,protein_coding
ENSG00000164251.6,Module 5,ENSG00000164251,F2RL1,protein_coding
ENSG00000122035.9,Module 2,ENSG00000122035,RASL11A,protein_coding
ENSG00000153721.21,Module 2,ENSG00000153721,CNKSR3,protein_coding
ENSG00000152766.8,Module 5,ENSG00000152766,ANKRD22,protein_coding
ENSG00000111490.15,Module 5,ENSG00000111490,TBC1D30,protein_coding
ENSG00000089127.16,Module 5,ENSG00000089127,OAS1,protein_coding
ENSG00000125498.22,Module 5,ENSG00000125498,KIR2DL1,protein_coding
ENSG00000186314.14,Module 5,ENSG00000186314,PRELID2,protein_coding
ENSG00000001617.14,Module 5,ENSG00000001617,SEMA3F,protein_coding
ENSG00000256683.9,Module 4,ENSG00000256683,ZNF350,protein_coding
ENSG00000197093.13,Module 5,ENSG00000197093,GAL3ST4,protein_coding
ENSG00000179144.7,Module 5,ENSG00000179144,GIMAP7,protein_coding
ENSG00000176387.9,Module 5,ENSG00000176387,HSD11B2,protein_coding
ENSG00000165801.12,Module 2,ENSG00000165801,ARHGEF40,protein_coding
ENSG00000186451.4,Module 5,ENSG00000186451,SPATA12,protein_coding
ENSG00000172543.11,Module 5,ENSG00000172543,CTSW,protein_coding
ENSG00000142065.16,Module 4,ENSG00000142065,ZFP14,protein_coding
ENSG00000149289.12,Module 2,ENSG00000149289,ZC3H12C,protein_coding
ENSG00000131067.19,Module 2,ENSG00000131067,GGT7,protein_coding
ENSG00000213967.13,Module 5,ENSG00000213967,ZNF726,protein_coding
ENSG00000002746.17,Module 5,ENSG00000002746,HECW1,protein_coding
ENSG00000240891.9,Module 1,ENSG00000240891,PLCXD2,protein_coding
ENSG00000102048.18,Module 5,ENSG00000102048,ASB9,protein_coding
ENSG00000134030.16,Module 5,ENSG00000134030,CTIF,protein_coding
ENSG00000120162.12,Module 3,ENSG00000120162,MOB3B,protein_coding
ENSG00000197128.14,Module 5,ENSG00000197128,ZNF772,protein_coding
ENSG00000179455.10,Module 5,ENSG00000179455,MKRN3,protein_coding
ENSG00000198482.16,Module 4,ENSG00000198482,ZNF808,protein_coding
ENSG00000149054.18,Module 5,ENSG00000149054,ZNF215,protein_coding
ENSG00000163362.13,Module 5,ENSG00000163362,INAVA,protein_coding
ENSG00000180891.15,Module 2,ENSG00000180891,CUEDC1,protein_coding
ENSG00000005243.12,Module 4,ENSG00000005243,COPZ2,protein_coding
ENSG00000170608.5,Module 1,ENSG00000170608,FOXA3,protein_coding
ENSG00000114841.18,Module 5,ENSG00000114841,DNAH1,protein_coding
ENSG00000198182.15,Module 5,ENSG00000198182,ZNF607,protein_coding
ENSG00000142627.15,Module 5,ENSG00000142627,EPHA2,protein_coding
ENSG00000251322.12,Module 4,ENSG00000251322,SHANK3,protein_coding
ENSG00000175106.17,Module 5,ENSG00000175106,TVP23C,protein_coding
ENSG00000161298.20,Module 5,ENSG00000161298,ZNF382,protein_coding
ENSG00000149571.13,Module 5,ENSG00000149571,KIRREL3,protein_coding
ENSG00000160145.17,Module 5,ENSG00000160145,KALRN,protein_coding
ENSG00000138172.13,Module 5,ENSG00000138172,CALHM2,protein_coding
ENSG00000142552.10,Module 5,ENSG00000142552,RCN3,protein_coding
ENSG00000127533.5,Module 5,ENSG00000127533,F2RL3,protein_coding
ENSG00000081479.16,Module 4,ENSG00000081479,LRP2,protein_coding
ENSG00000231389.10,Module 2,ENSG00000231389,HLA-DPA1,protein_coding
ENSG00000189195.17,Module 4,ENSG00000189195,BTBD8,protein_coding
ENSG00000111879.21,Module 3,ENSG00000111879,FAM184A,protein_coding
ENSG00000170430.12,Module 5,ENSG00000170430,MGMT,protein_coding
ENSG00000077274.11,Module 5,ENSG00000077274,CAPN6,protein_coding
ENSG00000072858.14,Module 5,ENSG00000072858,SIDT1,protein_coding
ENSG00000121933.20,Module 1,ENSG00000121933,TMIGD3,protein_coding
ENSG00000183018.11,Module 5,ENSG00000183018,SPNS2,protein_coding
ENSG00000256229.9,Module 5,ENSG00000256229,ZNF486,protein_coding
ENSG00000110723.13,Module 5,ENSG00000110723,EXPH5,protein_coding
ENSG00000198088.12,Module 4,ENSG00000198088,NUP62CL,protein_coding
ENSG00000008735.16,Module 1,ENSG00000008735,MAPK8IP2,protein_coding
ENSG00000070018.11,Module 4,ENSG00000070018,LRP6,protein_coding
ENSG00000163818.22,Module 5,ENSG00000163818,LZTFL1,protein_coding
ENSG00000154146.15,Module 2,ENSG00000154146,NRGN,protein_coding
ENSG00000185869.17,Module 5,ENSG00000185869,ZNF829,protein_coding
ENSG00000151778.13,Module 5,ENSG00000151778,SERP2,protein_coding
ENSG00000186197.16,Module 2,ENSG00000186197,EDARADD,protein_coding
ENSG00000197461.15,Module 1,ENSG00000197461,PDGFA,protein_coding
ENSG00000169083.19,Module 2,ENSG00000169083,AR,protein_coding
ENSG00000166086.15,Module 5,ENSG00000166086,JAM3,protein_coding
ENSG00000188848.18,Module 5,ENSG00000188848,BEND4,protein_coding
ENSG00000108511.12,Module 5,ENSG00000108511,HOXB6,protein_coding
ENSG00000159882.15,Module 5,ENSG00000159882,ZNF230,protein_coding
ENSG00000176024.20,Module 5,ENSG00000176024,ZNF613,protein_coding
ENSG00000158714.13,Module 5,ENSG00000158714,SLAMF8,protein_coding
ENSG00000115841.23,Module 3,ENSG00000115841,RMDN2,protein_coding
ENSG00000169860.7,Module 5,ENSG00000169860,P2RY1,protein_coding
ENSG00000107738.22,Module 5,ENSG00000107738,VSIR,protein_coding
ENSG00000176927.16,Module 5,ENSG00000176927,EFCAB5,protein_coding
ENSG00000126217.24,Module 5,ENSG00000126217,MCF2L,protein_coding
ENSG00000134830.8,Module 5,ENSG00000134830,C5AR2,protein_coding
ENSG00000167562.16,Module 5,ENSG00000167562,ZNF701,protein_coding
ENSG00000185924.8,Module 5,ENSG00000185924,RTN4RL1,protein_coding
ENSG00000171970.16,Module 3,ENSG00000171970,ZNF57,protein_coding
ENSG00000107518.20,Module 2,ENSG00000107518,ATRNL1,protein_coding
ENSG00000173988.15,Module 3,ENSG00000173988,LRRC63,protein_coding
ENSG00000097096.12,Module 5,ENSG00000097096,SYDE2,protein_coding
ENSG00000102043.17,Module 4,ENSG00000102043,MTMR8,protein_coding
ENSG00000161921.19,Module 5,ENSG00000161921,CXCL16,protein_coding
ENSG00000180071.22,Module 2,ENSG00000180071,ANKRD18A,protein_coding
ENSG00000197405.9,Module 5,ENSG00000197405,C5AR1,protein_coding
ENSG00000153253.21,Module 2,ENSG00000153253,SCN3A,protein_coding
ENSG00000234745.16,Module 2,ENSG00000234745,HLA-B,protein_coding
ENSG00000169442.10,Module 5,ENSG00000169442,CD52,protein_coding
ENSG00000061337.17,Module 5,ENSG00000061337,LZTS1,protein_coding
ENSG00000167780.14,Module 5,ENSG00000167780,SOAT2,protein_coding
ENSG00000163823.6,Module 4,ENSG00000163823,CCR1,protein_coding
ENSG00000224940.12,Module 4,ENSG00000224940,PRRT4,protein_coding
ENSG00000143367.19,Module 4,ENSG00000143367,TUFT1,protein_coding
ENSG00000137460.12,Module 4,ENSG00000137460,FHDC1,protein_coding
ENSG00000244405.10,Module 2,ENSG00000244405,ETV5,protein_coding
ENSG00000179348.15,Module 2,ENSG00000179348,GATA2,protein_coding
ENSG00000136026.16,Module 2,ENSG00000136026,CKAP4,protein_coding
ENSG00000213658.14,Module 5,ENSG00000213658,LAT,protein_coding
ENSG00000168661.17,Module 4,ENSG00000168661,ZNF30,protein_coding
ENSG00000111181.15,Module 5,ENSG00000111181,SLC6A12,protein_coding
ENSG00000162779.23,Module 5,ENSG00000162779,AXDND1,protein_coding
ENSG00000185105.6,Module 5,ENSG00000185105,MYADML2,protein_coding
ENSG00000124140.16,Module 5,ENSG00000124140,SLC12A5,protein_coding
ENSG00000091831.27,Module 3,ENSG00000091831,ESR1,protein_coding
ENSG00000082074.21,Module 5,ENSG00000082074,FYB1,protein_coding
ENSG00000112195.10,Module 5,ENSG00000112195,TREML2,protein_coding
ENSG00000118004.20,Module 5,ENSG00000118004,COLEC11,protein_coding
ENSG00000175329.15,Module 5,ENSG00000175329,ISX,protein_coding
ENSG00000180044.6,Module 2,ENSG00000180044,C3orf80,protein_coding
ENSG00000166145.17,Module 5,ENSG00000166145,SPINT1,protein_coding
ENSG00000083814.15,Module 4,ENSG00000083814,ZNF671,protein_coding
ENSG00000158156.10,Module 5,ENSG00000158156,XKR8,protein_coding
ENSG00000121797.12,Module 5,ENSG00000121797,CCRL2,protein_coding
ENSG00000140379.10,Module 5,ENSG00000140379,BCL2A1,protein_coding
ENSG00000120645.13,Module 5,ENSG00000120645,IQSEC3,protein_coding
ENSG00000124613.11,Module 5,ENSG00000124613,ZNF391,protein_coding
ENSG00000272031.4,Module 3,ENSG00000272031,ANKRD34A,protein_coding
ENSG00000181007.11,Module 5,ENSG00000181007,ZFP82,protein_coding
ENSG00000157703.17,Module 5,ENSG00000157703,SVOPL,protein_coding
ENSG00000134775.18,Module 5,ENSG00000134775,FHOD3,protein_coding
ENSG00000162772.20,Module 2,ENSG00000162772,ATF3,protein_coding
ENSG00000010704.21,Module 4,ENSG00000010704,HFE,protein_coding
ENSG00000134827.8,Module 5,ENSG00000134827,TCN1,protein_coding
ENSG00000164920.12,Module 4,ENSG00000164920,OSR2,protein_coding
ENSG00000204172.13,Module 5,ENSG00000204172,AGAP9,protein_coding
ENSG00000164484.14,Module 5,ENSG00000164484,TMEM200A,protein_coding
ENSG00000103021.12,Module 2,ENSG00000103021,CFAP263,protein_coding
ENSG00000132357.16,Module 4,ENSG00000132357,CARD6,protein_coding
ENSG00000288675.1,Module 5,ENSG00000288675,PANO1,protein_coding
ENSG00000185527.13,Module 5,ENSG00000185527,PDE6G,protein_coding
ENSG00000130529.18,Module 5,ENSG00000130529,TRPM4,protein_coding
ENSG00000264230.11,Module 5,ENSG00000264230,ANXA8L1,protein_coding
ENSG00000147364.19,Module 5,ENSG00000147364,FBXO25,protein_coding
ENSG00000114812.15,Module 5,ENSG00000114812,VIPR1,protein_coding
ENSG00000169744.15,Module 5,ENSG00000169744,LDB2,protein_coding
ENSG00000105750.17,Module 5,ENSG00000105750,ZNF85,protein_coding
ENSG00000076716.11,Module 5,ENSG00000076716,GPC4,protein_coding
ENSG00000163449.13,Module 5,ENSG00000163449,TMEM169,protein_coding
ENSG00000143167.14,Module 5,ENSG00000143167,GPA33,protein_coding
ENSG00000197506.8,Module 2,ENSG00000197506,SLC28A3,protein_coding
ENSG00000188672.20,Module 3,ENSG00000188672,RHCE,protein_coding
ENSG00000273802.4,Module 2,ENSG00000273802,H2BC8,protein_coding
ENSG00000117560.10,Module 5,ENSG00000117560,FASLG,protein_coding
ENSG00000196867.10,Module 5,ENSG00000196867,ZFP28,protein_coding
ENSG00000114405.13,Module 5,ENSG00000114405,CEP15,protein_coding
ENSG00000143195.15,Module 5,ENSG00000143195,ILDR2,protein_coding
ENSG00000251247.15,Module 5,ENSG00000251247,ZNF345,protein_coding
ENSG00000187987.12,Module 5,ENSG00000187987,ZSCAN23,protein_coding
ENSG00000060140.11,Module 5,ENSG00000060140,STYK1,protein_coding
ENSG00000004468.15,Module 2,ENSG00000004468,CD38,protein_coding
ENSG00000081985.16,Module 1,ENSG00000081985,IL12RB2,protein_coding
ENSG00000112139.19,Module 3,ENSG00000112139,MDGA1,protein_coding
ENSG00000181350.14,Module 1,ENSG00000181350,LRRC75A,protein_coding
ENSG00000196739.16,Module 4,ENSG00000196739,COL27A1,protein_coding
ENSG00000167554.17,Module 5,ENSG00000167554,ZNF610,protein_coding
ENSG00000116299.19,Module 5,ENSG00000116299,ELAPOR1,protein_coding
ENSG00000103490.15,Module 4,ENSG00000103490,PYCARD,protein_coding
ENSG00000166532.18,Module 5,ENSG00000166532,RIMKLB,protein_coding
ENSG00000068831.21,Module 5,ENSG00000068831,RASGRP2,protein_coding
ENSG00000145287.14,Module 5,ENSG00000145287,PLAC8,protein_coding
ENSG00000018869.20,Module 5,ENSG00000018869,ZNF582,protein_coding
ENSG00000167637.19,Module 5,ENSG00000167637,ZNF283,protein_coding
ENSG00000116285.15,Module 5,ENSG00000116285,ERRFI1,protein_coding
ENSG00000146285.17,Module 5,ENSG00000146285,SCML4,protein_coding
ENSG00000040608.15,Module 5,ENSG00000040608,RTN4R,protein_coding
ENSG00000134817.12,Module 5,ENSG00000134817,APLNR,protein_coding
ENSG00000170128.5,Module 5,ENSG00000170128,GPR25,protein_coding
ENSG00000255587.10,Module 5,ENSG00000255587,RAB44,protein_coding
ENSG00000137959.19,Module 3,ENSG00000137959,IFI44L,protein_coding
ENSG00000071242.15,Module 1,ENSG00000071242,RPS6KA2,protein_coding
ENSG00000102962.7,Module 1,ENSG00000102962,CCL22,protein_coding
ENSG00000115009.14,Module 5,ENSG00000115009,CCL20,protein_coding
ENSG00000164483.18,Module 5,ENSG00000164483,SAMD3,protein_coding
ENSG00000151117.10,Module 5,ENSG00000151117,TMEM86A,protein_coding
ENSG00000130812.13,Module 3,ENSG00000130812,ANGPTL6,protein_coding
ENSG00000269404.8,Module 5,ENSG00000269404,SPIB,protein_coding
ENSG00000168993.17,Module 1,ENSG00000168993,CPLX1,protein_coding
ENSG00000177459.13,Module 5,ENSG00000177459,ERICH5,protein_coding
ENSG00000164171.13,Module 4,ENSG00000164171,ITGA2,protein_coding
ENSG00000196890.5,Module 3,ENSG00000196890,H2BC26,protein_coding
ENSG00000149564.14,Module 2,ENSG00000149564,ESAM,protein_coding
ENSG00000182667.16,Module 5,ENSG00000182667,NTM,protein_coding
ENSG00000198093.13,Module 5,ENSG00000198093,ZNF649,protein_coding
ENSG00000205133.14,Module 5,ENSG00000205133,TRIQK,protein_coding
ENSG00000140807.8,Module 3,ENSG00000140807,NKD1,protein_coding
ENSG00000137261.17,Module 3,ENSG00000137261,KIAA0319,protein_coding
ENSG00000213203.5,Module 5,ENSG00000213203,GIMAP1,protein_coding
ENSG00000197020.14,Module 5,ENSG00000197020,ZNF100,protein_coding
ENSG00000177842.14,Module 5,ENSG00000177842,ZNF620,protein_coding
ENSG00000128512.25,Module 3,ENSG00000128512,DOCK4,protein_coding
ENSG00000214050.10,Module 5,ENSG00000214050,FBXO16,protein_coding
ENSG00000137831.17,Module 4,ENSG00000137831,UACA,protein_coding
ENSG00000078399.20,Module 5,ENSG00000078399,HOXA9,protein_coding
ENSG00000085741.16,Module 5,ENSG00000085741,WNT11,protein_coding
ENSG00000172780.19,Module 5,ENSG00000172780,RAB43,protein_coding
ENSG00000185634.13,Module 1,ENSG00000185634,SHC4,protein_coding
ENSG00000134326.13,Module 5,ENSG00000134326,CMPK2,protein_coding
ENSG00000197889.12,Module 3,ENSG00000197889,MEIG1,protein_coding
ENSG00000102053.15,Module 5,ENSG00000102053,ZC3H12B,protein_coding
ENSG00000143110.14,Module 1,ENSG00000143110,C1orf162,protein_coding
ENSG00000149150.11,Module 5,ENSG00000149150,SLC43A1,protein_coding
ENSG00000109654.18,Module 4,ENSG00000109654,TRIM2,protein_coding
ENSG00000184937.18,Module 5,ENSG00000184937,WT1,protein_coding
ENSG00000151623.17,Module 2,ENSG00000151623,NR3C2,protein_coding
ENSG00000204025.8,Module 5,ENSG00000204025,TRPC5OS,protein_coding
ENSG00000169330.11,Module 2,ENSG00000169330,MINAR1,protein_coding
ENSG00000140044.15,Module 5,ENSG00000140044,JDP2,protein_coding
ENSG00000066032.20,Module 5,ENSG00000066032,CTNNA2,protein_coding
ENSG00000184515.13,Module 4,ENSG00000184515,BEX5,protein_coding
ENSG00000161551.17,Module 5,ENSG00000161551,ZNF577,protein_coding
ENSG00000163710.11,Module 5,ENSG00000163710,PCOLCE2,protein_coding
ENSG00000135519.10,Module 5,ENSG00000135519,KCNH3,protein_coding
ENSG00000106952.10,Module 5,ENSG00000106952,TNFSF8,protein_coding
ENSG00000107719.12,Module 5,ENSG00000107719,PALD1,protein_coding
ENSG00000184730.14,Module 5,ENSG00000184730,APOBR,protein_coding
ENSG00000167767.15,Module 5,ENSG00000167767,KRT80,protein_coding
ENSG00000135914.8,Module 4,ENSG00000135914,HTR2B,protein_coding
ENSG00000143409.20,Module 5,ENSG00000143409,MINDY1,protein_coding
ENSG00000213420.10,Module 5,ENSG00000213420,GPC2,protein_coding
ENSG00000180921.9,Module 5,ENSG00000180921,FAM83H,protein_coding
ENSG00000164741.17,Module 1,ENSG00000164741,DLC1,protein_coding
ENSG00000156886.13,Module 5,ENSG00000156886,ITGAD,protein_coding
ENSG00000146205.17,Module 4,ENSG00000146205,ANO7,protein_coding
ENSG00000172243.20,Module 5,ENSG00000172243,CLEC7A,protein_coding
ENSG00000138670.21,Module 5,ENSG00000138670,RASGEF1B,protein_coding
ENSG00000196267.16,Module 4,ENSG00000196267,ZNF836,protein_coding
ENSG00000127951.9,Module 5,ENSG00000127951,FGL2,protein_coding
ENSG00000166321.16,Module 5,ENSG00000166321,NUDT13,protein_coding
ENSG00000131037.17,Module 5,ENSG00000131037,EPS8L1,protein_coding
ENSG00000167555.16,Module 5,ENSG00000167555,ZNF528,protein_coding
ENSG00000137473.21,Module 2,ENSG00000137473,TTC29,protein_coding
ENSG00000171759.12,Module 3,ENSG00000171759,PAH,protein_coding
ENSG00000111254.10,Module 5,ENSG00000111254,AKAP3,protein_coding
ENSG00000166313.22,Module 5,ENSG00000166313,APBB1,protein_coding
ENSG00000152229.20,Module 5,ENSG00000152229,PSTPIP2,protein_coding
ENSG00000007129.20,Module 5,ENSG00000007129,CEACAM21,protein_coding
ENSG00000120875.10,Module 2,ENSG00000120875,DUSP4,protein_coding
ENSG00000163121.12,Module 1,ENSG00000163121,NEURL3,protein_coding
ENSG00000254126.9,Module 5,ENSG00000254126,CD8B2,protein_coding
ENSG00000132874.15,Module 5,ENSG00000132874,SLC14A2,protein_coding
ENSG00000154059.13,Module 5,ENSG00000154059,IMPACT,protein_coding
ENSG00000148411.10,Module 2,ENSG00000148411,NACC2,protein_coding
ENSG00000159403.20,Module 2,ENSG00000159403,C1R,protein_coding
ENSG00000178401.18,Module 5,ENSG00000178401,DNAJC22,protein_coding
ENSG00000138944.9,Module 2,ENSG00000138944,SHISAL1,protein_coding
ENSG00000128591.19,Module 5,ENSG00000128591,FLNC,protein_coding
ENSG00000198933.13,Module 2,ENSG00000198933,TBKBP1,protein_coding
ENSG00000175352.13,Module 5,ENSG00000175352,NRIP3,protein_coding
ENSG00000112309.12,Module 5,ENSG00000112309,B3GAT2,protein_coding
ENSG00000197272.3,Module 5,ENSG00000197272,IL27,protein_coding
ENSG00000188603.24,Module 5,ENSG00000188603,CLN3,protein_coding
ENSG00000136449.18,Module 1,ENSG00000136449,MYCBPAP,protein_coding
ENSG00000145936.11,Module 5,ENSG00000145936,KCNMB1,protein_coding
ENSG00000136158.14,Module 2,ENSG00000136158,SPRY2,protein_coding
ENSG00000169131.15,Module 2,ENSG00000169131,ZNF354A,protein_coding
ENSG00000008283.18,Module 2,ENSG00000008283,CYB561,protein_coding
ENSG00000066230.13,Module 3,ENSG00000066230,SLC9A3,protein_coding
ENSG00000110934.15,Module 5,ENSG00000110934,BIN2,protein_coding
ENSG00000120913.26,Module 5,ENSG00000120913,PDLIM2,protein_coding
ENSG00000101194.20,Module 1,ENSG00000101194,SLC17A9,protein_coding
ENSG00000131686.15,Module 5,ENSG00000131686,CA6,protein_coding
ENSG00000143185.5,Module 5,ENSG00000143185,XCL2,protein_coding
ENSG00000103942.15,Module 2,ENSG00000103942,HOMER2,protein_coding
ENSG00000145087.16,Module 5,ENSG00000145087,STXBP5L,protein_coding
ENSG00000256235.5,Module 5,ENSG00000256235,SMIM3,protein_coding
ENSG00000180479.17,Module 4,ENSG00000180479,ZNF571,protein_coding
ENSG00000164050.15,Module 2,ENSG00000164050,PLXNB1,protein_coding
ENSG00000180573.11,Module 1,ENSG00000180573,H2AC6,protein_coding
ENSG00000164076.19,Module 5,ENSG00000164076,CAMKV,protein_coding
ENSG00000169758.15,Module 2,ENSG00000169758,TMEM266,protein_coding
ENSG00000100065.17,Module 5,ENSG00000100065,CARD10,protein_coding
ENSG00000006704.13,Module 5,ENSG00000006704,GTF2IRD1,protein_coding
ENSG00000121903.17,Module 2,ENSG00000121903,ZSCAN20,protein_coding
ENSG00000000938.15,Module 5,ENSG00000000938,FGR,protein_coding
ENSG00000148600.17,Module 5,ENSG00000148600,CDHR1,protein_coding
ENSG00000135862.8,Module 2,ENSG00000135862,LAMC1,protein_coding
ENSG00000171954.15,Module 5,ENSG00000171954,CYP4F22,protein_coding
ENSG00000125850.12,Module 5,ENSG00000125850,OVOL2,protein_coding
ENSG00000166035.13,Module 5,ENSG00000166035,LIPC,protein_coding
ENSG00000156345.20,Module 4,ENSG00000156345,CDK20,protein_coding
ENSG00000183625.18,Module 2,ENSG00000183625,CCR3,protein_coding
ENSG00000176928.9,Module 5,ENSG00000176928,GCNT4,protein_coding
ENSG00000204525.20,Module 1,ENSG00000204525,HLA-C,protein_coding
ENSG00000102098.21,Module 5,ENSG00000102098,SCML2,protein_coding
ENSG00000101842.15,Module 5,ENSG00000101842,VSIG1,protein_coding
ENSG00000204435.16,Module 1,ENSG00000204435,CSNK2B,protein_coding
ENSG00000146955.13,Module 5,ENSG00000146955,RAB19,protein_coding
ENSG00000124507.13,Module 5,ENSG00000124507,PACSIN1,protein_coding
ENSG00000099998.21,Module 5,ENSG00000099998,GGT5,protein_coding
ENSG00000174791.13,Module 5,ENSG00000174791,RIN1,protein_coding
ENSG00000174015.10,Module 4,ENSG00000174015,CBY2,protein_coding
ENSG00000102870.8,Module 5,ENSG00000102870,ZNF629,protein_coding
ENSG00000157240.5,Module 2,ENSG00000157240,FZD1,protein_coding
ENSG00000155011.10,Module 3,ENSG00000155011,DKK2,protein_coding
ENSG00000124772.13,Module 5,ENSG00000124772,CPNE5,protein_coding
ENSG00000171115.6,Module 5,ENSG00000171115,GIMAP8,protein_coding
ENSG00000126822.20,Module 5,ENSG00000126822,PLEKHG3,protein_coding
ENSG00000170667.18,Module 5,ENSG00000170667,RASA4B,protein_coding
ENSG00000198914.5,Module 2,ENSG00000198914,POU3F3,protein_coding
ENSG00000087237.14,Module 3,ENSG00000087237,CETP,protein_coding
ENSG00000174804.5,Module 3,ENSG00000174804,FZD4,protein_coding
ENSG00000143443.11,Module 5,ENSG00000143443,C1orf56,protein_coding
ENSG00000105278.14,Module 5,ENSG00000105278,ZFR2,protein_coding
ENSG00000142224.18,Module 5,ENSG00000142224,IL19,protein_coding
ENSG00000119703.17,Module 3,ENSG00000119703,ZC2HC1C,protein_coding
ENSG00000107957.18,Module 5,ENSG00000107957,SH3PXD2A,protein_coding
ENSG00000263874.4,Module 4,ENSG00000263874,LASP1NB,protein_coding
ENSG00000104140.9,Module 5,ENSG00000104140,RHOV,protein_coding
ENSG00000167705.14,Module 5,ENSG00000167705,RILP,protein_coding
ENSG00000213398.9,Module 3,ENSG00000213398,LCAT,protein_coding
ENSG00000137474.25,Module 5,ENSG00000137474,MYO7A,protein_coding
ENSG00000196172.11,Module 5,ENSG00000196172,ZNF681,protein_coding
ENSG00000125510.20,Module 3,ENSG00000125510,OPRL1,protein_coding
ENSG00000230778.2,Module 5,ENSG00000230778,ANKRD63,protein_coding
ENSG00000188747.11,Module 3,ENSG00000188747,NOXA1,protein_coding
ENSG00000214960.13,Module 1,ENSG00000214960,CRPPA,protein_coding
ENSG00000136425.16,Module 4,ENSG00000136425,CIB2,protein_coding
ENSG00000134489.8,Module 2,ENSG00000134489,HRH4,protein_coding
ENSG00000182963.13,Module 2,ENSG00000182963,GJC1,protein_coding
ENSG00000142920.20,Module 5,ENSG00000142920,AZIN2,protein_coding
ENSG00000187837.5,Module 1,ENSG00000187837,H1-2,protein_coding
ENSG00000183346.11,Module 5,ENSG00000183346,CABCOCO1,protein_coding
ENSG00000178568.17,Module 2,ENSG00000178568,ERBB4,protein_coding
ENSG00000239704.14,Module 5,ENSG00000239704,CDRT4,protein_coding
ENSG00000176732.9,Module 2,ENSG00000176732,PFN4,protein_coding
ENSG00000141161.14,Module 5,ENSG00000141161,UNC45B,protein_coding
ENSG00000067840.15,Module 5,ENSG00000067840,PDZD4,protein_coding
ENSG00000171246.8,Module 5,ENSG00000171246,NPTX1,protein_coding
ENSG00000171219.11,Module 4,ENSG00000171219,CDC42BPG,protein_coding
ENSG00000104237.12,Module 2,ENSG00000104237,RP1,protein_coding
ENSG00000167578.20,Module 2,ENSG00000167578,RAB4B,protein_coding
ENSG00000109705.9,Module 4,ENSG00000109705,NKX3-2,protein_coding
ENSG00000132613.17,Module 5,ENSG00000132613,MTSS2,protein_coding
ENSG00000142765.20,Module 5,ENSG00000142765,SYTL1,protein_coding
ENSG00000105427.11,Module 5,ENSG00000105427,CNFN,protein_coding
ENSG00000197608.14,Module 5,ENSG00000197608,ZNF841,protein_coding
ENSG00000213809.10,Module 5,ENSG00000213809,KLRK1,protein_coding
ENSG00000110092.6,Module 5,ENSG00000110092,CCND1,protein_coding
ENSG00000185920.19,Module 2,ENSG00000185920,PTCH1,protein_coding
ENSG00000258311.5,Module 2,ENSG00000258311,ENSG00000258311,protein_coding
ENSG00000128917.10,Module 5,ENSG00000128917,DLL4,protein_coding
ENSG00000203883.8,Module 5,ENSG00000203883,SOX18,protein_coding
ENSG00000170965.12,Module 5,ENSG00000170965,PLAC1,protein_coding
ENSG00000065054.16,Module 5,ENSG00000065054,NHERF2,protein_coding
ENSG00000125820.7,Module 5,ENSG00000125820,NKX2-2,protein_coding
ENSG00000185989.13,Module 5,ENSG00000185989,RASA3,protein_coding
ENSG00000112655.18,Module 4,ENSG00000112655,PTK7,protein_coding
ENSG00000142347.23,Module 5,ENSG00000142347,MYO1F,protein_coding
ENSG00000166073.13,Module 5,ENSG00000166073,GPR176,protein_coding
ENSG00000161638.13,Module 5,ENSG00000161638,ITGA5,protein_coding
ENSG00000103044.13,Module 5,ENSG00000103044,HAS3,protein_coding
ENSG00000126860.14,Module 5,ENSG00000126860,EVI2A,protein_coding
ENSG00000138587.8,Module 5,ENSG00000138587,MNS1,protein_coding
ENSG00000065320.11,Module 2,ENSG00000065320,NTN1,protein_coding
ENSG00000078579.10,Module 5,ENSG00000078579,FGF20,protein_coding
ENSG00000162496.12,Module 5,ENSG00000162496,DHRS3,protein_coding
ENSG00000169413.5,Module 5,ENSG00000169413,RNASE6,protein_coding
ENSG00000117069.17,Module 5,ENSG00000117069,ST6GALNAC5,protein_coding
ENSG00000166268.13,Module 5,ENSG00000166268,MYRFL,protein_coding
ENSG00000170421.15,Module 2,ENSG00000170421,KRT8,protein_coding
ENSG00000041353.12,Module 1,ENSG00000041353,RAB27B,protein_coding
ENSG00000247746.7,Module 1,ENSG00000247746,USP51,protein_coding
ENSG00000198131.17,Module 5,ENSG00000198131,ZNF544,protein_coding
ENSG00000198346.13,Module 5,ENSG00000198346,ZNF813,protein_coding
ENSG00000157601.17,Module 2,ENSG00000157601,MX1,protein_coding
ENSG00000164440.16,Module 5,ENSG00000164440,TXLNB,protein_coding
ENSG00000131781.15,Module 5,ENSG00000131781,FMO5,protein_coding
ENSG00000171649.13,Module 5,ENSG00000171649,ZIK1,protein_coding
ENSG00000262179.6,Module 4,ENSG00000262179,MYMX,protein_coding
ENSG00000099337.7,Module 5,ENSG00000099337,KCNK6,protein_coding
ENSG00000205111.12,Module 5,ENSG00000205111,CDKL4,protein_coding
ENSG00000204920.13,Module 5,ENSG00000204920,ZNF155,protein_coding
ENSG00000173198.8,Module 5,ENSG00000173198,CYSLTR1,protein_coding
ENSG00000188822.9,Module 5,ENSG00000188822,CNR2,protein_coding
ENSG00000132437.20,Module 2,ENSG00000132437,DDC,protein_coding
ENSG00000100344.13,Module 2,ENSG00000100344,PNPLA3,protein_coding
ENSG00000171786.6,Module 3,ENSG00000171786,NHLH1,protein_coding
ENSG00000189233.14,Module 5,ENSG00000189233,NUGGC,protein_coding
ENSG00000111057.13,Module 5,ENSG00000111057,KRT18,protein_coding
ENSG00000138311.20,Module 2,ENSG00000138311,ZNF365,protein_coding
ENSG00000110455.16,Module 5,ENSG00000110455,ACCS,protein_coding
ENSG00000092098.20,Module 3,ENSG00000092098,RNF31,protein_coding
ENSG00000135077.12,Module 5,ENSG00000135077,HAVCR2,protein_coding
ENSG00000143365.22,Module 5,ENSG00000143365,RORC,protein_coding
ENSG00000115183.17,Module 4,ENSG00000115183,TANC1,protein_coding
ENSG00000172985.12,Module 5,ENSG00000172985,SH3RF3,protein_coding
ENSG00000123892.14,Module 1,ENSG00000123892,RAB38,protein_coding
ENSG00000121807.8,Module 5,ENSG00000121807,CCR2,protein_coding
ENSG00000124216.5,Module 5,ENSG00000124216,SNAI1,protein_coding
ENSG00000198561.18,Module 5,ENSG00000198561,CTNND1,protein_coding
ENSG00000171121.18,Module 5,ENSG00000171121,KCNMB3,protein_coding
ENSG00000205213.16,Module 2,ENSG00000205213,LGR4,protein_coding
ENSG00000186583.13,Module 5,ENSG00000186583,SPATC1,protein_coding
ENSG00000174640.17,Module 5,ENSG00000174640,SLCO2A1,protein_coding
ENSG00000136866.16,Module 2,ENSG00000136866,ZFP37,protein_coding
ENSG00000158691.18,Module 5,ENSG00000158691,ZSCAN12,protein_coding
ENSG00000184058.16,Module 2,ENSG00000184058,TBX1,protein_coding
ENSG00000115474.8,Module 5,ENSG00000115474,KCNJ13,protein_coding
ENSG00000174448.10,Module 2,ENSG00000174448,STARD6,protein_coding
ENSG00000120820.15,Module 2,ENSG00000120820,GLT8D2,protein_coding
ENSG00000155792.12,Module 3,ENSG00000155792,DEPTOR,protein_coding
ENSG00000178202.15,Module 5,ENSG00000178202,POGLUT3,protein_coding
ENSG00000197253.15,Module 5,ENSG00000197253,TPSB2,protein_coding
ENSG00000106484.17,Module 5,ENSG00000106484,MEST,protein_coding
ENSG00000139344.10,Module 3,ENSG00000139344,AMDHD1,protein_coding
ENSG00000284308.3,Module 1,ENSG00000284308,C2orf81,protein_coding
ENSG00000204634.15,Module 5,ENSG00000204634,TBC1D8,protein_coding
ENSG00000119138.6,Module 5,ENSG00000119138,KLF9,protein_coding
ENSG00000170523.3,Module 5,ENSG00000170523,KRT83,protein_coding
ENSG00000056972.22,Module 5,ENSG00000056972,TRAF3IP2,protein_coding
ENSG00000253731.4,Module 5,ENSG00000253731,PCDHGA6,protein_coding
ENSG00000104368.21,Module 2,ENSG00000104368,PLAT,protein_coding
ENSG00000157927.19,Module 5,ENSG00000157927,RADIL,protein_coding
ENSG00000198417.9,Module 5,ENSG00000198417,MT1F,protein_coding
ENSG00000166450.14,Module 5,ENSG00000166450,PRTG,protein_coding
ENSG00000179088.17,Module 3,ENSG00000179088,C12orf42,protein_coding
ENSG00000181722.20,Module 2,ENSG00000181722,ZBTB20,protein_coding
ENSG00000174951.13,Module 5,ENSG00000174951,FUT1,protein_coding
ENSG00000179331.4,Module 5,ENSG00000179331,RAB39A,protein_coding
ENSG00000205143.7,Module 1,ENSG00000205143,ARID3C,protein_coding
ENSG00000149243.18,Module 5,ENSG00000149243,KLHL35,protein_coding
ENSG00000059915.19,Module 1,ENSG00000059915,PSD,protein_coding
ENSG00000164520.13,Module 5,ENSG00000164520,RAET1E,protein_coding
ENSG00000079482.16,Module 5,ENSG00000079482,OPHN1,protein_coding
ENSG00000171817.19,Module 4,ENSG00000171817,ZNF540,protein_coding
ENSG00000155324.12,Module 2,ENSG00000155324,GRAMD2B,protein_coding
ENSG00000173546.9,Module 5,ENSG00000173546,CSPG4,protein_coding
ENSG00000023839.13,Module 2,ENSG00000023839,ABCC2,protein_coding
ENSG00000175175.7,Module 5,ENSG00000175175,PPM1E,protein_coding
ENSG00000113140.13,Module 2,ENSG00000113140,SPARC,protein_coding
ENSG00000168702.19,Module 1,ENSG00000168702,LRP1B,protein_coding
ENSG00000172967.9,Module 5,ENSG00000172967,XKR3,protein_coding
ENSG00000113389.18,Module 3,ENSG00000113389,NPR3,protein_coding
ENSG00000068976.16,Module 5,ENSG00000068976,PYGM,protein_coding
ENSG00000107438.11,Module 2,ENSG00000107438,PDLIM1,protein_coding
ENSG00000185551.17,Module 2,ENSG00000185551,NR2F2,protein_coding
ENSG00000164398.17,Module 5,ENSG00000164398,ACSL6,protein_coding
ENSG00000153233.14,Module 2,ENSG00000153233,PTPRR,protein_coding
ENSG00000182472.9,Module 4,ENSG00000182472,CAPN12,protein_coding
ENSG00000174576.12,Module 5,ENSG00000174576,NPAS4,protein_coding
ENSG00000147145.16,Module 5,ENSG00000147145,LPAR4,protein_coding
ENSG00000122126.20,Module 5,ENSG00000122126,OCRL,protein_coding
ENSG00000120049.22,Module 2,ENSG00000120049,KCNIP2,protein_coding
ENSG00000153976.4,Module 2,ENSG00000153976,HS3ST3A1,protein_coding
ENSG00000092758.20,Module 5,ENSG00000092758,COL9A3,protein_coding
ENSG00000113555.6,Module 5,ENSG00000113555,PCDH12,protein_coding
ENSG00000140022.16,Module 2,ENSG00000140022,STON2,protein_coding
ENSG00000091428.20,Module 1,ENSG00000091428,RAPGEF4,protein_coding
ENSG00000161835.12,Module 5,ENSG00000161835,TAMALIN,protein_coding
ENSG00000118492.19,Module 3,ENSG00000118492,ADGB,protein_coding
ENSG00000153930.13,Module 4,ENSG00000153930,ANKFN1,protein_coding
ENSG00000223573.8,Module 5,ENSG00000223573,TINCR,protein_coding
ENSG00000142173.19,Module 5,ENSG00000142173,COL6A2,protein_coding
ENSG00000138829.16,Module 2,ENSG00000138829,FBN2,protein_coding
ENSG00000100427.18,Module 5,ENSG00000100427,MLC1,protein_coding
ENSG00000167723.16,Module 5,ENSG00000167723,TRPV3,protein_coding
ENSG00000219438.11,Module 5,ENSG00000219438,TAFA5,protein_coding
ENSG00000132359.19,Module 5,ENSG00000132359,RAP1GAP2,protein_coding
ENSG00000172403.12,Module 4,ENSG00000172403,SYNPO2,protein_coding
ENSG00000118160.16,Module 5,ENSG00000118160,SLC8A2,protein_coding
ENSG00000101439.11,Module 2,ENSG00000101439,CST3,protein_coding
ENSG00000115423.20,Module 2,ENSG00000115423,DNAH6,protein_coding
ENSG00000162944.13,Module 4,ENSG00000162944,RFTN2,protein_coding
ENSG00000120915.17,Module 5,ENSG00000120915,EPHX2,protein_coding
ENSG00000044459.17,Module 5,ENSG00000044459,CNTLN,protein_coding
ENSG00000186446.14,Module 2,ENSG00000186446,ZNF501,protein_coding
ENSG00000135083.19,Module 5,ENSG00000135083,CCNJL,protein_coding
ENSG00000146530.17,Module 5,ENSG00000146530,VWDE,protein_coding
ENSG00000197943.15,Module 5,ENSG00000197943,PLCG2,protein_coding
ENSG00000109436.10,Module 2,ENSG00000109436,TBC1D9,protein_coding
ENSG00000139537.13,Module 5,ENSG00000139537,DRC2,protein_coding
ENSG00000261371.8,Module 2,ENSG00000261371,PECAM1,protein_coding
ENSG00000167850.6,Module 5,ENSG00000167850,CD300C,protein_coding
ENSG00000144488.16,Module 5,ENSG00000144488,ESPNL,protein_coding
ENSG00000110811.22,Module 5,ENSG00000110811,P3H3,protein_coding
ENSG00000050730.18,Module 2,ENSG00000050730,TNIP3,protein_coding
ENSG00000137571.13,Module 3,ENSG00000137571,SLCO5A1,protein_coding
ENSG00000100583.6,Module 5,ENSG00000100583,SAMD15,protein_coding
ENSG00000168679.20,Module 5,ENSG00000168679,SLC16A4,protein_coding
ENSG00000123612.18,Module 2,ENSG00000123612,ACVR1C,protein_coding
ENSG00000170345.13,Module 5,ENSG00000170345,FOS,protein_coding
ENSG00000110025.15,Module 3,ENSG00000110025,SNX15,protein_coding
ENSG00000259120.5,Module 5,ENSG00000259120,ERLN,protein_coding
ENSG00000162437.17,Module 2,ENSG00000162437,RAVER2,protein_coding
ENSG00000115266.12,Module 1,ENSG00000115266,APC2,protein_coding
ENSG00000140287.13,Module 5,ENSG00000140287,HDC,protein_coding
ENSG00000165646.16,Module 5,ENSG00000165646,SLC18A2,protein_coding
ENSG00000163467.14,Module 1,ENSG00000163467,TSACC,protein_coding
ENSG00000155465.23,Module 5,ENSG00000155465,SLC7A7,protein_coding
ENSG00000176774.6,Module 2,ENSG00000176774,MAGEB18,protein_coding
ENSG00000162814.13,Module 3,ENSG00000162814,SPATA17,protein_coding
ENSG00000104879.7,Module 5,ENSG00000104879,CKM,protein_coding
ENSG00000107859.12,Module 2,ENSG00000107859,PITX3,protein_coding
ENSG00000134909.19,Module 2,ENSG00000134909,ARHGAP32,protein_coding
ENSG00000214814.8,Module 5,ENSG00000214814,FER1L6,protein_coding
ENSG00000178338.12,Module 5,ENSG00000178338,ZNF354B,protein_coding
ENSG00000116254.19,Module 5,ENSG00000116254,CHD5,protein_coding
ENSG00000100292.19,Module 2,ENSG00000100292,HMOX1,protein_coding
ENSG00000144644.17,Module 1,ENSG00000144644,GADL1,protein_coding
ENSG00000159208.17,Module 2,ENSG00000159208,CIART,protein_coding
ENSG00000277075.4,Module 3,ENSG00000277075,H2AC8,protein_coding
ENSG00000138028.18,Module 5,ENSG00000138028,CGREF1,protein_coding
ENSG00000104324.18,Module 2,ENSG00000104324,CPQ,protein_coding
ENSG00000047634.17,Module 5,ENSG00000047634,SCML1,protein_coding
ENSG00000134207.18,Module 5,ENSG00000134207,SYT6,protein_coding
ENSG00000173868.13,Module 3,ENSG00000173868,PHOSPHO1,protein_coding
ENSG00000165966.17,Module 3,ENSG00000165966,PDZRN4,protein_coding
ENSG00000100276.12,Module 2,ENSG00000100276,RASL10A,protein_coding
ENSG00000177455.15,Module 5,ENSG00000177455,CD19,protein_coding
ENSG00000187017.19,Module 5,ENSG00000187017,ESPN,protein_coding
ENSG00000162989.6,Module 3,ENSG00000162989,KCNJ3,protein_coding
ENSG00000100285.11,Module 5,ENSG00000100285,NEFH,protein_coding
ENSG00000175356.16,Module 3,ENSG00000175356,SCUBE2,protein_coding
ENSG00000130377.15,Module 5,ENSG00000130377,ACSBG2,protein_coding
ENSG00000164400.7,Module 5,ENSG00000164400,CSF2,protein_coding
ENSG00000171408.15,Module 5,ENSG00000171408,PDE7B,protein_coding
ENSG00000168528.14,Module 5,ENSG00000168528,SERINC2,protein_coding
ENSG00000007314.12,Module 5,ENSG00000007314,SCN4A,protein_coding
ENSG00000092929.15,Module 5,ENSG00000092929,UNC13D,protein_coding
ENSG00000100985.9,Module 5,ENSG00000100985,MMP9,protein_coding
ENSG00000186007.11,Module 5,ENSG00000186007,LEMD1,protein_coding
ENSG00000259024.7,Module 5,ENSG00000259024,TVP23C-CDRT4,protein_coding
ENSG00000153093.23,Module 5,ENSG00000153093,ACOXL,protein_coding
ENSG00000068615.22,Module 5,ENSG00000068615,REEP1,protein_coding
ENSG00000137968.17,Module 5,ENSG00000137968,SLC44A5,protein_coding
ENSG00000185269.14,Module 5,ENSG00000185269,NOTUM,protein_coding
ENSG00000143842.17,Module 5,ENSG00000143842,SOX13,protein_coding
ENSG00000145777.15,Module 2,ENSG00000145777,TSLP,protein_coding
ENSG00000095932.8,Module 5,ENSG00000095932,SMIM24,protein_coding
ENSG00000164509.17,Module 5,ENSG00000164509,IL31RA,protein_coding
ENSG00000065621.17,Module 1,ENSG00000065621,GSTO2,protein_coding
ENSG00000273706.7,Module 2,ENSG00000273706,LHX1,protein_coding
ENSG00000186765.13,Module 1,ENSG00000186765,FSCN2,protein_coding
ENSG00000140519.16,Module 1,ENSG00000140519,RHCG,protein_coding
ENSG00000105538.12,Module 5,ENSG00000105538,RASIP1,protein_coding
ENSG00000118257.18,Module 5,ENSG00000118257,NRP2,protein_coding
ENSG00000135299.20,Module 5,ENSG00000135299,ANKRD6,protein_coding
ENSG00000165716.13,Module 5,ENSG00000165716,DIPK1B,protein_coding
ENSG00000137699.18,Module 2,ENSG00000137699,TRIM29,protein_coding
ENSG00000183307.4,Module 5,ENSG00000183307,TMEM121B,protein_coding
ENSG00000164647.11,Module 5,ENSG00000164647,STEAP1,protein_coding
ENSG00000253831.4,Module 6,ENSG00000253831,ETV3L,protein_coding
ENSG00000204219.13,Module 5,ENSG00000204219,TCEA3,protein_coding
ENSG00000165795.27,Module 5,ENSG00000165795,NDRG2,protein_coding
ENSG00000186318.20,Module 5,ENSG00000186318,BACE1,protein_coding
ENSG00000176076.7,Module 2,ENSG00000176076,KCNE5,protein_coding
ENSG00000176635.20,Module 5,ENSG00000176635,HORMAD2,protein_coding
ENSG00000151617.19,Module 3,ENSG00000151617,EDNRA,protein_coding
ENSG00000182578.16,Module 1,ENSG00000182578,CSF1R,protein_coding
ENSG00000100346.18,Module 5,ENSG00000100346,CACNA1I,protein_coding
ENSG00000132259.15,Module 3,ENSG00000132259,CNGA4,protein_coding
ENSG00000150510.18,Module 5,ENSG00000150510,FAM124A,protein_coding
ENSG00000198832.12,Module 1,ENSG00000198832,SELENOM,protein_coding
ENSG00000132518.7,Module 5,ENSG00000132518,GUCY2D,protein_coding
ENSG00000146072.8,Module 2,ENSG00000146072,TNFRSF21,protein_coding
ENSG00000161944.19,Module 5,ENSG00000161944,ASGR2,protein_coding
ENSG00000120738.9,Module 2,ENSG00000120738,EGR1,protein_coding
ENSG00000124256.17,Module 2,ENSG00000124256,ZBP1,protein_coding
ENSG00000213949.11,Module 5,ENSG00000213949,ITGA1,protein_coding
ENSG00000146054.20,Module 2,ENSG00000146054,TRIM7,protein_coding
ENSG00000095303.19,Module 5,ENSG00000095303,PTGS1,protein_coding
ENSG00000147459.19,Module 1,ENSG00000147459,DOCK5,protein_coding
ENSG00000116191.21,Module 2,ENSG00000116191,RALGPS2,protein_coding
ENSG00000119411.13,Module 5,ENSG00000119411,BSPRY,protein_coding
ENSG00000139354.13,Module 1,ENSG00000139354,GAS2L3,protein_coding
ENSG00000143067.6,Module 4,ENSG00000143067,ZNF697,protein_coding
ENSG00000130881.15,Module 3,ENSG00000130881,LRP3,protein_coding
ENSG00000144824.23,Module 2,ENSG00000144824,PHLDB2,protein_coding
ENSG00000142185.20,Module 5,ENSG00000142185,TRPM2,protein_coding
ENSG00000164056.13,Module 2,ENSG00000164056,SPRY1,protein_coding
ENSG00000174080.14,Module 2,ENSG00000174080,CTSF,protein_coding
ENSG00000089723.12,Module 3,ENSG00000089723,OTUB2,protein_coding
ENSG00000212916.6,Module 5,ENSG00000212916,MAP10,protein_coding
ENSG00000203756.9,Module 2,ENSG00000203756,TMEM244,protein_coding
ENSG00000256223.8,Module 5,ENSG00000256223,ZNF10,protein_coding
ENSG00000149927.20,Module 4,ENSG00000149927,DOC2A,protein_coding
ENSG00000162344.6,Module 5,ENSG00000162344,FGF19,protein_coding
ENSG00000104435.16,Module 2,ENSG00000104435,STMN2,protein_coding
ENSG00000263002.10,Module 5,ENSG00000263002,ZNF234,protein_coding
ENSG00000203872.7,Module 3,ENSG00000203872,C6orf163,protein_coding
ENSG00000182492.18,Module 5,ENSG00000182492,BGN,protein_coding
ENSG00000125845.9,Module 2,ENSG00000125845,BMP2,protein_coding
ENSG00000136531.20,Module 2,ENSG00000136531,SCN2A,protein_coding
ENSG00000006118.16,Module 5,ENSG00000006118,TMEM132A,protein_coding
ENSG00000120693.17,Module 2,ENSG00000120693,SMAD9,protein_coding
ENSG00000106976.24,Module 5,ENSG00000106976,DNM1,protein_coding
ENSG00000101493.13,Module 2,ENSG00000101493,ZNF516,protein_coding
ENSG00000170390.18,Module 2,ENSG00000170390,DCLK2,protein_coding
ENSG00000204604.15,Module 5,ENSG00000204604,ZNF468,protein_coding
ENSG00000217236.3,Module 2,ENSG00000217236,SP9,protein_coding
ENSG00000197245.8,Module 5,ENSG00000197245,FAM110D,protein_coding
ENSG00000050820.19,Module 5,ENSG00000050820,BCAR1,protein_coding
ENSG00000145451.13,Module 5,ENSG00000145451,GLRA3,protein_coding
ENSG00000061455.13,Module 3,ENSG00000061455,PRDM6,protein_coding
ENSG00000154269.17,Module 3,ENSG00000154269,ENPP3,protein_coding
ENSG00000159164.12,Module 2,ENSG00000159164,SV2A,protein_coding
ENSG00000197077.16,Module 2,ENSG00000197077,KIAA1671,protein_coding
ENSG00000116990.13,Module 5,ENSG00000116990,MYCL,protein_coding
ENSG00000237289.12,Module 5,ENSG00000237289,CKMT1B,protein_coding
ENSG00000197153.5,Module 3,ENSG00000197153,H3C12,protein_coding
ENSG00000006757.14,Module 5,ENSG00000006757,PNPLA4,protein_coding
ENSG00000169962.6,Module 2,ENSG00000169962,TAS1R3,protein_coding
ENSG00000132026.17,Module 2,ENSG00000132026,RTBDN,protein_coding
ENSG00000105048.20,Module 2,ENSG00000105048,TNNT1,protein_coding
ENSG00000109339.26,Module 1,ENSG00000109339,MAPK10,protein_coding
ENSG00000084710.16,Module 5,ENSG00000084710,EFR3B,protein_coding
ENSG00000197249.16,Module 5,ENSG00000197249,SERPINA1,protein_coding
ENSG00000088280.23,Module 5,ENSG00000088280,ASAP3,protein_coding
ENSG00000196420.10,Module 5,ENSG00000196420,S100A5,protein_coding
ENSG00000176641.13,Module 5,ENSG00000176641,RNF152,protein_coding
ENSG00000138606.21,Module 2,ENSG00000138606,SHF,protein_coding
ENSG00000130707.20,Module 5,ENSG00000130707,ASS1,protein_coding
ENSG00000127324.11,Module 1,ENSG00000127324,TSPAN8,protein_coding
ENSG00000255508.7,Module 3,ENSG00000255508,ENSG00000255508,protein_coding
ENSG00000166676.19,Module 3,ENSG00000166676,TVP23A,protein_coding
ENSG00000119888.13,Module 5,ENSG00000119888,EPCAM,protein_coding
ENSG00000167653.7,Module 1,ENSG00000167653,PSCA,protein_coding
ENSG00000164120.15,Module 2,ENSG00000164120,HPGD,protein_coding
ENSG00000197863.11,Module 5,ENSG00000197863,ZNF790,protein_coding
ENSG00000276547.3,Module 5,ENSG00000276547,PCDHGB5,protein_coding
ENSG00000175294.6,Module 5,ENSG00000175294,CATSPER1,protein_coding
ENSG00000167768.4,Module 5,ENSG00000167768,KRT1,protein_coding
ENSG00000135406.16,Module 5,ENSG00000135406,PRPH,protein_coding
ENSG00000225614.4,Module 2,ENSG00000225614,ZNF469,protein_coding
ENSG00000183971.11,Module 1,ENSG00000183971,NPW,protein_coding
ENSG00000215529.13,Module 5,ENSG00000215529,EFCAB8,protein_coding
ENSG00000120332.19,Module 2,ENSG00000120332,TNN,protein_coding
ENSG00000130775.18,Module 5,ENSG00000130775,THEMIS2,protein_coding
ENSG00000182732.19,Module 5,ENSG00000182732,RGS6,protein_coding
ENSG00000183476.14,Module 5,ENSG00000183476,SH2D7,protein_coding
ENSG00000213793.8,Module 2,ENSG00000213793,ZNF888,protein_coding
ENSG00000134874.20,Module 2,ENSG00000134874,DZIP1,protein_coding
ENSG00000124104.20,Module 4,ENSG00000124104,SNX21,protein_coding
ENSG00000123388.4,Module 2,ENSG00000123388,HOXC11,protein_coding
ENSG00000163803.14,Module 5,ENSG00000163803,PLB1,protein_coding
ENSG00000204396.12,Module 5,ENSG00000204396,VWA7,protein_coding
ENSG00000092969.13,Module 3,ENSG00000092969,TGFB2,protein_coding
ENSG00000006534.19,Module 5,ENSG00000006534,ALDH3B1,protein_coding
ENSG00000087494.18,Module 2,ENSG00000087494,PTHLH,protein_coding
ENSG00000147606.11,Module 2,ENSG00000147606,SLC26A7,protein_coding
ENSG00000262165.2,Module 1,ENSG00000262165,C17orf114,protein_coding
ENSG00000178226.13,Module 5,ENSG00000178226,PRSS36,protein_coding
ENSG00000168672.6,Module 5,ENSG00000168672,LRATD2,protein_coding
ENSG00000113231.15,Module 4,ENSG00000113231,PDE8B,protein_coding
ENSG00000173947.15,Module 5,ENSG00000173947,CIMAP3,protein_coding
ENSG00000179855.11,Module 5,ENSG00000179855,GIPC3,protein_coding
ENSG00000166821.10,Module 5,ENSG00000166821,PEX11A,protein_coding
ENSG00000015592.19,Module 1,ENSG00000015592,STMN4,protein_coding
ENSG00000122224.21,Module 5,ENSG00000122224,LY9,protein_coding
ENSG00000035862.15,Module 5,ENSG00000035862,TIMP2,protein_coding
ENSG00000205277.12,Module 3,ENSG00000205277,MUC12,protein_coding
ENSG00000129595.15,Module 2,ENSG00000129595,EPB41L4A,protein_coding
ENSG00000171916.19,Module 5,ENSG00000171916,LGALS9C,protein_coding
ENSG00000197978.11,Module 2,ENSG00000197978,GOLGA6L9,protein_coding
ENSG00000182022.20,Module 5,ENSG00000182022,CHST15,protein_coding
ENSG00000197057.11,Module 1,ENSG00000197057,DTHD1,protein_coding
ENSG00000198881.11,Module 2,ENSG00000198881,ASB12,protein_coding
ENSG00000177570.17,Module 2,ENSG00000177570,SAMD12,protein_coding
ENSG00000188993.6,Module 2,ENSG00000188993,LRRC66,protein_coding
ENSG00000126010.7,Module 4,ENSG00000126010,GRPR,protein_coding
ENSG00000273542.3,Module 1,ENSG00000273542,H4C12,protein_coding
ENSG00000086570.13,Module 2,ENSG00000086570,FAT2,protein_coding
ENSG00000072163.22,Module 5,ENSG00000072163,LIMS2,protein_coding
ENSG00000256061.9,Module 2,ENSG00000256061,DNAAF4,protein_coding
ENSG00000186439.18,Module 1,ENSG00000186439,TRDN,protein_coding
ENSG00000153904.22,Module 5,ENSG00000153904,DDAH1,protein_coding
ENSG00000099957.19,Module 5,ENSG00000099957,P2RX6,protein_coding
ENSG00000136352.21,Module 2,ENSG00000136352,NKX2-1,protein_coding
ENSG00000240771.10,Module 2,ENSG00000240771,ARHGEF25,protein_coding
ENSG00000037280.18,Module 5,ENSG00000037280,FLT4,protein_coding
ENSG00000230797.3,Module 1,ENSG00000230797,YY2,protein_coding
ENSG00000180198.19,Module 6,ENSG00000180198,RCC1,protein_coding
ENSG00000123684.15,Module 2,ENSG00000123684,LPGAT1,protein_coding
ENSG00000138821.16,Module 6,ENSG00000138821,SLC39A8,protein_coding
ENSG00000164687.13,Module 2,ENSG00000164687,FABP5,protein_coding
ENSG00000134954.16,Module 5,ENSG00000134954,ETS1,protein_coding
ENSG00000141905.21,Module 2,ENSG00000141905,NFIC,protein_coding
ENSG00000004700.18,Module 2,ENSG00000004700,RECQL,protein_coding
ENSG00000205339.12,Module 6,ENSG00000205339,IPO7,protein_coding
ENSG00000115816.17,Module 6,ENSG00000115816,CEBPZ,protein_coding
ENSG00000116473.17,Module 6,ENSG00000116473,RAP1A,protein_coding
ENSG00000186469.11,Module 6,ENSG00000186469,GNG2,protein_coding
ENSG00000196743.11,Module 2,ENSG00000196743,GM2A,protein_coding
ENSG00000155189.14,Module 6,ENSG00000155189,AGPAT5,protein_coding
ENSG00000117906.16,Module 2,ENSG00000117906,RCN2,protein_coding
ENSG00000083799.20,Module 6,ENSG00000083799,CYLD,protein_coding
ENSG00000139163.18,Module 2,ENSG00000139163,ETNK1,protein_coding
ENSG00000115935.21,Module 1,ENSG00000115935,WIPF1,protein_coding
ENSG00000138031.17,Module 6,ENSG00000138031,ADCY3,protein_coding
ENSG00000135723.16,Module 6,ENSG00000135723,FHOD1,protein_coding
ENSG00000182704.10,Module 2,ENSG00000182704,TSKU,protein_coding
ENSG00000109046.17,Module 2,ENSG00000109046,WSB1,protein_coding
ENSG00000072818.14,Module 1,ENSG00000072818,ACAP1,protein_coding
ENSG00000009335.21,Module 6,ENSG00000009335,UBE3C,protein_coding
ENSG00000158161.18,Module 6,ENSG00000158161,EYA3,protein_coding
ENSG00000140199.13,Module 2,ENSG00000140199,SLC12A6,protein_coding
ENSG00000123104.13,Module 2,ENSG00000123104,ITPR2,protein_coding
ENSG00000110063.12,Module 6,ENSG00000110063,DCPS,protein_coding
ENSG00000137692.14,Module 6,ENSG00000137692,DCUN1D5,protein_coding
ENSG00000152558.17,Module 6,ENSG00000152558,TMEM123,protein_coding
ENSG00000104814.14,Module 2,ENSG00000104814,MAP4K1,protein_coding
ENSG00000162413.18,Module 6,ENSG00000162413,KLHL21,protein_coding
ENSG00000127152.18,Module 6,ENSG00000127152,BCL11B,protein_coding
ENSG00000148400.15,Module 2,ENSG00000148400,NOTCH1,protein_coding
ENSG00000110074.14,Module 6,ENSG00000110074,FOXRED1,protein_coding
ENSG00000152601.20,Module 1,ENSG00000152601,MBNL1,protein_coding
ENSG00000133703.16,Module 2,ENSG00000133703,KRAS,protein_coding
ENSG00000106348.21,Module 6,ENSG00000106348,IMPDH1,protein_coding
ENSG00000076662.13,Module 5,ENSG00000076662,ICAM3,protein_coding
ENSG00000228672.4,Module 2,ENSG00000228672,PROB1,protein_coding
ENSG00000166012.19,Module 6,ENSG00000166012,TAF1D,protein_coding
ENSG00000111731.15,Module 2,ENSG00000111731,C2CD5,protein_coding
ENSG00000137700.19,Module 1,ENSG00000137700,SLC37A4,protein_coding
ENSG00000006607.16,Module 1,ENSG00000006607,FARP2,protein_coding
ENSG00000244509.6,Module 2,ENSG00000244509,APOBEC3C,protein_coding
ENSG00000119401.13,Module 2,ENSG00000119401,TRIM32,protein_coding
ENSG00000169919.19,Module 2,ENSG00000169919,GUSB,protein_coding
ENSG00000204370.16,Module 6,ENSG00000204370,SDHD,protein_coding
ENSG00000206503.17,Module 2,ENSG00000206503,HLA-A,protein_coding
ENSG00000150768.20,Module 6,ENSG00000150768,DLAT,protein_coding
ENSG00000135439.14,Module 6,ENSG00000135439,AGAP2,protein_coding
ENSG00000139725.9,Module 1,ENSG00000139725,RHOF,protein_coding
ENSG00000160117.18,Module 1,ENSG00000160117,ANKLE1,protein_coding
ENSG00000156127.8,Module 1,ENSG00000156127,BATF,protein_coding
ENSG00000149313.13,Module 6,ENSG00000149313,AASDHPPT,protein_coding
ENSG00000266028.10,Module 2,ENSG00000266028,SRGAP2,protein_coding
ENSG00000130770.20,Module 6,ENSG00000130770,ATP5IF1,protein_coding
ENSG00000196511.17,Module 2,ENSG00000196511,TPK1,protein_coding
ENSG00000087053.21,Module 6,ENSG00000087053,MTMR2,protein_coding
ENSG00000158467.19,Module 1,ENSG00000158467,AHCYL2,protein_coding
ENSG00000068024.20,Module 2,ENSG00000068024,HDAC4,protein_coding
ENSG00000111912.22,Module 6,ENSG00000111912,NCOA7,protein_coding
ENSG00000147324.12,Module 6,ENSG00000147324,MFHAS1,protein_coding
ENSG00000288722.1,Module 2,ENSG00000288722,F8A1,protein_coding
ENSG00000161011.22,Module 2,ENSG00000161011,SQSTM1,protein_coding
ENSG00000256269.13,Module 1,ENSG00000256269,HMBS,protein_coding
ENSG00000140365.18,Module 2,ENSG00000140365,COMMD4,protein_coding
ENSG00000156113.26,Module 6,ENSG00000156113,KCNMA1,protein_coding
ENSG00000111716.16,Module 2,ENSG00000111716,LDHB,protein_coding
ENSG00000065809.14,Module 2,ENSG00000065809,FAM107B,protein_coding
ENSG00000198856.15,Module 3,ENSG00000198856,OSTC,protein_coding
ENSG00000121350.18,Module 2,ENSG00000121350,PYROXD1,protein_coding
ENSG00000162736.20,Module 2,ENSG00000162736,NCSTN,protein_coding
ENSG00000151065.16,Module 2,ENSG00000151065,DCP1B,protein_coding
ENSG00000083444.19,Module 6,ENSG00000083444,PLOD1,protein_coding
ENSG00000197747.11,Module 6,ENSG00000197747,S100A10,protein_coding
ENSG00000138185.22,Module 1,ENSG00000138185,ENTPD1,protein_coding
ENSG00000129353.17,Module 6,ENSG00000129353,SLC44A2,protein_coding
ENSG00000176542.11,Module 2,ENSG00000176542,USF3,protein_coding
ENSG00000139154.17,Module 2,ENSG00000139154,AEBP2,protein_coding
ENSG00000137106.20,Module 1,ENSG00000137106,GRHPR,protein_coding
ENSG00000099904.18,Module 1,ENSG00000099904,ZDHHC8,protein_coding
ENSG00000170113.18,Module 2,ENSG00000170113,NIPA1,protein_coding
ENSG00000156398.15,Module 2,ENSG00000156398,SFXN2,protein_coding
ENSG00000160072.22,Module 3,ENSG00000160072,ATAD3B,protein_coding
ENSG00000104626.17,Module 6,ENSG00000104626,ERI1,protein_coding
ENSG00000149308.20,Module 6,ENSG00000149308,NPAT,protein_coding
ENSG00000116649.12,Module 6,ENSG00000116649,SRM,protein_coding
ENSG00000171608.20,Module 1,ENSG00000171608,PIK3CD,protein_coding
ENSG00000163378.15,Module 2,ENSG00000163378,EOGT,protein_coding
ENSG00000003509.18,Module 3,ENSG00000003509,NDUFAF7,protein_coding
ENSG00000205336.16,Module 2,ENSG00000205336,ADGRG1,protein_coding
ENSG00000075239.17,Module 3,ENSG00000075239,ACAT1,protein_coding
ENSG00000254726.3,Module 2,ENSG00000254726,MEX3A,protein_coding
ENSG00000084444.16,Module 2,ENSG00000084444,FAM234B,protein_coding
ENSG00000132541.13,Module 3,ENSG00000132541,RIDA,protein_coding
ENSG00000170322.17,Module 6,ENSG00000170322,NFRKB,protein_coding
ENSG00000119280.19,Module 2,ENSG00000119280,C1orf198,protein_coding
ENSG00000102879.19,Module 6,ENSG00000102879,CORO1A,protein_coding
ENSG00000109917.13,Module 6,ENSG00000109917,ZPR1,protein_coding
ENSG00000021574.17,Module 6,ENSG00000021574,SPAST,protein_coding
ENSG00000153487.15,Module 6,ENSG00000153487,ING1,protein_coding
ENSG00000143322.22,Module 2,ENSG00000143322,ABL2,protein_coding
ENSG00000159110.24,Module 2,ENSG00000159110,IFNAR2,protein_coding
ENSG00000254093.11,Module 6,ENSG00000254093,PINX1,protein_coding
ENSG00000105245.11,Module 6,ENSG00000105245,NUMBL,protein_coding
ENSG00000152133.19,Module 3,ENSG00000152133,GPATCH11,protein_coding
ENSG00000092964.19,Module 6,ENSG00000092964,DPYSL2,protein_coding
ENSG00000131871.17,Module 2,ENSG00000131871,SELENOS,protein_coding
ENSG00000088970.18,Module 2,ENSG00000088970,KIZ,protein_coding
ENSG00000172830.15,Module 2,ENSG00000172830,SSH3,protein_coding
ENSG00000042286.17,Module 1,ENSG00000042286,AIFM2,protein_coding
ENSG00000188486.4,Module 6,ENSG00000188486,H2AX,protein_coding
ENSG00000051523.14,Module 6,ENSG00000051523,CYBA,protein_coding
ENSG00000100605.19,Module 1,ENSG00000100605,ITPK1,protein_coding
ENSG00000187994.15,Module 1,ENSG00000187994,RINL,protein_coding
ENSG00000167695.16,Module 1,ENSG00000167695,TLCD3A,protein_coding
ENSG00000024862.20,Module 6,ENSG00000024862,CCDC28A,protein_coding
ENSG00000188295.16,Module 2,ENSG00000188295,ZNF669,protein_coding
ENSG00000110344.12,Module 6,ENSG00000110344,UBE4A,protein_coding
ENSG00000143344.18,Module 2,ENSG00000143344,RGL1,protein_coding
ENSG00000115085.18,Module 1,ENSG00000115085,ZAP70,protein_coding
ENSG00000129480.15,Module 6,ENSG00000129480,DTD2,protein_coding
ENSG00000111684.13,Module 2,ENSG00000111684,LPCAT3,protein_coding
ENSG00000079819.22,Module 4,ENSG00000079819,EPB41L2,protein_coding
ENSG00000158786.6,Module 2,ENSG00000158786,PLA2G2F,protein_coding
ENSG00000196422.13,Module 2,ENSG00000196422,PPP1R26,protein_coding
ENSG00000160932.13,Module 6,ENSG00000160932,LY6E,protein_coding
ENSG00000183813.8,Module 6,ENSG00000183813,CCR4,protein_coding
ENSG00000151500.17,Module 6,ENSG00000151500,THYN1,protein_coding
ENSG00000117394.26,Module 2,ENSG00000117394,SLC2A1,protein_coding
ENSG00000106003.14,Module 2,ENSG00000106003,LFNG,protein_coding
ENSG00000135046.17,Module 6,ENSG00000135046,ANXA1,protein_coding
ENSG00000139531.15,Module 2,ENSG00000139531,SUOX,protein_coding
ENSG00000112773.18,Module 2,ENSG00000112773,TENT5A,protein_coding
ENSG00000140265.16,Module 2,ENSG00000140265,ZSCAN29,protein_coding
ENSG00000203995.12,Module 6,ENSG00000203995,ZYG11A,protein_coding
ENSG00000179598.7,Module 1,ENSG00000179598,PLD6,protein_coding
ENSG00000078246.19,Module 2,ENSG00000078246,TULP3,protein_coding
ENSG00000183386.13,Module 6,ENSG00000183386,FHL3,protein_coding
ENSG00000150764.16,Module 6,ENSG00000150764,DIXDC1,protein_coding
ENSG00000095485.20,Module 2,ENSG00000095485,CWF19L1,protein_coding
ENSG00000111252.13,Module 6,ENSG00000111252,SH2B3,protein_coding
ENSG00000141034.12,Module 6,ENSG00000141034,GID4,protein_coding
ENSG00000149483.15,Module 2,ENSG00000149483,TMEM138,protein_coding
ENSG00000117602.15,Module 5,ENSG00000117602,RCAN3,protein_coding
ENSG00000116128.13,Module 2,ENSG00000116128,BCL9,protein_coding
ENSG00000076043.13,Module 6,ENSG00000076043,REXO2,protein_coding
ENSG00000118242.18,Module 5,ENSG00000118242,MREG,protein_coding
ENSG00000123146.22,Module 1,ENSG00000123146,ADGRE5,protein_coding
ENSG00000154309.11,Module 2,ENSG00000154309,DISP1,protein_coding
ENSG00000155393.16,Module 3,ENSG00000155393,HEATR3,protein_coding
ENSG00000213465.10,Module 6,ENSG00000213465,ARL2,protein_coding
ENSG00000144118.16,Module 1,ENSG00000144118,RALB,protein_coding
ENSG00000213160.12,Module 6,ENSG00000213160,KLHL23,protein_coding
ENSG00000100478.19,Module 6,ENSG00000100478,AP4S1,protein_coding
ENSG00000196208.16,Module 4,ENSG00000196208,GREB1,protein_coding
ENSG00000148219.20,Module 2,ENSG00000148219,ASTN2,protein_coding
ENSG00000136111.16,Module 1,ENSG00000136111,TBC1D4,protein_coding
ENSG00000141837.24,Module 2,ENSG00000141837,CACNA1A,protein_coding
ENSG00000126264.12,Module 1,ENSG00000126264,HCST,protein_coding
ENSG00000101347.13,Module 5,ENSG00000101347,SAMHD1,protein_coding
ENSG00000099875.18,Module 6,ENSG00000099875,MKNK2,protein_coding
ENSG00000159314.15,Module 1,ENSG00000159314,ARHGAP27,protein_coding
ENSG00000149781.16,Module 6,ENSG00000149781,FERMT3,protein_coding
ENSG00000060642.14,Module 1,ENSG00000060642,PIGV,protein_coding
ENSG00000168234.16,Module 6,ENSG00000168234,TTC39C,protein_coding
ENSG00000188215.12,Module 2,ENSG00000188215,DCUN1D3,protein_coding
ENSG00000172728.18,Module 1,ENSG00000172728,POFUT3,protein_coding
ENSG00000179750.17,Module 2,ENSG00000179750,APOBEC3B,protein_coding
ENSG00000118503.20,Module 6,ENSG00000118503,TNFAIP3,protein_coding
ENSG00000120696.9,Module 6,ENSG00000120696,KBTBD7,protein_coding
ENSG00000168806.8,Module 2,ENSG00000168806,LCMT2,protein_coding
ENSG00000100342.24,Module 6,ENSG00000100342,APOL1,protein_coding
ENSG00000182108.12,Module 1,ENSG00000182108,DEXI,protein_coding
ENSG00000090924.17,Module 2,ENSG00000090924,PLEKHG2,protein_coding
ENSG00000134590.14,Module 1,ENSG00000134590,RTL8C,protein_coding
ENSG00000027697.18,Module 6,ENSG00000027697,IFNGR1,protein_coding
ENSG00000137720.9,Module 6,ENSG00000137720,CFAP68,protein_coding
ENSG00000122691.14,Module 2,ENSG00000122691,TWIST1,protein_coding
ENSG00000173614.16,Module 6,ENSG00000173614,NMNAT1,protein_coding
ENSG00000099284.16,Module 2,ENSG00000099284,MACROH2A2,protein_coding
ENSG00000123552.20,Module 3,ENSG00000123552,USP45,protein_coding
ENSG00000104450.15,Module 2,ENSG00000104450,SPAG1,protein_coding
ENSG00000153029.18,Module 2,ENSG00000153029,MR1,protein_coding
ENSG00000044090.15,Module 2,ENSG00000044090,CUL7,protein_coding
ENSG00000157870.19,Module 6,ENSG00000157870,PRXL2B,protein_coding
ENSG00000123240.19,Module 2,ENSG00000123240,OPTN,protein_coding
ENSG00000205707.13,Module 2,ENSG00000205707,ETFRF1,protein_coding
ENSG00000152409.12,Module 1,ENSG00000152409,JMY,protein_coding
ENSG00000181450.19,Module 2,ENSG00000181450,ZNF678,protein_coding
ENSG00000110330.12,Module 6,ENSG00000110330,BIRC2,protein_coding
ENSG00000111145.10,Module 2,ENSG00000111145,ELK3,protein_coding
ENSG00000140030.8,Module 1,ENSG00000140030,GPR65,protein_coding
ENSG00000198945.10,Module 2,ENSG00000198945,L3MBTL3,protein_coding
ENSG00000101871.19,Module 2,ENSG00000101871,MID1,protein_coding
ENSG00000144040.15,Module 2,ENSG00000144040,SFXN5,protein_coding
ENSG00000115267.11,Module 1,ENSG00000115267,IFIH1,protein_coding
ENSG00000122971.11,Module 1,ENSG00000122971,ACADS,protein_coding
ENSG00000109501.17,Module 2,ENSG00000109501,WFS1,protein_coding
ENSG00000198331.13,Module 3,ENSG00000198331,HYLS1,protein_coding
ENSG00000178199.15,Module 6,ENSG00000178199,ZC3H12D,protein_coding
ENSG00000164010.17,Module 2,ENSG00000164010,ERMAP,protein_coding
ENSG00000168615.15,Module 6,ENSG00000168615,ADAM9,protein_coding
ENSG00000123595.10,Module 1,ENSG00000123595,RAB9A,protein_coding
ENSG00000176105.16,Module 6,ENSG00000176105,YES1,protein_coding
ENSG00000185614.9,Module 2,ENSG00000185614,INKA1,protein_coding
ENSG00000143315.8,Module 2,ENSG00000143315,PIGM,protein_coding
ENSG00000166347.21,Module 6,ENSG00000166347,CYB5A,protein_coding
ENSG00000179456.14,Module 4,ENSG00000179456,ZBTB18,protein_coding
ENSG00000196418.15,Module 2,ENSG00000196418,ZNF124,protein_coding
ENSG00000147251.18,Module 6,ENSG00000147251,DOCK11,protein_coding
ENSG00000160326.16,Module 1,ENSG00000160326,SLC2A6,protein_coding
ENSG00000136114.19,Module 2,ENSG00000136114,THSD1,protein_coding
ENSG00000106537.10,Module 2,ENSG00000106537,TSPAN13,protein_coding
ENSG00000198771.13,Module 4,ENSG00000198771,RCSD1,protein_coding
ENSG00000134352.23,Module 2,ENSG00000134352,IL6ST,protein_coding
ENSG00000173041.14,Module 2,ENSG00000173041,ZNF680,protein_coding
ENSG00000127946.19,Module 2,ENSG00000127946,HIP1,protein_coding
ENSG00000110042.9,Module 2,ENSG00000110042,DTX4,protein_coding
ENSG00000133710.18,Module 2,ENSG00000133710,SPINK5,protein_coding
ENSG00000144559.13,Module 1,ENSG00000144559,TAMM41,protein_coding
ENSG00000170379.22,Module 6,ENSG00000170379,TCAF2,protein_coding
ENSG00000165275.12,Module 6,ENSG00000165275,TRMT10B,protein_coding
ENSG00000205309.16,Module 6,ENSG00000205309,NT5M,protein_coding
ENSG00000165959.14,Module 2,ENSG00000165959,CLMN,protein_coding
ENSG00000155542.14,Module 1,ENSG00000155542,SETD9,protein_coding
ENSG00000182158.18,Module 1,ENSG00000182158,CREB3L2,protein_coding
ENSG00000151883.22,Module 4,ENSG00000151883,PARP8,protein_coding
ENSG00000160781.19,Module 2,ENSG00000160781,PAQR6,protein_coding
ENSG00000134242.18,Module 6,ENSG00000134242,PTPN22,protein_coding
ENSG00000198821.14,Module 6,ENSG00000198821,CD247,protein_coding
ENSG00000108798.11,Module 5,ENSG00000108798,ABI3,protein_coding
ENSG00000157557.15,Module 1,ENSG00000157557,ETS2,protein_coding
ENSG00000125170.13,Module 6,ENSG00000125170,DOK4,protein_coding
ENSG00000137760.17,Module 6,ENSG00000137760,ALKBH8,protein_coding
ENSG00000152926.19,Module 2,ENSG00000152926,ZNF117,protein_coding
ENSG00000126882.15,Module 6,ENSG00000126882,FAM78A,protein_coding
ENSG00000164938.16,Module 2,ENSG00000164938,TP53INP1,protein_coding
ENSG00000112394.20,Module 6,ENSG00000112394,SLC16A10,protein_coding
ENSG00000064547.16,Module 2,ENSG00000064547,LPAR2,protein_coding
ENSG00000196154.14,Module 5,ENSG00000196154,S100A4,protein_coding
ENSG00000221955.13,Module 2,ENSG00000221955,SLC12A8,protein_coding
ENSG00000145088.11,Module 2,ENSG00000145088,EAF2,protein_coding
ENSG00000177106.19,Module 1,ENSG00000177106,EPS8L2,protein_coding
ENSG00000204386.15,Module 4,ENSG00000204386,NEU1,protein_coding
ENSG00000165891.18,Module 2,ENSG00000165891,E2F7,protein_coding
ENSG00000138002.18,Module 5,ENSG00000138002,IFT172,protein_coding
ENSG00000116701.18,Module 6,ENSG00000116701,NCF2,protein_coding
ENSG00000168779.21,Module 2,ENSG00000168779,SHOX2,protein_coding
ENSG00000140836.18,Module 1,ENSG00000140836,ZFHX3,protein_coding
ENSG00000156042.20,Module 2,ENSG00000156042,CFAP70,protein_coding
ENSG00000130940.16,Module 1,ENSG00000130940,CASZ1,protein_coding
ENSG00000130363.16,Module 2,ENSG00000130363,RSPH3,protein_coding
ENSG00000152767.19,Module 2,ENSG00000152767,FARP1,protein_coding
ENSG00000256043.7,Module 2,ENSG00000256043,CTSO,protein_coding
ENSG00000196421.9,Module 1,ENSG00000196421,C20orf204,protein_coding
ENSG00000212864.6,Module 2,ENSG00000212864,RNF208,protein_coding
ENSG00000161395.15,Module 2,ENSG00000161395,PGAP3,protein_coding
ENSG00000271503.8,Module 5,ENSG00000271503,CCL5,protein_coding
ENSG00000157657.17,Module 2,ENSG00000157657,ZNF618,protein_coding
ENSG00000172572.9,Module 2,ENSG00000172572,PDE3A,protein_coding
ENSG00000141668.12,Module 2,ENSG00000141668,CBLN2,protein_coding
ENSG00000154277.15,Module 2,ENSG00000154277,UCHL1,protein_coding
ENSG00000196812.8,Module 2,ENSG00000196812,ZSCAN16,protein_coding
ENSG00000160221.20,Module 1,ENSG00000160221,GATD3,protein_coding
ENSG00000196730.15,Module 2,ENSG00000196730,DAPK1,protein_coding
ENSG00000146281.8,Module 6,ENSG00000146281,PM20D2,protein_coding
ENSG00000274180.2,Module 2,ENSG00000274180,NATD1,protein_coding
ENSG00000140545.18,Module 2,ENSG00000140545,MFGE8,protein_coding
ENSG00000171385.13,Module 2,ENSG00000171385,KCND3,protein_coding
ENSG00000162620.17,Module 6,ENSG00000162620,LRRIQ3,protein_coding
ENSG00000203950.7,Module 1,ENSG00000203950,RTL8A,protein_coding
ENSG00000185668.8,Module 2,ENSG00000185668,POU3F1,protein_coding
ENSG00000182168.17,Module 2,ENSG00000182168,UNC5C,protein_coding
ENSG00000197296.7,Module 2,ENSG00000197296,FITM2,protein_coding
ENSG00000100485.14,Module 2,ENSG00000100485,SOS2,protein_coding
ENSG00000132669.16,Module 2,ENSG00000132669,RIN2,protein_coding
ENSG00000141540.13,Module 2,ENSG00000141540,TTYH2,protein_coding
ENSG00000135480.19,Module 1,ENSG00000135480,KRT7,protein_coding
ENSG00000198690.12,Module 2,ENSG00000198690,FAN1,protein_coding
ENSG00000187193.11,Module 6,ENSG00000187193,MT1X,protein_coding
ENSG00000076067.16,Module 6,ENSG00000076067,RBMS2,protein_coding
ENSG00000147434.10,Module 4,ENSG00000147434,CHRNA6,protein_coding
ENSG00000113269.16,Module 2,ENSG00000113269,RNF130,protein_coding
ENSG00000105514.10,Module 1,ENSG00000105514,RAB3D,protein_coding
ENSG00000163629.15,Module 2,ENSG00000163629,PTPN13,protein_coding
ENSG00000198718.15,Module 6,ENSG00000198718,TOGARAM1,protein_coding
ENSG00000140876.13,Module 6,ENSG00000140876,NUDT7,protein_coding
ENSG00000111641.15,Module 2,ENSG00000111641,NOP2,protein_coding
ENSG00000107864.17,Module 2,ENSG00000107864,CPEB3,protein_coding
ENSG00000111796.5,Module 2,ENSG00000111796,KLRB1,protein_coding
ENSG00000107105.17,Module 2,ENSG00000107105,ELAVL2,protein_coding
ENSG00000058453.19,Module 6,ENSG00000058453,CROCC,protein_coding
ENSG00000140043.14,Module 6,ENSG00000140043,PTGR2,protein_coding
ENSG00000182054.12,Module 1,ENSG00000182054,IDH2,protein_coding
ENSG00000174307.8,Module 2,ENSG00000174307,PHLDA3,protein_coding
ENSG00000164742.18,Module 2,ENSG00000164742,ADCY1,protein_coding
ENSG00000196369.14,Module 2,ENSG00000196369,SRGAP2B,protein_coding
ENSG00000204267.21,Module 6,ENSG00000204267,TAP2,protein_coding
ENSG00000162645.15,Module 2,ENSG00000162645,GBP2,protein_coding
ENSG00000168843.16,Module 2,ENSG00000168843,FSTL5,protein_coding
ENSG00000138083.6,Module 2,ENSG00000138083,SIX3,protein_coding
ENSG00000215218.5,Module 2,ENSG00000215218,UBE2QL1,protein_coding
ENSG00000119686.12,Module 1,ENSG00000119686,FLVCR2,protein_coding
ENSG00000077713.21,Module 1,ENSG00000077713,SLC25A43,protein_coding
ENSG00000136826.17,Module 2,ENSG00000136826,KLF4,protein_coding
ENSG00000145632.17,Module 2,ENSG00000145632,PLK2,protein_coding
ENSG00000203724.13,Module 4,ENSG00000203724,C1orf53,protein_coding
ENSG00000066468.26,Module 2,ENSG00000066468,FGFR2,protein_coding
ENSG00000007038.13,Module 2,ENSG00000007038,PRSS21,protein_coding
ENSG00000100154.16,Module 6,ENSG00000100154,TTC28,protein_coding
ENSG00000133131.17,Module 2,ENSG00000133131,MORC4,protein_coding
ENSG00000146021.17,Module 6,ENSG00000146021,KLHL3,protein_coding
ENSG00000170011.16,Module 2,ENSG00000170011,MYRIP,protein_coding
ENSG00000075891.26,Module 2,ENSG00000075891,PAX2,protein_coding
ENSG00000154153.16,Module 2,ENSG00000154153,RETREG1,protein_coding
ENSG00000104723.23,Module 2,ENSG00000104723,TUSC3,protein_coding
ENSG00000158050.8,Module 6,ENSG00000158050,DUSP2,protein_coding
ENSG00000181404.19,Module 2,ENSG00000181404,WASHC1,protein_coding
ENSG00000213145.12,Module 1,ENSG00000213145,CRIP1,protein_coding
ENSG00000025423.13,Module 6,ENSG00000025423,HSD17B6,protein_coding
ENSG00000172594.15,Module 2,ENSG00000172594,SMPDL3A,protein_coding
ENSG00000163554.15,Module 2,ENSG00000163554,SPTA1,protein_coding
ENSG00000206077.15,Module 2,ENSG00000206077,ZDHHC11B,protein_coding
ENSG00000180340.7,Module 4,ENSG00000180340,FZD2,protein_coding
ENSG00000142494.15,Module 2,ENSG00000142494,SLC47A1,protein_coding
ENSG00000272636.7,Module 2,ENSG00000272636,DOC2B,protein_coding
ENSG00000164684.14,Module 2,ENSG00000164684,ZNF704,protein_coding
ENSG00000144649.12,Module 2,ENSG00000144649,GASK1A,protein_coding
ENSG00000135597.21,Module 6,ENSG00000135597,REPS1,protein_coding
ENSG00000077522.17,Module 2,ENSG00000077522,ACTN2,protein_coding
ENSG00000116962.17,Module 2,ENSG00000116962,NID1,protein_coding
ENSG00000140323.7,Module 6,ENSG00000140323,DISP2,protein_coding
ENSG00000116329.13,Module 2,ENSG00000116329,OPRD1,protein_coding
ENSG00000160791.15,Module 2,ENSG00000160791,CCR5,protein_coding
ENSG00000187634.15,Module 2,ENSG00000187634,SAMD11,protein_coding
ENSG00000057704.15,Module 2,ENSG00000057704,TMCC3,protein_coding
ENSG00000225973.6,Module 2,ENSG00000225973,PIGBOS1,protein_coding
ENSG00000170456.18,Module 2,ENSG00000170456,DENND5B,protein_coding
ENSG00000099139.16,Module 2,ENSG00000099139,PCSK5,protein_coding
ENSG00000144218.22,Module 2,ENSG00000144218,AFF3,protein_coding
ENSG00000075035.12,Module 2,ENSG00000075035,WSCD2,protein_coding
ENSG00000136286.18,Module 6,ENSG00000136286,MYO1G,protein_coding
ENSG00000175029.19,Module 2,ENSG00000175029,CTBP2,protein_coding
ENSG00000143434.19,Module 2,ENSG00000143434,SEMA6C,protein_coding
ENSG00000116176.9,Module 2,ENSG00000116176,TPSG1,protein_coding
ENSG00000100890.18,Module 6,ENSG00000100890,PRORP,protein_coding
ENSG00000163453.13,Module 2,ENSG00000163453,IGFBP7,protein_coding
ENSG00000136999.7,Module 2,ENSG00000136999,CCN3,protein_coding
ENSG00000169248.14,Module 2,ENSG00000169248,CXCL11,protein_coding
ENSG00000183580.11,Module 2,ENSG00000183580,FBXL7,protein_coding
ENSG00000133937.6,Module 2,ENSG00000133937,GSC,protein_coding
ENSG00000120051.16,Module 2,ENSG00000120051,CFAP58,protein_coding
ENSG00000010310.11,Module 2,ENSG00000010310,GIPR,protein_coding
ENSG00000119714.13,Module 5,ENSG00000119714,GPR68,protein_coding
ENSG00000087842.13,Module 2,ENSG00000087842,PIR,protein_coding
ENSG00000138134.14,Module 1,ENSG00000138134,STAMBPL1,protein_coding
ENSG00000156234.9,Module 2,ENSG00000156234,CXCL13,protein_coding
ENSG00000177465.6,Module 2,ENSG00000177465,ACOT4,protein_coding
ENSG00000101445.12,Module 5,ENSG00000101445,PPP1R16B,protein_coding
ENSG00000253250.5,Module 2,ENSG00000253250,C8orf88,protein_coding
ENSG00000145431.13,Module 2,ENSG00000145431,PDGFC,protein_coding
ENSG00000139679.18,Module 6,ENSG00000139679,LPAR6,protein_coding
ENSG00000015285.14,Module 6,ENSG00000015285,WAS,protein_coding
ENSG00000186188.13,Module 2,ENSG00000186188,FFAR4,protein_coding
ENSG00000166025.20,Module 2,ENSG00000166025,AMOTL1,protein_coding
ENSG00000197816.18,Module 2,ENSG00000197816,CCDC180,protein_coding
ENSG00000130203.12,Module 2,ENSG00000130203,APOE,protein_coding
ENSG00000154380.21,Module 2,ENSG00000154380,ENAH,protein_coding
ENSG00000186815.15,Module 6,ENSG00000186815,TPCN1,protein_coding
ENSG00000164002.14,Module 2,ENSG00000164002,EXO5,protein_coding
ENSG00000185842.17,Module 2,ENSG00000185842,DNAH14,protein_coding
ENSG00000179314.19,Module 2,ENSG00000179314,WSCD1,protein_coding
ENSG00000143473.16,Module 2,ENSG00000143473,KCNH1,protein_coding
ENSG00000022556.18,Module 2,ENSG00000022556,NLRP2,protein_coding
ENSG00000116761.14,Module 6,ENSG00000116761,CTH,protein_coding
ENSG00000275793.1,Module 2,ENSG00000275793,RIMBP3,protein_coding
ENSG00000164877.21,Module 2,ENSG00000164877,MICALL2,protein_coding
ENSG00000018236.17,Module 2,ENSG00000018236,CNTN1,protein_coding
ENSG00000140939.17,Module 2,ENSG00000140939,NOL3,protein_coding
ENSG00000160219.14,Module 4,ENSG00000160219,GAB3,protein_coding
ENSG00000073792.18,Module 2,ENSG00000073792,IGF2BP2,protein_coding
ENSG00000004660.17,Module 5,ENSG00000004660,CAMKK1,protein_coding
ENSG00000187054.18,Module 2,ENSG00000187054,TMPRSS11A,protein_coding
ENSG00000173253.18,Module 2,ENSG00000173253,DMRT2,protein_coding
ENSG00000187079.21,Module 2,ENSG00000187079,TEAD1,protein_coding
ENSG00000186564.6,Module 2,ENSG00000186564,FOXD2,protein_coding
ENSG00000102271.16,Module 2,ENSG00000102271,KLHL4,protein_coding
ENSG00000154734.18,Module 2,ENSG00000154734,ADAMTS1,protein_coding
ENSG00000182968.5,Module 2,ENSG00000182968,SOX1,protein_coding
ENSG00000183496.7,Module 2,ENSG00000183496,MEX3B,protein_coding
ENSG00000197044.11,Module 2,ENSG00000197044,ZNF441,protein_coding
ENSG00000159899.18,Module 6,ENSG00000159899,NPR2,protein_coding
ENSG00000108924.15,Module 2,ENSG00000108924,HLF,protein_coding
ENSG00000003249.17,Module 2,ENSG00000003249,DBNDD1,protein_coding
ENSG00000132763.17,Module 6,ENSG00000132763,MMACHC,protein_coding
ENSG00000115705.24,Module 2,ENSG00000115705,TPO,protein_coding
ENSG00000260220.7,Module 2,ENSG00000260220,CCDC187,protein_coding
ENSG00000138411.15,Module 2,ENSG00000138411,HECW2,protein_coding
ENSG00000102003.14,Module 6,ENSG00000102003,SYP,protein_coding
ENSG00000137266.16,Module 2,ENSG00000137266,SLC22A23,protein_coding
ENSG00000147255.21,Module 2,ENSG00000147255,IGSF1,protein_coding
ENSG00000185112.6,Module 2,ENSG00000185112,FAM43A,protein_coding
ENSG00000196159.15,Module 2,ENSG00000196159,FAT4,protein_coding
ENSG00000077264.19,Module 6,ENSG00000077264,PAK3,protein_coding
ENSG00000166592.15,Module 2,ENSG00000166592,RRAD,protein_coding
ENSG00000138738.13,Module 2,ENSG00000138738,PRDM5,protein_coding
ENSG00000197587.14,Module 2,ENSG00000197587,DMBX1,protein_coding
ENSG00000055813.8,Module 2,ENSG00000055813,CCDC85A,protein_coding
ENSG00000143819.15,Module 2,ENSG00000143819,EPHX1,protein_coding
ENSG00000104081.16,Module 2,ENSG00000104081,BMF,protein_coding
ENSG00000184221.13,Module 2,ENSG00000184221,OLIG1,protein_coding
ENSG00000183060.18,Module 2,ENSG00000183060,LYSMD4,protein_coding
ENSG00000164099.5,Module 2,ENSG00000164099,PRSS12,protein_coding
ENSG00000166796.14,Module 2,ENSG00000166796,LDHC,protein_coding
ENSG00000164093.19,Module 2,ENSG00000164093,PITX2,protein_coding
ENSG00000187068.4,Module 2,ENSG00000187068,C3orf70,protein_coding
ENSG00000243978.9,Module 2,ENSG00000243978,RTL9,protein_coding
ENSG00000138650.10,Module 2,ENSG00000138650,PCDH10,protein_coding
ENSG00000128274.19,Module 2,ENSG00000128274,A4GALT,protein_coding
ENSG00000183087.17,Module 2,ENSG00000183087,GAS6,protein_coding
ENSG00000155966.15,Module 6,ENSG00000155966,AFF2,protein_coding
ENSG00000187391.24,Module 2,ENSG00000187391,MAGI2,protein_coding
ENSG00000160408.18,Module 6,ENSG00000160408,ST6GALNAC6,protein_coding
ENSG00000183153.7,Module 2,ENSG00000183153,GJD3,protein_coding
ENSG00000183186.10,Module 2,ENSG00000183186,C2CD4C,protein_coding
ENSG00000280670.5,Module 6,ENSG00000280670,CCDC163,protein_coding
ENSG00000173376.16,Module 2,ENSG00000173376,NDNF,protein_coding
ENSG00000070731.13,Module 2,ENSG00000070731,ST6GALNAC2,protein_coding
ENSG00000184304.17,Module 2,ENSG00000184304,PRKD1,protein_coding
ENSG00000102935.13,Module 2,ENSG00000102935,ZNF423,protein_coding
ENSG00000010379.18,Module 2,ENSG00000010379,SLC6A13,protein_coding
ENSG00000119227.10,Module 2,ENSG00000119227,PIGZ,protein_coding
ENSG00000196338.17,Module 2,ENSG00000196338,NLGN3,protein_coding
ENSG00000175161.15,Module 2,ENSG00000175161,CADM2,protein_coding
ENSG00000160207.11,Module 2,ENSG00000160207,HSF2BP,protein_coding
ENSG00000187546.16,Module 2,ENSG00000187546,AGMO,protein_coding
ENSG00000143318.15,Module 2,ENSG00000143318,CASQ1,protein_coding
ENSG00000075275.19,Module 2,ENSG00000075275,CELSR1,protein_coding
ENSG00000167244.23,Module 2,ENSG00000167244,IGF2,protein_coding
ENSG00000147509.15,Module 2,ENSG00000147509,RGS20,protein_coding
ENSG00000113594.12,Module 2,ENSG00000113594,LIFR,protein_coding
ENSG00000074527.15,Module 2,ENSG00000074527,NTN4,protein_coding
ENSG00000172817.6,Module 2,ENSG00000172817,CYP7B1,protein_coding
ENSG00000140961.16,Module 2,ENSG00000140961,OSGIN1,protein_coding
ENSG00000077942.21,Module 2,ENSG00000077942,FBLN1,protein_coding
ENSG00000114529.15,Module 2,ENSG00000114529,C3orf52,protein_coding
ENSG00000079337.18,Module 2,ENSG00000079337,RAPGEF3,protein_coding
ENSG00000166762.20,Module 2,ENSG00000166762,CATSPER2,protein_coding
ENSG00000148680.17,Module 2,ENSG00000148680,HTR7,protein_coding
ENSG00000162639.18,Module 6,ENSG00000162639,HENMT1,protein_coding
ENSG00000118473.25,Module 2,ENSG00000118473,SGIP1,protein_coding
ENSG00000181754.9,Module 2,ENSG00000181754,AMIGO1,protein_coding
ENSG00000157227.16,Module 2,ENSG00000157227,MMP14,protein_coding
ENSG00000082196.23,Module 2,ENSG00000082196,C1QTNF3,protein_coding
ENSG00000204128.8,Module 2,ENSG00000204128,C2orf72,protein_coding
ENSG00000185156.6,Module 2,ENSG00000185156,MFSD6L,protein_coding
ENSG00000148180.24,Module 2,ENSG00000148180,GSN,protein_coding
ENSG00000184254.20,Module 2,ENSG00000184254,ALDH1A3,protein_coding
ENSG00000135111.17,Module 2,ENSG00000135111,TBX3,protein_coding
ENSG00000125813.16,Module 2,ENSG00000125813,PAX1,protein_coding
ENSG00000206432.5,Module 2,ENSG00000206432,TMEM200C,protein_coding
ENSG00000164932.15,Module 2,ENSG00000164932,CTHRC1,protein_coding
ENSG00000197472.16,Module 2,ENSG00000197472,ZNF695,protein_coding
ENSG00000185507.23,Module 2,ENSG00000185507,IRF7,protein_coding
ENSG00000196562.18,Module 2,ENSG00000196562,SULF2,protein_coding
ENSG00000185008.20,Module 2,ENSG00000185008,ROBO2,protein_coding
ENSG00000139910.21,Module 2,ENSG00000139910,NOVA1,protein_coding
ENSG00000120594.19,Module 2,ENSG00000120594,PLXDC2,protein_coding
ENSG00000230707.3,Module 2,ENSG00000230707,HAPSTR2,protein_coding
ENSG00000122863.8,Module 2,ENSG00000122863,CHST3,protein_coding
ENSG00000133063.18,Module 2,ENSG00000133063,CHIT1,protein_coding
ENSG00000164764.13,Module 2,ENSG00000164764,SBSPON,protein_coding
ENSG00000168491.11,Module 2,ENSG00000168491,CCDC110,protein_coding
ENSG00000189184.13,Module 2,ENSG00000189184,PCDH18,protein_coding
ENSG00000173083.18,Module 2,ENSG00000173083,HPSE,protein_coding
ENSG00000158427.17,Module 5,ENSG00000158427,TMSB15B,protein_coding
ENSG00000065534.22,Module 2,ENSG00000065534,MYLK,protein_coding
ENSG00000165029.18,Module 2,ENSG00000165029,ABCA1,protein_coding
ENSG00000135047.18,Module 2,ENSG00000135047,CTSL,protein_coding
ENSG00000187140.6,Module 2,ENSG00000187140,FOXD3,protein_coding
ENSG00000170775.4,Module 2,ENSG00000170775,GPR37,protein_coding
ENSG00000099256.21,Module 2,ENSG00000099256,PRTFDC1,protein_coding
ENSG00000277531.3,Module 2,ENSG00000277531,PNMA8C,protein_coding
ENSG00000105549.11,Module 2,ENSG00000105549,SPMAP2,protein_coding
ENSG00000151892.18,Module 2,ENSG00000151892,GFRA1,protein_coding
ENSG00000090104.14,Module 1,ENSG00000090104,RGS1,protein_coding
ENSG00000116106.14,Module 2,ENSG00000116106,EPHA4,protein_coding
ENSG00000288658.2,Module 2,ENSG00000288658,RNF228,protein_coding
ENSG00000196781.18,Module 2,ENSG00000196781,TLE1,protein_coding
ENSG00000144821.12,Module 2,ENSG00000144821,MYH15,protein_coding
ENSG00000099889.16,Module 6,ENSG00000099889,ARVCF,protein_coding
ENSG00000275954.6,Module 2,ENSG00000275954,TBC1D3F,protein_coding
ENSG00000091656.19,Module 2,ENSG00000091656,ZFHX4,protein_coding
ENSG00000132837.17,Module 6,ENSG00000132837,DMGDH,protein_coding
ENSG00000003137.10,Module 2,ENSG00000003137,CYP26B1,protein_coding
ENSG00000151693.13,Module 2,ENSG00000151693,ASAP2,protein_coding
ENSG00000198892.9,Module 2,ENSG00000198892,SHISA4,protein_coding
ENSG00000158966.18,Module 2,ENSG00000158966,CACHD1,protein_coding
ENSG00000139155.11,Module 2,ENSG00000139155,SLCO1C1,protein_coding
ENSG00000178965.15,Module 2,ENSG00000178965,ERICH3,protein_coding
ENSG00000165943.7,Module 6,ENSG00000165943,MOAP1,protein_coding
ENSG00000121440.16,Module 2,ENSG00000121440,PDZRN3,protein_coding
ENSG00000135547.10,Module 2,ENSG00000135547,HEY2,protein_coding
ENSG00000077092.22,Module 2,ENSG00000077092,RARB,protein_coding
ENSG00000175592.11,Module 2,ENSG00000175592,FOSL1,protein_coding
ENSG00000149043.18,Module 2,ENSG00000149043,SYT8,protein_coding
ENSG00000104953.22,Module 1,ENSG00000104953,TLE6,protein_coding
ENSG00000120327.7,Module 2,ENSG00000120327,PCDHB14,protein_coding
ENSG00000107731.14,Module 2,ENSG00000107731,UNC5B,protein_coding
ENSG00000150471.19,Module 2,ENSG00000150471,ADGRL3,protein_coding
ENSG00000070778.15,Module 2,ENSG00000070778,PTPN21,protein_coding
ENSG00000184160.8,Module 2,ENSG00000184160,ADRA2C,protein_coding
ENSG00000154188.12,Module 2,ENSG00000154188,ANGPT1,protein_coding
ENSG00000249853.11,Module 2,ENSG00000249853,HS3ST5,protein_coding
ENSG00000104870.15,Module 2,ENSG00000104870,FCGRT,protein_coding
ENSG00000103150.9,Module 6,ENSG00000103150,MLYCD,protein_coding
ENSG00000133874.4,Module 6,ENSG00000133874,RNF122,protein_coding
ENSG00000197712.14,Module 2,ENSG00000197712,FAM114A1,protein_coding
ENSG00000140479.19,Module 2,ENSG00000140479,PCSK6,protein_coding
ENSG00000156804.9,Module 1,ENSG00000156804,FBXO32,protein_coding
ENSG00000137727.14,Module 2,ENSG00000137727,ARHGAP20,protein_coding
ENSG00000073464.15,Module 2,ENSG00000073464,CLCN4,protein_coding
ENSG00000134569.12,Module 2,ENSG00000134569,LRP4,protein_coding
ENSG00000079557.7,Module 2,ENSG00000079557,AFM,protein_coding
ENSG00000095739.13,Module 4,ENSG00000095739,BAMBI,protein_coding
ENSG00000132692.21,Module 2,ENSG00000132692,BCAN,protein_coding
ENSG00000154175.21,Module 2,ENSG00000154175,ABI3BP,protein_coding
ENSG00000075391.20,Module 2,ENSG00000075391,RASAL2,protein_coding
ENSG00000109794.16,Module 2,ENSG00000109794,FAM149A,protein_coding
ENSG00000077943.10,Module 2,ENSG00000077943,ITGA8,protein_coding
ENSG00000012171.22,Module 2,ENSG00000012171,SEMA3B,protein_coding
ENSG00000125285.6,Module 2,ENSG00000125285,SOX21,protein_coding
ENSG00000171877.22,Module 2,ENSG00000171877,FRMD5,protein_coding
ENSG00000144229.13,Module 2,ENSG00000144229,THSD7B,protein_coding
ENSG00000153064.13,Module 2,ENSG00000153064,BANK1,protein_coding
ENSG00000185046.22,Module 2,ENSG00000185046,ANKS1B,protein_coding
ENSG00000166342.21,Module 2,ENSG00000166342,NETO1,protein_coding
ENSG00000205279.10,Module 2,ENSG00000205279,CTXN3,protein_coding
ENSG00000049249.11,Module 1,ENSG00000049249,TNFRSF9,protein_coding
ENSG00000131080.17,Module 2,ENSG00000131080,EDA2R,protein_coding
ENSG00000078018.24,Module 2,ENSG00000078018,MAP2,protein_coding
ENSG00000134376.19,Module 2,ENSG00000134376,CRB1,protein_coding
ENSG00000196071.6,Module 2,ENSG00000196071,OR2L13,protein_coding
ENSG00000241489.8,Module 2,ENSG00000241489,ENSG00000241489,protein_coding
ENSG00000107099.19,Module 6,ENSG00000107099,DOCK8,protein_coding
ENSG00000182263.16,Module 2,ENSG00000182263,FIGN,protein_coding
ENSG00000131724.13,Module 2,ENSG00000131724,IL13RA1,protein_coding
ENSG00000154237.14,Module 2,ENSG00000154237,LRRK1,protein_coding
ENSG00000145864.16,Module 2,ENSG00000145864,GABRB2,protein_coding
ENSG00000099260.14,Module 2,ENSG00000099260,PALMD,protein_coding
ENSG00000243660.14,Module 6,ENSG00000243660,ZNF487,protein_coding
ENSG00000137090.12,Module 2,ENSG00000137090,DMRT1,protein_coding
ENSG00000169851.18,Module 2,ENSG00000169851,PCDH7,protein_coding
ENSG00000179046.11,Module 2,ENSG00000179046,TRIML2,protein_coding
ENSG00000181444.15,Module 2,ENSG00000181444,ZNF467,protein_coding
ENSG00000149485.21,Module 1,ENSG00000149485,FADS1,protein_coding
ENSG00000143341.13,Module 2,ENSG00000143341,HMCN1,protein_coding
ENSG00000253846.4,Module 2,ENSG00000253846,PCDHGA10,protein_coding
ENSG00000165973.21,Module 2,ENSG00000165973,NELL1,protein_coding
ENSG00000186377.10,Module 6,ENSG00000186377,CYP4X1,protein_coding
ENSG00000186094.19,Module 2,ENSG00000186094,AGBL4,protein_coding
ENSG00000085982.18,Module 1,ENSG00000085982,USP40,protein_coding
ENSG00000162407.11,Module 2,ENSG00000162407,PLPP3,protein_coding
ENSG00000115297.11,Module 2,ENSG00000115297,TLX2,protein_coding
ENSG00000165323.18,Module 2,ENSG00000165323,FAT3,protein_coding
ENSG00000257446.6,Module 2,ENSG00000257446,ZNF878,protein_coding
ENSG00000161958.13,Module 2,ENSG00000161958,FGF11,protein_coding
ENSG00000104313.22,Module 2,ENSG00000104313,EYA1,protein_coding
ENSG00000179862.7,Module 2,ENSG00000179862,CITED4,protein_coding
ENSG00000095585.20,Module 2,ENSG00000095585,BLNK,protein_coding
ENSG00000165025.17,Module 2,ENSG00000165025,SYK,protein_coding
ENSG00000131016.19,Module 2,ENSG00000131016,AKAP12,protein_coding
ENSG00000250673.4,Module 2,ENSG00000250673,REELD1,protein_coding
ENSG00000206538.11,Module 2,ENSG00000206538,VGLL3,protein_coding
ENSG00000129514.9,Module 2,ENSG00000129514,FOXA1,protein_coding
ENSG00000198682.15,Module 2,ENSG00000198682,PAPSS2,protein_coding
ENSG00000132122.14,Module 2,ENSG00000132122,SPATA6,protein_coding
ENSG00000163959.12,Module 2,ENSG00000163959,SLC51A,protein_coding
ENSG00000069011.17,Module 2,ENSG00000069011,PITX1,protein_coding
ENSG00000132640.16,Module 2,ENSG00000132640,BTBD3,protein_coding
ENSG00000122735.18,Module 2,ENSG00000122735,DNAI1,protein_coding
ENSG00000181234.11,Module 2,ENSG00000181234,TMEM132C,protein_coding
ENSG00000139890.12,Module 2,ENSG00000139890,REM2,protein_coding
ENSG00000136869.17,Module 2,ENSG00000136869,TLR4,protein_coding
ENSG00000154493.21,Module 2,ENSG00000154493,C10orf90,protein_coding
ENSG00000152217.22,Module 2,ENSG00000152217,SETBP1,protein_coding
ENSG00000186714.14,Module 1,ENSG00000186714,CCDC73,protein_coding
ENSG00000145335.19,Module 2,ENSG00000145335,SNCA,protein_coding
ENSG00000147432.8,Module 2,ENSG00000147432,CHRNB3,protein_coding
ENSG00000135747.11,Module 2,ENSG00000135747,ZNF670-ZNF695,protein_coding
ENSG00000283697.3,Module 2,ENSG00000283697,HSFX3,protein_coding
ENSG00000129028.10,Module 2,ENSG00000129028,THAP10,protein_coding
ENSG00000198574.8,Module 2,ENSG00000198574,SH2D1B,protein_coding
ENSG00000186976.17,Module 2,ENSG00000186976,EFCAB6,protein_coding
ENSG00000204740.12,Module 2,ENSG00000204740,MALRD1,protein_coding
ENSG00000203546.7,Module 6,ENSG00000203546,ENSG00000203546,protein_coding
ENSG00000204616.13,Module 2,ENSG00000204616,TRIM31,protein_coding
ENSG00000011052.21,Module 6,ENSG00000011052,NME1-NME2,protein_coding
ENSG00000147246.12,Module 2,ENSG00000147246,HTR2C,protein_coding
ENSG00000159450.13,Module 2,ENSG00000159450,TCHH,protein_coding
ENSG00000185666.17,Module 2,ENSG00000185666,SYN3,protein_coding
ENSG00000188373.6,Module 2,ENSG00000188373,GPR15LG,protein_coding
ENSG00000197168.16,Module 2,ENSG00000197168,NEK5,protein_coding
ENSG00000188290.13,Module 2,ENSG00000188290,HES4,protein_coding
ENSG00000125398.10,Module 2,ENSG00000125398,SOX9,protein_coding
ENSG00000105610.8,Module 6,ENSG00000105610,KLF1,protein_coding
ENSG00000170579.20,Module 2,ENSG00000170579,DLGAP1,protein_coding
ENSG00000117407.19,Module 2,ENSG00000117407,ARTN,protein_coding
ENSG00000129951.21,Module 2,ENSG00000129951,PLPPR3,protein_coding
ENSG00000149557.16,Module 2,ENSG00000149557,FEZ1,protein_coding
ENSG00000204366.5,Module 2,ENSG00000204366,ZBTB12,protein_coding
ENSG00000158163.17,Module 2,ENSG00000158163,DZIP1L,protein_coding
ENSG00000101222.14,Module 2,ENSG00000101222,SPEF1,protein_coding
ENSG00000112599.9,Module 2,ENSG00000112599,GUCA1B,protein_coding
ENSG00000283128.3,Module 6,ENSG00000283128,ENSG00000283128,protein_coding
ENSG00000198125.15,Module 3,ENSG00000198125,MB,protein_coding
ENSG00000198515.18,Module 2,ENSG00000198515,CNGA1,protein_coding
ENSG00000174483.22,Module 2,ENSG00000174483,BBS1,protein_coding
ENSG00000109472.16,Module 2,ENSG00000109472,CPE,protein_coding
ENSG00000002587.12,Module 2,ENSG00000002587,HS3ST1,protein_coding
ENSG00000114646.11,Module 2,ENSG00000114646,CSPG5,protein_coding
ENSG00000106688.14,Module 2,ENSG00000106688,SLC1A1,protein_coding
ENSG00000274600.2,Module 4,ENSG00000274600,RIMBP3B,protein_coding
ENSG00000138755.7,Module 2,ENSG00000138755,CXCL9,protein_coding
ENSG00000138379.6,Module 2,ENSG00000138379,MSTN,protein_coding
ENSG00000106714.20,Module 2,ENSG00000106714,CNTNAP3,protein_coding
ENSG00000169031.23,Module 2,ENSG00000169031,COL4A3,protein_coding
ENSG00000214357.11,Module 2,ENSG00000214357,NEURL1B,protein_coding
ENSG00000137177.21,Module 2,ENSG00000137177,KIF13A,protein_coding
ENSG00000142233.15,Module 6,ENSG00000142233,NTN5,protein_coding
ENSG00000113083.17,Module 2,ENSG00000113083,LOX,protein_coding
ENSG00000183023.21,Module 2,ENSG00000183023,SLC8A1,protein_coding
ENSG00000165695.12,Module 2,ENSG00000165695,AK8,protein_coding
ENSG00000047617.19,Module 2,ENSG00000047617,ANO2,protein_coding
ENSG00000158869.13,Module 2,ENSG00000158869,FCER1G,protein_coding
ENSG00000176428.8,Module 2,ENSG00000176428,VPS37D,protein_coding
ENSG00000101405.4,Module 2,ENSG00000101405,OXT,protein_coding
ENSG00000186487.23,Module 2,ENSG00000186487,MYT1L,protein_coding
ENSG00000163430.15,Module 2,ENSG00000163430,FSTL1,protein_coding
ENSG00000171517.8,Module 2,ENSG00000171517,LPAR3,protein_coding
ENSG00000100055.23,Module 6,ENSG00000100055,CYTH4,protein_coding
ENSG00000147183.11,Module 2,ENSG00000147183,CPXCR1,protein_coding
ENSG00000150938.12,Module 2,ENSG00000150938,CRIM1,protein_coding
ENSG00000168329.16,Module 2,ENSG00000168329,CX3CR1,protein_coding
ENSG00000276023.7,Module 2,ENSG00000276023,DUSP14,protein_coding
ENSG00000277745.1,Module 2,ENSG00000277745,H2AB3,protein_coding
ENSG00000181856.17,Module 1,ENSG00000181856,SLC2A4,protein_coding
ENSG00000103241.8,Module 2,ENSG00000103241,FOXF1,protein_coding
ENSG00000055732.15,Module 2,ENSG00000055732,MCOLN3,protein_coding
ENSG00000175938.8,Module 6,ENSG00000175938,ORAI3,protein_coding
ENSG00000117707.19,Module 2,ENSG00000117707,PROX1,protein_coding
ENSG00000118292.11,Module 2,ENSG00000118292,C1orf54,protein_coding
ENSG00000172733.13,Module 2,ENSG00000172733,PURG,protein_coding
ENSG00000135363.14,Module 2,ENSG00000135363,LMO2,protein_coding
ENSG00000082781.14,Module 2,ENSG00000082781,ITGB5,protein_coding
ENSG00000139832.7,Module 2,ENSG00000139832,RAB20,protein_coding
ENSG00000134762.18,Module 2,ENSG00000134762,DSC3,protein_coding
ENSG00000151789.15,Module 2,ENSG00000151789,ZNF385D,protein_coding
ENSG00000164743.5,Module 2,ENSG00000164743,C8orf48,protein_coding
ENSG00000162687.20,Module 2,ENSG00000162687,KCNT2,protein_coding
ENSG00000250722.7,Module 2,ENSG00000250722,SELENOP,protein_coding
ENSG00000134640.3,Module 2,ENSG00000134640,MTNR1B,protein_coding
ENSG00000172318.8,Module 2,ENSG00000172318,B3GALT1,protein_coding
ENSG00000284130.3,Module 6,ENSG00000284130,TUBA3FP,protein_coding
ENSG00000115850.11,Module 5,ENSG00000115850,LCT,protein_coding
ENSG00000014914.23,Module 2,ENSG00000014914,MTMR11,protein_coding
ENSG00000113212.7,Module 2,ENSG00000113212,PCDHB7,protein_coding
ENSG00000144331.21,Module 2,ENSG00000144331,ZNF385B,protein_coding
ENSG00000091137.16,Module 2,ENSG00000091137,SLC26A4,protein_coding
ENSG00000139714.14,Module 4,ENSG00000139714,MORN3,protein_coding
ENSG00000173175.18,Module 2,ENSG00000173175,ADCY5,protein_coding
ENSG00000205129.11,Module 2,ENSG00000205129,CFAP96,protein_coding
ENSG00000174099.14,Module 2,ENSG00000174099,MSRB3,protein_coding
ENSG00000105472.16,Module 2,ENSG00000105472,CLEC11A,protein_coding
ENSG00000102924.14,Module 2,ENSG00000102924,CBLN1,protein_coding
ENSG00000140398.16,Module 2,ENSG00000140398,NEIL1,protein_coding
ENSG00000149634.6,Module 2,ENSG00000149634,SPATA25,protein_coding
ENSG00000103888.19,Module 4,ENSG00000103888,CEMIP,protein_coding
ENSG00000144130.12,Module 2,ENSG00000144130,NT5DC4,protein_coding
ENSG00000213654.12,Module 5,ENSG00000213654,GPSM3,protein_coding
ENSG00000111275.15,Module 2,ENSG00000111275,ALDH2,protein_coding
ENSG00000175414.9,Module 3,ENSG00000175414,ARL10,protein_coding
ENSG00000165731.24,Module 2,ENSG00000165731,RET,protein_coding
ENSG00000164485.16,Module 2,ENSG00000164485,IL22RA2,protein_coding
ENSG00000179915.26,Module 2,ENSG00000179915,NRXN1,protein_coding
ENSG00000197479.7,Module 2,ENSG00000197479,PCDHB11,protein_coding
ENSG00000186471.15,Module 6,ENSG00000186471,AKAP14,protein_coding
ENSG00000172073.5,Module 2,ENSG00000172073,SPMIP9,protein_coding
ENSG00000119900.10,Module 1,ENSG00000119900,OGFRL1,protein_coding
ENSG00000188582.11,Module 2,ENSG00000188582,PAQR9,protein_coding
ENSG00000172247.6,Module 2,ENSG00000172247,C1QTNF4,protein_coding
ENSG00000164287.13,Module 1,ENSG00000164287,CDC20B,protein_coding
ENSG00000162738.9,Module 2,ENSG00000162738,VANGL2,protein_coding
ENSG00000204956.7,Module 2,ENSG00000204956,PCDHGA1,protein_coding
ENSG00000139053.5,Module 1,ENSG00000139053,PDE6H,protein_coding
ENSG00000185177.15,Module 2,ENSG00000185177,ZNF479,protein_coding
ENSG00000171595.16,Module 2,ENSG00000171595,DNAI2,protein_coding
ENSG00000129151.11,Module 2,ENSG00000129151,BBOX1,protein_coding
ENSG00000113248.6,Module 2,ENSG00000113248,PCDHB15,protein_coding
ENSG00000171747.11,Module 2,ENSG00000171747,LGALS4,protein_coding
ENSG00000135373.15,Module 2,ENSG00000135373,EHF,protein_coding
ENSG00000170482.19,Module 5,ENSG00000170482,SLC23A1,protein_coding
ENSG00000105371.12,Module 1,ENSG00000105371,ICAM4,protein_coding
ENSG00000127329.18,Module 2,ENSG00000127329,PTPRB,protein_coding
ENSG00000116983.15,Module 2,ENSG00000116983,HPCAL4,protein_coding
ENSG00000248712.10,Module 3,ENSG00000248712,DRC12,protein_coding
ENSG00000109854.16,Module 1,ENSG00000109854,HTATIP2,protein_coding
ENSG00000111450.17,Module 1,ENSG00000111450,STX2,protein_coding
ENSG00000125870.13,Module 4,ENSG00000125870,SNRPB2,protein_coding
ENSG00000124702.21,Module 4,ENSG00000124702,KLHDC3,protein_coding
ENSG00000112977.18,Module 1,ENSG00000112977,DAP,protein_coding
ENSG00000114126.20,Module 6,ENSG00000114126,TFDP2,protein_coding
ENSG00000141968.10,Module 5,ENSG00000141968,VAV1,protein_coding
ENSG00000070159.16,Module 1,ENSG00000070159,PTPN3,protein_coding
ENSG00000178719.19,Module 2,ENSG00000178719,GRINA,protein_coding
ENSG00000105486.17,Module 5,ENSG00000105486,LIG1,protein_coding
ENSG00000089195.17,Module 4,ENSG00000089195,TRMT6,protein_coding
ENSG00000125651.16,Module 4,ENSG00000125651,GTF2F1,protein_coding
ENSG00000006062.20,Module 1,ENSG00000006062,MAP3K14,protein_coding
ENSG00000143514.20,Module 1,ENSG00000143514,TP53BP2,protein_coding
ENSG00000196141.16,Module 1,ENSG00000196141,SPATS2L,protein_coding
ENSG00000164070.14,Module 1,ENSG00000164070,HSPA4L,protein_coding
ENSG00000048140.20,Module 1,ENSG00000048140,TSPAN17,protein_coding
ENSG00000008300.17,Module 2,ENSG00000008300,CELSR3,protein_coding
ENSG00000072736.20,Module 5,ENSG00000072736,NFATC3,protein_coding
ENSG00000146386.10,Module 5,ENSG00000146386,ABRACL,protein_coding
ENSG00000145916.21,Module 1,ENSG00000145916,RMND5B,protein_coding
ENSG00000153815.19,Module 5,ENSG00000153815,CMIP,protein_coding
ENSG00000113638.16,Module 1,ENSG00000113638,TTC33,protein_coding
ENSG00000161405.19,Module 4,ENSG00000161405,IKZF3,protein_coding
ENSG00000174282.14,Module 2,ENSG00000174282,ZBTB4,protein_coding
ENSG00000125898.15,Module 4,ENSG00000125898,FAM110A,protein_coding
ENSG00000088812.20,Module 4,ENSG00000088812,ATRN,protein_coding
ENSG00000067955.17,Module 5,ENSG00000067955,CBFB,protein_coding
ENSG00000154640.17,Module 1,ENSG00000154640,BTG3,protein_coding
ENSG00000150907.12,Module 1,ENSG00000150907,FOXO1,protein_coding
ENSG00000113552.18,Module 1,ENSG00000113552,GNPDA1,protein_coding
ENSG00000103024.10,Module 1,ENSG00000103024,NME3,protein_coding
ENSG00000164543.9,Module 4,ENSG00000164543,STK17A,protein_coding
ENSG00000197885.13,Module 1,ENSG00000197885,NKIRAS1,protein_coding
ENSG00000197530.15,Module 1,ENSG00000197530,MIB2,protein_coding
ENSG00000160360.14,Module 2,ENSG00000160360,GPSM1,protein_coding
ENSG00000125772.17,Module 4,ENSG00000125772,GPCPD1,protein_coding
ENSG00000168394.15,Module 1,ENSG00000168394,TAP1,protein_coding
ENSG00000163069.15,Module 1,ENSG00000163069,SGCB,protein_coding
ENSG00000131981.18,Module 1,ENSG00000131981,LGALS3,protein_coding
ENSG00000149218.7,Module 1,ENSG00000149218,ENDOD1,protein_coding
ENSG00000125648.17,Module 4,ENSG00000125648,SLC25A23,protein_coding
ENSG00000138433.18,Module 4,ENSG00000138433,CIRSR,protein_coding
ENSG00000120889.15,Module 1,ENSG00000120889,TNFRSF10B,protein_coding
ENSG00000125534.13,Module 1,ENSG00000125534,PPDPF,protein_coding
ENSG00000172575.15,Module 1,ENSG00000172575,RASGRP1,protein_coding
ENSG00000148090.14,Module 1,ENSG00000148090,AUH,protein_coding
ENSG00000118855.23,Module 4,ENSG00000118855,MFSD1,protein_coding
ENSG00000171453.22,Module 6,ENSG00000171453,POLR1C,protein_coding
ENSG00000158717.13,Module 5,ENSG00000158717,RNF166,protein_coding
ENSG00000115993.15,Module 1,ENSG00000115993,TRAK2,protein_coding
ENSG00000102763.20,Module 1,ENSG00000102763,VWA8,protein_coding
ENSG00000153048.13,Module 4,ENSG00000153048,CARHSP1,protein_coding
ENSG00000128272.21,Module 1,ENSG00000128272,ATF4,protein_coding
ENSG00000005189.22,Module 1,ENSG00000005189,REXO5,protein_coding
ENSG00000048392.15,Module 1,ENSG00000048392,RRM2B,protein_coding
ENSG00000197119.14,Module 4,ENSG00000197119,SLC25A29,protein_coding
ENSG00000257923.14,Module 4,ENSG00000257923,CUX1,protein_coding
ENSG00000106266.13,Module 1,ENSG00000106266,SNX8,protein_coding
ENSG00000197535.17,Module 1,ENSG00000197535,MYO5A,protein_coding
ENSG00000140995.19,Module 1,ENSG00000140995,DEF8,protein_coding
ENSG00000164144.18,Module 5,ENSG00000164144,ARFIP1,protein_coding
ENSG00000137135.20,Module 1,ENSG00000137135,ARHGEF39,protein_coding
ENSG00000174004.8,Module 4,ENSG00000174004,NRROS,protein_coding
ENSG00000171223.6,Module 2,ENSG00000171223,JUNB,protein_coding
ENSG00000103148.19,Module 1,ENSG00000103148,NPRL3,protein_coding
ENSG00000136490.11,Module 4,ENSG00000136490,LIMD2,protein_coding
ENSG00000171522.8,Module 2,ENSG00000171522,PTGER4,protein_coding
ENSG00000067141.19,Module 1,ENSG00000067141,NEO1,protein_coding
ENSG00000171984.17,Module 4,ENSG00000171984,SHLD1,protein_coding
ENSG00000008083.16,Module 6,ENSG00000008083,JARID2,protein_coding
ENSG00000175309.18,Module 1,ENSG00000175309,PHYKPL,protein_coding
ENSG00000181191.14,Module 1,ENSG00000181191,PJA1,protein_coding
ENSG00000077150.23,Module 1,ENSG00000077150,NFKB2,protein_coding
ENSG00000086062.16,Module 1,ENSG00000086062,B4GALT1,protein_coding
ENSG00000121964.17,Module 1,ENSG00000121964,QTMAN,protein_coding
ENSG00000136840.21,Module 1,ENSG00000136840,ST6GALNAC4,protein_coding
ENSG00000073605.21,Module 1,ENSG00000073605,GSDMB,protein_coding
ENSG00000183621.17,Module 1,ENSG00000183621,ZNF438,protein_coding
ENSG00000151876.15,Module 1,ENSG00000151876,FBXO4,protein_coding
ENSG00000163558.15,Module 3,ENSG00000163558,PRKCI,protein_coding
ENSG00000112282.20,Module 4,ENSG00000112282,MED23,protein_coding
ENSG00000166974.15,Module 6,ENSG00000166974,MAPRE2,protein_coding
ENSG00000164048.16,Module 1,ENSG00000164048,ZNF589,protein_coding
ENSG00000130544.14,Module 4,ENSG00000130544,ZNF557,protein_coding
ENSG00000135119.16,Module 1,ENSG00000135119,RNFT2,protein_coding
ENSG00000163568.19,Module 1,ENSG00000163568,AIM2,protein_coding
ENSG00000110031.14,Module 4,ENSG00000110031,LPXN,protein_coding
ENSG00000155657.30,Module 1,ENSG00000155657,TTN,protein_coding
ENSG00000149499.14,Module 1,ENSG00000149499,EML3,protein_coding
ENSG00000107863.22,Module 2,ENSG00000107863,ARHGAP21,protein_coding
ENSG00000185453.15,Module 5,ENSG00000185453,ZSWIM9,protein_coding
ENSG00000071073.15,Module 4,ENSG00000071073,MGAT4A,protein_coding
ENSG00000196151.13,Module 1,ENSG00000196151,WDSUB1,protein_coding
ENSG00000110888.21,Module 2,ENSG00000110888,CAPRIN2,protein_coding
ENSG00000118762.10,Module 1,ENSG00000118762,PKD2,protein_coding
ENSG00000156671.17,Module 1,ENSG00000156671,SAMD8,protein_coding
ENSG00000119669.5,Module 6,ENSG00000119669,IRF2BPL,protein_coding
ENSG00000003402.23,Module 1,ENSG00000003402,CFLAR,protein_coding
ENSG00000160606.12,Module 1,ENSG00000160606,TLCD1,protein_coding
ENSG00000134222.18,Module 1,ENSG00000134222,PSRC1,protein_coding
ENSG00000169992.11,Module 2,ENSG00000169992,NLGN2,protein_coding
ENSG00000185361.11,Module 1,ENSG00000185361,TNFAIP8L1,protein_coding
ENSG00000084731.17,Module 4,ENSG00000084731,KIF3C,protein_coding
ENSG00000121417.16,Module 4,ENSG00000121417,ZNF211,protein_coding
ENSG00000128683.16,Module 1,ENSG00000128683,GAD1,protein_coding
ENSG00000160588.11,Module 6,ENSG00000160588,MPZL3,protein_coding
ENSG00000140451.15,Module 1,ENSG00000140451,PIF1,protein_coding
ENSG00000167996.18,Module 2,ENSG00000167996,FTH1,protein_coding
ENSG00000129219.16,Module 1,ENSG00000129219,PLD2,protein_coding
ENSG00000197852.13,Module 2,ENSG00000197852,INKA2,protein_coding
ENSG00000167131.19,Module 1,ENSG00000167131,DNAAF19,protein_coding
ENSG00000117226.15,Module 5,ENSG00000117226,GBP3,protein_coding
ENSG00000110171.22,Module 1,ENSG00000110171,TRIM3,protein_coding
ENSG00000213563.8,Module 1,ENSG00000213563,C8orf82,protein_coding
ENSG00000243477.8,Module 1,ENSG00000243477,NAA80,protein_coding
ENSG00000100299.20,Module 2,ENSG00000100299,ARSA,protein_coding
ENSG00000080854.17,Module 6,ENSG00000080854,IGSF9B,protein_coding
ENSG00000197603.18,Module 1,ENSG00000197603,CPLANE1,protein_coding
ENSG00000197959.16,Module 1,ENSG00000197959,DNM3,protein_coding
ENSG00000242574.11,Module 1,ENSG00000242574,HLA-DMB,protein_coding
ENSG00000204642.16,Module 2,ENSG00000204642,HLA-F,protein_coding
ENSG00000214756.9,Module 1,ENSG00000214756,CSKMT,protein_coding
ENSG00000120899.20,Module 6,ENSG00000120899,PTK2B,protein_coding
ENSG00000090238.14,Module 2,ENSG00000090238,YPEL3,protein_coding
ENSG00000137825.13,Module 1,ENSG00000137825,ITPKA,protein_coding
ENSG00000160867.17,Module 1,ENSG00000160867,FGFR4,protein_coding
ENSG00000169989.5,Module 4,ENSG00000169989,TIGD4,protein_coding
ENSG00000187801.17,Module 1,ENSG00000187801,ZFP69B,protein_coding
ENSG00000286219.3,Module 4,ENSG00000286219,NOTCH2NLC,protein_coding
ENSG00000169239.16,Module 5,ENSG00000169239,CA5B,protein_coding
ENSG00000232859.12,Module 1,ENSG00000232859,LYRM9,protein_coding
ENSG00000100906.14,Module 1,ENSG00000100906,NFKBIA,protein_coding
ENSG00000165424.9,Module 5,ENSG00000165424,ZCCHC24,protein_coding
ENSG00000196118.14,Module 4,ENSG00000196118,CFAP119,protein_coding
ENSG00000019582.19,Module 2,ENSG00000019582,CD74,protein_coding
ENSG00000118690.15,Module 4,ENSG00000118690,ARMC2,protein_coding
ENSG00000269720.4,Module 1,ENSG00000269720,CCDC194,protein_coding
ENSG00000185522.11,Module 1,ENSG00000185522,LMNTD2,protein_coding
ENSG00000161048.14,Module 4,ENSG00000161048,NAPEPLD,protein_coding
ENSG00000105672.16,Module 1,ENSG00000105672,ETV2,protein_coding
ENSG00000141294.11,Module 4,ENSG00000141294,LRRC46,protein_coding
ENSG00000090339.11,Module 1,ENSG00000090339,ICAM1,protein_coding
ENSG00000135114.15,Module 1,ENSG00000135114,OASL,protein_coding
ENSG00000128965.14,Module 2,ENSG00000128965,CHAC1,protein_coding
ENSG00000174945.16,Module 1,ENSG00000174945,AMZ1,protein_coding
ENSG00000173531.17,Module 1,ENSG00000173531,MST1,protein_coding
ENSG00000182853.13,Module 1,ENSG00000182853,VMO1,protein_coding
ENSG00000178821.15,Module 1,ENSG00000178821,TMEM52,protein_coding
ENSG00000177076.7,Module 2,ENSG00000177076,ACER2,protein_coding
ENSG00000149926.16,Module 1,ENSG00000149926,TLCD3B,protein_coding
ENSG00000257108.3,Module 1,ENSG00000257108,NHLRC4,protein_coding
ENSG00000138400.14,Module 1,ENSG00000138400,MDH1B,protein_coding
ENSG00000172058.18,Module 1,ENSG00000172058,SERF1A,protein_coding
ENSG00000183054.15,Module 1,ENSG00000183054,RGPD6,protein_coding
ENSG00000124743.7,Module 4,ENSG00000124743,KLHL31,protein_coding
ENSG00000163666.12,Module 4,ENSG00000163666,HESX1,protein_coding
ENSG00000173432.14,Module 1,ENSG00000173432,SAA1,protein_coding
ENSG00000121211.10,Module 5,ENSG00000121211,MND1,protein_coding
ENSG00000228049.9,Module 4,ENSG00000228049,POLR2J2,protein_coding
ENSG00000049768.20,Module 1,ENSG00000049768,FOXP3,protein_coding
ENSG00000105219.12,Module 2,ENSG00000105219,CCNP,protein_coding
ENSG00000139055.8,Module 6,ENSG00000139055,ERP27,protein_coding
ENSG00000075643.8,Module 1,ENSG00000075643,MOCOS,protein_coding
ENSG00000172803.20,Module 5,ENSG00000172803,SNX32,protein_coding
ENSG00000160161.11,Module 1,ENSG00000160161,CILP2,protein_coding
ENSG00000196388.11,Module 5,ENSG00000196388,INCA1,protein_coding
ENSG00000180209.14,Module 5,ENSG00000180209,MYL11,protein_coding
ENSG00000196557.15,Module 4,ENSG00000196557,CACNA1H,protein_coding
ENSG00000171056.9,Module 1,ENSG00000171056,SOX7,protein_coding
ENSG00000104888.12,Module 1,ENSG00000104888,SLC17A7,protein_coding
ENSG00000119698.14,Module 2,ENSG00000119698,PPP4R4,protein_coding
ENSG00000008516.21,Module 5,ENSG00000008516,MMP25,protein_coding
ENSG00000168671.12,Module 4,ENSG00000168671,UGT3A2,protein_coding
ENSG00000162643.15,Module 1,ENSG00000162643,DNAI3,protein_coding
ENSG00000164849.12,Module 4,ENSG00000164849,GPR146,protein_coding
ENSG00000078814.21,Module 2,ENSG00000078814,MYH7B,protein_coding
ENSG00000151632.20,Module 1,ENSG00000151632,AKR1C2,protein_coding
ENSG00000205702.14,Module 4,ENSG00000205702,CYP2D7,protein_coding
ENSG00000010671.20,Module 5,ENSG00000010671,BTK,protein_coding
ENSG00000108576.12,Module 1,ENSG00000108576,SLC6A4,protein_coding
ENSG00000172508.13,Module 6,ENSG00000172508,CARNS1,protein_coding
ENSG00000198598.9,Module 5,ENSG00000198598,MMP17,protein_coding
ENSG00000284934.3,Module 5,ENSG00000284934,ENSG00000284934,protein_coding
ENSG00000180245.7,Module 4,ENSG00000180245,RRH,protein_coding
ENSG00000145860.14,Module 1,ENSG00000145860,RNF145,protein_coding
ENSG00000013306.18,Module 4,ENSG00000013306,SLC25A39,protein_coding
ENSG00000101856.12,Module 1,ENSG00000101856,PGRMC1,protein_coding
ENSG00000274070.3,Module 4,ENSG00000274070,CASTOR2,protein_coding
ENSG00000126432.16,Module 2,ENSG00000126432,PRDX5,protein_coding
ENSG00000113719.19,Module 4,ENSG00000113719,ERGIC1,protein_coding
ENSG00000165283.18,Module 1,ENSG00000165283,STOML2,protein_coding
ENSG00000145495.19,Module 2,ENSG00000145495,MARCHF6,protein_coding
ENSG00000213064.12,Module 4,ENSG00000213064,SFT2D2,protein_coding
ENSG00000211455.10,Module 2,ENSG00000211455,STK38L,protein_coding
ENSG00000177105.12,Module 1,ENSG00000177105,RHOG,protein_coding
ENSG00000173744.20,Module 1,ENSG00000173744,AGFG1,protein_coding
ENSG00000109762.19,Module 4,ENSG00000109762,SNX25,protein_coding
ENSG00000172269.22,Module 1,ENSG00000172269,DPAGT1,protein_coding
ENSG00000150093.22,Module 4,ENSG00000150093,ITGB1,protein_coding
ENSG00000263465.5,Module 1,ENSG00000263465,SRSF8,protein_coding
ENSG00000170265.14,Module 1,ENSG00000170265,ZNF282,protein_coding
ENSG00000197746.17,Module 4,ENSG00000197746,PSAP,protein_coding
ENSG00000185262.11,Module 4,ENSG00000185262,UBALD2,protein_coding
ENSG00000205268.13,Module 4,ENSG00000205268,PDE7A,protein_coding
ENSG00000123600.23,Module 1,ENSG00000123600,METTL8,protein_coding
ENSG00000162702.10,Module 4,ENSG00000162702,ZNF281,protein_coding
ENSG00000116406.22,Module 4,ENSG00000116406,EDEM3,protein_coding
ENSG00000183605.19,Module 1,ENSG00000183605,SFXN4,protein_coding
ENSG00000058668.18,Module 4,ENSG00000058668,ATP2B4,protein_coding
ENSG00000070882.15,Module 5,ENSG00000070882,OSBPL3,protein_coding
ENSG00000103494.18,Module 4,ENSG00000103494,RPGRIP1L,protein_coding
ENSG00000140718.24,Module 4,ENSG00000140718,FTO,protein_coding
ENSG00000133195.14,Module 1,ENSG00000133195,SLC39A11,protein_coding
ENSG00000122965.13,Module 1,ENSG00000122965,RBM19,protein_coding
ENSG00000100147.17,Module 4,ENSG00000100147,CCDC134,protein_coding
ENSG00000160685.16,Module 2,ENSG00000160685,ZBTB7B,protein_coding
ENSG00000203485.16,Module 1,ENSG00000203485,INF2,protein_coding
ENSG00000177732.9,Module 4,ENSG00000177732,SOX12,protein_coding
ENSG00000151327.16,Module 1,ENSG00000151327,FAM177A1,protein_coding
ENSG00000124181.17,Module 4,ENSG00000124181,PLCG1,protein_coding
ENSG00000114999.10,Module 1,ENSG00000114999,TTL,protein_coding
ENSG00000100889.14,Module 1,ENSG00000100889,PCK2,protein_coding
ENSG00000140948.14,Module 4,ENSG00000140948,ZCCHC14,protein_coding
ENSG00000151729.13,Module 4,ENSG00000151729,SLC25A4,protein_coding
ENSG00000162885.16,Module 4,ENSG00000162885,B3GALNT2,protein_coding
ENSG00000170364.15,Module 5,ENSG00000170364,SETMAR,protein_coding
ENSG00000124151.21,Module 2,ENSG00000124151,NCOA3,protein_coding
ENSG00000126391.16,Module 4,ENSG00000126391,FRMD8,protein_coding
ENSG00000136068.18,Module 1,ENSG00000136068,FLNB,protein_coding
ENSG00000187764.14,Module 1,ENSG00000187764,SEMA4D,protein_coding
ENSG00000005156.14,Module 4,ENSG00000005156,LIG3,protein_coding
ENSG00000143158.13,Module 4,ENSG00000143158,MPC2,protein_coding
ENSG00000112561.21,Module 4,ENSG00000112561,TFEB,protein_coding
ENSG00000141298.20,Module 4,ENSG00000141298,SSH2,protein_coding
ENSG00000172375.16,Module 1,ENSG00000172375,C2CD2L,protein_coding
ENSG00000149428.23,Module 1,ENSG00000149428,HYOU1,protein_coding
ENSG00000090661.15,Module 1,ENSG00000090661,CERS4,protein_coding
ENSG00000106392.13,Module 4,ENSG00000106392,C1GALT1,protein_coding
ENSG00000198189.13,Module 1,ENSG00000198189,HSD17B11,protein_coding
ENSG00000164916.13,Module 2,ENSG00000164916,FOXK1,protein_coding
ENSG00000081913.16,Module 2,ENSG00000081913,PHLPP1,protein_coding
ENSG00000109775.13,Module 4,ENSG00000109775,UFSP2,protein_coding
ENSG00000077238.16,Module 1,ENSG00000077238,IL4R,protein_coding
ENSG00000099246.21,Module 1,ENSG00000099246,RAB18,protein_coding
ENSG00000130338.14,Module 4,ENSG00000130338,TULP4,protein_coding
ENSG00000115392.15,Module 4,ENSG00000115392,FANCL,protein_coding
ENSG00000160703.19,Module 1,ENSG00000160703,NLRX1,protein_coding
ENSG00000109103.14,Module 1,ENSG00000109103,UNC119,protein_coding
ENSG00000107331.20,Module 2,ENSG00000107331,ABCA2,protein_coding
ENSG00000164172.22,Module 4,ENSG00000164172,MOCS2,protein_coding
ENSG00000189319.16,Module 4,ENSG00000189319,FAM53B,protein_coding
ENSG00000196792.14,Module 1,ENSG00000196792,STRN3,protein_coding
ENSG00000196535.22,Module 1,ENSG00000196535,MYO18A,protein_coding
ENSG00000198740.11,Module 4,ENSG00000198740,ZNF652,protein_coding
ENSG00000131187.13,Module 2,ENSG00000131187,F12,protein_coding
ENSG00000204272.15,Module 1,ENSG00000204272,NBDY,protein_coding
ENSG00000100908.16,Module 1,ENSG00000100908,EMC9,protein_coding
ENSG00000221963.8,Module 1,ENSG00000221963,APOL6,protein_coding
ENSG00000108175.21,Module 1,ENSG00000108175,ZMIZ1,protein_coding
ENSG00000169016.19,Module 4,ENSG00000169016,E2F6,protein_coding
ENSG00000181690.10,Module 4,ENSG00000181690,PLAG1,protein_coding
ENSG00000129518.12,Module 1,ENSG00000129518,EAPP,protein_coding
ENSG00000163346.19,Module 4,ENSG00000163346,PBXIP1,protein_coding
ENSG00000008517.21,Module 5,ENSG00000008517,IL32,protein_coding
ENSG00000013583.12,Module 4,ENSG00000013583,HEBP1,protein_coding
ENSG00000159399.12,Module 1,ENSG00000159399,HK2,protein_coding
ENSG00000090674.18,Module 4,ENSG00000090674,MCOLN1,protein_coding
ENSG00000163492.18,Module 1,ENSG00000163492,CCDC141,protein_coding
ENSG00000108515.20,Module 2,ENSG00000108515,ENO3,protein_coding
ENSG00000105464.5,Module 1,ENSG00000105464,GRIN2D,protein_coding
ENSG00000118096.11,Module 1,ENSG00000118096,IFT46,protein_coding
ENSG00000111877.20,Module 4,ENSG00000111877,MCM9,protein_coding
ENSG00000136643.14,Module 4,ENSG00000136643,RPS6KC1,protein_coding
ENSG00000177888.10,Module 4,ENSG00000177888,ZBTB41,protein_coding
ENSG00000117262.21,Module 2,ENSG00000117262,GPR89A,protein_coding
ENSG00000141384.15,Module 1,ENSG00000141384,TAF4B,protein_coding
ENSG00000179361.20,Module 4,ENSG00000179361,ARID3B,protein_coding
ENSG00000018189.15,Module 4,ENSG00000018189,RUFY3,protein_coding
ENSG00000162616.11,Module 2,ENSG00000162616,DNAJB4,protein_coding
ENSG00000173480.12,Module 4,ENSG00000173480,ZNF417,protein_coding
ENSG00000185220.14,Module 4,ENSG00000185220,PGBD2,protein_coding
ENSG00000167074.17,Module 2,ENSG00000167074,TEF,protein_coding
ENSG00000149115.16,Module 4,ENSG00000149115,TNKS1BP1,protein_coding
ENSG00000219545.14,Module 4,ENSG00000219545,UMAD1,protein_coding
ENSG00000157326.21,Module 1,ENSG00000157326,DHRS4,protein_coding
ENSG00000149177.16,Module 4,ENSG00000149177,PTPRJ,protein_coding
ENSG00000184083.13,Module 5,ENSG00000184083,FAM120C,protein_coding
ENSG00000249915.11,Module 4,ENSG00000249915,PDCD6,protein_coding
ENSG00000130766.7,Module 1,ENSG00000130766,SESN2,protein_coding
ENSG00000185278.18,Module 2,ENSG00000185278,ZBTB37,protein_coding
ENSG00000167550.13,Module 1,ENSG00000167550,RHEBL1,protein_coding
ENSG00000105866.17,Module 4,ENSG00000105866,SP4,protein_coding
ENSG00000133111.5,Module 1,ENSG00000133111,RFXAP,protein_coding
ENSG00000174738.16,Module 4,ENSG00000174738,NR1D2,protein_coding
ENSG00000129667.15,Module 1,ENSG00000129667,RHBDF2,protein_coding
ENSG00000203666.15,Module 4,ENSG00000203666,DRC8,protein_coding
ENSG00000104863.14,Module 2,ENSG00000104863,LIN7B,protein_coding
ENSG00000070371.18,Module 4,ENSG00000070371,CLTCL1,protein_coding
ENSG00000179029.17,Module 1,ENSG00000179029,TMEM107,protein_coding
ENSG00000171160.20,Module 1,ENSG00000171160,MORN4,protein_coding
ENSG00000129493.17,Module 1,ENSG00000129493,HEATR5A,protein_coding
ENSG00000139629.18,Module 5,ENSG00000139629,GALNT6,protein_coding
ENSG00000108187.18,Module 1,ENSG00000108187,PBLD,protein_coding
ENSG00000023445.19,Module 1,ENSG00000023445,BIRC3,protein_coding
ENSG00000176842.18,Module 2,ENSG00000176842,IRX5,protein_coding
ENSG00000165879.9,Module 4,ENSG00000165879,FRAT1,protein_coding
ENSG00000169499.17,Module 4,ENSG00000169499,PLEKHA2,protein_coding
ENSG00000068137.17,Module 2,ENSG00000068137,PLEKHH3,protein_coding
ENSG00000143178.13,Module 4,ENSG00000143178,TBX19,protein_coding
ENSG00000105982.19,Module 1,ENSG00000105982,RNF32,protein_coding
ENSG00000164362.23,Module 4,ENSG00000164362,TERT,protein_coding
ENSG00000284691.3,Module 4,ENSG00000284691,ENSG00000284691,protein_coding
ENSG00000006432.18,Module 4,ENSG00000006432,MAP3K9,protein_coding
ENSG00000167065.16,Module 4,ENSG00000167065,DUSP18,protein_coding
ENSG00000126790.14,Module 1,ENSG00000126790,L3HYPDH,protein_coding
ENSG00000204516.11,Module 2,ENSG00000204516,MICB,protein_coding
ENSG00000112320.14,Module 5,ENSG00000112320,SOBP,protein_coding
ENSG00000186352.10,Module 4,ENSG00000186352,ANKRD37,protein_coding
ENSG00000076944.19,Module 4,ENSG00000076944,STXBP2,protein_coding
ENSG00000285589.1,Module 4,ENSG00000285589,ENSG00000285589,protein_coding
ENSG00000130589.16,Module 4,ENSG00000130589,HELZ2,protein_coding
ENSG00000137496.21,Module 4,ENSG00000137496,IL18BP,protein_coding
ENSG00000206530.12,Module 4,ENSG00000206530,CFAP44,protein_coding
ENSG00000164898.14,Module 1,ENSG00000164898,FMC1,protein_coding
ENSG00000163406.13,Module 4,ENSG00000163406,SLC15A2,protein_coding
ENSG00000102554.16,Module 1,ENSG00000102554,KLF5,protein_coding
ENSG00000112303.15,Module 4,ENSG00000112303,VNN2,protein_coding
ENSG00000278023.8,Module 1,ENSG00000278023,RDM1,protein_coding
ENSG00000137343.20,Module 1,ENSG00000137343,ATAT1,protein_coding
ENSG00000075426.14,Module 4,ENSG00000075426,FOSL2,protein_coding
ENSG00000150667.10,Module 4,ENSG00000150667,FSIP1,protein_coding
ENSG00000125266.10,Module 4,ENSG00000125266,EFNB2,protein_coding
ENSG00000130653.18,Module 1,ENSG00000130653,PNPLA7,protein_coding
ENSG00000163157.17,Module 4,ENSG00000163157,TMOD4,protein_coding
ENSG00000204514.12,Module 4,ENSG00000204514,ZNF814,protein_coding
ENSG00000168255.20,Module 4,ENSG00000168255,POLR2J3,protein_coding
ENSG00000154914.19,Module 1,ENSG00000154914,USP43,protein_coding
ENSG00000186280.8,Module 1,ENSG00000186280,KDM4D,protein_coding
ENSG00000103852.15,Module 5,ENSG00000103852,TTC23,protein_coding
ENSG00000139160.15,Module 2,ENSG00000139160,ETFBKMT,protein_coding
ENSG00000160318.6,Module 1,ENSG00000160318,CLDND2,protein_coding
ENSG00000285437.4,Module 4,ENSG00000285437,POLR2J3,protein_coding
ENSG00000109771.18,Module 4,ENSG00000109771,LRP2BP,protein_coding
ENSG00000213782.9,Module 4,ENSG00000213782,DDX47,protein_coding
ENSG00000157992.14,Module 4,ENSG00000157992,KRTCAP3,protein_coding
ENSG00000135436.8,Module 1,ENSG00000135436,FAM186B,protein_coding
ENSG00000129167.12,Module 4,ENSG00000129167,TPH1,protein_coding
ENSG00000187838.19,Module 1,ENSG00000187838,PLSCR3,protein_coding
ENSG00000143127.15,Module 1,ENSG00000143127,ITGA10,protein_coding
ENSG00000111644.9,Module 2,ENSG00000111644,ACRBP,protein_coding
ENSG00000244219.9,Module 5,ENSG00000244219,TMEM225B,protein_coding
ENSG00000261308.6,Module 1,ENSG00000261308,FIGNL2,protein_coding
ENSG00000130518.20,Module 1,ENSG00000130518,IQCN,protein_coding
ENSG00000188761.14,Module 4,ENSG00000188761,BCL2L15,protein_coding
ENSG00000114378.19,Module 4,ENSG00000114378,HYAL1,protein_coding
ENSG00000139637.16,Module 5,ENSG00000139637,MYG1,protein_coding
ENSG00000174788.11,Module 4,ENSG00000174788,PCP2,protein_coding
ENSG00000117009.14,Module 2,ENSG00000117009,KMO,protein_coding
ENSG00000161082.15,Module 1,ENSG00000161082,CELF5,protein_coding
ENSG00000277150.2,Module 2,ENSG00000277150,F8A3,protein_coding
ENSG00000137960.8,Module 4,ENSG00000137960,GIPC2,protein_coding
ENSG00000018280.20,Module 6,ENSG00000018280,SLC11A1,protein_coding
ENSG00000271698.1,Module 4,ENSG00000271698,ENSG00000271698,protein_coding
ENSG00000155530.5,Module 1,ENSG00000155530,LRGUK,protein_coding
ENSG00000105523.6,Module 1,ENSG00000105523,FAM83E,protein_coding
ENSG00000128218.9,Module 1,ENSG00000128218,VPREB3,protein_coding
ENSG00000172062.19,Module 6,ENSG00000172062,SMN1,protein_coding
ENSG00000277775.2,Module 4,ENSG00000277775,H3C7,protein_coding
ENSG00000258947.9,Module 1,ENSG00000258947,TUBB3,protein_coding
ENSG00000089101.21,Module 1,ENSG00000089101,CFAP61,protein_coding
ENSG00000133398.6,Module 2,ENSG00000133398,MED10,protein_coding
ENSG00000038382.24,Module 2,ENSG00000038382,TRIO,protein_coding
ENSG00000061794.15,Module 2,ENSG00000061794,MRPS35,protein_coding
ENSG00000171490.15,Module 6,ENSG00000171490,RSL1D1,protein_coding
ENSG00000111676.17,Module 2,ENSG00000111676,ATN1,protein_coding
ENSG00000111726.15,Module 2,ENSG00000111726,CMAS,protein_coding
ENSG00000168724.20,Module 2,ENSG00000168724,DNAJC21,protein_coding
ENSG00000135912.13,Module 5,ENSG00000135912,TTLL4,protein_coding
ENSG00000178996.16,Module 2,ENSG00000178996,SNX18,protein_coding
ENSG00000123106.13,Module 2,ENSG00000123106,CCDC91,protein_coding
ENSG00000115325.16,Module 2,ENSG00000115325,DOK1,protein_coding
ENSG00000116017.13,Module 5,ENSG00000116017,ARID3A,protein_coding
ENSG00000165476.16,Module 3,ENSG00000165476,REEP3,protein_coding
ENSG00000068650.21,Module 5,ENSG00000068650,ATP11A,protein_coding
ENSG00000171456.24,Module 2,ENSG00000171456,ASXL1,protein_coding
ENSG00000099804.11,Module 5,ENSG00000099804,CDC34,protein_coding
ENSG00000128524.6,Module 5,ENSG00000128524,ATP6V1F,protein_coding
ENSG00000143390.20,Module 2,ENSG00000143390,RFX5,protein_coding
ENSG00000101608.15,Module 5,ENSG00000101608,MYL12A,protein_coding
ENSG00000106829.23,Module 2,ENSG00000106829,TLE4,protein_coding
ENSG00000082213.20,Module 2,ENSG00000082213,C5orf22,protein_coding
ENSG00000138600.13,Module 2,ENSG00000138600,SPPL2A,protein_coding
ENSG00000100075.12,Module 2,ENSG00000100075,SLC25A1,protein_coding
ENSG00000125746.20,Module 2,ENSG00000125746,EML2,protein_coding
ENSG00000100599.18,Module 5,ENSG00000100599,RIN3,protein_coding
ENSG00000108961.16,Module 5,ENSG00000108961,RANGRF,protein_coding
ENSG00000116539.15,Module 2,ENSG00000116539,ASH1L,protein_coding
ENSG00000101350.10,Module 2,ENSG00000101350,KIF3B,protein_coding
ENSG00000169826.10,Module 5,ENSG00000169826,CSGALNACT2,protein_coding
ENSG00000149679.14,Module 2,ENSG00000149679,CABLES2,protein_coding
ENSG00000135090.16,Module 5,ENSG00000135090,TAOK3,protein_coding
ENSG00000182173.16,Module 5,ENSG00000182173,TSEN54,protein_coding
ENSG00000182718.20,Module 2,ENSG00000182718,ANXA2,protein_coding
ENSG00000128595.19,Module 5,ENSG00000128595,CALU,protein_coding
ENSG00000111348.11,Module 6,ENSG00000111348,ARHGDIB,protein_coding
ENSG00000113407.16,Module 2,ENSG00000113407,TARS1,protein_coding
ENSG00000087502.21,Module 2,ENSG00000087502,ERGIC2,protein_coding
ENSG00000152332.18,Module 2,ENSG00000152332,UHMK1,protein_coding
ENSG00000100422.16,Module 2,ENSG00000100422,CERK,protein_coding
ENSG00000100596.10,Module 5,ENSG00000100596,SPTLC2,protein_coding
ENSG00000161091.17,Module 5,ENSG00000161091,MFSD12,protein_coding
ENSG00000137038.10,Module 5,ENSG00000137038,DMAC1,protein_coding
ENSG00000163344.8,Module 2,ENSG00000163344,PMVK,protein_coding
ENSG00000134575.15,Module 2,ENSG00000134575,ACP2,protein_coding
ENSG00000109861.19,Module 2,ENSG00000109861,CTSC,protein_coding
ENSG00000138386.19,Module 2,ENSG00000138386,NAB1,protein_coding
ENSG00000087448.13,Module 2,ENSG00000087448,KLHL42,protein_coding
ENSG00000104774.16,Module 2,ENSG00000104774,MAN2B1,protein_coding
ENSG00000119599.20,Module 5,ENSG00000119599,DCAF4,protein_coding
ENSG00000099910.19,Module 2,ENSG00000099910,KLHL22,protein_coding
ENSG00000131788.18,Module 2,ENSG00000131788,PIAS3,protein_coding
ENSG00000069849.13,Module 5,ENSG00000069849,ATP1B3,protein_coding
ENSG00000065357.22,Module 5,ENSG00000065357,DGKA,protein_coding
ENSG00000110876.13,Module 5,ENSG00000110876,SELPLG,protein_coding
ENSG00000167543.18,Module 2,ENSG00000167543,TP53I13,protein_coding
ENSG00000164187.9,Module 2,ENSG00000164187,LMBRD2,protein_coding
ENSG00000131013.6,Module 6,ENSG00000131013,PPIL4,protein_coding
ENSG00000107890.19,Module 6,ENSG00000107890,ANKRD26,protein_coding
ENSG00000143862.10,Module 2,ENSG00000143862,ARL8A,protein_coding
ENSG00000167969.15,Module 2,ENSG00000167969,ECI1,protein_coding
ENSG00000175040.7,Module 5,ENSG00000175040,CHST2,protein_coding
ENSG00000152944.11,Module 2,ENSG00000152944,MED21,protein_coding
ENSG00000087460.30,Module 2,ENSG00000087460,GNAS,protein_coding
ENSG00000183354.13,Module 2,ENSG00000183354,BRD10,protein_coding
ENSG00000150756.16,Module 2,ENSG00000150756,ATPSCKMT,protein_coding
ENSG00000138175.11,Module 2,ENSG00000138175,ARL3,protein_coding
ENSG00000065485.22,Module 5,ENSG00000065485,PDIA5,protein_coding
ENSG00000145545.15,Module 2,ENSG00000145545,SRD5A1,protein_coding
ENSG00000186073.16,Module 2,ENSG00000186073,CDIN1,protein_coding
ENSG00000133056.16,Module 2,ENSG00000133056,PIK3C2B,protein_coding
ENSG00000104714.16,Module 6,ENSG00000104714,ERICH1,protein_coding
ENSG00000115486.15,Module 2,ENSG00000115486,GGCX,protein_coding
ENSG00000168918.15,Module 6,ENSG00000168918,INPP5D,protein_coding
ENSG00000171861.13,Module 5,ENSG00000171861,MRM3,protein_coding
ENSG00000159753.16,Module 6,ENSG00000159753,CARMIL2,protein_coding
ENSG00000104856.16,Module 2,ENSG00000104856,RELB,protein_coding
ENSG00000110080.22,Module 5,ENSG00000110080,ST3GAL4,protein_coding
ENSG00000111875.10,Module 6,ENSG00000111875,ASF1A,protein_coding
ENSG00000074855.12,Module 2,ENSG00000074855,ANO8,protein_coding
ENSG00000165102.17,Module 2,ENSG00000165102,HGSNAT,protein_coding
ENSG00000134278.18,Module 2,ENSG00000134278,SPIRE1,protein_coding
ENSG00000101187.18,Module 5,ENSG00000101187,SLCO4A1,protein_coding
ENSG00000034693.17,Module 6,ENSG00000034693,PEX3,protein_coding
ENSG00000126870.18,Module 6,ENSG00000126870,DYNC2I1,protein_coding
ENSG00000182197.14,Module 2,ENSG00000182197,EXT1,protein_coding
ENSG00000130675.16,Module 5,ENSG00000130675,MNX1,protein_coding
ENSG00000145743.19,Module 2,ENSG00000145743,FBXL17,protein_coding
ENSG00000162062.17,Module 3,ENSG00000162062,TEDC2,protein_coding
ENSG00000177595.20,Module 2,ENSG00000177595,PIDD1,protein_coding
ENSG00000136052.12,Module 2,ENSG00000136052,SLC41A2,protein_coding
ENSG00000128881.20,Module 2,ENSG00000128881,TTBK2,protein_coding
ENSG00000137802.17,Module 2,ENSG00000137802,MAPKBP1,protein_coding
ENSG00000100814.21,Module 5,ENSG00000100814,CCNB1IP1,protein_coding
ENSG00000100027.18,Module 2,ENSG00000100027,YPEL1,protein_coding
ENSG00000133627.20,Module 5,ENSG00000133627,ACTR3B,protein_coding
ENSG00000176171.14,Module 6,ENSG00000176171,BNIP3,protein_coding
ENSG00000143669.17,Module 2,ENSG00000143669,LYST,protein_coding
ENSG00000171943.14,Module 2,ENSG00000171943,SRGAP2C,protein_coding
ENSG00000004777.20,Module 2,ENSG00000004777,ARHGAP33,protein_coding
ENSG00000035403.20,Module 5,ENSG00000035403,VCL,protein_coding
ENSG00000046647.17,Module 5,ENSG00000046647,GEMIN8,protein_coding
ENSG00000183150.10,Module 2,ENSG00000183150,GPR19,protein_coding
ENSG00000181035.16,Module 5,ENSG00000181035,SLC25A42,protein_coding
ENSG00000219481.11,Module 6,ENSG00000219481,NBPF1,protein_coding
ENSG00000105649.12,Module 5,ENSG00000105649,RAB3A,protein_coding
ENSG00000101695.12,Module 5,ENSG00000101695,RNF125,protein_coding
ENSG00000177854.10,Module 2,ENSG00000177854,TMEM187,protein_coding
ENSG00000130827.8,Module 2,ENSG00000130827,PLXNA3,protein_coding
ENSG00000182134.19,Module 2,ENSG00000182134,TDRKH,protein_coding
ENSG00000275832.6,Module 2,ENSG00000275832,ARHGAP23,protein_coding
ENSG00000130066.18,Module 6,ENSG00000130066,SAT1,protein_coding
ENSG00000141401.14,Module 5,ENSG00000141401,IMPA2,protein_coding
ENSG00000108474.18,Module 6,ENSG00000108474,PIGL,protein_coding
ENSG00000186174.15,Module 5,ENSG00000186174,BCL9L,protein_coding
ENSG00000197375.16,Module 5,ENSG00000197375,SLC22A5,protein_coding
ENSG00000170689.11,Module 2,ENSG00000170689,HOXB9,protein_coding
ENSG00000112293.17,Module 2,ENSG00000112293,GPLD1,protein_coding
ENSG00000171914.19,Module 6,ENSG00000171914,TLN2,protein_coding
ENSG00000139173.12,Module 2,ENSG00000139173,TMEM117,protein_coding
ENSG00000231925.16,Module 1,ENSG00000231925,TAPBP,protein_coding
ENSG00000185880.16,Module 2,ENSG00000185880,TRIM69,protein_coding
ENSG00000075399.16,Module 2,ENSG00000075399,VPS9D1,protein_coding
ENSG00000170270.7,Module 6,ENSG00000170270,GON7,protein_coding
ENSG00000100307.15,Module 2,ENSG00000100307,CBX7,protein_coding
ENSG00000204334.9,Module 2,ENSG00000204334,ERICH2,protein_coding
ENSG00000174628.19,Module 5,ENSG00000174628,IQCK,protein_coding
ENSG00000142235.14,Module 6,ENSG00000142235,LMTK3,protein_coding
ENSG00000132141.16,Module 2,ENSG00000132141,CCT6B,protein_coding
ENSG00000112290.15,Module 6,ENSG00000112290,WASF1,protein_coding
ENSG00000167566.19,Module 5,ENSG00000167566,NCKAP5L,protein_coding
ENSG00000185513.19,Module 2,ENSG00000185513,L3MBTL1,protein_coding
ENSG00000165113.15,Module 2,ENSG00000165113,GKAP1,protein_coding
ENSG00000025434.21,Module 5,ENSG00000025434,NR1H3,protein_coding
ENSG00000174529.7,Module 2,ENSG00000174529,TMEM81,protein_coding
ENSG00000188613.8,Module 2,ENSG00000188613,NANOS1,protein_coding
ENSG00000144026.16,Module 2,ENSG00000144026,ZNF514,protein_coding
ENSG00000092295.14,Module 2,ENSG00000092295,TGM1,protein_coding
ENSG00000185100.14,Module 2,ENSG00000185100,ADSS1,protein_coding
ENSG00000273045.9,Module 5,ENSG00000273045,C2orf15,protein_coding
ENSG00000133466.16,Module 2,ENSG00000133466,C1QTNF6,protein_coding
ENSG00000172361.8,Module 2,ENSG00000172361,CFAP53,protein_coding
ENSG00000153832.14,Module 5,ENSG00000153832,FBXO36,protein_coding
ENSG00000148832.18,Module 2,ENSG00000148832,PAOX,protein_coding
ENSG00000213928.12,Module 2,ENSG00000213928,IRF9,protein_coding
ENSG00000184678.11,Module 2,ENSG00000184678,H2BC21,protein_coding
ENSG00000269313.8,Module 2,ENSG00000269313,MAGIX,protein_coding
ENSG00000204257.17,Module 2,ENSG00000204257,HLA-DMA,protein_coding
ENSG00000140905.13,Module 5,ENSG00000140905,GCSH,protein_coding
ENSG00000182308.7,Module 2,ENSG00000182308,DCAF4L1,protein_coding
ENSG00000100918.16,Module 2,ENSG00000100918,REC8,protein_coding
ENSG00000130702.16,Module 2,ENSG00000130702,LAMA5,protein_coding
ENSG00000214954.9,Module 2,ENSG00000214954,LRRC69,protein_coding
ENSG00000196220.18,Module 5,ENSG00000196220,SRGAP3,protein_coding
ENSG00000174564.15,Module 2,ENSG00000174564,IL20RB,protein_coding
ENSG00000204624.10,Module 2,ENSG00000204624,DISP3,protein_coding
ENSG00000173486.15,Module 2,ENSG00000173486,FKBP2,protein_coding
ENSG00000188996.5,Module 2,ENSG00000188996,HUS1B,protein_coding
ENSG00000134183.15,Module 5,ENSG00000134183,GNAT2,protein_coding
ENSG00000181408.7,Module 6,ENSG00000181408,UTS2R,protein_coding
ENSG00000085514.17,Module 5,ENSG00000085514,PILRA,protein_coding
ENSG00000242028.10,Module 2,ENSG00000242028,HYPK,protein_coding
ENSG00000166341.10,Module 5,ENSG00000166341,DCHS1,protein_coding
ENSG00000124466.9,Module 5,ENSG00000124466,LYPD3,protein_coding
ENSG00000172159.18,Module 2,ENSG00000172159,FRMD3,protein_coding
ENSG00000186051.8,Module 2,ENSG00000186051,TAL2,protein_coding
ENSG00000137434.14,Module 6,ENSG00000137434,C6orf52,protein_coding
ENSG00000176597.14,Module 2,ENSG00000176597,B3GNT5,protein_coding
ENSG00000198870.9,Module 2,ENSG00000198870,STKLD1,protein_coding
ENSG00000183979.9,Module 2,ENSG00000183979,NPB,protein_coding
ENSG00000128298.20,Module 2,ENSG00000128298,BAIAP2L2,protein_coding
ENSG00000125841.16,Module 2,ENSG00000125841,NRSN2,protein_coding
ENSG00000197766.11,Module 5,ENSG00000197766,CFD,protein_coding
