ID,Description,setSize,enrichmentScore,NES,pvalue,p.adjust,qvalue,rank,leading_edge,core_enrichment,cell_line,direction
GO:0042098,T cell proliferation,171,-0.41826581761105697,-1.8404880992007888,3.6706727184777026e-6,0.005144840863932962,0.004809537903285585,1716,"tags=29%, list=13%, signal=25%",8772/5588/3105/3600/9047/7048/3280/9231/6504/3572/259307/941/84433/6654/6385/3485/3594/637/581/6655/8379/3559/1499/7292/868/64926/648/25/3115/7784/3659/604/6777/23385/970/3988/3071/5074/6693/1604/4478/5573/942/2534/896/5621/57045/7297/7157,HH,Down
GO:0032944,regulation of mononuclear cell proliferation,185,-0.4055079634961046,-1.8094678413813001,3.667155994278372e-6,0.005144840863932962,0.004809537903285585,1716,"tags=35%, list=13%, signal=31%",5880/23513/959/2048/4615/23529/22806/29126/80381/57181/10457/83737/7293/3552/952/6480/23308/8772/5588/8660/3105/3600/7048/3280/9231/6504/3572/259307/1026/941/84433/6654/6385/3485/3594/637/6655/8379/3559/1499/7292/868/64926/648/3115/7784/3659/604/1880/6777/1435/970/3071/5074/6693/1604/5573/598/596/942/5621/57045/4773/7297/83593,HH,Down
GO:0070663,regulation of leukocyte proliferation,200,-0.3953167040553922,-1.778787717907452,4.3698385525026075e-6,0.005144840863932962,0.004809537903285585,1716,"tags=34%, list=13%, signal=30%",5880/23513/959/2048/4615/23529/22806/29126/80381/57181/10457/83737/7293/3552/952/6480/23308/3087/8772/1265/5588/8660/3105/3600/7048/3280/9231/6504/3572/259307/1026/941/84433/6654/6385/3485/3594/637/6655/8379/3559/1499/7292/868/64926/648/4763/3115/7784/3659/604/1880/6777/1435/970/5747/3071/5074/6693/1604/5573/598/596/942/5621/57045/4773/7297/83593,HH,Down
GO:0032943,mononuclear cell proliferation,231,-0.38870090359887666,-1.7731834072804786,1.9492249285980583e-6,0.005144840863932962,0.004809537903285585,1716,"tags=25%, list=13%, signal=22%",8772/5588/8660/3105/3600/3575/9047/7048/3280/9231/6504/3572/259307/1026/941/84433/6654/6385/3485/3594/637/581/6655/8379/3559/1499/7292/868/64926/648/25/3115/7784/3659/604/1880/6777/23385/1435/970/3988/3071/5074/6693/1604/4478/5573/598/596/942/2534/896/5621/57045/4773/7297/7157/83593,HH,Down
GO:0046651,lymphocyte proliferation,226,-0.38199169438966035,-1.7425413604350577,5.2192203937173e-6,0.005144840863932962,0.004809537903285585,1716,"tags=25%, list=13%, signal=22%",8772/5588/8660/3105/3600/3575/9047/7048/3280/9231/6504/3572/259307/1026/941/84433/6654/6385/3485/3594/637/581/6655/8379/3559/1499/7292/868/64926/648/25/3115/7784/3659/604/1880/6777/23385/970/3988/3071/5074/6693/1604/4478/5573/596/942/2534/896/5621/57045/4773/7297/7157/83593,HH,Down
GO:0070661,leukocyte proliferation,254,-0.36703097924831807,-1.6929100652693863,5.719667441837646e-6,0.005144840863932962,0.004809537903285585,1716,"tags=24%, list=13%, signal=21%",8772/1265/5588/8660/3105/3600/3575/9047/7048/3280/9231/6504/3572/259307/1026/941/84433/6654/6385/3485/3594/637/581/6655/8379/3559/1499/7292/868/64926/648/4763/25/3115/7784/3659/604/1880/6777/23385/1435/970/5747/3988/3071/5074/6693/1604/4478/5573/598/596/942/2534/896/5621/57045/4773/7297/7157/83593,HH,Down
GO:0010952,positive regulation of peptidase activity,130,-0.4349710590719434,-1.8536668036727528,8.513107628159184e-6,0.006563605981310731,0.006135838325077738,1105,"tags=22%, list=8%, signal=21%",10134/317/5468/637/2149/581/4137/22900/3428/23411/23787/23151/23385/26999/65992/51065/9026/4155/4088/27113/489/6774/8301/8743/10550/2534/1512/5366/7805,HH,Down
GO:0050670,regulation of lymphocyte proliferation,182,-0.3945937077795296,-1.7605182565324284,1.2518688775854493e-5,0.008445420415410838,0.00789500990824613,1716,"tags=25%, list=13%, signal=22%",8772/5588/8660/3105/3600/7048/3280/9231/6504/3572/259307/1026/941/84433/6654/6385/3485/3594/637/6655/8379/3559/1499/7292/868/64926/648/3115/7784/3659/604/1880/6777/970/3071/5074/6693/1604/5573/596/942/5621/57045/4773/7297/83593,HH,Down
GO:0050777,negative regulation of immune response,139,-0.42074275649334486,-1.810202175279029,1.547098579323482e-5,0.009277434480676479,0.008672799404324501,1654,"tags=27%, list=13%, signal=23%",6223/54625/3105/3575/55061/7040/6504/259307/941/9474/79132/103/401397/5468/613/11274/197358/4092/7292/5045/3428/140775/57506/604/2241/7301/25939/3071/55829/6693/1604/2876/64092/3718/2534/966/56940,HH,Down
GO:0042149,cellular response to glucose starvation,42,-0.59793163302574,-2.1009329653320368,1.8728479255815132e-5,0.009795845992972929,0.009157424659766,1513,"tags=31%, list=12%, signal=27%",9463/143686/7532/8140/2309/3428/23411/6513/11133/27244/596/7157/5366,HH,Down
GO:0042110,T cell activation,447,-0.30521442943339905,-1.4973808777367608,1.9965593092959462e-5,0.009795845992972929,0.009157424659766,1732,"tags=23%, list=13%, signal=20%",3981/8772/5588/6775/3105/64218/161882/3600/3575/8809/9047/3140/7048/2177/3280/9231/7040/6722/6504/3572/259307/5316/9308/3707/941/2648/3702/9474/8320/84433/6654/6385/2625/6604/64410/3485/3594/678/399/637/197358/4092/2309/581/6655/8379/3955/3559/2319/1499/1445/7480/7292/868/64926/648/1803/25/3115/7784/3659/604/51571/1880/6777/27/23385/970/196528/3988/3071/57089/27086/9021/5074/6693/4088/1604/602/6774/3683/4478/639/440275/5573/596/942/3718/2534/896/5621/5873/861/5295/57045/56940/7297/9840/7157/7805/55824,HH,Down
GO:0002683,negative regulation of immune system process,366,-0.3181751342520136,-1.5429349401484915,2.598463496260462e-5,0.010904034323459539,0.010193389409777669,1716,"tags=21%, list=13%, signal=19%",8772/1265/1050/6223/54625/3105/161882/3575/7107/55061/56834/9231/7040/6504/259307/2335/6397/8878/9290/84959/941/257144/9474/79132/6385/103/401397/5468/613/11274/197358/4092/8379/7291/11117/3559/1499/7292/868/5045/22900/3428/140775/1803/4763/57506/3659/604/22954/2241/7301/23151/2633/25939/3071/55829/5074/6693/1604/2876/64092/5573/942/3718/2534/5621/3398/861/5295/57045/966/56940/4068/83593/7805/55824,HH,Down
GO:0050865,regulation of cell activation,478,-0.2971159766400324,-1.4649827260085233,2.6265044692416902e-5,0.010904034323459539,0.010193389409777669,1680,"tags=21%, list=13%, signal=19%",5588/8660/1050/8877/3105/3600/3575/7107/26276/7048/2177/3280/84034/9231/7040/6504/3572/259307/2335/1026/84959/9308/3707/941/7294/5321/2648/84433/6654/50848/6385/2625/6604/64410/3485/3594/5359/678/399/637/4092/2309/7006/6655/8379/7158/26258/11117/3559/2319/1499/1445/7480/7292/868/64926/648/2729/1803/25/3115/7784/3659/604/51571/1880/2241/7301/6777/27/970/196528/3071/4846/5074/6693/1604/4739/639/64092/5573/596/942/3718/2534/5621/3398/861/6195/57045/5578/4773/56940/56941/7297/9840/83593/7805/55824,HH,Down
GO:0051250,negative regulation of lymphocyte activation,115,-0.43992074450681634,-1.835842089455788,3.365396650329246e-5,0.012108697147884628,0.011319541154405668,1043,"tags=23%, list=8%, signal=21%",9231/259307/941/6385/4092/8379/3559/7292/868/3659/604/7301/5074/6693/64092/5573/942/3718/5621/3398/861/57045/56940/83593/7805/55824,HH,Down
GO:0002695,negative regulation of leukocyte activation,135,-0.4124392888223352,-1.7632170267430687,3.208023729181495e-5,0.012108697147884628,0.011319541154405668,1417,"tags=21%, list=11%, signal=19%",9231/259307/2335/941/6385/4092/8379/3559/7292/868/3659/604/2241/7301/5074/6693/64092/5573/942/3718/5621/3398/861/57045/56940/83593/7805/55824,HH,Down
GO:0060396,growth hormone receptor signaling pathway,19,-0.7371528767859942,-2.085127447112692,4.566895640269884e-5,0.0145013361770897,0.013556245535393138,524,"tags=42%, list=4%, signal=40%",6777/5747/6774/3718/5829/5295/7297/6776,HH,Down
GO:0042129,regulation of T cell proliferation,142,-0.41291804516444103,-1.7736991546774816,4.567773114888362e-5,0.0145013361770897,0.013556245535393138,1716,"tags=28%, list=13%, signal=25%",8772/5588/3105/3600/7048/3280/9231/6504/3572/259307/941/84433/6654/6385/3485/3594/637/6655/8379/3559/1499/7292/868/64926/648/3115/7784/3659/604/6777/970/3071/5074/6693/1604/5573/942/5621/57045/7297,HH,Down
GO:0006029,proteoglycan metabolic process,62,-0.5278604669916002,-1.9821347878523905,5.085524146368753e-5,0.015248096565528977,0.014254337563476863,1673,"tags=32%, list=13%, signal=28%",4669/9394/2135/50515/56548/2132/64131/9953/7358/1499/3425/113189/126792/26035/92370/3073/79586/2990/22856/3074,HH,Down
GO:0050866,negative regulation of cell activation,149,-0.4014177049761009,-1.7393470174322265,5.5672603323644236e-5,0.015813949480931996,0.014783312339624754,1417,"tags=21%, list=11%, signal=19%",9231/259307/2335/84959/941/6385/4092/8379/11117/3559/7292/868/2729/3659/604/2241/7301/4846/5074/6693/64092/5573/942/3718/5621/3398/861/57045/56940/83593/7805/55824,HH,Down
GO:0097696,receptor signaling pathway via STAT,113,-0.42171762391012385,-1.7586784563284814,8.478988856920252e-5,0.022880551430399302,0.021389365048009878,1929,"tags=35%, list=15%, signal=30%",3601/801/2261/83666/8784/4669/6775/54625/3600/3575/3066/3280/7040/3572/10617/8554/4249/3976/2033/5468/2149/51701/5518/2241/6777/22876/3455/3587/9021/4851/5008/602/6774/7428/1647/3718/2534/7297/6776,HH,Down
GO:0001819,positive regulation of cytokine production,360,-0.3087326014236965,-1.4957392301044996,9.596537757404723e-5,0.023542051943960585,0.02200775381399083,2531,"tags=30%, list=19%, signal=25%",9181/23236/3665/5781/116449/29126/4938/80381/25865/81844/10554/3552/5610/2627/10333/4940/834/6675/5027/6653/9466/51157/54093/8013/80342/150372/2597/4050/8772/54502/144811/5588/8877/3105/161882/3600/8809/115362/3603/84632/3066/10621/3556/64170/7040/6504/3572/7100/331/5144/9308/941/7294/10626/55703/2648/3702/4939/8140/84433/79132/2625/3594/3663/340061/6284/2149/8482/7291/5142/7292/22900/351/84282/3428/163486/7096/23411/10159/25/3115/7784/57506/3659/51571/22954/6777/192683/27086/9261/5008/4155/6693/81622/4088/1604/602/6774/85364/5603/3315/942/861/5295/9641/3098/7297/7805,HH,Down
GO:0051249,regulation of lymphocyte activation,400,-0.29869906543059116,-1.4538705496474942,9.300910148241612e-5,0.023542051943960585,0.02200775381399083,1490,"tags=19%, list=11%, signal=17%",7048/2177/3280/9231/7040/6504/3572/259307/1026/9308/3707/941/2648/84433/6654/6385/2625/6604/64410/3485/3594/678/399/637/4092/2309/6655/8379/7158/26258/3559/2319/1499/1445/7480/7292/868/64926/648/1803/25/3115/7784/3659/604/51571/1880/7301/6777/27/970/196528/3071/5074/6693/1604/4739/639/64092/5573/596/942/3718/2534/5621/3398/861/57045/4773/56940/56941/7297/9840/83593/7805/55824,HH,Down
GO:0010950,positive regulation of endopeptidase activity,118,-0.4207096478181349,-1.7660326093989214,1.1221383985948397e-4,0.025234087238401457,0.023589514668706433,1105,"tags=23%, list=8%, signal=21%",10134/317/5468/637/2149/581/4137/22900/3428/23411/23787/23151/23385/26999/51065/9026/4155/4088/27113/489/6774/8301/8743/10550/2534/5366/7805,HH,Down
GO:0022408,negative regulation of cell-cell adhesion,139,-0.3968668225978513,-1.7074784401524696,1.0886265898649671e-4,0.025234087238401457,0.023589514668706433,1417,"tags=24%, list=11%, signal=21%",9231/7040/259307/84959/941/26154/6385/10653/4092/8379/53827/3559/7292/868/25/3659/604/5747/5420/4851/5074/4155/6693/5607/5573/942/3718/5621/861/57045/56940/7805/55824,HH,Down
GO:0070664,negative regulation of leukocyte proliferation,64,-0.5100021692107268,-1.937627642412027,1.383691477553899e-4,0.028722241939839972,0.02685033705229084,1417,"tags=25%, list=11%, signal=22%",9231/259307/941/6385/8379/3559/868/4763/604/5074/6693/5573/942/5621/57045/83593,HH,Down
GO:0052547,regulation of peptidase activity,215,-0.35519631916422567,-1.6100763761435593,1.3528533324212347e-4,0.028722241939839972,0.02685033705229084,2460,"tags=29%, list=19%, signal=24%",5978/1475/1509/83874/51024/1457/10197/83464/5062/834/6091/112399/4035/9647/55011/2597/2810/8772/114769/5696/843/23204/64170/331/6695/10134/317/5468/637/2149/581/4137/51499/5045/22900/3428/23411/9806/23787/23151/23385/26999/65992/51065/9026/274/4155/80196/4088/27113/489/6774/8301/2876/5607/8743/10550/2534/6195/1512/5366/7805,HH,Down
GO:0032945,negative regulation of mononuclear cell proliferation,59,-0.5149996937493241,-1.923493158749761,1.7592549069932236e-4,0.03203195570611715,0.029944347970981833,1417,"tags=24%, list=11%, signal=21%",9231/259307/941/6385/8379/3559/868/5074/6693/5573/942/5621/57045/83593,HH,Down
GO:0050672,negative regulation of lymphocyte proliferation,59,-0.5149996937493241,-1.923493158749761,1.7592549069932236e-4,0.03203195570611715,0.029944347970981833,1417,"tags=24%, list=11%, signal=21%",9231/259307/941/6385/8379/3559/868/5074/6693/5573/942/5621/57045/83593,HH,Down
GO:0050868,negative regulation of T cell activation,91,-0.44545086898434305,-1.781930448827011,1.7805422849425875e-4,0.03203195570611715,0.029944347970981833,1417,"tags=24%, list=11%, signal=22%",9231/259307/941/6385/4092/8379/3559/7292/868/3659/604/5074/6693/5573/942/3718/5621/861/57045/56940/7805/55824,HH,Down
GO:0032946,positive regulation of mononuclear cell proliferation,120,-0.3973297556385593,-1.6743756731022401,1.7643735840383164e-4,0.03203195570611715,0.029944347970981833,2670,"tags=38%, list=21%, signal=30%",959/2048/4615/23529/29126/80381/57181/7293/3552/952/6480/23308/8772/5588/8660/3105/3600/7048/3280/6504/3572/1026/941/84433/3485/3594/3559/7292/64926/648/3115/7784/604/1880/6777/1435/970/3071/6693/1604/598/596/942/4773/7297,HH,Down
GO:0043281,regulation of cysteine-type endopeptidase activity involved in apoptotic process,129,-0.40111582257401723,-1.698866424142683,1.9136263841926308e-4,0.03331561804996009,0.0311443506262658,2460,"tags=32%, list=19%, signal=26%",5978/1509/51024/1457/5062/834/6091/112399/9647/55011/2810/114769/843/23204/64170/331/10134/317/5468/637/2149/581/4137/51499/22900/23411/23787/23151/51065/9026/80196/4088/27113/489/2876/5607/8743/10550/6195/5366/7805,HH,Down
GO:0006790,sulfur compound metabolic process,236,-0.3432373896594516,-1.5706518237840195,2.1329298450844486e-4,0.035973194918502406,0.03362872614305843,1527,"tags=25%, list=12%, signal=22%",10768/1468/2135/50515/2678/56548/254552/4548/2132/64780/8460/373156/1738/100131187/9200/2539/55711/64131/4258/3141/9953/8459/5164/4357/84836/27010/84188/9446/26027/7358/8801/1499/4594/2729/84649/3425/26873/6777/55902/113189/6611/126792/9645/7263/8702/26035/92370/3073/79586/2876/10550/11001/2990/215/642/22856/6776/3074,HH,Down
GO:0009152,purine ribonucleotide biosynthetic process,182,0.3893575802010855,1.6334251609064026,2.632106823266165e-4,0.04178082507402204,0.039057857597259216,2270,"tags=29%, list=17%, signal=24%",6389/4833/9061/2182/29922/6392/38/109/1737/2977/11332/55229/6390/100/10606/498/132/6785/50808/8833/4522/3614/2180/5471/2023/10632/4711/4719/51422/54539/2181/4715/23181/5160/51703/7114/4535/32/5198/84532/4712/4882/10476/517/10891/790955/4713/523/4709/79993/4716/113,HH,Up
GO:0051607,defense response to virus,252,-0.3322842751687308,-1.5330216495885103,2.598938145360824e-4,0.04178082507402204,0.039057857597259216,2701,"tags=32%, list=21%, signal=26%",201626/9755/4599/1130/81570/4615/9582/389856/3665/84993/4938/81844/83737/6895/5610/2634/4940/834/6675/5611/10206/3687/24138/83666/151636/8772/3627/3600/91607/115362/10621/64170/55601/11331/3437/164668/7706/55703/10533/4939/9474/64108/79132/103/3594/60489/3663/5359/340061/197259/11274/256987/22900/140564/84282/3428/57506/3659/22954/57337/2633/25939/25942/3455/4600/5371/146857/6693/81622/200316/440275/85364/598/596/10581/54541/27350/9641/8519/5366,HH,Down
GO:0052548,regulation of endopeptidase activity,195,-0.3554878756482886,-1.595916917946045,2.725072242725035e-4,0.04202061398282004,0.0392820188252063,2181,"tags=27%, list=17%, signal=23%",10197/83464/5062/834/6091/112399/9647/55011/2597/2810/8772/114769/5696/843/23204/64170/331/6695/10134/317/5468/637/2149/581/4137/51499/5045/22900/3428/23411/9806/23787/23151/23385/26999/51065/9026/274/4155/80196/4088/27113/489/6774/8301/2876/5607/8743/10550/2534/6195/5366/7805,HH,Down
GO:0072593,reactive oxygen species metabolic process,156,-0.3766090587449273,-1.6407572325040731,2.887502028871239e-4,0.04328846791616132,0.04046724334613991,1555,"tags=23%, list=12%, signal=21%",3684/7048/7040/3692/1026/7295/706/1182/7351/2539/3689/57103/9474/2643/4689/613/873/2309/4137/9263/847/6526/3988/4846/55312/27244/2876/1728/596/1647/2534/54541/5873/215/7157/5366,HH,Down
GO:0006977,"DNA damage response, signal transduction by p53 class mediator resulting in cell cycle arrest",17,-0.7292737804756817,-2.0137761573429502,3.210211121232998e-4,0.04623682219456884,0.04322344553573982,1587,"tags=59%, list=12%, signal=52%",144455/4582/11200/1026/51512/1263/51499/5371/4193/7157,HH,Down
GO:0070665,positive regulation of leukocyte proliferation,130,-0.3840421841185397,-1.6366289964886416,3.2555109197584137e-4,0.04623682219456884,0.04322344553573982,2721,"tags=36%, list=21%, signal=29%",5880/959/2048/4615/23529/29126/80381/57181/7293/3552/952/6480/23308/8772/5588/8660/3105/3600/7048/3280/6504/3572/1026/941/84433/3485/3594/3559/7292/64926/648/3115/7784/604/1880/6777/1435/970/5747/3071/6693/1604/598/596/942/4773/7297,HH,Down
GO:2000116,regulation of cysteine-type endopeptidase activity,149,-0.37466330736001974,-1.6234199391796686,3.3822057904880866e-4,0.04680452474683129,0.04375414940299433,2460,"tags=31%, list=19%, signal=25%",5978/1509/83874/51024/1457/5062/834/6091/112399/9647/55011/2810/8772/114769/843/23204/64170/331/10134/317/5468/637/2149/581/4137/51499/22900/3428/23411/23787/23151/26999/51065/9026/80196/4088/27113/489/2876/5607/8743/10550/2534/6195/5366/7805,HH,Down
GO:0010559,regulation of glycoprotein biosynthetic process,31,-0.6051360854868655,-1.9907705993084535,3.6199690866533325e-4,0.04765115405040984,0.044545601623438826,2655,"tags=48%, list=20%, signal=39%",1839/23236/26574/25825/3600/81618/9452/1499/23385/92370/5074/596/3718/6646/11261,HH,Down
GO:0002694,regulation of leukocyte activation,446,-0.2840100763147044,-1.39075252262456,3.5798628006360287e-4,0.04765115405040984,0.044545601623438826,1680,"tags=20%, list=13%, signal=18%",5588/8660/1050/8877/3105/3600/3575/7107/7048/2177/3280/9231/7040/6504/3572/259307/2335/1026/9308/3707/941/5321/2648/84433/6654/6385/2625/6604/64410/3485/3594/5359/678/399/637/4092/2309/6655/8379/7158/26258/3559/2319/1499/1445/7480/7292/868/64926/648/1803/25/3115/7784/3659/604/51571/1880/2241/7301/6777/27/970/196528/3071/5074/6693/1604/4739/639/64092/5573/596/942/3718/2534/5621/3398/861/57045/4773/56940/56941/7297/9840/83593/7805/55824,HH,Down
GO:0046631,alpha-beta T cell activation,152,0.5243592470329641,2.031588429010057,1.3433724915268847e-8,4.5369405489652345e-5,3.889071650469014e-5,2107,"tags=36%, list=16%, signal=30%",7297/57045/9021/942/1604/941/10538/1880/3718/30968/3600/64332/6522/54440/29126/604/7535/7292/3559/1386/639/64926/4092/917/6693/10892/8809/915/3569/8651/3566/4297/9308/84433/10148/8764/5914/6774/975/919/868/6778/6775/2841/64410/3726/3662/149233/80149/3707/80762/5734/135/64919,MyLa,Up
GO:0042110,T cell activation,447,0.40493167415253195,1.688190574555874,1.6812823972448526e-8,4.5369405489652345e-5,3.889071650469014e-5,2107,"tags=27%, list=16%, signal=24%",7297/57045/9021/942/55824/7157/201633/1604/941/10538/1021/1880/5295/3718/30968/648/581/3600/7293/64332/1803/6777/6522/440275/54440/29126/604/197358/7535/9047/7292/960/29851/3559/1386/639/64926/3111/959/4088/4092/64844/5293/10945/7805/6504/3958/6654/841/914/7480/57178/9840/917/6693/10125/10892/8809/3575/5781/814/915/3569/1326/8651/27240/3552/80381/25853/1493/3566/3120/4297/9308/7784/11148/84433/27166/3115/5880/7040/925/101/10148/6541/8764/399/8379/5914/2175/6774/975/919/868/6778/6775/2841/64410/3956/961/3726/3662/149233/3953/7494/11151/6385/80380/80149/9750/8440/5074/3707/80762/3329/5734/6603/5316/6604/3112/135/64919,MyLa,Up
GO:0022407,regulation of cell-cell adhesion,366,0.42210837864974604,1.7379332987785288,4.015459635258308e-8,7.223811883829696e-5,6.192261437529918e-5,2245,"tags=31%, list=17%, signal=27%",7297/57045/942/55824/201633/1604/5607/11117/941/3718/5578/648/3600/64332/1803/6777/8013/6522/2113/54440/8728/29126/604/7535/7292/960/29851/3559/8631/64926/3111/959/4092/64844/288/7805/6504/3958/84830/7480/57178/9840/6693/10125/10892/2651/3575/5781/9223/26154/3569/1326/53827/8651/4301/3552/80381/928/1493/3566/4651/3120/9308/7784/11148/84433/3115/7040/55714/101/81542/10148/6541/8764/399/8379/5914/999/975/868/10211/64410/4155/3956/961/84034/7124/149233/7494/11151/6385/79414/80380/2650/5465/80149/9750/8440/5747/5074/83706/3707/91663/80762/3329/6603/6604/3112/135/80139/9231/50848/567/3557,MyLa,Up
GO:0046634,regulation of alpha-beta T cell activation,96,0.5700462440385503,2.070366658204191,7.921256652232779e-8,1.0687755538025077e-4,9.16155868067449e-5,2104,"tags=38%, list=16%, signal=32%",7297/57045/942/1604/941/10538/3718/64332/6522/54440/29126/604/7535/7292/3559/639/64926/4092/10892/8651/3566/9308/84433/10148/8764/5914/975/868/64410/3726/3662/149233/80149/3707/80762/135,MyLa,Up
GO:0032944,regulation of mononuclear cell proliferation,185,0.4834256294325878,1.9016101217337984,1.5527324531535617e-7,1.2545209080431295e-4,1.0753770400416517e-4,2025,"tags=31%, list=16%, signal=26%",7297/57045/942/1604/941/1880/648/3600/7293/6777/6522/54440/29126/1435/604/7535/4773/7292/3559/64926/959/64844/51237/933/6504/3958/6654/6693/5618/3569/598/3552/80381/1026/1493/3596/7784/11148/84433/3115/5880/10148/6541/8764/8379/975/868/5585/149233/11151/3567/6385/80380/83593/8440/5074/80762,MyLa,Up
GO:0002694,regulation of leukocyte activation,446,0.4005024764646714,1.6694574718496475,1.6271347704839554e-7,1.2545209080431295e-4,1.0753770400416517e-4,2104,"tags=27%, list=16%, signal=24%",7297/57045/942/55824/201633/1604/941/10538/64092/4739/23208/1880/3718/648/3600/7293/2335/64332/1803/6777/8013/6522/54440/29126/604/7535/4773/7292/29851/3559/639/64926/3111/3601/959/4092/64844/51237/5321/7805/933/6504/3958/6654/7158/914/7480/57178/9840/9173/6693/5618/10125/10892/3575/5781/814/3569/121260/1326/8651/27240/3552/80381/1026/1493/3566/116449/145581/3596/3120/3624/9308/7784/11148/84433/2241/27166/3115/5880/7040/101/10148/6541/8764/399/8379/5914/2175/975/868/6778/3398/64410/3956/1268/5585/961/3726/56848/3662/7124/399687/149233/7494/11151/3567/6385/80380/83593/80149/9750/8440/5074/3707/80762/3329/6348/6603/6604/3112/135,MyLa,Up
GO:0050865,regulation of cell activation,478,0.395634501915026,1.6573163991813624,1.1648699604631005e-7,1.2545209080431295e-4,1.0753770400416517e-4,2104,"tags=27%, list=16%, signal=23%",7297/57045/942/55824/201633/1604/11117/941/10538/64092/4739/23208/1880/3718/5578/648/3600/7293/2335/64332/1803/6777/8013/6522/54440/29126/604/7535/4773/7292/29851/3559/639/6195/64926/3111/3601/959/4092/64844/51237/5321/7805/933/6504/3958/6654/7158/914/7480/57178/9840/9173/6693/5618/10125/10892/3575/5781/814/3569/121260/1326/8651/27240/3552/80381/928/1026/1493/3566/116449/145581/3596/3120/3624/9308/7784/11148/84433/2241/27166/3115/5880/7040/101/81542/10148/6541/8764/399/8379/5914/2175/975/868/6778/3398/64410/3956/1268/5585/961/3726/84034/56848/3662/7124/399687/149233/7494/11151/3567/6385/80380/83593/80149/9750/8440/5074/3707/80762/3329/6348/6603/6604/3112/135,MyLa,Up
GO:0070665,positive regulation of leukocyte proliferation,130,0.5199236535965913,1.9679978831698337,2.463919035944634e-7,1.587513582500728e-4,1.3608188165141846e-4,1232,"tags=28%, list=9%, signal=25%",7297/942/1604/941/1880/648/3600/7293/6777/54440/29126/1435/604/7535/4773/7292/684/3559/64926/959/6504/6693/5618/3569/598/3552/80381/1026/3596/7784/11148/84433/3115/5880/10148/6541,MyLa,Up
GO:0050670,regulation of lymphocyte proliferation,182,0.47762120713427947,1.8785969531765214,2.6473267078944885e-7,1.587513582500728e-4,1.3608188165141846e-4,2025,"tags=30%, list=16%, signal=26%",7297/57045/942/1604/941/1880/648/3600/7293/6777/6522/54440/29126/604/7535/4773/7292/3559/64926/959/64844/51237/933/6504/3958/6654/6693/5618/3569/3552/80381/1026/1493/3596/7784/11148/84433/3115/5880/10148/6541/8764/8379/975/868/5585/149233/11151/3567/6385/80380/83593/8440/5074/80762,MyLa,Up
GO:0070663,regulation of leukocyte proliferation,200,0.47500266379583533,1.8829095694000197,3.086124574356386e-7,1.6655814327801415e-4,1.4277386846627704e-4,2025,"tags=30%, list=16%, signal=26%",7297/57045/942/1604/941/1880/648/3600/7293/6777/6522/54440/29126/1435/604/7535/4773/7292/684/3559/64926/959/64844/51237/933/6504/3958/6654/6693/5618/3569/598/3552/80381/1026/1493/3596/7784/11148/84433/3115/5880/10148/6541/8764/8379/975/868/6778/5585/149233/11151/3567/6385/80380/83593/8440/5747/5074/80762,MyLa,Up
GO:0032946,positive regulation of mononuclear cell proliferation,120,0.5270275120574079,1.9810592049220803,4.35493087853472e-7,1.9586301626209904e-4,1.6789404571193064e-4,1232,"tags=28%, list=9%, signal=26%",7297/942/1604/941/1880/648/3600/7293/6777/54440/29126/1435/604/7535/4773/7292/3559/64926/959/6504/6693/5618/3569/598/3552/80381/1026/3596/7784/11148/84433/3115/10148/6541,MyLa,Up
GO:0042098,T cell proliferation,171,0.48346222897610314,1.880827203889816,3.9935851205186097e-7,1.9586301626209904e-4,1.6789404571193064e-4,1419,"tags=25%, list=11%, signal=23%",7297/57045/942/7157/1604/941/648/581/3600/7293/6777/6522/54440/29126/604/7535/9047/7292/3559/64926/959/64844/6504/3958/6654/6693/10125/10892/3569/3552/80381/1493/7784/11148/84433/3115/5880/10148/6541/8764/8379/975/868,MyLa,Up
GO:0045785,positive regulation of cell adhesion,369,0.4089778686427137,1.6828574324974828,4.779599412753601e-7,1.984269079279322e-4,1.7009181715831642e-4,2091,"tags=28%, list=16%, signal=24%",7297/942/1604/11117/941/1021/4739/5578/648/3600/2335/64332/5581/10979/1803/6777/8013/2113/54440/8728/29126/1435/604/7535/7292/960/29851/3559/8631/3976/64926/3111/959/4088/4092/288/6504/7480/57178/9840/6693/10125/10892/2651/3575/5781/7030/9223/3569/284217/1326/8651/4301/3552/80381/3566/3908/9806/4651/948/3120/9308/7784/11148/84433/3115/3675/101/10148/6541/8764/399/5914/8784/80173/975/11078/10211/10109/64410/3956/463/961/84034/1605/6810/7124/149233/6093/7494/11151/6385/80380/2650/8440/9448/3707/91663/3329/6603/6789/6604/3112,MyLa,Up
GO:0050863,regulation of T cell activation,304,0.4204485581857231,1.715357060168749,5.473803279512435e-7,2.1101511642520435e-4,1.8088244671772295e-4,2104,"tags=29%, list=16%, signal=25%",7297/57045/942/55824/201633/1604/941/10538/3718/648/3600/64332/1803/6777/6522/54440/29126/604/7535/7292/29851/3559/639/64926/3111/959/4092/64844/7805/6504/3958/6654/914/7480/57178/9840/6693/10125/10892/3575/5781/814/3569/1326/8651/27240/3552/80381/1493/3566/3120/9308/7784/11148/84433/27166/3115/5880/101/10148/6541/8764/399/8379/5914/2175/975/868/64410/3956/961/3726/3662/149233/7494/11151/6385/80380/80149/9750/8440/5074/3707/80762/3329/6603/6604/3112/135,MyLa,Up
GO:0001819,positive regulation of cytokine production,360,0.4111258998743118,1.6921402623841033,6.02398861916103e-7,2.167431105174139e-4,1.8579249109622968e-4,1854,"tags=26%, list=14%, signal=23%",7297/3098/942/201633/1604/5008/941/10538/10626/5295/30968/5603/3600/22861/6777/8013/54440/29126/7292/192683/1386/5142/51284/959/340061/7096/468/4088/51157/5293/3578/3315/7805/6504/54502/841/914/9173/6693/10125/3554/10892/8809/5743/5781/1545/2627/3569/23411/3552/80381/4050/3566/116449/115362/3091/3596/3663/64135/948/9308/7784/11148/84433/3115/84282/7040/101/10148/8764/5914/10010/6774/975/3265/10211/4155/24145/3603/23643/56848/5600/9447/3662/7124/56919/1535/149233/81622/4939/7494/3595/3556,MyLa,Up
GO:0035710,"CD4-positive, alpha-beta T cell activation",104,0.5406128309714145,1.9833638739362378,7.327548054838132e-7,2.471673553247587e-4,2.118721954014052e-4,2052,"tags=37%, list=16%, signal=31%",57045/9021/942/1604/941/10538/1880/3718/30968/64332/54440/29126/604/7292/3559/4092/6693/10892/8809/3569/8651/3566/4297/9308/84433/5914/6774/975/868/6778/6775/64410/3726/3662/149233/80149/80762/5734,MyLa,Up
GO:0051249,regulation of lymphocyte activation,400,0.39668477459397355,1.6410799918263217,1.1318892117373096e-6,3.593415338674271e-4,3.0802805483501404e-4,2104,"tags=28%, list=16%, signal=24%",7297/57045/942/55824/201633/1604/941/10538/64092/4739/1880/3718/648/3600/7293/64332/1803/6777/6522/54440/29126/604/7535/4773/7292/29851/3559/639/64926/3111/3601/959/4092/64844/51237/7805/933/6504/3958/6654/7158/914/7480/57178/9840/6693/5618/10125/10892/3575/5781/814/3569/121260/1326/8651/27240/3552/80381/1026/1493/3566/116449/3596/3120/3624/9308/7784/11148/84433/27166/3115/5880/7040/101/10148/6541/8764/399/8379/5914/2175/975/868/6778/3398/64410/3956/5585/961/3726/3662/149233/7494/11151/3567/6385/80380/83593/80149/9750/8440/5074/3707/80762/3329/6603/6604/3112/135,MyLa,Up
GO:0050671,positive regulation of lymphocyte proliferation,117,0.5181827390420823,1.9351720605289662,1.4035802412176623e-6,3.9869066115009067e-4,3.4175818061781866e-4,1232,"tags=27%, list=9%, signal=25%",7297/942/1604/941/1880/648/3600/7293/6777/54440/29126/604/7535/4773/7292/3559/64926/959/6504/6693/5618/3569/3552/80381/1026/3596/7784/11148/84433/3115/10148/6541,MyLa,Up
GO:0042129,regulation of T cell proliferation,142,0.5006581664791185,1.9197233826163225,1.3691867930664711e-6,3.9869066115009067e-4,3.4175818061781866e-4,2025,"tags=31%, list=16%, signal=26%",7297/57045/942/1604/941/648/3600/6777/6522/54440/29126/604/7535/7292/3559/64926/959/64844/6504/3958/6654/6693/3569/3552/80381/1493/7784/11148/84433/3115/5880/10148/6541/8764/8379/975/868/149233/11151/6385/80380/8440/5074/80762,MyLa,Up
GO:0070661,leukocyte proliferation,254,0.4319210691600851,1.7279240651472905,1.879172796762194e-6,5.070947792062781e-4,4.346823390405181e-4,2032,"tags=28%, list=16%, signal=24%",7297/57045/942/7157/1604/941/1880/648/581/3600/7293/64332/6777/6522/54440/29126/1435/604/7535/9047/4773/7292/684/3559/64926/959/64844/3578/51237/933/6504/3958/6654/6693/5618/10125/10892/3575/3569/598/3552/80381/1026/1493/3596/7784/11148/84433/3115/5880/10148/6541/8764/8379/975/868/6778/5585/3726/149233/11151/3567/6385/80380/83593/8440/5747/5074/80762/3329,MyLa,Up
GO:0019221,cytokine-mediated signaling pathway,350,0.4016610170729056,1.6515223903658172,2.7724220401374944e-6,7.125124643153361e-4,6.107666599701398e-4,2401,"tags=29%, list=18%, signal=24%",7297/6776/7157/5008/3587/8718/5295/3718/8519/3600/90268/10581/7293/64332/6777/149951/5468/1435/103/960/5355/3559/3667/142678/400935/7357/28512/3601/340061/355/7805/54502/6654/841/9173/5618/3554/8809/4486/3575/5781/3569/8651/23411/6091/3552/2921/3566/3091/1907/401397/3663/64135/3624/2241/10413/84522/8792/10148/8764/57007/6586/10010/8784/2859/6774/2826/6778/6775/114769/54726/837/9447/7124/3656/7804/1984/149233/59307/4939/3953/3595/330/3556/3567/90933/5071/6348/11240/6772/5034/8807/3557/8638/7185/6367/7128/1235/1540/3627,MyLa,Up
GO:0002250,adaptive immune response,346,0.40053397720302525,1.642800822804413,2.9755486896855788e-6,7.299561944651394e-4,6.257194493381875e-4,1788,"tags=23%, list=14%, signal=20%",64167/7297/9021/942/55824/1604/941/10538/64092/84876/1880/3718/64332/1512/440275/54440/29126/604/6890/7535/7292/8631/639/4068/3111/959/4092/5293/3578/619207/5321/6504/2208/7158/917/9173/6693/3554/10892/8809/60468/3575/814/7030/915/3569/725/121260/4791/23411/27240/1493/3566/3120/7784/3115/80329/5817/7040/925/8792/10148/8764/6774/975/919/3265/6778/6775/9156/79908/5585/3726/2205/3662/7124/2923/149233/81622/51279,MyLa,Up
GO:0002697,regulation of immune effector process,276,0.42103424746604257,1.6985955205863956,3.3456775718639356e-6,7.850705154499852e-4,6.729635207479175e-4,2865,"tags=35%, list=22%, signal=28%",3098/942/1604/941/10538/966/3718/7293/64332/6777/8013/54440/604/7292/684/10584/4068/9516/51284/959/4092/79671/51237/7805/933/6504/3958/2208/7158/6693/10125/3554/10892/8809/3575/2671/3569/725/121260/23411/3566/116449/3596/3663/948/7784/2241/79004/80329/5817/5880/7040/8764/3684/5914/975/6778/24145/5585/3726/613/56848/3662/6810/7124/399687/9846/149233/7494/3567/8140/80149/6223/80762/3329/10225/8807/51465/567/2529/64170/301/3134/51561/115004/5590/3109/112744/54537/3916/114771/3071/3383/4189/51010/11221,MyLa,Up
GO:0002700,regulation of production of molecular mediator of immune response,139,0.49389451877722934,1.8892203938615468,3.608160472701036e-6,8.113850862986455e-4,6.955204069088181e-4,2234,"tags=35%, list=17%, signal=29%",3098/942/1604/3718/7293/8013/54440/604/7292/684/9516/51284/959/4092/79671/51237/7805/933/6504/7158/3554/10892/8809/3569/121260/23411/3566/116449/3596/3663/948/79004/7040/8764/975/6778/24145/5585/56848/6810/7124/7494/3567/8140/80762/10225/51465/567,MyLa,Up
GO:0002440,production of molecular mediator of immune response,170,0.45850276798108736,1.7837612974623769,4.993249727641963e-6,0.0010642717362717802,9.12295189513565e-4,2234,"tags=32%, list=17%, signal=27%",3098/942/1604/10538/3718/7293/64332/8013/54440/604/7292/684/9516/51284/959/4092/79671/51237/7805/933/6504/7158/3554/10892/8809/3569/121260/23411/3566/116449/3596/3663/948/79004/7040/8764/78996/975/6778/9156/24145/5585/56848/6810/7124/7494/3567/8140/80762/3329/4683/10225/51465/567,MyLa,Up
GO:0007159,leukocyte cell-cell adhesion,320,0.4070079060462223,1.6629414371193525,5.127119722635962e-6,0.0010642717362717802,9.12295189513565e-4,2109,"tags=29%, list=16%, signal=25%",7297/57045/942/55824/201633/1604/941/51148/3718/648/3600/64332/1803/6777/8013/6522/2113/54440/29126/604/7535/7292/960/29851/3559/8631/64926/3111/959/4092/64844/7805/6504/3958/10507/84830/7480/57178/10318/9840/6693/10125/10892/3575/5781/3569/119/1326/8651/3552/80381/1493/3566/3120/9308/7784/11148/84433/3115/5880/101/10148/6541/8764/399/8379/5914/975/868/64410/3956/961/7124/149233/6093/7494/11151/6385/80380/2650/5465/80149/9750/8440/5074/83706/3707/80762/3329/6603/6604/3112/135/116844,MyLa,Up
GO:0042102,positive regulation of T cell proliferation,86,0.5483766733494565,1.9574165963920835,5.730028479204825e-6,0.0010663780586989118,9.141007319820402e-4,1366,"tags=30%, list=10%, signal=27%",7297/942/1604/941/648/3600/6777/54440/29126/7535/7292/3559/64926/959/6504/6693/3569/3552/80381/7784/11148/84433/3115/10148/6541/975,MyLa,Up
GO:0046651,lymphocyte proliferation,226,0.44035998935448634,1.7500595366674339,5.651138164788222e-6,0.0010663780586989118,9.141007319820402e-4,2032,"tags=28%, list=16%, signal=24%",7297/57045/942/7157/1604/941/1880/648/581/3600/7293/64332/6777/6522/54440/29126/604/7535/9047/4773/7292/3559/64926/959/64844/3578/51237/933/6504/3958/6654/6693/5618/10125/10892/3575/3569/3552/80381/1026/1493/3596/7784/11148/84433/3115/5880/10148/6541/8764/8379/975/868/5585/149233/11151/3567/6385/80380/83593/8440/5074/80762/3329,MyLa,Up
GO:1903037,regulation of leukocyte cell-cell adhesion,292,0.41121831727529934,1.6637829897544205,5.435349743054126e-6,0.0010663780586989118,9.141007319820402e-4,2104,"tags=29%, list=16%, signal=25%",7297/57045/942/55824/201633/1604/941/3718/648/3600/64332/1803/6777/8013/6522/2113/54440/29126/604/7535/7292/960/29851/3559/8631/64926/3111/959/4092/64844/7805/6504/3958/84830/7480/57178/9840/6693/10125/10892/3575/5781/3569/1326/8651/3552/80381/1493/3566/3120/9308/7784/11148/84433/3115/101/10148/6541/8764/399/8379/5914/975/868/64410/3956/961/7124/149233/7494/11151/6385/80380/2650/5465/80149/9750/8440/5074/3707/80762/3329/6603/6604/3112/135,MyLa,Up
GO:0032943,mononuclear cell proliferation,231,0.44147663795206676,1.7584849906237823,7.633190784219988e-6,0.001373211022081176,0.0011771183683033982,1419,"tags=24%, list=11%, signal=22%",7297/57045/942/7157/1604/941/1880/648/581/3600/7293/64332/6777/6522/54440/29126/1435/604/7535/9047/4773/7292/3559/64926/959/64844/3578/51237/933/6504/3958/6654/6693/5618/10125/10892/3575/3569/598/3552/80381/1026/1493/3596/7784/11148/84433/3115/5880/10148/6541/8764/8379/975/868,MyLa,Up
GO:0002252,immune effector process,442,0.3743125767475895,1.558504753651557,8.168383433287312e-6,0.0014220892061113427,0.0012190168145771727,2290,"tags=27%, list=18%, signal=23%",9021/3098/942/7157/1604/941/10538/966/1880/3718/7293/64332/5581/6777/11280/8013/1512/440275/54440/604/7292/684/10584/4068/9516/51284/959/4092/79671/5293/3578/619207/51237/7805/933/6504/3958/2208/7158/914/6693/10125/3554/10892/8809/3575/5058/2671/3569/725/121260/3799/23411/3566/116449/3596/3663/948/4297/7784/2241/79004/80329/5817/5880/7040/925/84522/8764/3684/5914/6774/975/6778/6775/9156/196051/3956/24145/5585/3726/613/56848/2205/3662/6810/7124/399687/9846/149233/81622/51279/55619/7494/11151/3567/8140/80149/9452/5747/6223/80762/23207/3329/6348/4683/5338/5734/4035/8773/10225/3984/8284/8807/51465/567/1130/2529/4242,MyLa,Up
GO:2000514,"regulation of CD4-positive, alpha-beta T cell activation",66,0.5847728878559741,2.0201135656539226,8.71742527244195e-6,0.0014702482561052875,0.0012602988181704728,2025,"tags=41%, list=16%, signal=35%",57045/942/1604/941/10538/3718/64332/54440/29126/604/7292/3559/4092/10892/8651/3566/9308/84433/5914/975/868/64410/3726/3662/149233/80149/80762,MyLa,Up
GO:0002683,negative regulation of immune system process,366,0.3818359257101953,1.5721208190285996,1.3165882293129061e-5,0.0021532202041217438,0.001845743307122878,2198,"tags=26%, list=17%, signal=22%",57045/942/55824/201633/1604/11117/941/64092/1021/966/23208/5295/3718/2335/1803/6522/5468/29126/604/197358/7292/103/684/3559/4068/3111/4092/64844/79671/6895/7805/9290/933/6504/3958/84830/53347/9173/6693/2633/3575/1281/2876/2671/725/84243/8651/7130/1493/3566/116449/145581/401397/3624/2241/5045/79004/7040/56834/257144/8764/6988/8379/5914/868/6778/2841/3398/54726/1268/5585/613/3662/7124/84885/8887/6385/107181291/80380/83593/80149/9750/2200/5074/6223/80762/6348/11240/5734/3112/10225/135/3313/9231/9140,MyLa,Up
GO:0097696,receptor signaling pathway via STAT,113,0.5017041876374357,1.8649121258098735,1.3807423800125071e-5,0.0021917254779198533,0.0018787500805433341,1749,"tags=30%, list=13%, signal=26%",7297/9021/6776/5008/3587/1647/3718/3600/6777/801/5468/57599/3976/3601/3578/5618/5753/3575/1545/3569/5310/8651/3596/2241/7040/8784/6774/22876/6778/6775/4249/5311/7124/149233,MyLa,Up
GO:0050866,negative regulation of cell activation,149,0.4674284239535288,1.804247458183563,1.4356985726347953e-5,0.0022138471990028542,0.0018977128501443386,2468,"tags=32%, list=19%, signal=26%",57045/942/55824/201633/11117/941/64092/23208/3718/2335/6522/29126/604/7292/3559/4092/64844/7805/3958/6693/8651/928/1493/3566/116449/145581/3624/2241/81542/8764/8379/868/3398/1268/5585/6385/80380/83593/80149/9750/5074/80762/135/9231/7128/5154/652/301,MyLa,Up
GO:0002695,negative regulation of leukocyte activation,135,0.48076759416130865,1.8317748112682457,1.616620998444463e-5,0.002423584313501324,0.002077499791860648,2184,"tags=30%, list=17%, signal=26%",57045/942/55824/201633/941/64092/23208/3718/2335/6522/29126/604/7292/3559/4092/64844/7805/3958/6693/8651/1493/3566/116449/145581/3624/2241/8764/8379/868/3398/1268/5585/6385/80380/83593/80149/9750/5074/80762/135/9231,MyLa,Up
GO:0006302,double-strand break repair,289,-0.3060554188736752,-1.5313828013665145,1.9910568688961744e-5,0.0029042524111980144,0.002489529143328218,2586,"tags=30%, list=20%, signal=25%",157570/11200/4796/151636/84142/4172/10635/196528/29072/284071/1111/8317/605/1108/25939/84250/6944/55086/25836/253714/5591/5423/113510/51567/7486/79913/54969/55193/6605/25900/3146/7520/24144/545/55257/1663/64769/4436/672/54556/4173/8193/675/58493/29117/57223/9401/25913/8914/79184/9937/8110/9275/3297/6597/86/27339/6119/23028/23126/7913/8089/5892/142/9907/1653/55345/7155/1457/6118/83990/84515/85456/9319/6599/25/254394/149840/54799/4176/3980/23137/6419/80010/79677/8289/348654/6595,MyLa,Down
GO:0032787,monocarboxylic acid metabolic process,435,0.37292074563778643,1.5507848022690707,2.3632501617236047e-5,0.003356437137584814,0.0028771425099100396,1871,"tags=22%, list=14%, signal=20%",80270/9663/3098/157506/7157/1312/241/3074/32/254552/10449/5106/10090/215/5581/669/35/8013/5468/4259/2026/6916/58526/2184/3667/150763/2593/134429/57103/51390/5321/11182/549/84830/8942/6652/1544/5826/55301/64223/5743/113189/84879/1545/2876/26031/3995/25953/9536/11057/10196/242/89/6785/23411/10999/205251/9415/390916/3091/1907/2108/37/948/2571/114880/83667/1109/56922/1384/117145/6774/51495/3712/11332/25902/64410/5264/195827/1268/5223/224/51341/2264/7416/5564/5165/51548/91452/1376/1622/1738/3099/171586/7494/5236/3418,MyLa,Up
GO:0002367,cytokine production involved in immune response,88,0.5278117528644872,1.8943362311792495,2.66302583101245e-5,0.0035930876024935486,0.0030799996124472946,1687,"tags=33%, list=13%, signal=29%",3098/1604/3718/8013/54440/604/7292/684/9516/51284/4092/79671/7805/6504/3554/10892/8809/3569/23411/116449/3663/948/79004/7040/8764/975/24145/56848/7124,MyLa,Up
GO:0002718,regulation of cytokine production involved in immune response,88,0.5278117528644872,1.8943362311792495,2.66302583101245e-5,0.0035930876024935486,0.0030799996124472946,1687,"tags=33%, list=13%, signal=29%",3098/1604/3718/8013/54440/604/7292/684/9516/51284/4092/79671/7805/6504/3554/10892/8809/3569/23411/116449/3663/948/79004/7040/8764/975/24145/56848/7124,MyLa,Up
GO:0022409,positive regulation of cell-cell adhesion,253,0.4124565500325784,1.651016722978254,3.4920942414343034e-5,0.0045967884441514475,0.003940373348165279,2091,"tags=30%, list=16%, signal=26%",7297/942/1604/11117/941/648/3600/64332/1803/6777/8013/2113/54440/8728/29126/604/7535/7292/960/29851/3559/8631/64926/3111/959/4092/288/6504/7480/57178/9840/6693/10125/10892/2651/3575/5781/9223/3569/1326/8651/4301/3552/80381/3566/4651/3120/9308/7784/11148/84433/3115/101/10148/6541/8764/399/5914/975/10211/64410/3956/961/84034/7124/149233/7494/11151/80380/2650/8440/3707/3329/6603/6604/3112,MyLa,Up
GO:0051250,negative regulation of lymphocyte activation,115,0.482892049856925,1.798838279773455,3.9361387642359006e-5,0.005025510606365344,0.004307874572613574,2184,"tags=31%, list=17%, signal=26%",57045/942/55824/201633/941/64092/3718/6522/29126/604/7292/3559/4092/64844/7805/3958/6693/8651/1493/3566/116449/3624/8764/8379/868/3398/5585/6385/80380/83593/80149/9750/5074/80762/135/9231,MyLa,Up
GO:2001234,negative regulation of apoptotic signaling pathway,187,0.43605277347713556,1.7156393274799626,4.004019938367793e-5,0.005025510606365344,0.004307874572613574,1826,"tags=28%, list=14%, signal=24%",5607/55179/51616/10449/648/581/64114/2017/960/80196/10525/10105/55011/468/64844/51499/3315/2907/3958/55437/4000/90/599/1495/5743/8837/10488/2876/598/23411/50484/3552/3301/25946/3091/54929/27166/23017/10413/27429/10399/5925/1459/57007/7178/2771/8682/4193/7124/10131/4582/7494,MyLa,Up
GO:0097190,apoptotic signaling pathway,496,0.36354105836472433,1.5231560199977832,4.426301775798027e-5,0.005429261519086808,0.004653970407806778,2179,"tags=25%, list=17%, signal=22%",7157/5607/5366/55179/3708/8718/64782/5295/5578/51616/10449/648/581/64332/2810/64065/1512/64114/51065/2017/960/8428/28996/7159/1386/147138/9833/80196/10525/10105/55011/468/4088/64844/317/51499/3315/355/2907/2081/3958/841/55437/4000/90/599/1495/83982/6693/8742/5743/8837/10488/1545/2876/1611/57600/598/27141/23411/50484/10961/8795/3552/489/27113/4050/1026/3301/81537/25946/3091/84231/93974/3624/54929/27166/133746/7040/23017/10413/27429/10550/10399/1396/5925/1459/57007/5371/10494/3265/7178/2771/8682/4193/29965/837/30001/84289/6810/7124/10131/2923/114971/1984/8453/9812/4582/7494/282991/5025/2872/8440/56947/5074/5071/91/4683/6789/8743/54431/135/5034/10059/367/843,MyLa,Up
GO:0007259,receptor signaling pathway via JAK-STAT,108,0.49001321116321706,1.8121187648054298,4.642325840655079e-5,0.005567696124892324,0.004772636741445397,1749,"tags=29%, list=13%, signal=25%",7297/9021/6776/5008/3587/1647/3718/3600/6777/801/57599/3976/3601/3578/5618/5753/3575/1545/3569/5310/8651/3596/2241/8784/6774/22876/6778/6775/5311/7124/149233,MyLa,Up
GO:0002819,regulation of adaptive immune response,161,0.439693082898131,1.7056509620459144,4.864400940470104e-5,0.005707211277329816,0.00489222932113641,1749,"tags=25%, list=13%, signal=22%",7297/1604/941/10538/64092/3718/64332/440275/54440/29126/604/7292/8631/4092/5321/6504/2208/7158/9173/6693/3554/10892/8809/3575/3569/725/121260/23411/3566/7784/80329/5817/7040/8764/975/6778/5585/3726/7124/149233,MyLa,Up
GO:0002675,positive regulation of acute inflammatory response,18,0.7631645933806691,2.0536967556568246,6.409764512647399e-5,0.007324883212839486,0.0062788999191421245,1687,"tags=61%, list=13%, signal=53%",5008/241/5733/84699/5743/3569/7784/101/8792/1268/7124,MyLa,Up
GO:0044282,small molecule catabolic process,262,0.40230190212838335,1.6137140964511307,6.514626537266914e-5,0.007324883212839486,0.0062788999191421245,2995,"tags=34%, list=23%, signal=27%",9663/3098/7157/3074/32/254552/10449/5106/2746/10007/215/35/2806/2026/2184/219/3667/7263/57103/2530/51390/2744/549/2710/84830/8942/6652/5826/152926/84879/25953/11057/642/89/79644/205251/390916/84750/2108/37/2571/26275/22875/164668/83667/55556/56922/1384/4245/3712/11332/2582/5264/1268/5223/4942/4357/11112/1376/56267/1738/3099/171586/5465/874/84696/89874/10295/949/23464/2529/1743/5095/51005/3029/2098/4329/3425/18/11315/207/51084/5214/572/2110/219743/5019/587/5230/3295,MyLa,Up
GO:0002673,regulation of acute inflammatory response,28,0.6704350891038195,2.0046512190047405,6.961698679358053e-5,0.0073671152495089045,0.006315101278798482,1687,"tags=46%, list=13%, signal=41%",5008/241/5733/84699/6693/5743/9536/3569/7784/101/8792/1268/7124,MyLa,Up
GO:0070201,regulation of establishment of protein localization,430,0.35829871538390956,1.4905708736944696,6.72838838265389e-5,0.0073671152495089045,0.006315101278798482,2452,"tags=27%, list=19%, signal=23%",80223/10857/7295/84876/3708/5295/6860/26056/5106/2746/2810/5581/79899/11261/11156/5901/5468/9695/2039/4641/55691/3667/4088/2308/288/5481/3998/5494/84830/5743/6558/5781/7273/51100/441161/26154/3569/55638/56850/9818/10961/9854/3552/3301/3091/10425/3596/93974/43/948/5784/58480/4947/51092/5880/4756/7040/101/84522/27429/10399/3684/64215/1459/999/26229/975/3265/23255/9662/10815/3783/4193/2864/1268/10055/283/23256/6810/7124/7341/51548/399687/5715/55135/9776/80149/55432/5978/56947/5071/80762/5562/135/51738/10059/9463/2010/51465/9478/79628/51763/1263/79651/23657/11142/8111/9501/10972/10075/57555/7531/652/55823/51009/5910/29934,MyLa,Up
GO:0006260,DNA replication,264,-0.30033706934707993,-1.4882030213099162,6.881722286256011e-5,0.0073671152495089045,0.006315101278798482,2714,"tags=36%, list=21%, signal=29%",163859/55388/10714/546/56652/2021/23594/11124/25942/79991/51507/146956/5515/26271/5813/10361/157570/4796/8882/10445/4172/79733/5425/7349/79075/7014/1111/8317/1660/5928/25939/57662/253714/5423/259282/7486/79913/57695/91607/374393/27000/57418/125476/545/7270/25842/1663/92667/64769/5884/5763/9134/22944/672/4173/91603/5111/9837/675/51514/5429/9401/5981/79915/8914/5558/79960/7465/86/51053/6119/2260/246243/142/9767/6118/4784/84515/4782/26057/56897/222229/254394/4176/3980/7013/23175/6419/3399/80010/10919/3978/348654/54107,MyLa,Down
GO:0070059,intrinsic apoptotic signaling pathway in response to endoplasmic reticulum stress,54,0.5864888327046492,1.958917567929841,7.260334664105666e-5,0.007535389650418899,0.0064593463256567615,2093,"tags=43%, list=16%, signal=36%",7157/5366/3708/581/10525/468/317/2907/2081/10488/598/23411/10961/8795/489/27113/5371/837/30001/7494/8440/5071/54431,MyLa,Up
GO:0014819,regulation of skeletal muscle contraction,12,0.8253693481708468,2.0027712450625046,7.523598420398934e-5,0.007661294466960952,0.00656727210678318,927,"tags=33%, list=7%, signal=31%",1756/3164/89/9446,MyLa,Up
GO:0097193,intrinsic apoptotic signaling pathway,269,0.3920430635197624,1.5781171904454174,8.425909587643007e-5,0.008421228526760983,0.0072186886233315825,1826,"tags=25%, list=14%, signal=22%",7157/5366/3708/64782/5295/51616/581/2810/64065/51065/960/8428/28996/7159/1386/9833/10525/10105/468/64844/317/51499/3315/2907/2081/599/5743/10488/1545/2876/57600/598/27141/23411/50484/10961/8795/489/27113/1026/3301/81537/25946/3091/54929/133746/27429/10550/10399/1396/57007/5371/10494/3265/7178/4193/29965/837/30001/7124/10131/114971/1984/8453/4582/7494,MyLa,Up
GO:0042391,regulation of membrane potential,263,0.39304477174912955,1.577140678406117,8.872239097841811e-5,0.008706086256554954,0.007462869059332968,2915,"tags=33%, list=22%, signal=27%",1756/274/5774/5366/581/5575/215/11280/22871/801/6548/23415/10105/4092/288/2745/287/482/10060/781/1137/706/598/3799/205251/388591/4915/776/3751/93974/948/131096/4297/27166/10550/10399/9177/2906/64208/4897/2859/3783/8506/1268/7124/7341/2550/8898/63895/1738/56660/6262/5025/2905/5071/23316/5023/135/480/23613/51738/4734/7415/10935/4882/2273/10021/84275/83959/9699/9498/57555/7531/2332/488/79594/8645/18/5590/11315/207/400916/637/6324/2769/572/80024/112755,MyLa,Up
GO:0050868,negative regulation of T cell activation,91,0.4976623484522581,1.7895498661169045,9.444941180311886e-5,0.00910256206252558,0.00780272866305841,2184,"tags=33%, list=17%, signal=28%",57045/942/55824/201633/941/3718/6522/29126/604/7292/3559/4092/64844/7805/3958/6693/8651/1493/3566/8764/8379/868/6385/80380/80149/9750/5074/80762/135/9231,MyLa,Up
GO:1903038,negative regulation of leukocyte cell-cell adhesion,99,0.48189017485655655,1.758978544248081,1.0284218079062115e-4,0.009737530696964604,0.00834702464588698,2184,"tags=32%, list=17%, signal=27%",57045/942/55824/201633/941/3718/6522/29126/604/7292/3559/4092/64844/7805/3958/84830/6693/8651/1493/3566/8764/8379/868/6385/80380/5465/80149/9750/5074/80762/135/9231,MyLa,Up
GO:0007340,acrosome reaction,17,0.7603820384265944,2.005734313982008,1.0817076968244995e-4,0.010065476620279007,0.008628140340369649,1107,"tags=35%, list=9%, signal=32%",2054/8372/2683/109/11057/7784,MyLa,Up
GO:1903530,regulation of secretion by cell,386,0.360896979726124,1.4899580468915805,1.1764855164408589e-4,0.010761851410561551,0.00922507376406347,2468,"tags=27%, list=19%, signal=23%",80223/8573/5008/1731/84876/23208/3708/6860/26056/5106/2746/5581/22871/5468/29091/192683/55691/79772/8372/3667/3976/2308/5321/5481/9381/84830/23178/55784/6558/5781/4735/25953/9536/1137/7273/706/10765/26154/3569/55638/9545/10961/9854/3552/3566/3091/3596/43/3624/7784/51092/5880/4756/7040/101/84522/8792/286676/5217/3684/64215/25837/10815/2771/3783/2864/93664/1268/283/613/56848/6810/7124/51548/2550/399687/9846/5715/6385/23011/5025/201475/5978/5071/27183/6853/5023/135/51738/10059/9463/9367/9699/79651/9498/8111/9501/10972/57555/23332/2332/5868/5910/488/301,MyLa,Up
GO:0006942,regulation of striated muscle contraction,52,0.5639371051171098,1.87643429955926,1.2230352655410843e-4,0.011001202213542054,0.009430245600093099,963,"tags=27%, list=7%, signal=25%",1756/274/801/6548/5142/4092/3164/287/51130/5997/89/1193/9446/388591,MyLa,Up
GO:0046640,regulation of alpha-beta T cell proliferation,38,0.6244309181894486,1.9754052822527608,1.2572939564525992e-4,0.011087129187250527,0.009503902319605642,1419,"tags=37%, list=11%, signal=33%",7297/57045/1604/6522/29126/7535/7292/3559/64926/84433/10148/8764/975/868,MyLa,Up
GO:0019226,transmission of nerve impulse,36,0.631787375892743,1.9566209542226827,1.3135833237501568e-4,0.011087129187250527,0.009503902319605642,2416,"tags=47%, list=19%, signal=39%",1890/11280/288/146183/4915/3751/26047/4897/2859/57731/8506/5025/5023/51738/4882/1901/2332,MyLa,Up
GO:0016054,organic acid catabolic process,180,0.42033471002429373,1.6502618147407382,1.3147605484232605e-4,0.011087129187250527,0.009503902319605642,2108,"tags=28%, list=16%, signal=24%",9663/3074/32/254552/10449/5106/2746/10007/215/35/2806/2184/3667/7263/51390/2744/549/84830/8942/6652/5826/152926/84879/11057/642/205251/390916/2108/37/2571/26275/83667/55556/56922/1384/3712/11332/5264/1268/4942/4357/11112/1376/56267/1738/171586/5465/84696/89874/10295,MyLa,Up
GO:0046395,carboxylic acid catabolic process,180,0.42033471002429373,1.6502618147407382,1.3147605484232605e-4,0.011087129187250527,0.009503902319605642,2108,"tags=28%, list=16%, signal=24%",9663/3074/32/254552/10449/5106/2746/10007/215/35/2806/2184/3667/7263/51390/2744/549/84830/8942/6652/5826/152926/84879/11057/642/205251/390916/2108/37/2571/26275/83667/55556/56922/1384/3712/11332/5264/1268/4942/4357/11112/1376/56267/1738/171586/5465/84696/89874/10295,MyLa,Up
GO:0052547,regulation of peptidase activity,215,0.40057902762692876,1.5889707271399907,1.4026744760335376e-4,0.011646514072543081,0.00998340780917797,2834,"tags=35%, list=22%, signal=28%",5607/274/5366/581/22861/2810/64065/1512/51065/5468/960/6195/80196/55011/4088/317/51499/355/112399/7805/6695/841/10892/2876/1611/5720/23411/6091/489/27113/10049/26999/9806/5045/27166/27429/10550/10399/10010/6774/23204/114769/4155/83464/9447/7124/3336/1472/330/5978/59082/10395/3329/4035/8743/1992/65992/7415/843/55081/197/1475/331/64170/6300/79594/23787/7079/55031/11315/207/3428/637/80759/1944/2149,MyLa,Up
GO:0046633,alpha-beta T cell proliferation,41,0.606446470167243,1.9468723068018634,1.5206630772273585e-4,0.011724312325422932,0.010050096578066528,1419,"tags=37%, list=11%, signal=33%",7297/57045/1604/3600/6522/29126/7535/7292/3559/64926/84433/10148/8764/975/868,MyLa,Up
GO:0002702,positive regulation of production of molecular mediator of immune response,105,0.4791760850731724,1.7631899406367781,1.5029243903886996e-4,0.011724312325422932,0.010050096578066528,1922,"tags=30%, list=15%, signal=26%",3098/942/1604/7293/8013/54440/7292/51284/51237/7805/6504/7158/3554/10892/8809/3569/23411/3566/116449/3596/3663/948/7040/8764/975/6778/24145/56848/6810/7494/3567/8140,MyLa,Up
GO:0046632,alpha-beta T cell differentiation,108,0.4749206908685473,1.756305087518537,1.492046771157901e-4,0.011724312325422932,0.010050096578066528,2107,"tags=33%, list=16%, signal=28%",9021/942/941/10538/1880/3718/64332/6522/54440/604/7535/7292/1386/639/4092/6693/10892/8809/3569/8651/3566/4297/9308/5914/6774/6778/6775/2841/64410/3726/3662/149233/80149/3707/5734/64919,MyLa,Up
GO:0022408,negative regulation of cell-cell adhesion,139,0.4515368427176861,1.7271959485480237,1.501518263149456e-4,0.011724312325422932,0.010050096578066528,2245,"tags=32%, list=17%, signal=26%",57045/942/55824/201633/5607/941/3718/6522/29126/604/7292/3559/4092/64844/7805/3958/84830/6693/26154/53827/8651/928/1493/3566/7040/81542/8764/8379/999/868/4155/6385/80380/5465/80149/9750/5747/5074/91663/80762/135/80139/9231/3557,MyLa,Up
GO:0043281,regulation of cysteine-type endopeptidase activity involved in apoptotic process,129,0.45488253330381323,1.7187151250517263,1.4818843287977843e-4,0.011724312325422932,0.010050096578066528,2891,"tags=40%, list=22%, signal=31%",5607/5366/581/22861/2810/51065/5468/960/6195/80196/55011/4088/317/51499/355/112399/7805/841/10892/2876/1611/23411/6091/489/27113/10049/27429/10550/10399/23204/114769/7124/3336/5978/10395/3329/8743/7415/843/55081/331/64170/79594/23787/55031/11315/207/637/80759/2149/572,MyLa,Up
GO:0042180,cellular ketone metabolic process,149,0.4352757938657557,1.680140112252139,1.6622390811596248e-4,0.012635358198617599,0.010831046347956341,2964,"tags=36%, list=23%, signal=28%",157506/84883/32/215/5581/6777/8013/5468/2806/2232/90956/58526/3667/134429/8942/5743/84879/25953/10196/23411/205251/2531/84274/37/1109/23590/64410/1268/10901/2264/5165/51548/56267/9612/1728/5465/5978/874/10295/23657/5164/3029/9946/80219/11315/873/207/51117/219743/93058/7376/5019/1181,MyLa,Up
GO:0050730,regulation of peptidyl-tyrosine phosphorylation,151,0.43093992284323424,1.6679582767965964,1.8391107313801987e-4,0.013785667523970738,0.01181709307663154,1423,"tags=23%, list=11%, signal=20%",9021/7157/5008/941/64092/4739/1741/3600/5581/10006/2039/960/3976/3578/58533/10507/90/64223/5753/5781/3569/8651/30844/9961/5168/9094/3596/948/57732/7040/8764/8784/868/22876,MyLa,Up
GO:0018108,peptidyl-tyrosine phosphorylation,182,0.41679176131103146,1.6393403835769167,1.8763908269829138e-4,0.013872440127707926,0.011891474671362518,1749,"tags=23%, list=13%, signal=20%",9021/7157/5008/941/64092/4739/3718/1741/3600/5581/10006/2039/7535/960/3976/3578/58533/10507/90/5618/64223/5753/5781/3569/8651/30844/9961/5168/9094/3596/948/57732/2241/7040/8764/8784/868/22876/2264/7124/7804/149233,MyLa,Up
GO:0009636,response to toxic substance,158,0.43443830863574734,1.6832923376405866,1.984224682293778e-4,0.013972237664129724,0.011977021256224242,2709,"tags=35%, list=21%, signal=28%",7295/1312/241/84883/581/11280/4259/5292/468/5445/1373/26034/5743/1545/2876/9536/2627/642/8683/2671/10765/1267/1193/9446/1026/948/540/23135/83667/27429/4502/999/4258/4155/4193/23256/4357/7124/10587/10314/1728/51109/5071/6348/10058/847/10935/10928/23657/4519/10202/2098/4780/140803/11315,MyLa,Up
GO:2000116,regulation of cysteine-type endopeptidase activity,149,0.4333702785050153,1.672784930003985,2.0287100995297985e-4,0.013972237664129724,0.011977021256224242,2891,"tags=39%, list=22%, signal=31%",5607/5366/581/22861/2810/64065/51065/5468/960/6195/80196/55011/4088/317/51499/355/112399/7805/841/10892/2876/1611/23411/6091/489/27113/10049/26999/27429/10550/10399/23204/114769/9447/7124/3336/1472/330/5978/59082/10395/3329/8743/7415/843/55081/331/64170/79594/23787/55031/11315/207/3428/637/80759/2149/572,MyLa,Up
GO:0097529,myeloid leukocyte migration,143,0.43538018153626645,1.6722021992089569,2.0452228561538782e-4,0.013972237664129724,0.011977021256224242,2814,"tags=36%, list=22%, signal=28%",57509/11117/5295/1803/6777/1435/5142/5479/57118/5293/23396/2683/6504/3958/79647/3554/10488/3569/3552/928/7130/2921/1907/196527/5880/101/84522/8792/975/6729/961/613/5025/9750/23521/5747/6223/6348/5734/682/10059/2529/6367/3627/301/51561/7857/5228/58515/7423/3071,MyLa,Up
GO:0052548,regulation of endopeptidase activity,195,0.41172595329318384,1.6263931910173577,1.9564979491572138e-4,0.013972237664129724,0.011977021256224242,3145,"tags=39%, list=24%, signal=30%",5607/274/5366/581/22861/2810/64065/51065/5468/960/6195/80196/55011/4088/317/51499/355/112399/7805/6695/841/10892/2876/1611/5720/23411/6091/489/27113/10049/26999/9806/5045/27166/27429/10550/10399/6774/23204/114769/4155/83464/9447/7124/3336/1472/330/5978/59082/10395/3329/8743/1992/7415/843/55081/197/331/64170/79594/23787/7079/55031/11315/207/3428/637/80759/1944/2149/572/871/10542/6478/8434/23400/6188,MyLa,Up
GO:0018212,peptidyl-tyrosine modification,184,0.41305507029077115,1.6249466934704377,2.029563314846752e-4,0.013972237664129724,0.011977021256224242,1749,"tags=23%, list=13%, signal=20%",9021/7157/5008/941/64092/4739/3718/1741/3600/5581/10006/2039/7535/960/3976/3578/58533/10507/90/5618/64223/5753/5781/3569/8651/30844/9961/5168/9094/3596/948/57732/2241/7040/8764/8784/868/22876/2264/7124/7804/149233,MyLa,Up
GO:1904951,positive regulation of establishment of protein localization,264,0.38198560815065163,1.5332420556983266,1.9556385506483754e-4,0.013972237664129724,0.011977021256224242,2427,"tags=27%, list=19%, signal=23%",10857/84876/3708/5295/5106/2746/2810/5581/79899/11261/11156/5901/5468/9695/4641/55691/4088/288/5481/5494/5743/7273/51100/55638/9854/3552/3091/10425/3596/43/58480/4947/5880/7040/101/27429/10399/3684/1459/999/26229/975/3265/23255/9662/3783/4193/2864/10055/283/6810/7124/51548/399687/5715/55135/9776/80149/56947/5562/135/51738/10059/2010/1263/8111/9501/10972/10075/57555/7531/55823,MyLa,Up
GO:0010765,positive regulation of sodium ion transport,19,0.721083627090624,1.949891571976532,2.212895948260632e-4,0.014928749290953289,0.01279694433237563,573,"tags=37%, list=4%, signal=35%",1756/54997/11261/6548/10768/288/482,MyLa,Up
GO:0050727,regulation of inflammatory response,252,0.39258809929650806,1.5723953672911386,2.2570634590303272e-4,0.015038730232576144,0.012891220146118635,2628,"tags=30%, list=20%, signal=25%",9021/5008/3587/23208/241/5603/3600/90268/5733/22861/84699/64332/6777/5468/2113/604/197358/7292/58189/3559/51284/340061/4088/79671/10318/9173/6693/3554/5743/2876/9536/3569/7130/55450/145581/3596/7784/5045/7040/101/8792/5925/2175/6774/975/4258/114769/3956/1268/3603/837/961/613/9447/7124/330/5465/6223/80762/6348/5734/135/55872/51738/4363/79651/2529/7128/1540/197/331/301/2678/79648/51561/5687,MyLa,Up
GO:0035455,response to interferon-alpha,17,0.7479156685288342,1.9728505468608522,2.3862013645942426e-4,0.015242955255078437,0.013066282115028765,1316,"tags=41%, list=10%, signal=37%",4600/8519/10581/103/684/149628/6738,MyLa,Up
GO:0032780,negative regulation of ATP-dependent activity,12,0.8012081129657724,1.9441436412859,2.3198990036168732e-4,0.015242955255078437,0.013066282115028765,1203,"tags=42%, list=9%, signal=38%",7157/10105/23411/93974/4331,MyLa,Up
GO:0002526,acute inflammatory response,59,0.559830909991991,1.9133928154379454,2.3866161202364583e-4,0.015242955255078437,0.013066282115028765,1770,"tags=41%, list=14%, signal=35%",5008/241/5733/84699/2335/11280/7292/2683/90/6693/5743/9536/3569/3552/7784/196527/101/8792/5547/23780/1268/2205/7124/59307,MyLa,Up
GO:0046637,regulation of alpha-beta T cell differentiation,61,0.5460626632056966,1.8626331030323025,2.4166360554509563e-4,0.015242955255078437,0.013066282115028765,2013,"tags=38%, list=15%, signal=32%",942/941/10538/3718/64332/6522/54440/604/7535/7292/639/4092/10892/8651/3566/9308/5914/64410/3726/3662/149233/80149/3707,MyLa,Up
GO:0006487,protein N-linked glycosylation,65,0.5326481085592427,1.8349459109522337,2.457174554737491e-4,0.015242955255078437,0.013066282115028765,1933,"tags=37%, list=15%, signal=32%",1798/9945/2530/2683/11282/9526/55858/9761/79644/29929/85365/56052/7841/4245/6184/201595/11285/79053/29880/4249/4247/199857/5238/2673,MyLa,Up
GO:0051046,regulation of secretion,408,0.3518803643783842,1.4579202965025,2.4369168808663054e-4,0.015242955255078437,0.013066282115028765,2468,"tags=27%, list=19%, signal=23%",80223/8573/5008/1731/84876/23208/3708/6860/26056/5106/2746/5733/5581/22871/5468/29091/192683/55691/79772/8372/3667/3976/2308/5321/5481/9381/84830/23178/55784/6558/5781/4735/25953/9536/1137/7273/242/706/10765/26154/3569/55638/9545/10961/9854/3552/3566/3091/3596/43/3624/7784/51092/5880/4756/7040/101/84522/8792/286676/5217/3684/64215/25837/10815/2771/3783/2864/93664/1268/283/613/56848/6810/7124/51548/1535/2550/399687/9846/5715/4939/7494/6385/23011/5025/201475/5978/5071/27183/5562/6853/5023/135/51738/10059/9463/9367/9699/79651/9498/8111/9501/10972/57555/23332/2332/5868/5910/488/301,MyLa,Up
GO:1904892,regulation of receptor signaling pathway via STAT,66,0.5359419604522219,1.8514258222233873,2.533227499830967e-4,0.015361605411896323,0.013167989191906681,1879,"tags=32%, list=14%, signal=27%",7297/9021/3587/1647/3718/801/5468/57599/3976/3578/5618/3575/1545/3569/8651/7040/22876/4249/7124/149233/3567,MyLa,Up
GO:0051983,regulation of chromosome segregation,122,-0.3593166606050803,-1.5885300521724735,2.515351713662131e-4,0.015361605411896323,0.013167989191906681,2326,"tags=30%, list=18%, signal=24%",196528/3192/10783/9587/605/23397/23310/56155/55193/6605/51434/9918/1843/51759/8193/29882/29117/51451/23369/9183/8110/9275/6597/86/10051/11130/1457/9319/6599/23137/55920/79677/5359/8289/348654/6595,MyLa,Down
GO:0045055,regulated exocytosis,169,0.4135772495600462,1.608831310223878,2.6147264720428605e-4,0.015679643077350355,0.013440611514185232,2814,"tags=34%, list=22%, signal=27%",80223/2054/8573/9143/23208/6860/26056/11280/8013/22871/192683/8372/5293/23396/9381/10125/26154/9545/26059/3566/116449/3596/7784/5880/5217/51150/3684/9751/25837/10815/2771/93664/613/56848/2205/6810/9846/9144/11151/5978/6348/8773/6853/5023/9699/9498/9501/10972/2332/5868/488/3134/80331/6284/3916/6809/3071,MyLa,Up
GO:0007162,negative regulation of cell adhesion,208,0.4040941222057779,1.6002613495011044,2.869997235505467e-4,0.017021291296728577,0.014590674204796447,2184,"tags=30%, list=17%, signal=25%",57045/942/55824/201633/5607/8573/941/23654/5295/3718/6522/2039/29126/604/7292/3559/4092/64844/7805/3958/6695/10507/84830/6693/2633/2651/5781/1545/26154/53827/8651/928/1826/1493/3566/1366/7040/81542/8764/8379/999/868/4155/1277/6904/4582/6494/6385/80380/5465/80149/9750/10395/5747/5074/9448/91663/3339/80762/135/80139/9231,MyLa,Up
GO:0001934,positive regulation of protein phosphorylation,402,0.3506259796719054,1.4493863719484799,2.9283170069963234e-4,0.017178398789955605,0.014725346963099361,2099,"tags=23%, list=16%, signal=20%",942/7157/5607/5008/941/7295/5871/4739/1741/5899/3600/79899/10979/9693/801/10006/1435/960/28996/1386/3976/55011/355/2081/8099/10507/55437/84830/90/23531/6693/5618/5604/10125/10892/116986/64223/5743/4486/5753/5781/84722/5058/57600/3569/23118/23411/10961/30844/8795/6091/23043/5168/1026/9094/4915/3596/8826/5606/55233/948/3624/7040/2247/8792/5217/10399/8764/8784/3265/57161/10211/56005/283/3937/7124/7804/149233/3953/51347/126308/3567/85440/5605/28232/5747/4683/6789/7786/65992/23328,MyLa,Up
GO:0002286,T cell activation involved in immune response,90,0.4950124920411013,1.7784017936915115,3.076769291911827e-4,0.01785518695532057,0.015305490705096188,1749,"tags=30%, list=13%, signal=26%",9021/942/7157/941/10538/1880/3718/64332/440275/604/7292/4092/3958/6693/10892/8809/3569/3566/4297/5914/6774/975/6778/6775/3726/3662/149233,MyLa,Up
GO:0046425,regulation of receptor signaling pathway via JAK-STAT,62,0.5302088134030745,1.8164636920708626,3.151054937197985e-4,0.017961902190866363,0.015396967151118587,841,"tags=23%, list=6%, signal=21%",7297/9021/3587/1647/3718/801/57599/3976/3578/5618/3575/1545/3569/8651,MyLa,Up
GO:0002698,negative regulation of immune effector process,79,0.5026429421522642,1.782896563433885,3.1924887030976057e-4,0.017961902190866363,0.015396967151118587,2094,"tags=33%, list=16%, signal=28%",1604/941/966/3718/604/7292/684/4092/79671/933/6504/3958/6693/3575/2671/725/3566/2241/79004/7040/613/7124/80149/6223/80762/10225,MyLa,Up
GO:0060048,cardiac muscle contraction,82,0.49933647664728054,1.776468772543694,3.2459162688714224e-4,0.017961902190866363,0.015396967151118587,1047,"tags=23%, list=8%, signal=21%",1756/274/11280/801/6548/5142/4092/287/2548/10060/781/51130/5997/7273/1193/9446/388591/776/5606,MyLa,Up
GO:0043367,"CD4-positive, alpha-beta T cell differentiation",82,0.4990817597421445,1.7755625767238907,3.2459162688714224e-4,0.017961902190866363,0.015396967151118587,1749,"tags=33%, list=13%, signal=29%",9021/942/941/10538/1880/3718/64332/54440/604/7292/4092/6693/10892/8809/3569/8651/3566/4297/9308/5914/6774/6778/6775/64410/3726/3662/149233,MyLa,Up
GO:0002521,leukocyte differentiation,485,0.34286964392513,1.4366333910991822,3.2615646001573164e-4,0.017961902190866363,0.015396967151118587,2107,"tags=24%, list=16%, signal=21%",54997/9021/6776/942/7157/941/10538/1021/4739/1880/5295/3718/5578/648/581/3600/10100/64332/6777/6522/5468/54440/1435/604/7535/7292/3559/25979/1386/639/3976/3111/3601/959/4092/5293/3578/4783/10945/9290/6504/6654/841/914/7480/57178/7922/9840/917/9173/6693/10125/10892/8809/29887/3575/4066/814/7030/915/135228/3569/8651/23411/3552/7130/1493/3566/4297/3624/9308/84433/27166/7040/925/101/56834/84522/8792/6988/399/5925/55509/51542/5914/2175/6774/975/6778/6775/2841/3398/1316/64410/3956/6729/3726/51341/3662/7124/9846/149233/55619/3953/7494/3567/81570/80149/2200/9452/3707/80762/6348/5734/6603/5316/6604/64919,MyLa,Up
GO:1903039,positive regulation of leukocyte cell-cell adhesion,225,0.39173951427053627,1.5551302452265452,3.327153823419689e-4,0.018138029479794,0.015547943704337621,2091,"tags=29%, list=16%, signal=25%",7297/942/1604/941/648/3600/64332/1803/6777/8013/2113/54440/29126/604/7535/7292/960/29851/3559/8631/64926/3111/959/6504/7480/57178/9840/6693/10125/10892/3575/5781/3569/1326/8651/3552/80381/3566/3120/9308/7784/11148/84433/3115/101/10148/6541/8764/399/5914/975/64410/3956/961/7124/149233/7494/11151/80380/2650/8440/3707/3329/6603/6604/3112,MyLa,Up
GO:1902307,positive regulation of sodium ion transmembrane transport,11,0.802868073759584,1.8905474923874055,3.3859967086306565e-4,0.018274224236479654,0.015664690036243933,573,"tags=55%, list=4%, signal=52%",1756/54997/11261/6548/288/482,MyLa,Up
GO:0042093,T-helper cell differentiation,65,0.5252292648123034,1.809388367841338,3.561810456000437e-4,0.01903276339706372,0.01631491084327454,2052,"tags=38%, list=16%, signal=33%",9021/942/941/10538/1880/3718/64332/604/7292/4092/6693/10892/8809/3569/3566/4297/5914/6774/6778/6775/3726/3662/149233/80149/5734,MyLa,Up
GO:0050729,positive regulation of inflammatory response,90,0.4915086807428616,1.7658138602600684,3.8671121393452963e-4,0.020461572760829966,0.017539688186194613,2052,"tags=37%, list=16%, signal=31%",5008/241/5603/3600/5733/22861/84699/64332/6777/2113/7292/51284/10318/9173/5743/3569/55450/7784/7040/101/8792/975/4258/3956/1268/3603/837/961/9447/7124/6223/6348/5734,MyLa,Up
GO:0002699,positive regulation of immune effector process,188,0.4015029676432753,1.5798743538353626,3.9720838474984876e-4,0.020612823581682056,0.01766934059691888,2032,"tags=27%, list=16%, signal=23%",3098/942/1604/941/7293/64332/6777/8013/54440/7292/10584/4068/51284/51237/7805/6504/2208/7158/10125/3554/10892/8809/3569/23411/3566/116449/3596/3663/948/7784/2241/80329/5817/7040/8764/3684/5914/975/6778/24145/56848/6810/7124/399687/9846/149233/7494/3567/8140/6223/3329,MyLa,Up
GO:0030217,T cell differentiation,255,0.38455476621846085,1.5388389975138799,3.94357807691376e-4,0.020612823581682056,0.01766934059691888,1476,"tags=23%, list=11%, signal=21%",9021/942/7157/941/10538/1021/1880/5295/3718/648/3600/64332/6777/6522/54440/604/7535/7292/3559/1386/639/3111/4092/5293/10945/6654/914/7480/57178/9840/917/6693/10125/10892/8809/3575/814/915/3569/8651/3552/1493/3566/4297/9308/84433/27166/7040/925/101/399/5914/2175/6774/6778/6775/2841/64410,MyLa,Up
GO:2001233,regulation of apoptotic signaling pathway,302,0.36888493667530353,1.50315776455637,4.299160785651115e-4,0.022097686438246732,0.01894216707061318,2748,"tags=31%, list=21%, signal=25%",7157/5607/5366/55179/51616/10449/648/581/1512/64114/2017/960/147138/80196/10525/10105/55011/468/64844/317/51499/3315/355/2907/3958/55437/4000/90/599/1495/8742/5743/8837/10488/2876/598/23411/50484/10961/3552/27113/4050/3301/25946/3091/84231/3624/54929/27166/23017/10413/27429/10399/5925/1459/57007/5371/7178/2771/8682/4193/84289/6810/7124/10131/2923/114971/1984/4582/7494/8440/5071/6789/8743/135/5034/10059/367/7185/7128/6154/1540/652/6788/10333/4780/2395/55031/7857/3685/11315/207/10955/7466,MyLa,Up
GO:0050867,positive regulation of cell activation,297,0.36888914483122254,1.4984295519728263,4.483088098265217e-4,0.0228256853456013,0.019566208730760308,2091,"tags=27%, list=16%, signal=23%",7297/942/1604/941/1880/648/3600/7293/64332/1803/6777/8013/54440/29126/604/7535/4773/7292/29851/3559/6195/64926/3111/3601/959/5321/6504/7158/914/7480/57178/9840/9173/6693/5618/10125/10892/3575/5781/3569/1326/8651/3552/80381/1026/3566/3596/3120/9308/7784/11148/84433/3115/7040/101/10148/6541/8764/399/5914/975/6778/64410/3956/961/56848/7124/149233/7494/11151/3567/80380/8440/3707/3329/6348/6603/6604/3112,MyLa,Up
GO:0050881,musculoskeletal movement,38,0.5999530819245988,1.8979689387803635,4.759540428423346e-4,0.023784481196482223,0.02038808984690118,1687,"tags=32%, list=13%, signal=28%",1756/3708/28996/3164/429/2548/4130/89/9446/51542/51761/7124,MyLa,Up
GO:0002820,negative regulation of adaptive immune response,40,0.581623274554093,1.8633364727105384,4.756804019293896e-4,0.023784481196482223,0.02038808984690118,1256,"tags=32%, list=10%, signal=29%",941/64092/3718/604/7292/4092/6504/9173/6693/3575/725/3566/8764,MyLa,Up
GO:0001508,action potential,93,0.4687391587196424,1.6976239526540278,4.8353962136659544e-4,0.02394186547261941,0.020522999863893648,2463,"tags=32%, list=19%, signal=26%",1756/274/5774/11280/801/6548/288/287/10060/781/1137/388591/4915/776/3751/948/4897/2859/8506/1268/7124/7341/6262/5025/5023/4882/10021/7531/2332/488,MyLa,Up
GO:0002287,alpha-beta T cell activation involved in immune response,67,0.5085713024125641,1.764347634612298,4.946545914134672e-4,0.024050908377103445,0.020616471590916917,2052,"tags=37%, list=16%, signal=32%",9021/942/941/10538/1880/3718/64332/604/7292/4092/6693/10892/8809/3569/3566/4297/5914/6774/6778/6775/3726/3662/149233/80149/5734,MyLa,Up
GO:0002293,alpha-beta T cell differentiation involved in immune response,67,0.5085713024125641,1.764347634612298,4.946545914134672e-4,0.024050908377103445,0.020616471590916917,2052,"tags=37%, list=16%, signal=32%",9021/942/941/10538/1880/3718/64332/604/7292/4092/6693/10892/8809/3569/3566/4297/5914/6774/6778/6775/3726/3662/149233/80149/5734,MyLa,Up
GO:0062013,positive regulation of small molecule metabolic process,84,0.4886445116973551,1.7386629208778666,5.03275932442783e-4,0.0241914929535421,0.020736980882325957,874,"tags=20%, list=7%, signal=19%",157506/5366/10776/215/5581/8013/5468/58526/3667/134429/2308/57103/64223/5743/89/23411/205251,MyLa,Up
GO:0006935,chemotaxis,291,0.37186063031876804,1.5049930986660902,5.109931807863256e-4,0.0241914929535421,0.020736980882325957,3114,"tags=34%, list=24%, signal=26%",80270/57509/1890/4739/1880/391/1803/1435/10584/5355/5142/5479/4088/51157/3164/57118/5293/3315/23396/6504/3958/79647/123920/10507/6693/5604/6558/10488/3569/23767/4046/6091/1826/5168/7130/2921/1907/2241/57449/196527/5880/7040/101/2247/8792/57007/6586/64221/2826/3265/2841/3603/6729/5288/4858/6810/10505/11151/51119/6259/5025/9750/23521/10509/5747/6223/3897/6348/11240/682/10059/4363/10928/1130/1901/6367/1235/5154/3627/652/301/64218/51561/7857/3685/5228/6809/7423/3071/7412/80024/5898/7852/4814/54910/5156/5473/1845,MyLa,Up
GO:0042330,taxis,291,0.37186063031876804,1.5049930986660902,5.109931807863256e-4,0.0241914929535421,0.020736980882325957,3114,"tags=34%, list=24%, signal=26%",80270/57509/1890/4739/1880/391/1803/1435/10584/5355/5142/5479/4088/51157/3164/57118/5293/3315/23396/6504/3958/79647/123920/10507/6693/5604/6558/10488/3569/23767/4046/6091/1826/5168/7130/2921/1907/2241/57449/196527/5880/7040/101/2247/8792/57007/6586/64221/2826/3265/2841/3603/6729/5288/4858/6810/10505/11151/51119/6259/5025/9750/23521/10509/5747/6223/3897/6348/11240/682/10059/4363/10928/1130/1901/6367/1235/5154/3627/652/301/64218/51561/7857/3685/5228/6809/7423/3071/7412/80024/5898/7852/4814/54910/5156/5473/1845,MyLa,Up
GO:0002825,regulation of T-helper 1 type immune response,23,0.6663270436896033,1.8896584172793176,5.265942064172449e-4,0.024498491450491617,0.02100014041424781,992,"tags=39%, list=8%, signal=36%",941/3718/7292/5321/6504/9173/3554/8809/3566,MyLa,Up
GO:0010821,regulation of mitochondrion organization,126,0.44323016407913374,1.670391401662037,5.314601879468895e-4,0.024498491450491617,0.02100014041424781,2948,"tags=37%, list=23%, signal=29%",7157/5366/10449/581/2017/5468/10105/57103/51499/201164/4000/599/64423/2876/23770/706/80821/598/27113/3091/10273/93974/192111/27166/54832/27429/1459/6790/7416/56947/5071/8743/6742/10059/8878/10928/10075/5910/79594/2395/11315/207/400916/637/572/5898/10456,MyLa,Up
GO:0002822,regulation of adaptive immune response based on somatic recombination of immune receptors built from immunoglobulin superfamily domains,147,0.4215105109999643,1.6244128104529387,5.358679158093594e-4,0.024498491450491617,0.02100014041424781,2678,"tags=32%, list=21%, signal=26%",7297/1604/941/10538/3718/64332/54440/29126/604/7292/4092/5321/6504/2208/7158/9173/6693/3554/10892/8809/3575/3569/725/121260/3566/7784/80329/5817/7040/975/6778/5585/3726/7124/149233/80149/80762/3329/567/2529/7128/64170/301/3134/51561/5590/54537,MyLa,Up
GO:0002696,positive regulation of leukocyte activation,290,0.37039322502189526,1.4992720619962432,5.40174260257273e-4,0.024498491450491617,0.02100014041424781,2091,"tags=27%, list=16%, signal=23%",7297/942/1604/941/1880/648/3600/7293/64332/1803/6777/8013/54440/29126/604/7535/4773/7292/29851/3559/64926/3111/3601/959/5321/6504/7158/914/7480/57178/9840/9173/6693/5618/10125/10892/3575/5781/3569/1326/8651/3552/80381/1026/3566/3596/3120/9308/7784/11148/84433/3115/7040/101/10148/6541/8764/399/5914/975/6778/64410/3956/961/56848/7124/149233/7494/11151/3567/80380/8440/3707/3329/6348/6603/6604/3112,MyLa,Up
GO:0006282,regulation of DNA repair,203,-0.29773136865797073,-1.4102167251154902,5.321088460268682e-4,0.024498491450491617,0.02100014041424781,2326,"tags=28%, list=18%, signal=23%",196528/29072/7014/1111/605/1660/84250/6944/55086/5591/113510/79913/55193/6605/117143/3146/24144/125476/545/55257/51547/1663/64769/10155/672/54556/6878/5111/8193/29117/5429/57223/25913/8914/79184/8110/9275/3297/6597/86/8313/23028/23201/7913/8089/142/7155/27097/6118/6599/25/57332/149840/54799/6419/8289/6595,MyLa,Down
GO:0070664,negative regulation of leukocyte proliferation,64,0.5219606328104713,1.7926419658872748,5.604446437700753e-4,0.02501499208135931,0.021442885462210817,2419,"tags=34%, list=19%, signal=28%",57045/942/941/6522/29126/604/3559/64844/6693/1493/8764/8379/868/5585/6385/80380/83593/5074/80762/9231/7128/652,MyLa,Up
GO:0006354,DNA-templated transcription elongation,130,-0.3392313338735209,-1.518866939405608,5.608326925781873e-4,0.02501499208135931,0.021442885462210817,2429,"tags=28%, list=19%, signal=23%",10771/7469/23160/29072/85403/3192/6917/2068/5438/22916/92105/55756/8861/55193/9150/284695/9733/10025/25920/81857/6830/51574/7936/25896/5434/4686/170394/57805/142/51497/57117/3150/221830/9439/55656/2962,MyLa,Down
GO:0048144,fibroblast proliferation,86,0.48285090527483776,1.723524032842317,5.853222240951789e-4,0.02589331183148919,0.02219578235460148,1708,"tags=29%, list=13%, signal=25%",7157/1021/648/581/2335/197358/3976/54331/57178/10060/1281/2876/1026/2495/3596/4297/55845/80169/26272/5371/3265/11285/10933/84289/51548,MyLa,Up
GO:2001243,negative regulation of intrinsic apoptotic signaling pathway,92,0.47039488488320147,1.699379305090521,6.25865966922082e-4,0.027461777426654278,0.023540273210291403,1826,"tags=30%, list=14%, signal=26%",51616/960/10525/10105/468/64844/51499/3315/2907/599/5743/10488/2876/598/23411/50484/3301/25946/3091/54929/27429/10399/57007/7178/4193/10131/4582/7494,MyLa,Up
GO:2000649,regulation of sodium ion transmembrane transporter activity,25,0.6586018167706487,1.9064932043020673,6.431965513545975e-4,0.0279946111908126,0.02399701904247416,838,"tags=32%, list=6%, signal=30%",1756/54997/5774/5581/11261/6548/288/53827,MyLa,Up
GO:0050879,multicellular organismal movement,39,0.5947921706519882,1.8856241139501635,6.59438127160007e-4,0.02847190057826046,0.024406152158890363,1687,"tags=31%, list=13%, signal=27%",1756/3708/28996/3164/429/2548/4130/89/9446/51542/51761/7124,MyLa,Up
GO:0006919,activation of cysteine-type endopeptidase activity involved in apoptotic process,54,0.5465307060002584,1.825454367920002,6.761315165601862e-4,0.028960966625994643,0.02482538024462839,2891,"tags=50%, list=22%, signal=39%",581/22861/51065/5468/4088/317/112399/7805/841/1611/6091/489/27113/10399/7124/3336/10395/3329/7415/843/55081/79594/23787/637/80759/2149/572,MyLa,Up
GO:0032823,regulation of natural killer cell differentiation,10,0.8203729808719201,1.8889510149251518,7.003557037465683e-4,0.02963300976441645,0.025401456543032736,619,"tags=50%, list=5%, signal=48%",3600/6777/639/3601/10125,MyLa,Up
GO:1905517,macrophage migration,40,0.572649278502273,1.8345866360363847,7.028025291542163e-4,0.02963300976441645,0.025401456543032736,2039,"tags=38%, list=16%, signal=32%",57509/11117/1435/2683/6504/3958/79647/928/1907/975/613/5025/23521/5747/6348,MyLa,Up
GO:0045622,regulation of T-helper cell differentiation,35,0.598422134511014,1.8509855863128353,7.088054264277309e-4,0.029654440980081114,0.025419827410443713,1942,"tags=43%, list=15%, signal=37%",942/941/10538/3718/64332/604/7292/4092/10892/3566/5914/3726/3662/149233/80149,MyLa,Up
GO:0055117,regulation of cardiac muscle contraction,43,0.5618742034886558,1.8255227386108623,7.391604810633653e-4,0.030564722308999523,0.026200121811933125,963,"tags=28%, list=7%, signal=26%",1756/274/801/6548/5142/4092/287/51130/5997/1193/9446/388591,MyLa,Up
GO:0046635,positive regulation of alpha-beta T cell activation,62,0.5163318689181899,1.7689221100064525,7.418896836166273e-4,0.030564722308999523,0.026200121811933125,1476,"tags=29%, list=11%, signal=26%",7297/942/1604/941/64332/54440/7535/7292/64926/10892/8651/3566/9308/84433/10148/5914/975/64410,MyLa,Up
GO:0045663,positive regulation of myoblast differentiation,34,-0.5403945114695938,-1.9119001023306723,8.114242120373082e-4,0.031106054035744915,0.026664152109280772,1112,"tags=35%, list=9%, signal=32%",55193/6605/29117/8110/6597/86/6599/8740/8289/6659/4208/6595,MyLa,Down
GO:0002701,negative regulation of production of molecular mediator of immune response,27,0.6382880551768033,1.884311800579466,8.463870410933218e-4,0.031106054035744915,0.026664152109280772,2094,"tags=44%, list=16%, signal=37%",3718/604/684/4092/79671/933/6504/79004/7040/7124/80762/10225,MyLa,Up
GO:0032814,regulation of natural killer cell activation,28,0.620960590152617,1.8567187550808264,8.703009374462632e-4,0.031106054035744915,0.026664152109280772,996,"tags=25%, list=8%, signal=23%",7297/3600/6777/639/3601/10125/116449,MyLa,Up
GO:0045661,regulation of myoblast differentiation,54,-0.4609807645814686,-1.8147950036952643,8.499956841418126e-4,0.031106054035744915,0.026664152109280772,1112,"tags=24%, list=9%, signal=22%",29117/55796/8110/6597/86/677/6599/8740/3399/8289/6659/4208/6595,MyLa,Down
GO:0043370,"regulation of CD4-positive, alpha-beta T cell differentiation",47,0.5495014192278187,1.8112634425965524,8.295488034014668e-4,0.031106054035744915,0.026664152109280772,1942,"tags=40%, list=15%, signal=35%",942/941/10538/3718/64332/54440/604/7292/4092/10892/8651/3566/9308/5914/64410/3726/3662/149233/80149,MyLa,Up
GO:0001523,retinoid metabolic process,42,0.5555157917605524,1.7903560170019095,8.674189107326959e-4,0.031106054035744915,0.026664152109280772,2058,"tags=31%, list=16%, signal=26%",51635/157506/1544/1545/10196/1109/54884/10901/7804/84649/317749/51109/4035,MyLa,Up
GO:0002294,"CD4-positive, alpha-beta T cell differentiation involved in immune response",66,0.5125144139321429,1.7704947368088118,8.198580827290756e-4,0.031106054035744915,0.026664152109280772,2052,"tags=38%, list=16%, signal=32%",9021/942/941/10538/1880/3718/64332/604/7292/4092/6693/10892/8809/3569/3566/4297/5914/6774/6778/6775/3726/3662/149233/80149/5734,MyLa,Up
GO:0090257,regulation of muscle system process,137,0.42553877712541643,1.6267986482077352,8.6117393213436e-4,0.031106054035744915,0.026664152109280772,1013,"tags=20%, list=8%, signal=18%",1756/274/32/5578/57190/8013/2017/801/5468/6548/5142/4088/4092/2308/3164/287/4000/5152/5743/51130/5997/89/1193/9446/4636/388591/1907,MyLa,Up
GO:0034502,protein localization to chromosome,109,-0.3643007144189579,-1.5744702427278314,8.642739920042761e-4,0.031106054035744915,0.026664152109280772,3136,"tags=40%, list=24%, signal=31%",7203/7518/546/8365/27336/10694/3009/157570/23272/4796/1736/55506/29072/7014/84250/55166/25836/253714/8019/25900/27085/3720/7520/545/80124/7015/4436/9656/675/51535/25913/9183/91272/142/10576/10664/6118/84515/222229/254394/7013/23137/55920/51176,MyLa,Down
GO:0001894,tissue homeostasis,177,0.39769509567045525,1.5579925264686207,8.235685343311976e-4,0.031106054035744915,0.026664152109280772,1522,"tags=21%, list=12%, signal=19%",1756/3587/5578/581/64332/6522/54440/1435/166379/25861/9839/9290/482/2651/5743/6558/84879/29887/5781/1281/3569/57482/9545/3908/4297/5880/11171/101/56834/10413/8792/286676/5925/51542/64081/4155/54849,MyLa,Up
GO:0060249,anatomical structure homeostasis,177,0.39769509567045525,1.5579925264686207,8.235685343311976e-4,0.031106054035744915,0.026664152109280772,1522,"tags=21%, list=12%, signal=19%",1756/3587/5578/581/64332/6522/54440/1435/166379/25861/9839/9290/482/2651/5743/6558/84879/29887/5781/1281/3569/57482/9545/3908/4297/5880/11171/101/56834/10413/8792/286676/5925/51542/64081/4155/54849,MyLa,Up
GO:0002263,cell activation involved in immune response,230,0.38519746303502767,1.5336152879722273,8.58866631695168e-4,0.031106054035744915,0.026664152109280772,2061,"tags=27%, list=16%, signal=23%",9021/942/7157/941/10538/1880/3718/64332/5581/11280/8013/440275/604/7292/959/4092/5293/6504/3958/7158/6693/10125/10892/8809/3569/121260/3566/116449/3596/4297/2241/5880/7040/3684/5914/6774/975/6778/6775/9156/3956/3726/613/56848/2205/3662/6810/7124/9846/149233/55619/7494/11151/80149/9452/80762/3329/6348/4683/5734/4035/8773,MyLa,Up
GO:1902105,regulation of leukocyte differentiation,248,0.37958438227619906,1.51641178392709,8.357589813167594e-4,0.031106054035744915,0.026664152109280772,2084,"tags=27%, list=16%, signal=23%",54997/942/941/10538/1021/4739/5295/3718/5578/3600/64332/6777/6522/54440/1435/604/7535/7292/3559/639/3976/3111/3601/4092/9290/6654/841/914/7480/57178/9840/10125/10892/3575/814/7030/8651/7130/1493/3566/3624/9308/84433/27166/7040/101/56834/8792/6988/399/5925/5914/2175/3398/64410/3726/3662/7124/149233/7494/3567/80149/2200/3707/80762/6348/6603/6604,MyLa,Up
GO:0035592,establishment of protein localization to extracellular region,262,0.37671861527281064,1.5110943712796203,8.513161558121336e-4,0.031106054035744915,0.026664152109280772,2432,"tags=27%, list=19%, signal=23%",80223/55240/1312/84876/3708/6860/26056/5106/2746/5581/5468/10959/55691/3667/2308/5481/84830/6558/5781/7273/26154/3569/4074/55638/9545/10961/9854/3552/64840/6400/3091/22820/3596/43/821/51092/4756/7040/101/84522/93/64215/4253/10815/3783/2864/1268/1174/283/51030/6810/7124/51548/399687/5715/201475/5978/5071/135/51738/10059/9463/3557/9699/79651/9498/8111/9501/10972/57555/79613/5910,MyLa,Up
GO:0032496,response to lipopolysaccharide,225,0.37972805897746553,1.5074470865586638,8.320645526277837e-4,0.031106054035744915,0.026664152109280772,2201,"tags=29%, list=17%, signal=24%",942/1604/941/3587/92140/5578/5106/23097/64332/5581/29126/7292/5142/9516/3164/841/10318/2706/1373/5739/10892/5743/7431/706/2671/3569/7867/4791/23118/1267/3552/2921/115362/3596/5976/5606/948/2241/8792/5914/4016/4258/114769/1268/23643/613/7124/3656/149233/59307/7494/3595/1728/80380/8140/80149/23521/90933/51510/5734/10225/23328/949/10935/55593,MyLa,Up
GO:0006979,response to oxidative stress,319,0.3645496934343239,1.4902175513160179,8.046402958421993e-4,0.031106054035744915,0.026664152109280772,3353,"tags=36%, list=26%, signal=27%",7157/143686/2054/7295/1312/84883/5603/57190/215/79899/10276/8428/79772/1386/10105/468/51157/2308/2530/54974/2081/2706/11030/29957/26034/5743/1545/2876/1137/3569/22921/23411/50484/3552/55270/3091/948/54929/2241/23135/83667/27429/10550/10399/4537/318/5693/1861/10494/6778/4193/5311/1277/3725/30001/6780/6810/10131/10587/132864/1728/80149/5074/5071/55139/5562/847/6772/5796/10935/8807/7337/83959/4363/5599/1263/2071/4482/23657/7128/83636/5164/10202/488/4780/2395/57679/10628/11315/207/2146/58515/5193/10549/116988/2110/4540/7703/5156/2067/9361/23400/6188/4720/4669/4846/10516/5192/8754/4520/27244/578/135112/2643,MyLa,Up
GO:0050673,epithelial cell proliferation,290,0.36747111028176377,1.487443970400973,7.879547598736322e-4,0.031106054035744915,0.026664152109280772,2891,"tags=32%, list=22%, signal=26%",6776/5607/8573/1021/5578/5613/581/64332/2810/8013/5468/197358/57599/6195/4088/5797/51157/9788/3164/5293/9839/2081/22846/2683/599/7480/8742/5604/8837/2876/26257/135228/10765/3569/598/23411/6091/1026/3091/93974/51092/7040/10413/2247/5925/80173/6774/6489/3265/6778/56005/3398/283/7124/51548/51804/7494/84280/5605/60485/3339/4893/6789/1992/64919/116844/6772/51738/949/5796/80139/367/567/3486/55081/7128/26277/26051/652/6788/5909/51162/154791/7421/3202/6909/7857/207/5228/637/7423/7046/11221/572,MyLa,Up
GO:2000147,positive regulation of cell motility,407,0.3425465037356766,1.4185435742165307,7.767089067149166e-4,0.031106054035744915,0.026664152109280772,2857,"tags=30%, list=22%, signal=24%",6776/4739/5295/5578/2335/5581/10979/8013/1512/9693/2039/2113/29126/1435/4641/604/22800/23060/9922/4088/51157/54828/84904/57118/5293/3315/2195/6504/3958/6282/79647/841/10507/90/6693/8895/3554/2651/5743/10488/1545/5058/3569/389/23411/3552/5168/7130/3091/1907/9806/1366/5606/7784/2241/3675/196527/5880/7040/101/8766/2247/10399/8764/57007/8784/6774/3265/2771/4249/4193/961/1277/6810/7124/10505/7494/3687/11151/85440/5025/80149/9750/5605/10509/5747/83706/9448/91663/91/6348/6789/65992/23328/3918/949/10059/80139/1901/2529/59/1235/5154/23332/3627/652/301/55604/64218/4780/51561/977/3685/3640/207/5228/58515/7423/3071/5420/3383/2149/7046,MyLa,Up
GO:0010562,positive regulation of phosphorus metabolic process,485,0.3351812534883554,1.4044188202820298,8.347421440760302e-4,0.031106054035744915,0.026664152109280772,2250,"tags=24%, list=17%, signal=20%",942/7157/5607/5008/941/7295/5871/4739/1741/5899/3600/79899/10979/11261/9693/801/10006/1435/960/28996/1386/3976/55011/57103/355/2081/8099/10507/55437/84830/90/23531/6693/5618/5604/10125/10892/116986/64223/5743/4486/5753/5781/121665/84722/5058/6609/57600/3569/23118/23411/10961/30844/8795/6091/1826/23043/5168/1026/9094/4915/3596/8826/5606/55233/948/23141/3624/7040/2247/8792/5217/10399/8764/8784/3265/57161/10211/56005/195827/283/25778/2264/3937/7124/7804/149233/3953/6093/51347/126308/3567/84280/85440/6259/5465/5524/5605/8440/10395/28232/5747/4683/5562/6789/7786/65992/23328/7415/367/10044/27020/8878/10928,MyLa,Up
GO:0045937,positive regulation of phosphate metabolic process,485,0.3351812534883554,1.4044188202820298,8.347421440760302e-4,0.031106054035744915,0.026664152109280772,2250,"tags=24%, list=17%, signal=20%",942/7157/5607/5008/941/7295/5871/4739/1741/5899/3600/79899/10979/11261/9693/801/10006/1435/960/28996/1386/3976/55011/57103/355/2081/8099/10507/55437/84830/90/23531/6693/5618/5604/10125/10892/116986/64223/5743/4486/5753/5781/121665/84722/5058/6609/57600/3569/23118/23411/10961/30844/8795/6091/1826/23043/5168/1026/9094/4915/3596/8826/5606/55233/948/23141/3624/7040/2247/8792/5217/10399/8764/8784/3265/57161/10211/56005/195827/283/25778/2264/3937/7124/7804/149233/3953/6093/51347/126308/3567/84280/85440/6259/5465/5524/5605/8440/10395/28232/5747/4683/5562/6789/7786/65992/23328/7415/367/10044/27020/8878/10928,MyLa,Up
GO:0040017,positive regulation of locomotion,417,0.3431871539774501,1.4242862009312287,8.769814311934142e-4,0.031138610422045104,0.026692059488192907,2857,"tags=30%, list=22%, signal=25%",6776/4739/5295/5578/2335/5581/10979/8013/1512/9693/2039/2113/29126/1435/4641/604/22800/23060/9922/4088/51157/54828/84904/57118/5293/3315/2195/6504/3958/6282/79647/841/10507/90/6693/8895/3554/2651/5743/10488/1545/5058/3569/389/23411/3552/1826/5168/7130/3091/1907/9806/1366/5606/7784/2241/3675/196527/5880/7040/101/8766/2247/10399/8764/57007/8784/6774/3265/2771/4249/4193/3603/961/1277/6810/7124/10505/7494/3687/11151/85440/5025/80149/9750/5605/10509/5747/83706/9448/91663/91/6348/6789/65992/23328/3918/949/10059/80139/1901/2529/59/1235/5154/23332/3627/652/301/55604/64218/4780/51561/7857/977/3685/3640/207/5228/6809/58515/7423/3071/5420/3383/2149/7046,MyLa,Up
GO:0002637,regulation of immunoglobulin production,61,0.5182070290845558,1.767616853586864,9.034638123483683e-4,0.031293488678316196,0.02682482134152496,2025,"tags=34%, list=16%, signal=29%",942/7293/54440/604/7292/959/51237/933/7158/3569/121260/3566/3596/7040/6778/5585/6810/7124/7494/3567/80762,MyLa,Up
GO:0032609,type II interferon production,92,0.4651487335221456,1.680426715806808,8.96504493091156e-4,0.031293488678316196,0.02682482134152496,2094,"tags=32%, list=16%, signal=27%",7297/54440/29126/7292/5142/51284/7805/6504/914/9173/10125/3554/8809/80381/3624/7784/3115/10148/5914/3265/961/7124/149233/3595/80380/8140/80149/3329/10225,MyLa,Up
GO:0032649,regulation of type II interferon production,92,0.4651487335221456,1.680426715806808,8.96504493091156e-4,0.031293488678316196,0.02682482134152496,2094,"tags=32%, list=16%, signal=27%",7297/54440/29126/7292/5142/51284/7805/6504/914/9173/10125/3554/8809/80381/3624/7784/3115/10148/5914/3265/961/7124/149233/3595/80380/8140/80149/3329/10225,MyLa,Up
GO:0034599,cellular response to oxidative stress,204,0.38533835326660404,1.5256431171436486,9.045366377278722e-4,0.031293488678316196,0.02682482134152496,3353,"tags=38%, list=26%, signal=29%",7157/2054/7295/84883/5603/57190/215/79899/10276/1386/10105/468/51157/2308/2530/2081/2706/29957/1545/2876/3569/23411/3091/948/54929/2241/23135/83667/27429/10550/10399/318/10494/6778/4193/5311/3725/6780/6810/10131/132864/1728/80149/5074/5071/55139/5562/847/5796/10935/8807/83959/4363/5599/4482/23657/7128/5164/10202/488/4780/2395/11315/207/2146/5193/116988/7703/5156/9361/23400/6188/4669/4846/10516/5192/135112/2643,MyLa,Up
GO:0045023,G0 to G1 transition,34,-0.5322268178188608,-1.8830030391755062,0.0010161028177413179,0.0336436006585883,0.02883934054874454,2326,"tags=47%, list=18%, signal=39%",196528/1111/605/55193/6605/8193/29117/153090/8110/9275/6597/86/6599/892/8289/6595,MyLa,Down
GO:0007338,single fertilization,71,0.5001231132245337,1.7495021274086495,9.852378240465876e-4,0.0336436006585883,0.02883934054874454,1189,"tags=24%, list=9%, signal=22%",2054/3074/10007/57599/8372/4033/2683/3206/4486/109/11057/10184/10765/928/64753/7784/3207,MyLa,Up
GO:0030595,leukocyte chemotaxis,149,0.41157840522368905,1.5886695233191743,9.887069970468964e-4,0.0336436006585883,0.02883934054874454,3006,"tags=35%, list=23%, signal=27%",80270/57509/4739/1880/1803/1435/5142/5479/51157/57118/5293/23396/6504/3958/79647/6558/10488/3569/7130/2921/1907/196527/5880/101/8792/2841/3603/6729/11151/51119/9750/23521/5747/6223/6348/11240/682/10059/1130/1901/6367/1235/3627/301/51561/7857/5228/7423/3071/80024/7852/4814,MyLa,Up
GO:0016053,organic acid biosynthetic process,224,0.38386645313850876,1.5234550281729287,0.0010147013569914637,0.0336436006585883,0.02883934054874454,1674,"tags=21%, list=13%, signal=19%",80270/157506/241/5092/32/29968/2746/10090/215/2806/4259/6916/58526/2593/134429/22929/5321/2744/8942/1373/1544/55301/5743/586/113189/26031/3995/9536/11057/10196/242/6785/23411/9415/5723/1907/37/2571/114880/1109/51495/4258/11332/25902/64410/4942/2264/5564,MyLa,Up
GO:0050900,leukocyte migration,260,0.36995198191595086,1.4828243537512622,0.0010113989554090166,0.0336436006585883,0.02883934054874454,2829,"tags=32%, list=22%, signal=25%",80270/57509/11117/4739/1880/5295/1803/6777/1435/7535/5142/5479/51157/57118/5293/23396/2683/6504/3958/79647/6654/84830/6693/3554/6558/10488/3569/119/3552/928/7130/2921/1907/7784/2241/3675/196527/5880/101/84522/8792/257144/8764/8784/975/2841/3603/6729/961/613/7124/6093/11151/51119/2650/5025/9750/23521/5747/6223/6348/11240/5734/682/10059/50848/1130/1901/2529/6367/1235/3627/301/23143/51561/7857/207/5228/58515/7423/3071/3383/7412,MyLa,Up
GO:0003012,muscle system process,269,0.3663558965173308,1.4747169173824655,0.001013673613913463,0.0336436006585883,0.02883934054874454,2194,"tags=24%, list=17%, signal=21%",1756/274/32/5578/5733/57190/11280/8013/2017/801/5468/6548/7169/5142/2593/4088/4092/2308/3164/287/4000/2548/5152/5743/8837/10060/781/51130/5997/2627/7273/89/800/6641/10087/1193/2775/9446/4636/388591/776/1907/3751/5606/51542/22876/1605/51761/94103/7124/140465/1535/3768/1241/6525/6262/6093/5025/5465/80149/5023/51738/323/2010/10021,MyLa,Up
GO:0030099,myeloid cell differentiation,335,0.35994537586616093,1.4739070411662019,0.0010063399375709846,0.0336436006585883,0.02883934054874454,2260,"tags=27%, list=17%, signal=23%",54997/6776/29909/10538/1021/4739/1880/5295/5578/5613/3600/10100/669/6777/6522/5468/10006/2039/2113/1435/604/103/28996/25979/3976/5293/9290/841/9173/8837/29887/5781/814/7030/4094/135228/5305/8651/23411/7130/25946/3091/93974/3624/5880/7040/87/56834/84522/8792/6988/5925/55509/51542/5914/6774/5371/975/3217/3398/6729/3726/8761/1777/4891/51341/3662/7124/9846/149233/3567/81570/222166/2200/51510/6223/3707/80762/91/6348/5316/6772/54861/3313/10935/843/5926/567/6208,MyLa,Up
GO:0002720,positive regulation of cytokine production involved in immune response,64,0.5122664726728855,1.7593479640138074,0.0010300468009988885,0.03389733283531098,0.02905684011803668,1629,"tags=31%, list=13%, signal=27%",3098/1604/8013/54440/7292/51284/7805/6504/3554/10892/8809/3569/23411/116449/3663/948/8764/975/24145/56848,MyLa,Up
GO:0002366,leukocyte activation involved in immune response,227,0.38715200545459405,1.5396509823112297,0.0010520826620060292,0.03441266743543357,0.029498585642848477,2061,"tags=27%, list=16%, signal=23%",9021/942/7157/941/10538/1880/3718/64332/5581/11280/8013/440275/604/7292/959/4092/5293/6504/3958/7158/6693/10125/10892/8809/3569/121260/3566/116449/3596/4297/2241/5880/7040/3684/5914/6774/975/6778/6775/9156/3956/3726/613/56848/2205/3662/6810/7124/9846/149233/55619/7494/11151/80149/9452/80762/3329/6348/4683/5734/8773,MyLa,Up
GO:0009306,protein secretion,261,0.3772549242850783,1.5130132064563373,0.0010619152095812608,0.03452503847054256,0.029594910248000268,2432,"tags=28%, list=19%, signal=23%",80223/55240/1312/84876/3708/6860/26056/5106/2746/5581/5468/10959/55691/3667/2308/5481/84830/6558/5781/7273/26154/3569/4074/55638/9545/10961/9854/3552/64840/6400/3091/22820/3596/43/821/51092/4756/7040/101/84522/93/64215/4253/10815/3783/2864/1268/1174/283/51030/6810/7124/51548/399687/5715/201475/5978/5071/135/51738/10059/9463/3557/9699/79651/9498/8111/9501/10972/57555/79613/5910,MyLa,Up
GO:0043280,positive regulation of cysteine-type endopeptidase activity involved in apoptotic process,89,0.4679950622911576,1.682965000957877,0.001114874805269897,0.03517926016922878,0.030155709983862477,2891,"tags=40%, list=22%, signal=32%",5366/581/22861/51065/5468/4088/317/355/112399/7805/841/10892/1611/23411/6091/489/27113/27429/10550/10399/7124/3336/5978/10395/3329/8743/7415/843/55081/64170/79594/23787/637/80759/2149/572,MyLa,Up
GO:0006941,striated muscle contraction,107,0.4436146335619333,1.6387894105030503,0.0011211474428585047,0.03517926016922878,0.030155709983862477,1942,"tags=25%, list=15%, signal=22%",1756/274/11280/801/6548/5142/4092/3164/287/2548/10060/781/51130/5997/7273/89/1193/9446/388591/776/5606/51542/51761/7124/6262/5025/80149,MyLa,Up
GO:0051606,detection of stimulus,120,0.42648696837980016,1.603134400308276,0.001113824602264599,0.03517926016922878,0.030155709983862477,2168,"tags=28%, list=17%, signal=24%",1312/11280/801/1386/7096/3164/25861/63982/7273/5058/706/6785/5310/9094/57115/117531/5330/10413/5311/23643/58473/9600/64108/51761/7124/6094/63895/1472/6262/51109/5747/2793/949/84314,MyLa,Up
GO:0046394,carboxylic acid biosynthetic process,223,0.3840330908534837,1.5243546947497502,0.00111708251032094,0.03517926016922878,0.030155709983862477,1674,"tags=22%, list=13%, signal=19%",80270/157506/241/5092/32/29968/2746/10090/215/2806/4259/6916/58526/2593/134429/22929/5321/2744/8942/1373/1544/55301/5743/586/113189/26031/3995/9536/11057/10196/242/6785/23411/9415/5723/1907/37/2571/114880/1109/51495/4258/11332/25902/64410/4942/2264/5564,MyLa,Up
GO:0002237,response to molecule of bacterial origin,237,0.3763051107057246,1.5023270984501513,0.0011060101065842787,0.03517926016922878,0.030155709983862477,2259,"tags=29%, list=17%, signal=25%",942/1604/941/3587/92140/5578/5106/23097/64332/5581/29126/7292/5142/9516/7096/3164/841/10318/2706/1373/5739/10892/5743/7431/706/2671/3569/7867/4791/23118/1267/3552/2921/115362/3596/5976/3663/5606/948/2241/8792/5914/4016/4258/114769/1268/23643/613/7124/3656/149233/59307/7494/3595/1728/80380/8140/80149/23521/90933/51510/5734/10225/23328/949/10935/55593/567/5599,MyLa,Up
GO:0044057,regulation of system process,315,0.35531831048293194,1.4516519257088003,0.0010891197036245728,0.03517926016922878,0.030155709983862477,2469,"tags=27%, list=19%, signal=22%",1756/29909/274/1890/157378/32/5578/5575/5733/57190/8013/22871/2017/801/5468/6548/6916/5142/4088/4092/2308/3164/2744/9921/287/4000/2548/482/5152/5743/5781/10060/781/51130/5997/89/706/10765/1193/79924/489/9446/4636/388591/776/1907/3751/56288/3624/10810/2906/120/2859/57731/4193/1605/94103/7124/8898/3269/3768/6262/6093/3687/5025/5465/80149/2905/23316/6348/5023/23613/51738/10021/51763/9699/85446/57413/57555/7531/2332/57616/488/55328,MyLa,Up
GO:0051028,mRNA transport,118,-0.35738704290234613,-1.5804873206488321,0.0011418605362005767,0.035216474622756976,0.030187610264380195,2543,"tags=36%, list=20%, signal=29%",23279/55110/348995/57097/29072/23144/9688/1660/6432/22916/26993/55746/91746/10643/10642/26019/57122/1069/23293/6830/59343/57187/26097/22794/7884/4686/3297/11097/7538/84248/65125/23089/677/8888/9972/9887/29107/84321/53371/10204/9908/8570,MyLa,Down
GO:0050870,positive regulation of T cell activation,209,0.3845144222145708,1.5227005123727266,0.0011413877251154842,0.035216474622756976,0.030187610264380195,2091,"tags=29%, list=16%, signal=24%",7297/942/1604/941/648/3600/64332/1803/6777/54440/29126/604/7535/7292/29851/3559/64926/3111/959/6504/7480/57178/9840/6693/10125/10892/3575/5781/3569/1326/8651/3552/80381/3566/3120/9308/7784/11148/84433/3115/101/10148/6541/8764/399/5914/975/64410/3956/961/149233/7494/11151/80380/8440/3707/3329/6603/6604/3112,MyLa,Up
GO:0051223,regulation of protein transport,344,0.3516862008708781,1.442383878005684,0.001141909034460343,0.035216474622756976,0.030187610264380195,2452,"tags=27%, list=19%, signal=22%",80223/10857/7295/84876/3708/5295/6860/26056/5106/2746/2810/5581/79899/11261/5901/5468/9695/55691/3667/4088/2308/5481/5494/84830/5743/6558/5781/7273/26154/3569/55638/56850/9818/10961/9854/3552/3301/3091/3596/43/948/5784/4947/51092/4756/7040/101/84522/10399/64215/999/26229/975/10815/3783/4193/2864/1268/283/23256/6810/7124/7341/51548/399687/5715/80149/55432/5978/5071/80762/135/51738/10059/9463/2010/51465/9478/79628/1263/79651/23657/11142/8111/9501/10972/57555/7531/652/51009/5910/29934,MyLa,Up
GO:0001779,natural killer cell differentiation,21,0.668144780806769,1.8538288413767485,0.0012437231732209965,0.03753933599179102,0.032178770210335474,619,"tags=38%, list=5%, signal=36%",3600/6777/639/3601/5293/4783/6504/10125,MyLa,Up
GO:0050886,endocrine process,44,0.5484004355852214,1.7878162253135,0.0012334463833703,0.03753933599179102,0.032178770210335474,1089,"tags=23%, list=8%, signal=21%",80223/1312/26056/5468/2297/5781/706/10765/1907/3624,MyLa,Up
GO:0002292,T cell differentiation involved in immune response,71,0.49620587529091165,1.7357990692671215,0.0012450511659311825,0.03753933599179102,0.032178770210335474,1749,"tags=32%, list=13%, signal=28%",9021/942/941/10538/1880/3718/64332/604/7292/4092/6693/10892/8809/3569/3566/4297/5914/6774/6778/6775/3726/3662/149233,MyLa,Up
GO:0033044,regulation of chromosome organization,236,-0.29353081814024456,-1.422987454422018,0.0012283680377645151,0.03753933599179102,0.032178770210335474,2343,"tags=26%, list=18%, signal=22%",55226/196528/3192/10783/9587/7014/605/84250/23397/23310/79913/8260/56155/55193/6605/7520/125476/545/51434/1663/9918/1843/10155/170506/23293/8193/9869/29882/51535/57343/4216/29117/51451/25913/9183/8110/9275/55196/167227/201161/6597/86/8313/10051/142/10576/11130/10664/9319/6599/10923/7013/23137/6419/4609/79677/8289/348654/5609/3184/6595,MyLa,Down
GO:0120254,olefinic compound metabolic process,82,0.476038043274586,1.6935808977910192,0.0012648075274288729,0.03792314569740904,0.032507772415496475,1968,"tags=24%, list=15%, signal=21%",51635/157506/215/6777/4259/6916/5321/1544/5743/1545/2876/242/9415/1109/54884/10901/84649/317749/51109/5978,MyLa,Up
GO:0060986,endocrine hormone secretion,28,0.6105997565670583,1.8257390852891413,0.001282192375881698,0.03823200139576533,0.03277252394300706,1089,"tags=29%, list=8%, signal=26%",80223/26056/5468/2297/5781/706/10765/3624,MyLa,Up
GO:0060047,heart contraction,146,0.40919449634818833,1.5755993315660901,0.0012932884595797606,0.0383509770129229,0.032874510004933764,1047,"tags=18%, list=8%, signal=17%",1756/274/157378/11280/801/6548/5142/4092/287/2548/482/10060/781/51130/2876/5997/2627/7273/1193/79924/489/9446/388591/776/1907/3751/5606,MyLa,Up
GO:0032816,positive regulation of natural killer cell activation,17,0.7050925243886423,1.859891737612398,0.0013066559539777593,0.038535640347639163,0.03303280366829021,619,"tags=29%, list=5%, signal=28%",7297/3600/6777/3601/10125,MyLa,Up
GO:0043068,positive regulation of programmed cell death,428,0.33403289786690676,1.3875272096152824,0.0013312383756914866,0.039047247356559525,0.0334713538968197,2465,"tags=28%, list=19%, signal=23%",7157/274/10553/11117/5366/1647/84883/581/23097/10276/1512/9693/114824/5468/29126/604/6548/10912/7159/9262/3482/9148/9833/959/468/2308/57103/3164/317/429/57118/5293/355/7805/2683/5481/2208/841/7480/1495/8742/2633/5743/8837/1545/2627/706/6609/3569/27141/23411/10999/8795/27113/4050/1026/3301/1493/115362/10273/84231/3663/150094/3624/27166/133746/196527/7040/101/27429/10550/10399/5371/26524/10498/3956/8682/1268/837/3725/3433/84034/56848/84289/7124/29944/2923/1984/10439/1728/5524/80149/84069/5978/8440/10395/5074/60485/3329/166/6348/6789/8743/135/10059/323/843/8878/3486/5599/2071/6154/113419/1540/652/6788/488/10333,MyLa,Up
GO:0002719,negative regulation of cytokine production involved in immune response,21,0.6661198251247009,1.8482104165177013,0.0013574338204117517,0.03915066701637722,0.033560005370815736,2094,"tags=48%, list=16%, signal=40%",3718/604/684/4092/79671/6504/79004/7040/7124/10225,MyLa,Up
GO:0002573,myeloid leukocyte differentiation,177,0.391849094642764,1.5350904942081625,0.0013637808780950374,0.03915066701637722,0.033560005370815736,2039,"tags=28%, list=16%, signal=24%",54997/6776/10538/1021/4739/1880/5295/5578/3600/10100/6522/5468/1435/25979/3976/5293/9290/841/9173/29887/814/7030/135228/8651/23411/7130/3624/7040/56834/84522/8792/6988/5925/55509/51542/5914/975/3398/6729/3726/3662/7124/9846/149233/3567/81570/2200/80762/6348,MyLa,Up
GO:0050708,regulation of protein secretion,191,0.3869976889922893,1.5280772245025604,0.0013615248662026084,0.03915066701637722,0.033560005370815736,3323,"tags=37%, list=26%, signal=28%",80223/84876/3708/6860/26056/5106/2746/5581/5468/55691/3667/2308/5481/84830/6558/5781/7273/26154/3569/55638/10961/9854/3552/3091/3596/43/51092/4756/7040/101/84522/64215/3783/2864/1268/283/6810/7124/51548/399687/5715/5978/5071/135/51738/10059/9463/79651/8111/9501/10972/57555/5910/169026/18/2149/572/945/80024/7376/322/64285/23400/9024/5211/5208/130399/5127/11132/8754/23410,MyLa,Up
GO:0042327,positive regulation of phosphorylation,436,0.3429300158040804,1.4269741485331722,0.001346194445025523,0.03915066701637722,0.033560005370815736,2250,"tags=23%, list=17%, signal=20%",942/7157/5607/5008/941/7295/5871/4739/1741/5899/3600/79899/10979/9693/801/10006/1435/960/28996/1386/3976/55011/57103/355/2081/8099/10507/55437/84830/90/23531/6693/5618/5604/10125/10892/116986/64223/5743/4486/5753/5781/84722/5058/57600/3569/23118/23411/10961/30844/8795/6091/1826/23043/5168/1026/9094/4915/3596/8826/5606/55233/948/3624/7040/2247/8792/5217/10399/8764/8784/3265/57161/10211/56005/283/25778/2264/3937/7124/7804/149233/3953/51347/126308/3567/84280/85440/6259/5605/28232/5747/4683/6789/7786/65992/23328/367/10044/27020/8878/10928,MyLa,Up
GO:1904894,positive regulation of receptor signaling pathway via STAT,34,0.5957262864677706,1.8362822473378384,0.001402035878157288,0.039752915242189754,0.034076253374569494,1879,"tags=38%, list=14%, signal=33%",7297/3587/801/57599/5618/3575/1545/3569/7040/4249/7124/149233/3567,MyLa,Up
GO:0003015,heart process,155,0.4157784691068154,1.6073819368639906,0.001406856922597414,0.039752915242189754,0.034076253374569494,2469,"tags=29%, list=19%, signal=24%",1756/274/157378/11280/801/6548/5142/4092/287/2548/482/10060/781/51130/2876/5997/2627/7273/10268/1193/79924/489/9446/388591/776/1907/3751/5606/11214/10413/57731/2771/4193/7124/3768/6262/5025/80149/10059/10021/57413/7531/5910/488/55328,MyLa,Up
GO:0010563,negative regulation of phosphorus metabolic process,297,0.35497177817313386,1.4418971389747082,0.0013953572926419223,0.039752915242189754,0.034076253374569494,2400,"tags=27%, list=18%, signal=22%",1756/9021/7157/64092/1647/10776/581/5575/2810/79899/11261/801/5468/2039/7453/10959/103/4092/57103/3315/6895/3958/104/58533/10507/10527/5753/135228/84063/5997/23770/25998/89/706/6609/8651/23411/9961/1026/3301/55450/8826/56288/23141/3624/57732/7040/10399/5925/6774/868/22876/51637/203228/26524/4249/5585/7124/51548/6093/5611/124790/5465/5524/80149/8440/5071/91663/161742/54431/55872/10935/3486/51763/2887/11142/26051/5154/7531,MyLa,Up
GO:0071692,protein localization to extracellular region,267,0.36745087958199874,1.4779273740951298,0.0014568487420763363,0.04095110760930202,0.0351033455122012,3323,"tags=36%, list=26%, signal=27%",80223/55240/1312/84876/3708/6860/26056/5106/2746/5581/5468/10959/55691/3667/2308/5481/84830/6558/5781/7273/26154/3569/4074/55638/9545/10961/9854/3552/64840/6400/3091/22820/3596/43/821/51092/4756/7040/101/84522/93/64215/4253/10815/3783/2864/1268/1174/283/51030/6810/7124/51548/399687/5715/201475/2200/5978/5071/135/51738/10059/9463/3557/9699/79651/9498/8111/9501/10972/57555/79613/5910/4052/169026/18/7857/11315/2149/572/945/80024/7376/322/64285/23400/9024/5211/79158/5208/130399/5127/11132/8754/2201/23410,MyLa,Up
GO:0002460,adaptive immune response based on somatic recombination of immune receptors built from immunoglobulin superfamily domains,235,0.37303040098897366,1.4879392856976454,0.0014981821140831733,0.041894760982937235,0.03591224647611424,1788,"tags=22%, list=14%, signal=19%",7297/9021/1604/941/10538/3718/64332/1512/54440/29126/604/7292/959/4092/3578/619207/5321/6504/2208/7158/9173/6693/3554/10892/8809/60468/3575/3569/725/121260/4791/3566/7784/80329/5817/7040/925/10148/6774/975/3265/6778/6775/9156/5585/3726/2205/3662/7124/149233/81622/51279,MyLa,Up
GO:0072538,T-helper 17 type immune response,40,0.5489064275048743,1.7585220730020004,0.001565249895788122,0.043544606636951,0.03732649642967334,1942,"tags=30%, list=15%, signal=26%",7297/9021/10538/64332/4092/10892/3569/6774/3726/3662/149233/80149,MyLa,Up
GO:0002823,negative regulation of adaptive immune response based on somatic recombination of immune receptors built from immunoglobulin superfamily domains,36,0.5746642801409275,1.779712946271214,0.0015843762813572643,0.04385066046402644,0.03758884618928571,992,"tags=31%, list=8%, signal=28%",941/3718/604/7292/4092/6504/9173/6693/3575/725/3566,MyLa,Up
GO:0030335,positive regulation of cell migration,398,0.3371602591951638,1.3944965003618355,0.001602729341020522,0.04413229721167223,0.03783026559497956,2857,"tags=30%, list=22%, signal=24%",6776/4739/5295/5578/2335/5581/10979/8013/1512/9693/2039/2113/29126/1435/4641/22800/23060/9922/4088/51157/54828/84904/57118/5293/3315/2195/6504/3958/6282/79647/841/10507/90/6693/8895/3554/2651/5743/10488/1545/5058/3569/389/23411/3552/5168/7130/3091/1907/5606/7784/2241/3675/196527/5880/7040/101/8766/2247/10399/8764/57007/8784/6774/3265/2771/4249/4193/961/1277/6810/7124/10505/7494/3687/11151/85440/5025/80149/9750/10509/5747/83706/9448/91663/91/6348/6789/65992/23328/3918/949/10059/80139/1901/2529/59/1235/5154/23332/3627/652/301/55604/64218/4780/51561/977/3685/3640/207/5228/58515/7423/3071/5420/3383/2149/7046,MyLa,Up
GO:0016126,sterol biosynthetic process,45,-0.472245952872888,-1.7752494398897234,0.0016240291904610572,0.044491804776235155,0.03813843597155409,1836,"tags=40%, list=14%, signal=34%",1717/4598/50814/6309/4597/6307/3156/2222/3638/11161/47/51478/2224/1718/51422/6713/4047/3157,MyLa,Down
GO:2000819,regulation of nucleotide-excision repair,27,-0.5676463242412813,-1.9117769535184364,0.0016502540865074137,0.0449155181917184,0.03850164369144697,2326,"tags=48%, list=18%, signal=40%",196528/605/55193/6605/8193/29117/8110/9275/6597/86/6599/8289/6595,MyLa,Down
GO:0006406,mRNA export from nucleus,64,-0.4264967204492053,-1.7219132738623288,0.001656140100083743,0.0449155181917184,0.03850164369144697,2686,"tags=36%, list=21%, signal=29%",9631/23279/55110/29072/9688/22916/26993/55746/91746/26019/57122/23293/6830/57187/26097/22794/4686/84248/65125/8888/9887/29107/84321,MyLa,Down
GO:0042572,retinol metabolic process,25,0.6383453886992745,1.8478557370523268,0.0016994125795087708,0.04552697394754085,0.03902578440253202,1943,"tags=32%, list=15%, signal=27%",51635/157506/1544/1545/54884/10901/84649/51109,MyLa,Up
GO:0042130,negative regulation of T cell proliferation,52,0.5194462985528885,1.7283963806235578,0.0016945486202618347,0.04552697394754085,0.03902578440253202,2184,"tags=33%, list=17%, signal=27%",57045/942/941/6522/29126/3559/64844/6693/1493/8764/8379/868/6385/80380/5074/80762/9231,MyLa,Up
GO:0048565,digestive tract development,76,0.4758438026900149,1.676797639492239,0.0017039927251071433,0.04552697394754085,0.03902578440253202,2173,"tags=30%, list=17%, signal=25%",6522/639/4088/57103/429/64220/1373/5753/1281/2627/5310/388389/1026/3091/10413/93/5925/3398/6293/7124/60485/286451/4882,MyLa,Up
GO:0022616,DNA strand elongation,37,-0.5090361227383986,-1.8302958278564843,0.0017170487654226034,0.04564981372899404,0.039131082831383675,2507,"tags=41%, list=19%, signal=33%",10445/4172/5425/79913/125476/7015/4173/5111/9837/25913/86/4176/3980/3978/54107,MyLa,Down
GO:0044273,sulfur compound catabolic process,37,0.563487691921355,1.7678762707752798,0.00177528129388885,0.046520185180600145,0.0398771664313971,3190,"tags=49%, list=24%, signal=37%",3074/254552/215/7263/2817/642/8801/390916/11332/4357/23553/2678/3425/494143/8803/3073/4669/875,MyLa,Up
GO:0010952,positive regulation of peptidase activity,130,0.4141710844768788,1.5677067428693643,0.0017842650236027848,0.046520185180600145,0.0398771664313971,2891,"tags=38%, list=22%, signal=30%",5366/581/22861/64065/1512/51065/5468/4088/317/355/112399/7805/841/10892/1611/5720/23411/6091/489/27113/26999/27166/27429/10550/10399/10010/6774/4155/83464/9447/7124/3336/5978/10395/3329/8743/65992/7415/843/55081/64170/6300/79594/23787/3428/637/80759/1944/2149/572,MyLa,Up
GO:0051251,positive regulation of lymphocyte activation,270,0.3601415767280223,1.4491707224956767,0.0017764183458671692,0.046520185180600145,0.0398771664313971,1496,"tags=22%, list=11%, signal=20%",7297/942/1604/941/1880/648/3600/7293/64332/1803/6777/54440/29126/604/7535/4773/7292/29851/3559/64926/3111/3601/959/6504/7158/7480/57178/9840/6693/5618/10125/10892/3575/5781/3569/1326/8651/3552/80381/1026/3566/3596/3120/9308/7784/11148/84433/3115/7040/101/10148/6541/8764/399/5914/975/6778/64410/3956,MyLa,Up
GO:0044283,small molecule biosynthetic process,425,0.3315602542988776,1.3772132847416076,0.0017699455672250848,0.046520185180600145,0.0398771664313971,2059,"tags=22%, list=16%, signal=19%",80270/157506/241/5092/55818/10776/32/29968/10449/5106/2746/10090/215/55276/2806/6697/2232/4259/2026/90956/6916/58526/2593/134429/468/22929/2308/7108/2542/5321/2744/8942/6652/1373/1544/55301/5743/586/113189/1635/26031/92579/3995/9536/11057/10196/242/79644/51360/6785/7084/23411/84274/9415/5723/1907/37/2571/150094/114880/83667/1109/10558/23590/51495/4258/11332/5360/25902/64410/5223/79178/4942/56848/2264/5564/7124/51548/171586/3953/7494/5236/64768/1841/54529/5465/5978/200186/3707/23541/84696/5562,MyLa,Up
GO:1901616,organic hydroxy compound catabolic process,24,0.637490720896159,1.8322995898279923,0.0018287061774456186,0.0474496501907404,0.04067390511069582,756,"tags=29%, list=6%, signal=28%",1312/4128/2184/219/2710/6652/79644,MyLa,Up
GO:0009566,fertilization,97,0.4490984266584116,1.6329270953207256,0.0018426594301522816,0.04758293274895628,0.04078815510208652,2316,"tags=30%, list=18%, signal=25%",2054/3074/581/10007/57599/8372/4033/2683/3206/4486/56979/109/11057/10184/10765/598/928/84750/64753/7784/3207/57731/480/11055/4882/367/7337/10388/8086,MyLa,Up
GO:0016101,diterpenoid metabolic process,45,0.5418294987610516,1.7731095515594153,0.0018673950494949591,0.04799205277202045,0.04113885334601677,2058,"tags=31%, list=16%, signal=26%",51635/157506/1544/1545/10196/1109/54884/10901/224/7804/84649/317749/51109/4035,MyLa,Up
GO:0050851,antigen receptor-mediated signaling pathway,165,0.4439048238398893,1.8370717189745125,5.519671963360675e-6,0.014894834793128782,0.014034492239471275,1730,"tags=33%, list=13%, signal=29%",2534/2633/916/1445/1997/7535/53347/3932/84174/9840/3071/640/1540/27086/915/7070/4208/5074/163486/54900/917/9214/10616/100/23607/7006/26228/5144/5142/919/50852/3635/10603/5583/974/3937/9404/4068/5771/5579/3702/973/5621/2885/634/26191/2625/84433/57181/23308/89857/5788/123920/8892/59338,HuT 78,Up
GO:0090130,tissue migration,236,0.4087363063976157,1.7446405896568409,3.951183746690007e-6,0.014894834793128782,0.014034492239471275,2920,"tags=35%, list=22%, signal=28%",2113/11156/23189/9922/72/3964/3728/10519/1512/3397/23499/5829/59/27086/55612/6722/10982/4208/51466/6776/5294/23129/6239/4163/55333/23603/116150/6286/14/5747/5578/11151/7048/7046/7857/9404/57669/634/1969/3146/57608/54566/2625/22846/25960/8660/4763/161742/11235/54443/153090/3675/2185/5613/5216/2876/9734/10755/25865/1839/4846/889/5335/8766/7114/64218/2624/25/29941/116844/54345/1201/29775/7124/3673/6615/2050/9270/28984/7422/2896/5336/54567,HuT 78,Up
GO:0002396,MHC protein complex assembly,18,-0.7268330549792403,-2.1125068799726505,5.0791077856726344e-5,0.029376588527506138,0.027679763450724506,1879,"tags=67%, list=14%, signal=57%",3115/3117/3119/3127/3109/3123/3113/55080/3105/6892/3111/567,HuT 78,Down
GO:0002501,peptide antigen assembly with MHC protein complex,18,-0.7268330549792403,-2.1125068799726505,5.0791077856726344e-5,0.029376588527506138,0.027679763450724506,1879,"tags=67%, list=14%, signal=57%",3115/3117/3119/3127/3109/3123/3113/55080/3105/6892/3111/567,HuT 78,Down
GO:0045059,positive thymic T cell selection,13,0.7870895673408942,2.0307771379022364,6.531759539189803e-5,0.029376588527506138,0.027679763450724506,1645,"tags=69%, list=13%, signal=61%",4775/916/7535/915/6722/917/5771/5788/3707,HuT 78,Up
GO:0050854,regulation of antigen receptor-mediated signaling pathway,59,0.5574257834660561,1.99588954581091,2.240371703096243e-5,0.029376588527506138,0.027679763450724506,1605,"tags=44%, list=12%, signal=39%",2633/1997/53347/3932/84174/9840/1540/27086/7070/5074/9214/100/26228/50852/5583/9404/4068/5771/5579/5621/634/26191/84433/57181/5788/123920,HuT 78,Up
GO:0010631,epithelial cell migration,232,0.4012417269124523,1.7132366454959336,4.0727086346183104e-5,0.029376588527506138,0.027679763450724506,2920,"tags=35%, list=22%, signal=28%",2113/11156/23189/9922/3964/3728/10519/1512/3397/23499/5829/27086/55612/6722/10982/4208/51466/6776/5294/23129/6239/4163/55333/23603/116150/6286/14/5747/5578/11151/7048/7046/7857/9404/57669/634/1969/3146/57608/54566/2625/22846/25960/8660/4763/161742/11235/54443/153090/3675/2185/5613/5216/2876/9734/10755/25865/1839/4846/889/5335/8766/7114/64218/2624/25/29941/116844/54345/1201/29775/7124/3673/6615/2050/9270/28984/7422/2896/5336/54567,HuT 78,Up
GO:0090132,epithelium migration,232,0.4012417269124523,1.7132366454959336,4.0727086346183104e-5,0.029376588527506138,0.027679763450724506,2920,"tags=35%, list=22%, signal=28%",2113/11156/23189/9922/3964/3728/10519/1512/3397/23499/5829/27086/55612/6722/10982/4208/51466/6776/5294/23129/6239/4163/55333/23603/116150/6286/14/5747/5578/11151/7048/7046/7857/9404/57669/634/1969/3146/57608/54566/2625/22846/25960/8660/4763/161742/11235/54443/153090/3675/2185/5613/5216/2876/9734/10755/25865/1839/4846/889/5335/8766/7114/64218/2624/25/29941/116844/54345/1201/29775/7124/3673/6615/2050/9270/28984/7422/2896/5336/54567,HuT 78,Up
GO:0002429,immune response-activating cell surface receptor signaling pathway,247,0.38001863345677767,1.6254663697292533,5.325822830607044e-5,0.029376588527506138,0.027679763450724506,2610,"tags=36%, list=20%, signal=29%",7409/84937/2534/5359/2633/916/1445/1997/7535/53347/3932/84174/9840/3071/640/1540/27086/7917/915/7070/4208/5074/163486/54900/917/9214/10616/100/23607/259197/7006/26228/5747/5144/5142/919/50852/3635/10603/5583/974/3937/9404/4068/5771/5579/3702/973/5621/2150/2885/118788/634/4615/26191/2625/84433/27202/9111/57181/23308/89857/5788/123920/153090/7100/8892/59338/22841/64581/27040/5063/728/150372/78989/25865/5062/5335/2533/1535/6654/4938/8767/25/11120/23643/3656/22914,HuT 78,Up
GO:0031589,cell-substrate adhesion,260,0.3771743053859725,1.6245781083982755,6.306847916613503e-5,0.029376588527506138,0.027679763450724506,2156,"tags=27%, list=17%, signal=23%",7205/7791/9806/4739/10225/2633/916/23189/3897/4088/3728/10519/23499/5786/87/5829/10018/55612/3695/6722/7070/708/6239/6480/3676/23603/5318/55920/5747/2041/11151/3683/7402/3204/9404/285613/71/57091/9341/5590/6251/57662/57669/3655/10516/9480/3696/84962/83700/4763/3682/7074/81848/54749/5328/9344/1020/3675/2185/10109/960/5613/613/51144/7414/4289/5054/8751/3689/8874/3681,HuT 78,Up
GO:0001667,ameboidal-type cell migration,316,0.35850591933730935,1.5776707546987896,6.357093977220483e-5,0.029376588527506138,0.027679763450724506,2944,"tags=33%, list=23%, signal=26%",2113/9368/11156/23189/9922/8482/3964/3728/10519/1512/3397/23499/5829/59/27086/55612/3695/6722/10982/4208/51466/708/6776/5294/397/23129/6239/4163/3676/55333/23603/116150/55920/6286/14/5747/5578/11151/7048/7046/4041/7857/91/9404/57124/201161/6405/57669/634/1969/3146/57608/54566/84159/2625/22846/25960/8660/4763/161742/11235/54443/64750/153090/3675/2185/5613/5371/5216/2876/9734/7481/10755/25865/1839/8874/4846/889/5335/8766/7114/64218/58495/3357/2624/25/29941/116844/54345/10672/1201/29775/7124/3673/6615/2050/9270/28984/7422/2896/5336/54567/55698,HuT 78,Up
GO:0002757,immune response-activating signaling pathway,379,0.3484697436346602,1.5564045469485164,3.4628693087182625e-5,0.029376588527506138,0.027679763450724506,2617,"tags=32%, list=20%, signal=26%",22900/7409/84937/2534/85364/5359/2633/916/1445/1997/7535/197358/53347/3932/84174/9840/3071/4940/640/1540/5610/27086/7917/57506/915/7070/1520/6397/4208/708/5074/163486/4034/54900/23151/917/9214/6197/10616/115362/100/29997/23607/259197/140609/834/7006/26228/5747/5144/5142/919/50852/3635/10603/5583/974/3937/9404/4068/5771/5579/3702/973/5621/5245/2150/2885/118788/634/4615/3146/26191/2625/7706/80216/84433/27202/9261/55765/54941/9111/58509/57181/23308/89857/5788/123920/153090/7100/8892/59338/22841/7531/64581/84282/27040/55601/5063/728/150372/78989/25865/5062/5335/29108/2533/1535/3329/6654/4938/8767/3659/7867/25/11120/23643/3656/22914/345611,HuT 78,Up
GO:0002768,immune response-regulating cell surface receptor signaling pathway,261,0.37001670590767843,1.5940636868545397,7.624161514207938e-5,0.029391142637271602,0.027693476898600414,2610,"tags=34%, list=20%, signal=28%",7409/84937/2534/5359/2633/916/1445/1997/7535/53347/3932/84174/9840/3071/640/1540/27086/7917/915/7070/4208/5074/163486/54900/917/9214/10616/100/23607/259197/7006/26228/5747/5144/5588/5142/919/50852/3635/10603/5583/974/3937/9404/4068/5771/5579/3702/973/5621/2150/2885/3802/118788/634/4615/26191/2625/84433/27202/9111/57181/23308/89857/5788/123920/153090/7100/8892/59338/22841/64581/27040/5063/728/150372/78989/25865/5062/5335/2533/1535/6654/4938/8767/25/11120/23643/3656/22914,HuT 78,Up
GO:0002253,activation of immune response,416,0.3390075632193045,1.5185638750038106,7.261947583637223e-5,0.029391142637271602,0.027693476898600414,2037,"tags=26%, list=16%, signal=23%",22900/7409/84937/2534/85364/5359/2633/7520/916/1445/1997/7535/197358/53347/3932/84174/9840/3071/4940/640/1540/5610/27086/7917/57506/915/7070/1520/6397/4208/708/5074/163486/4034/54900/23151/917/9214/6197/10616/115362/100/29997/23607/259197/140609/55061/834/7006/26228/5747/5144/4841/5142/919/50852/3635/10603/5583/974/3937/9404/4068/5771/5579/3702/973/5621/5245/2150/374383/2885/118788/634/4615/3146/26191/2625/7706/80216/84433/27202/85363/9261/55765/54941/9111/58509/57181/23308/89857/5788/123920/153090/7100/8892/59338/22841/7531/64581/84282/27040/55601/3320/5063/728/150372/78989,HuT 78,Up
GO:0032823,regulation of natural killer cell differentiation,10,-0.8340204896357944,-2.106162361085046,8.986352053112603e-5,0.03233289468709915,0.0304653100130435,820,"tags=50%, list=6%, signal=47%",3600/22890/3601/10125/639,HuT 78,Down
GO:0002764,immune response-regulating signaling pathway,395,0.3461751873973008,1.5444781167521835,9.759269592427853e-5,0.0329192362439582,0.03101778381645984,2037,"tags=27%, list=16%, signal=23%",22900/7409/84937/2534/85364/5359/2633/916/1445/1997/7535/197358/53347/3932/1512/84174/9840/3071/4940/640/1540/5610/27086/7917/57506/915/7070/1520/6397/4208/708/5074/163486/4034/54900/23151/917/9214/6197/10616/115362/100/29997/23607/259197/140609/834/7006/26228/5747/5144/5588/5142/919/50852/3635/10603/5583/974/3937/9404/4068/5771/5579/3702/973/5621/5245/2150/2885/3802/118788/634/4615/3146/26191/2625/7706/80216/84433/27202/9261/55765/54941/9111/58509/57181/23308/89857/5788/123920/153090/7100/8892/59338/22841/7531/64581/84282/27040/55601/5063/728/150372/78989,HuT 78,Up
GO:0032816,positive regulation of natural killer cell activation,17,-0.7322559740727247,-2.105386180733015,1.310432892674739e-4,0.04160239012803275,0.03919938888242516,981,"tags=47%, list=8%, signal=44%",149233/3592/3600/22890/3601/148022/10125/7297,HuT 78,Down
GO:0061098,positive regulation of protein tyrosine kinase activity,16,0.7487599451673888,2.0161872569529136,1.584994647749294e-4,0.047523422855016324,0.04477841604255462,1033,"tags=38%, list=8%, signal=35%",4739/1741/1742/285489/57091/5621,HuT 78,Up
GO:0045061,thymic T cell selection,20,0.7169827088984937,2.034634751681745,1.6732213743459164e-4,0.047528293459710054,0.044783005315596244,1645,"tags=65%, list=13%, signal=57%",6693/4775/916/7535/915/6722/917/5771/2625/84433/9474/5788/3707,HuT 78,Up
GO:0042254,ribosome biogenesis,308,-0.426536064637362,-2.1190412662124953,1e-10,2.6985e-7,2.224736842105263e-7,2944,"tags=40%, list=23%, signal=32%",54505/10885/10360/64794/6217/6194/10171/51121/6130/1736/54680/57647/55651/91893/317781/84864/51406/51010/29063/79707/51550/23160/56342/55759/134430/27292/55794/85865/6059/2971/51106/8450/55035/9136/79039/50628/10557/9669/4809/9221/55695/6839/7514/54552/10813/57602/83732/6207/25983/26155/51001/54700/51068/27340/10514/6169/29081/51116/84128/1662/64745/23378/10248/81887/54433/79066/84365/23016/51077/90121/64282/2091/51491/11137/5036/55027/23195/6210/9790/64434/6154/8886/55226/22894/9775/6135/29777/7520/54555/4927/118460/51042/9188/6208/1983/5822/6209/84881/84946/84916/83939/27043/55052/55720/57109/51119/5394/51154/55178/11340/6230/51388/57418/5901/1964/28987/10200/84549/92856/51081/8451/90459/708/26156,SeAx,Down
GO:0022613,ribonucleoprotein complex biogenesis,451,-0.3904529462077363,-2.0125458230737516,1e-10,2.6985e-7,2.224736842105263e-7,3002,"tags=39%, list=23%, signal=31%",6201/387338/8575/54505/10885/10360/64794/6217/6194/79760/10171/51121/6130/1736/54680/8233/57647/55651/6733/6633/6631/57035/91893/79084/317781/84864/51406/51010/29063/8665/79707/6627/51550/23160/51631/1653/51639/56342/3320/55759/6895/134430/27292/55794/85865/6059/27336/8562/2971/51106/8450/55035/8487/9136/79039/50628/545/10557/23521/9669/4809/9221/55695/10421/6839/7514/54552/55702/10813/57461/57602/83732/11338/6207/1207/472/25983/26747/51634/26155/51001/10569/54700/51068/27340/10514/7375/6732/6169/54496/29081/51116/8683/84128/1662/5433/64745/23378/10248/54960/81887/54433/79066/84365/10659/23016/51077/90121/64282/2091/51491/11137/23450/5036/55027/23195/6210/8607/9790/64434/6154/8886/55226/22894/79833/9775/6135/29777/7520/54555/4927/11051/84811/118460/3326/23405/51042/9188/1968/8175/6208/1983/25929/5822/6209/84881/84946/84916/83939/27043/6632/55052/55720/57109/51119/5394/10728/10594/51154/55178/11340/6230/51388/57418/5901/1964/28987/10200/84549/92856/51081/8451/25804/90459/708/26156,SeAx,Down
GO:0006399,tRNA metabolic process,192,-0.44421987763091075,-2.08259151145497,2.133364346088674e-10,3.837922458613524e-7,3.1641161722515174e-7,2581,"tags=41%, list=20%, signal=33%",127253/348180/221078/51010/1787/57038/54859/55623/1653/25821/10667/84705/54802/54974/54920/92935/81627/54517/84520/661/10557/2975/10352/55278/93587/79731/123263/80324/81605/60487/92675/6741/3735/9330/55798/55718/3376/4677/9692/91801/79693/8846/115708/84186/10248/2617/23016/2972/55250/158234/134637/55140/55644/5188/57570/55226/3028/7453/57470/23405/51637/23395/84881/24140/207/5394/79587/283989/124454/112487/11340/60528/25940/23587/79828/5434/1615/10056,SeAx,Down
GO:0001822,kidney development,214,0.4704322966177054,2.010886963094139,5.623136423010119e-10,7.587016818746403e-7,6.254999384227308e-7,3446,"tags=47%, list=26%, signal=35%",84445/639/4851/6659/596/10409/23322/171023/3399/7161/90780/650/4811/4208/3217/2263/5076/2066/4086/56913/55366/5125/2260/5727/1499/3570/5175/5455/84662/2296/25836/5420/3248/7917/7466/6495/51107/403/9510/163/1739/4643/2131/8692/3690/4091/203286/139285/4853/9231/9863/3227/93/4088/2043/6092/55959/7020/100133941/2674/2297/25959/90410/10018/5915/9955/170690/56603/8879/7849/5754/5311/3280/5530/8516/8842/1644/3207/284/3975/282679/231/5154/1063/4038/221322/1512/847/2247/182/2138/10252/23129/6772/652/4763/1948/11020/7046/7248/5087,SeAx,Up
GO:0034470,ncRNA processing,402,-0.3533021801401403,-1.8100086380008933,8.293298134149452e-10,8.951786006000919e-7,7.380162360642049e-7,3009,"tags=37%, list=23%, signal=30%",113179/6201/387338/26512/8575/10885/81556/10360/6217/6301/6194/10171/6130/1736/54680/57647/55651/3181/131965/54901/91893/127253/317781/348180/221078/51406/51010/1787/29063/79707/23318/23160/54859/55623/1653/56342/55759/6895/25821/134430/10667/84705/54802/54974/27292/54973/54920/51106/55756/81627/54517/55035/84520/9136/79039/50628/10557/4809/9221/93587/55695/113802/123263/80324/81605/6839/10813/60487/6741/57602/83732/25983/3735/55798/7247/27340/9692/91801/29081/84128/79693/8846/115708/1662/23378/10248/81887/54433/79066/84365/23016/51077/90121/64282/2091/55250/158234/11137/5036/134637/55140/55644/57570/9790/29066/6154/8886/55226/22894/9775/6135/3028/29777/54555/118460/23405/51574/9188/6208/51637/5822/57117/6209/84881/84916/27043/24140/55720/207/57109/51119/5394/283989/51154/55178/11340/60528/5073/25940/23587/6230/57418/28987/10200/201164/84549/92856/79828/90459/26156,SeAx,Down
GO:0007389,pattern specification process,313,0.4276585676653101,1.8969062512204677,1.390974594303228e-9,1.2511816475757537e-6,1.0315174754596043e-6,3711,"tags=46%, list=28%, signal=34%",7157/7093/22856/50937/9289/4851/23314/10409/23322/2033/9371/3955/4281/650/84976/65981/4208/8626/3217/6496/2263/5076/1399/7026/54903/2066/4086/1952/7832/2622/5125/2260/5727/6091/1499/56917/145258/4041/6015/2296/10655/6656/6495/2186/221833/388591/79365/5089/7703/7289/657/9968/5308/444/4212/27023/2131/3219/4091/203286/4211/9355/4853/54778/23272/3227/6899/56983/93/23432/4088/6092/57822/6926/3216/10370/3087/4488/408050/3212/4681/23424/2297/23493/79176/64388/3226/7080/8320/8553/56603/7849/5311/3280/4040/11022/284086/3218/26160/659/51098/3207/3202/121643/3975/3200/144165/4038/10818/6909/90/367/57534/221322/5046/2247/10468/3224/7048/2138/10252/3169/652/23059/25914/57585/7046/57801/6604/5087/3225/1959/27019/23509/9645/26005/4036/3206/3223/199221/27031/3234/162/51626,SeAx,Up
GO:0072001,renal system development,218,0.46717262290220146,2.002234237353063,1.9299007692274717e-9,1.4879534930743807e-6,1.226720383687898e-6,3446,"tags=47%, list=26%, signal=35%",84445/639/4851/6659/596/10409/23322/171023/3399/7161/90780/650/4811/4208/3217/2263/5076/2066/4086/56913/55366/5125/2260/5727/1499/3570/5175/5455/84662/2296/25836/5420/3248/7917/7466/6495/51107/403/9510/163/1739/4643/2131/8692/3690/4091/203286/139285/4853/9231/9863/3227/93/4088/2043/6092/55959/7020/100133941/2674/2297/25959/90410/10018/5915/9955/170690/56603/8879/7849/5754/5311/3280/5530/8516/8842/1644/3207/284/3975/282679/231/5154/144165/1063/4038/221322/1512/847/2247/182/2138/10252/23129/6772/652/4763/1948/11020/7046/7248/5087,SeAx,Up
GO:0006364,rRNA processing,217,-0.4103403126568397,-1.948169638352208,4.755171162540412e-9,3.2079573455288257e-6,2.6447511189550428e-6,3002,"tags=40%, list=23%, signal=31%",6201/387338/10885/10360/6217/6194/10171/6130/1736/54680/57647/55651/91893/317781/51406/51010/29063/79707/23160/56342/55759/134430/27292/51106/55035/9136/79039/50628/10557/4809/9221/55695/6839/10813/57602/83732/25983/27340/29081/84128/1662/23378/10248/81887/54433/79066/84365/23016/51077/90121/64282/2091/11137/5036/9790/6154/8886/55226/22894/9775/6135/29777/54555/118460/9188/6208/5822/6209/84881/84916/27043/55720/57109/51119/5394/51154/55178/11340/6230/57418/28987/10200/84549/92856/90459/26156,SeAx,Down
GO:0003002,regionalization,285,0.42393698362921794,1.8615280962969982,1.213077325978827e-8,7.274420364786366e-6,5.997284043172517e-6,3711,"tags=46%, list=28%, signal=34%",7157/7093/22856/50937/9289/4851/10409/23322/2033/9371/3955/650/84976/65981/4208/8626/3217/6496/2263/5076/1399/7026/54903/1952/7832/2622/5125/2260/5727/6091/1499/145258/4041/6015/2296/10655/6656/6495/2186/221833/388591/79365/5089/7703/7289/657/9968/5308/27023/2131/3219/4091/203286/9355/4853/23272/3227/6899/56983/93/23432/4088/6092/6926/3216/10370/3087/4488/408050/3212/4681/23424/2297/23493/79176/64388/3226/7080/8320/8553/56603/7849/5311/3280/4040/11022/284086/3218/26160/659/51098/3207/3202/121643/3975/3200/144165/4038/10818/6909/90/367/57534/221322/5046/2247/3224/7048/10252/3169/652/23059/25914/7046/57801/6604/5087/3225/1959/27019/23509/9645/26005/4036/3206/3223/199221/27031/3234/162/51626,SeAx,Up
GO:0007005,mitochondrion organization,461,-0.3188663455553809,-1.6522596166220265,3.5068891384264394e-8,1.8926680680087495e-5,1.560381093487217e-5,2784,"tags=34%, list=21%, signal=28%",8936/4711/26235/1678/5018/55062/84987/55187/6687/137682/1763/4709/4707/4728/84233/139341/581/6648/7019/56181/6790/92609/22863/729515/3320/51537/26515/54974/64112/1267/23647/57226/374291/80119/91647/27166/4702/23788/10651/1459/154791/2810/7386/4725/64863/26520/79135/55750/81554/3313/6240/4705/23230/80224/57602/5245/728568/11140/4719/79017/90550/3155/23192/26521/131474/706/51499/5864/79594/8473/10962/56270/29928/10452/4976/117145/23287/7037/55102/3308/7156/90624/26519/83667/152926/57001/6548/513/26355/1386/158234/9167/28978/51295/9093/8834/4694/5898/81892/54539/2395/4708/91942/55471/79065/54902/3091/11315/10463/664/84971/9927/3028/5716/3329/647087/1352/578/26517/617/2631/1347/3799/10087/4706/207/6832/10928/9361/10105/90871/7416/10075/4000/55210/83858/3099/192111/56947/6341/55735/54927/55737/9131/201164/84275/6742/23277/84883/55572/64423/10730/80821/30968/292/10939/93974/493856,SeAx,Down
GO:0016072,rRNA metabolic process,256,-0.3760632539450885,-1.8394953480842808,4.340475211303867e-8,2.1295949741279062e-5,1.7557118390604254e-5,3002,"tags=39%, list=23%, signal=31%",6201/387338/10885/10360/6217/6194/10171/6130/1736/54680/57647/55651/91893/317781/51406/51010/29063/79707/23160/56342/55759/134430/27292/2074/2971/51106/55035/9136/79039/50628/10557/2975/54464/4809/9221/55695/6839/10813/57602/83732/25983/9330/27340/29081/84128/84186/1662/23378/10248/81887/54433/79066/84365/23016/51077/2972/84172/90121/64282/2091/11137/5036/9790/6154/8886/55226/22894/2475/9775/6135/4691/29777/54555/118460/9188/6949/6208/5822/6209/84881/84916/27043/55720/57109/51119/5394/51082/51154/64425/55178/11340/6230/57418/28987/10200/84549/92856/90459/5434/26156,SeAx,Down
GO:0072655,establishment of protein localization to mitochondrion,112,-0.48526793125681233,-2.1428684321044162,6.89150419637229e-8,3.099454012318437e-5,2.5552972138654097e-5,2579,"tags=44%, list=20%, signal=35%",23203/581/3301/92609/3320/26515/80273/64112/23788/10651/1459/26520/55750/134266/57602/26521/131474/706/10245/118424/5880/29928/10452/4285/3308/26519/9512/158234/5898/51100/55823/9927/10055/29103/3329/26517/617/10469/9049/207/10075/3998/3099/56947/9131/100287932/7323/3098/93974,SeAx,Down
GO:0140053,mitochondrial gene expression,163,-0.4196512159660124,-1.945715327783009,1.4791218481078818e-7,6.140631241721722e-5,5.0625490299206614e-5,2564,"tags=37%, list=20%, signal=30%",55005/7019/124995/122704/23107/57038/9617/85476/10128/25821/11222/54802/55168/54998/9238/51106/51263/29074/10352/55278/64863/80324/56945/81554/10240/64960/51001/57129/57215/65080/9692/78988/51116/8846/219927/2617/28973/63875/5188/57570/3028/51650/3396/90480/23395/84881/54948/29093/55052/51253/6832/124454/60528/79675/51073/84275/5442/51081/79828/708/7284,SeAx,Down
GO:0072073,kidney epithelium development,96,0.5343610771932352,2.0815558017664593,1.8853095270213776e-7,7.26786822666741e-5,5.991882233623581e-5,3446,"tags=53%, list=26%, signal=39%",84445/4851/596/10409/171023/650/4208/3217/2263/5076/4086/55366/2260/5727/1499/5175/5455/2296/5420/6495/1739/4643/2131/4091/4853/9863/4088/2043/6092/100133941/2297/25959/5915/9955/170690/7849/5311/3280/8842/3207/3975/282679/847/2247/182/2138/10252/6772/652/1948/5087,SeAx,Up
GO:0070585,protein localization to mitochondrion,118,-0.46878813700955674,-2.064887184332741,2.2712303174633515e-7,8.17188668223314e-5,6.737186352222867e-5,2590,"tags=43%, list=20%, signal=35%",57506/23203/581/3301/92609/3320/26515/80273/23098/64112/23788/10651/1459/26520/55750/134266/57602/26521/131474/706/10245/118424/5880/29928/10452/4285/3308/26519/9512/158234/5898/51100/55823/9927/10055/29103/3329/26517/617/10469/9049/207/10075/3998/3099/56947/9131/100287932/7323/3098/93974,SeAx,Down
GO:0001763,morphogenesis of a branching structure,128,0.4903203747905831,1.9888331666809853,8.000784826853885e-7,2.698764731908151e-4,2.224955096257327e-4,3601,"tags=52%, list=28%, signal=38%",3845/639/4851/596/1522/4192/25/650/10765/57142/4233/8626/3217/780/2263/5076/54903/3082/55366/4204/2260/5727/6474/1499/4041/1435/10253/6495/1739/2131/9231/59277/6926/8914/4488/2297/7080/9955/170690/7849/5311/9620/1813/3207/3202/3975/5154/10116/10818/6909/90/367/1512/2247/9175/7048/2138/10252/23129/3169/652/64783/5087/6662/5361/4323,SeAx,Up
GO:0033687,osteoblast proliferation,25,0.7345905689160565,2.2175768326100544,1.1602825292915769e-6,3.6835557709333184e-4,3.036850929607118e-4,1825,"tags=60%, list=14%, signal=52%",596/25/650/3685/2263/5364/4041/3726/5610/3690/63923/115908/63979/10855/4088,SeAx,Up
GO:0061138,morphogenesis of a branching epithelium,117,0.48649180940058767,1.9366275877725518,1.480796733599895e-6,4.439922206243685e-4,3.660425609898688e-4,3601,"tags=51%, list=28%, signal=37%",3845/4851/596/1522/4192/25/650/10765/4233/8626/3217/780/2263/5076/54903/3082/55366/2260/5727/1499/4041/1435/10253/6495/1739/2131/9231/59277/6926/8914/4488/2297/7080/9955/170690/7849/5311/9620/3207/3202/3975/5154/10116/10818/6909/90/367/1512/2247/7048/2138/10252/23129/3169/652/64783/5087/6662/5361/4323,SeAx,Up
GO:0045333,cellular respiration,219,-0.3661516844443771,-1.746511480059466,2.0715331480658635e-6,5.884244421111298e-4,4.85117485699413e-4,2826,"tags=35%, list=22%, signal=28%",23410/9016/4711/5018/4709/4707/23530/114789/4728/10476/6648/56181/515/1355/4509/4508/57017/8604/374291/8801/509/48/27166/8013/4702/7386/4725/93058/1349/54205/4705/55526/4719/5162/131474/9551/10975/10514/4191/506/7385/90624/513/9167/3417/4694/54539/2395/4708/1431/3091/11315/664/9927/1743/29103/1327/1352/8803/2631/1347/1738/4706/3418/10105/402/498/10131/10632/84275/6392/84883/6390/5160/1737/30968,SeAx,Down
GO:0090596,sensory organ morphogenesis,175,0.4369934001970683,1.8344488103009138,2.876623615294136e-6,7.762568825871227e-4,6.399730537814901e-4,3311,"tags=45%, list=25%, signal=34%",25987/639/50937/4851/6659/596/23322/22882/9215/4646/5594/26018/6496/2263/5076/9423/7291/2260/2624/1499/145258/4041/7976/6015/25836/10253/6656/6495/148398/4669/5308/2535/4124/55714/2048/4211/613/3198/5309/115908/4853/3066/6899/25861/57822/6926/7020/10370/220/23424/140469/8323/6096/84879/5915/56603/7849/11078/5754/8516/8842/6101/26160/121643/3975/23554/10818/6909/23418/55636/2247/128637/5797/182/120114/2138/652/4763,SeAx,Up
GO:0006626,protein targeting to mitochondrion,98,-0.4705246995039373,-1.995819267541801,3.1506859437861593e-6,7.962572535785327e-4,6.56462052188147e-4,2347,"tags=40%, list=18%, signal=33%",3320/26515/80273/23788/10651/1459/26520/55750/134266/57602/26521/131474/706/10245/118424/5880/29928/10452/4285/3308/26519/9512/158234/51100/55823/9927/10055/29103/3329/26517/10469/9049/10075/3998/56947/9131/100287932/7323/93974,SeAx,Down
GO:0007423,sensory organ development,355,0.36544410592935256,1.6367039599746065,3.373361907782797e-6,7.962572535785327e-4,6.56462052188147e-4,3392,"tags=39%, list=26%, signal=30%",7111/25987/639/50937/4851/6659/596/23322/22882/81029/90780/493/9215/650/4646/10765/5594/1050/26018/780/102/6496/2263/5076/261734/9314/11145/54903/5298/9423/26020/7291/2260/2624/1545/49855/6498/1499/56917/145258/4041/7976/6015/2296/25836/10253/6656/6495/27319/5089/148398/7289/1739/116448/4669/5308/2535/4212/5954/4124/55714/2048/4211/613/9355/3198/5309/115908/4853/3066/6899/1687/93/4088/2043/25861/57822/6926/4781/7020/10370/23552/220/5316/23424/140469/8323/6096/23493/23094/90410/84879/10018/5915/56603/7849/11078/5754/3280/8516/8842/1027/6101/1813/26160/659/63973/121643/3975/23554/144165/388552/10818/6909/23418/4286/2823/55636/9261/147912/221322/2561/130557/2247/128637/200734/5797/182/7048/9497/120114/2138/10252/652/4763/11020/7046/6604,SeAx,Up
GO:0006091,generation of precursor metabolites and energy,412,-0.303289681922452,-1.5620175839693529,3.393351275209608e-6,7.962572535785327e-4,6.56462052188147e-4,2650,"tags=34%, list=20%, signal=28%",5465/4129/90673/23410/5499/9016/4711/5256/5018/4709/4707/23530/114789/3607/4728/10476/226/6648/56181/65985/515/7262/29958/1355/4509/4508/10495/5663/5223/57017/8604/195827/57019/51167/5447/2821/112464/3795/374291/83931/8801/509/48/8659/27166/8013/51/4702/7386/4725/25796/93058/1349/32/10007/54205/4705/55526/128/4719/5162/3155/131474/9551/4200/10975/9611/57215/10514/2584/8473/4191/5501/506/51763/8630/7385/90624/669/9945/6120/513/9167/4688/3417/4694/54539/2395/4708/1431/3091/11315/10954/664/2475/9927/1743/23178/5504/29103/1327/1352/8803/1528/38/2631/1347/1738/4706/207/2731/3418/10105/402/498/10131/10728/2230/2023/6888/3099/5226/10632/3939/11182/84275/6392/1312/84883/6390/3516/5634/5160/1737/1535/30968/5230/3098/93974,SeAx,Down
GO:0048754,branching morphogenesis of an epithelial tube,98,0.5078519249568494,1.9798093726807984,4.124770115782305e-6,9.275576797865459e-4,7.647106701496406e-4,3601,"tags=53%, list=28%, signal=39%",3845/4851/596/1522/4192/25/650/10765/4233/3217/780/2263/5076/54903/55366/5727/1499/4041/1435/10253/6495/1739/2131/9231/6926/8914/4488/2297/7080/9955/170690/7849/5311/9620/3207/3202/3975/6909/90/367/1512/2247/7048/2138/10252/23129/3169/652/64783/5087/6662/4323,SeAx,Up
GO:0033688,regulation of osteoblast proliferation,20,0.7613263691176718,2.1684615125274886,4.396996557814056e-6,9.492236169008983e-4,7.825728189423165e-4,1825,"tags=65%, list=14%, signal=56%",596/25/650/3685/2263/5364/4041/5610/3690/63923/115908/10855/4088,SeAx,Up
GO:0048514,blood vessel morphogenesis,444,0.35616512586152455,1.6257639284991348,5.005628947023317e-6,0.0010390530548878786,8.56631318180873e-4,2057,"tags=26%, list=16%, signal=23%",9990/861/639/9289/4851/1890/6659/7057/6095/3688/1647/79879/5468/4192/3592/79805/302/493/25/7716/90268/54453/3627/6678/5315/11005/3162/3685/8817/1232/10052/2263/5335/57608/9314/576/7026/10769/5579/146850/375056/4240/4086/56913/4204/7291/9820/2549/2260/2624/1545/6091/4856/79602/1499/10563/3315/4041/3726/1281/154810/9693/3397/6464/2296/10253/3248/9475/7039/6495/5170/9510/3552/348/3953/657/22905/10016/4669/4643/5970/140862/3690/2004/100127206/1901/6461/144455/154796/63923/10014/60675/5587/79625/2048/4211/5795/388/3198/10298/4035/5747/4853/55662/55810/6899/10855/79924/7049/65125/4814/83478/57343/10370/3087/23328/284361,SeAx,Up
GO:0072009,nephron epithelium development,73,0.54609848030444,2.0379841130829583,6.132085135088013e-6,0.0010692228657040322,8.815043549205591e-4,3301,"tags=52%, list=25%, signal=39%",84445/4851/596/10409/171023/650/4208/3217/5076/55366/5727/1499/5175/5455/2296/5420/6495/1739/4643/2131/4853/9863/100133941/2297/9955/170690/7849/5311/3280/8842/3207/3975/282679/2247/182/2138/6772/652,SeAx,Up
GO:0006457,protein folding,179,-0.38017292825094334,-1.7747180205875865,6.258954985014454e-6,0.0010692228657040322,8.815043549205591e-4,2703,"tags=36%, list=21%, signal=29%",957/10845/10575/5201/5903/56886/7184/3301/23640/3320/80273/51303/5611/54431/10465/8570/6102/134266/26278/3313/3336/9531/11140/2896/131474/10961/573/2280/3308/908/55664/90624/5481/23071/9093/6904/53938/134492/10954/27000/3329/3326/10808/10726/30001/9049/10525/10105/402/8882/3998/10131/84750/10728/6950/51182/3312/10294/10598/10549/26973/1676/8872/10049/7456,SeAx,Down
GO:0010975,regulation of neuron projection development,336,0.37028247669231235,1.6517367985750366,6.339657532430801e-6,0.0010692228657040322,8.815043549205591e-4,3497,"tags=40%, list=27%, signal=30%",23654/25987/5792/23413/26115/4193/23191/4921/2033/4192/84628/27/25/83999/65981/7025/57142/780/952/8507/5364/1399/9314/22891/9423/54664/9820/2260/22902/1627/5793/6474/6091/6498/23557/567/23271/1272/9693/55704/950/1608/8934/23043/8321/348/7337/23327/4734/57698/1268/115703/63923/55714/5728/5587/79625/349667/81618/2048/2664/9912/818/9139/2889/1946/2580/3066/9863/9024/1523/57463/4756/57520/2043/51393/6092/57465/10500/27020/8408/5454/10505/23251/84879/8482/4137/6695/29116/4135/85358/5754/3280/23064/11075/5530/659/5997/2011/4858/2316/154141/55558/157285/55754/64175/4038/25793/56965/2288/23111/7436/7869/85442/4133/140578/4139/9175/5526/162427/10611/120114/9638/23129/3196/1948/84446/8850/162979/9762/6792/118813/5802,SeAx,Up
GO:0001501,skeletal system development,362,0.36097220739584274,1.6174642188363704,5.876046665677665e-6,0.0010692228657040322,8.815043549205591e-4,3467,"tags=39%, list=27%, signal=30%",7157/861/25987/22856/23314/1298/55870/3074/4921/4192/171023/81029/3988/29123/302/9215/7353/650/4208/8626/3217/8817/4773/2263/5364/2778/4664/54903/4086/7291/5125/2260/3073/6715/6474/4856/1499/54928/145258/4041/1281/56034/57326/53834/2296/25836/3636/10655/3340/6495/55790/7703/7289/3953/657/1739/9968/5734/5308/2131/8692/7227/63923/3219/2121/139285/3198/27086/10265/4853/10859/83452/59338/5925/3227/51222/6899/93/4088/79925/5075/6926/875/80263/28982/55959/4781/7020/3216/10370/537/4488/23552/3212/202018/860/5744/3226/56243/5915/56603/8879/4325/63827/3218/399979/26160/659/3207/2261/3202/64175/3975/389058/3200/7763/54206/9060/55636/79705/7076/1310/2247/10468/4209/4665/3224/124565/64131/7048/2355/2138/652/5307/2822/7046/23516/7067/85301/5087/10865/3225,SeAx,Up
GO:0048598,embryonic morphogenesis,425,0.35398474380949413,1.6010368945875877,5.711684441606333e-6,0.0010692228657040322,8.815043549205591e-4,2880,"tags=34%, list=22%, signal=27%",23654/7157/50937/4851/23314/3688/23322/23528/81029/25/4646/5594/26018/4208/8626/3217/3685/6496/2263/5076/9314/51441/54903/9423/3398/4086/7291/3899/2260/2624/5727/6474/1499/54928/5566/145258/4041/7976/2296/25836/10253/9475/23168/3340/6495/26524/8321/221833/388591/5089/7703/90102/79577/23767/7289/657/1739/9968/6788/4669/2535/2131/3690/5573/154796/3219/2048/23275/613/9355/3198/115908/10265/55614/4853/7249/91663/3481/3066/23272/3227/6899/56983/93/4088/9095/65125/1843/25861/57822/6926/8324/28982/3673/7020/3216/10370/4488/10432/23552/220/3212/140469/8323/860/64388/3226/10018/8320/4324/5915/56603/7849/4325/11078/5754/5311/3280/7798/8516/3218/10395/1387/9620/26160/659/51098/3207/3202/4155/121643/3975/9555/3200/7709/144165/4038/10818/123169/6909/90/3676/367,SeAx,Up
GO:0045596,negative regulation of cell differentiation,451,0.3428580475974117,1.5634871049747825,6.286999566000119e-6,0.0010692228657040322,8.815043549205591e-4,3812,"tags=40%, list=29%, signal=29%",3845/7157/861/25987/205717/4851/6659/351/6095/51043/7204/3688/753/22882/5468/9759/4192/171023/3399/7161/650/3627/6595/5594/1050/84695/57142/8626/3685/10401/65980/4773/6496/9682/51441/9423/6272/94241/3398/4086/4204/7291/7832/2624/22902/5727/23461/6498/4856/567/1499/4041/9693/1030/6653/10253/678/79365/605/1495/3552/79577/657/10011/4212/3690/6461/63923/10014/4091/5728/2048/2664/4211/9355/1021/9290/27086/5309/10859/3481/5925/55810/6899/4088/2043/4772/6926/8324/81559/56834/4488/10500/8408/23512/23532/6096/10505/23493/4825/9655/8994/5744/7080/19/8482/3149/5915/55796/147906/2137/3280/7107/5530/3218/3707/80349/57721/8651/659/5997/3192/2309/3202/55558/406/144165/4038/171392/25793/10818/123169/23111/149041/51564/22920/7869/56478/57534/51094/4133/54623/4139/54949/10468/2064/200734/182/2551/10252/6772/3169/652/25805/4763/8621/3196/64783/7046/5087/5802/7099/4771/4602/6662/4054/25871/2932/8365/857/6597/2660/27031/283659/4077/122953/3949/1869/6431/54795,SeAx,Up
GO:0006520,amino acid metabolic process,221,-0.35870426437820774,-1.714368340025475,6.875479924350432e-6,0.0011244534894460387,9.270383936277282e-4,2879,"tags=37%, list=22%, signal=29%",6301/25973/1373/339983/283459/51540/8833/56954/4329/5095/5096/594/384/57038/8604/10667/63826/112399/256987/92935/8659/36/10352/55278/27034/79731/56267/5625/790/5831/80017/84245/64087/4953/2954/3155/3735/3376/2744/4677/1491/23463/587/84842/9945/2617/81539/152926/2356/22929/5188/11315/125061/3028/6470/1743/7453/10295/79814/57470/4942/5033/4522/23395/38/10247/1738/56922/2731/4357/51078/79587/124454/5198/5723/60496/2746/6611/1615/10056/2806/64116,SeAx,Down
GO:0060537,muscle tissue development,287,0.3759706046506047,1.6499627794504923,7.534270754191052e-6,0.0011959546841285034,9.859864544261789e-4,3480,"tags=38%, list=27%, signal=28%",3845/861/7093/50937/4851/596/3688/57190/10472/2033/7161/9215/25/650/607/4208/10052/1827/2263/80208/7026/88/2066/3398/4086/7291/7832/2260/5727/6474/1499/1281/6840/2296/6495/1385/1655/657/1739/4669/59269/9242/1901/5573/3131/63923/10211/5562/4211/27086/4853/2817/3481/5925/6899/56983/4088/9975/1525/7049/6926/8324/10370/4488/23493/90410/4638/8320/205428/5915/56603/196528/5311/5530/64208/8516/5997/3192/84300/406/84700/4205/144165/1063/80206/10818/10521/7763/6909/90/10791/9734/55636/1310/2247/4209/10611/2355/844/2138/9318/652/4763/5307/1948/7046/7248/6546/1959,SeAx,Up
GO:0098742,cell-cell adhesion via plasma-membrane adhesion molecules,135,0.4530947916067207,1.8472175642546258,8.930204047352915e-6,0.0013770374641018195,0.0011352773686664893,4242,"tags=56%, list=33%, signal=38%",23654/5792/22859/3688/23705/84628/23022/650/10178/9314/1952/6091/5175/1951/53834/57451/64403/6402/9746/23767/79633/2196/57575/55714/253559/222256/91663/1946/57463/1525/65125/6092/27020/54510/3683/81607/84962/5754/23284/56122/9620/4155/56127/5101/90/23418/22920/5099/8404/5797/3556/7048/120114/83872/90952/56109/5802/147409/8832/9069/53827/3675/56126/56106/5291/5310/1016/266727/5819/10686/5817/25945/1825/56129/91179,SeAx,Up
GO:0048730,epidermis morphogenesis,18,0.7670217874888738,2.1369520581116204,9.534637649642295e-6,0.001429401094308874,0.0011784477586268417,1268,"tags=50%, list=10%, signal=45%",4851/596/8626/2263/9314/1499/92344/4669/2131,SeAx,Up
GO:0008589,regulation of smoothened signaling pathway,67,0.5492510288885923,2.021979828519173,1.0223481323724094e-5,0.001461479557059683,0.0012048943541131585,2191,"tags=39%, list=17%, signal=32%",22856/55717/6095/23322/2263/54903/2622/5727/6474/25989/5566/64839/84662/92344/3340/137392/1495/7289/2121/9231/283219/5925/23432/80178/23552/860,SeAx,Up
GO:0072006,nephron development,97,0.4932034349492062,1.923059585874363,1.1114940550012224e-5,0.001461479557059683,0.0012048943541131585,2761,"tags=41%, list=21%, signal=33%",84445/4851/596/10409/171023/650/4811/4208/3217/5076/2066/55366/5727/1499/3570/5175/5455/2296/5420/6495/1739/4643/2131/3690/4853/9863/55959/100133941/2297/9955/170690/7849/5311/3280/5530/8842/3207/284/3975/282679,SeAx,Up
GO:0006997,nucleus organization,123,-0.4221560341283667,-1.8671598375475962,1.053807645510955e-5,0.001461479557059683,0.0012048943541131585,2241,"tags=33%, list=17%, signal=28%",51510/9688/23345/545/9221/55706/6839/79188/2334/10208/23435/57602/11176/54700/57132/6732/80346/129401/23378/23175/5119/84172/26135/5347/23133/124491/23165/7443/8882/27183/4000/5048/84823/1111/81929/23399/4928/6683/3267/1104/2113,SeAx,Down
GO:0009060,aerobic respiration,181,-0.3730705066968813,-1.7410630590189209,1.150098802373115e-5,0.001461479557059683,0.0012048943541131585,2876,"tags=36%, list=22%, signal=29%",1537/23410/9016/4711/5018/4709/4707/23530/4728/10476/56181/515/1355/4509/4508/57017/374291/8801/509/48/4702/7386/4725/1349/54205/4705/55526/4719/5162/9551/10975/4191/506/7385/513/9167/3417/4694/54539/2395/4708/1431/3091/11315/664/9927/1743/29103/1327/1352/8803/2631/1347/1738/4706/3418/10105/402/498/10632/84275/6392/6390/5160/1737/30968,SeAx,Down
GO:0001525,angiogenesis,377,0.35379689831620287,1.5930464127857609,1.164417657097765e-5,0.001461479557059683,0.0012048943541131585,2093,"tags=26%, list=16%, signal=23%",9990/861/9289/4851/1890/7057/6095/3688/1647/79879/5468/4192/3592/79805/302/493/25/7716/90268/3627/6678/5315/11005/3162/3685/8817/1232/2263/5335/57608/9314/576/10769/5579/146850/375056/4240/4086/56913/4204/7291/2549/2260/2624/1545/6091/4856/79602/1499/10563/3315/154810/3397/6464/2296/10253/9475/7039/5170/9510/3552/3953/657/22905/10016/5970/140862/3690/2004/100127206/1901/6461/144455/154796/63923/10014/60675/5587/79625/2048/4211/5795/388/10298/5747/4853/55810/6899/10855/79924/7049/65125/4814/83478/57343/3087/23328/284361/5316,SeAx,Up
GO:0030855,epithelial cell differentiation,458,0.34179644441285767,1.5602635035231245,1.1044495696961019e-5,0.001461479557059683,0.0012048943541131585,3541,"tags=37%, list=27%, signal=28%",3845/7111/639/1508/4851/6659/10409/5660/8202/5468/55506/171023/23022/3399/81029/3988/7161/25/7716/650/5453/4646/10765/8407/1050/11005/4208/1374/4233/23254/8626/6496/2263/5076/9314/11145/7026/9480/3858/2066/3398/56913/2260/2624/5727/135228/9119/6498/1499/5175/9693/1030/2296/5420/3572/79983/10253/9475/6495/1385/26524/8321/5170/3551/10309/873/3552/4643/4649/5308/2535/27023/2131/7430/4301/1901/144455/613/1021/1026/5309/9139/23236/2889/4853/91663/9231/3066/9863/118/57826/55810/6899/10855/1687/93/4088/25861/6926/307/8324/3673/122786/4781/4488/100133941/51742/5454/23424/23493/4825/23094/10411/90410/7080/8609/5915/56603/7849/11078/5754/2137/3280/53918/5530/81858/10628/8842/208/1027/659/2316/3202/406/3975/9555/231/10116/10818/90/839/367/54206/1761/170302/5936/1645/2247/10468/8644/128637/200734/7051/182/9497/2355/10252/6772/3169/652/3295/10365/57103/50848/7067/85301/5802/4771/147409/4615/353116,SeAx,Up
GO:0048589,developmental growth,471,0.33976073251004857,1.5570927707237736,1.1001036549816373e-5,0.001461479557059683,0.0012048943541131585,3033,"tags=34%, list=23%, signal=27%",7157/84445/861/25987/7093/1822/4851/596/10409/351/55717/5660/23191/3688/4921/375790/10919/57190/2033/4192/7161/90780/9215/25/5324/91603/10765/607/4208/57142/780/80010/1848/79068/2263/80208/2778/7294/9423/2066/4086/25942/4204/2260/22902/5727/10404/49855/4856/1499/1281/129685/1435/2296/25836/10253/23168/6495/3275/1385/26524/26053/127343/23767/348/7337/3953/657/9968/6788/23327/2131/57698/26173/7430/1901/5573/63923/23286/5728/2121/2664/4211/9355/8455/84258/1026/27086/154/5641/23236/4853/1946/3481/9863/59338/93/4088/51393/7049/2620/4814/8324/55841/28982/10370/4488/10500/8408/5454/10505/23493/4825/84879/10018/5738/8482/4137/205428/5915/8879/196528/101929726/5754/3836/5830/53918/9462/5530/54413/2017/5340/25879/3574/84298/1027/1813/659/5997/3207/2261/2309/3202/55558/3975/144165/4038/6909/3676/367/23111/55636/7869/4133/2619/170302/114804/153/51299,SeAx,Up
GO:0045669,positive regulation of osteoblast differentiation,47,0.5928800843323498,2.0454716741143892,1.2327479519104466e-5,0.001512077431013791,0.00124660899347499,3301,"tags=62%, list=25%, signal=46%",4921/55603/650/1050/4208/8626/4086/3082/1499/3570/338557/4041/3572/8321/657/5587/23051/115908/51430/93/4488/860/5530/659/90/2247/182/4745/652,SeAx,Up
GO:0032835,glomerulus development,44,0.6061075109903212,2.0767224476304103,1.2634066567817119e-5,0.0015152457170335332,0.0012492210381792506,2747,"tags=55%, list=21%, signal=43%",4851/596/10409/171023/4811/4208/5076/55366/3570/5175/2296/5420/4643/2131/3690/4853/9863/55959/100133941/3280/5530/8842/284/3975,SeAx,Up
GO:0050808,synapse organization,325,0.36408626826004764,1.6190951757524903,1.4811588199064089e-5,0.0017377856850075844,0.0014326906937630185,2702,"tags=30%, list=21%, signal=25%",23654/7534/5792/23012/23380/26115/22859/5217/351/23191/3688/375790/84628/10160/9215/25/147381/440279/65981/55752/4208/5783/102/1501/5364/1399/80208/1488/23085/9026/22891/9423/2149/6272/2066/119/4204/1627/23557/1499/23181/8934/8443/57555/653464/6495/8321/9746/23767/348/7337/1739/4734/3690/7430/87/115703/8541/5728/2048/9912/388/54434/5641/1946/9231/55209/57463/782/2043/8496/6092/55906/10810/22866/1108/27020/784/23024/400916/5621/2894/4137/392617/6640/9463/85358/5754/63827/23284/54413/57512/2017/56122/10882/1813/85461/28988/2316,SeAx,Up
GO:0009410,response to xenobiotic stimulus,273,0.3761243892035053,1.643717317098353,1.5235626223676468e-5,0.001749503717642168,0.0014423514456322604,3417,"tags=37%, list=26%, signal=28%",7157/4193/596/7057/6095/10919/20/3988/7161/5139/25/4646/7345/11044/107/4208/1374/952/1848/4773/1399/90313/5579/10257/64078/1545/5727/6715/1499/123/2944/7976/9943/6609/8443/1385/8321/10309/873/7172/25807/5970/5395/3690/590/1800/10014/5562/2621/7050/1026/3066/5925/11309/2987/642/3673/57552/1788/4825/19/5621/56603/2052/10628/9446/1027/2948/1813/874/2309/9/144165/10587/1063/388552/6868/54206/8061/7367/4968/1728/1645/2729/2768/847/5797/9647/7048/4659/2355/29104/3291/6772/1244/2941/57491/1571/2822/7515/57103/6622,SeAx,Up
GO:0001657,ureteric bud development,63,0.5471350746764846,1.9782256810687295,1.686739951906445e-5,0.0018965282334248092,0.0015635635475238037,3565,"tags=54%, list=27%, signal=39%",84445/596/10409/650/3217/2263/5076/4086/55366/2260/5727/1499/2296/6495/1739/4091/4088/6092/2297/5915/9955/170690/7849/5311/3280/3207/3975/847/2247/2138/10252/652/5087/6662,SeAx,Up
GO:0072163,mesonephric epithelium development,64,0.5395943154469571,1.9602775345223515,2.064601584947647e-5,0.00222853095079249,0.0018372780841207797,3565,"tags=53%, list=27%, signal=39%",84445/596/10409/650/3217/2263/5076/4086/55366/2260/5727/1499/2296/6495/1739/4091/4088/6092/2297/5915/9955/170690/7849/5311/3280/3207/3975/847/2247/2138/10252/652/5087/6662,SeAx,Up
GO:0072164,mesonephric tubule development,64,0.5395943154469571,1.9602775345223515,2.064601584947647e-5,0.00222853095079249,0.0018372780841207797,3565,"tags=53%, list=27%, signal=39%",84445/596/10409/650/3217/2263/5076/4086/55366/2260/5727/1499/2296/6495/1739/4091/4088/6092/2297/5915/9955/170690/7849/5311/3280/3207/3975/847/2247/2138/10252/652/5087/6662,SeAx,Up
GO:0008053,mitochondrial fusion,31,-0.6259613179274582,-2.1247133609337876,2.1743406049779515e-5,0.002300963969620785,0.0018969943730117237,2266,"tags=52%, list=17%, signal=43%",581/54974/23788/81554/79594/4976/7037/664/9927/578/10075/56947/54927/201164/30968/10939,SeAx,Down
GO:0003279,cardiac septum development,82,0.49600349130785293,1.8814206300136551,2.2702122200842467e-5,0.002356218336883592,0.0019425479866996178,3692,"tags=54%, list=28%, signal=39%",7157/639/4193/4851/6659/2263/54903/6091/53834/4194/3340/8321/163/657/2535/4091/4853/6899/7049/6092/6926/10370/4488/23493/7849/5754/3280/7798/659/10454/10818/6909/90/55636/182/7048/23129/652/64783/7046/8543/4036/78987/27031,SeAx,Up
GO:0048736,appendage development,130,0.44310130441133644,1.7952690387971797,2.5532286149885185e-5,0.002551810154646858,0.0021038006541045746,3072,"tags=44%, list=24%, signal=34%",2583/4851/23322/9215/83999/84133/8626/2263/54903/7291/3899/5125/2260/5727/6474/1499/54928/4041/1281/25836/221833/5089/137392/7700/7289/657/4669/5308/444/2131/4853/3066/3227/51222/6926/28982/7020/4488/8323/860/3226/10018/23288/5915/56603/1387/26160/659/51098/3207/144165/4038/6909/54206/55636/221322/2768,SeAx,Up
GO:0060173,limb development,130,0.44310130441133644,1.7952690387971797,2.5532286149885185e-5,0.002551810154646858,0.0021038006541045746,3072,"tags=44%, list=24%, signal=34%",2583/4851/23322/9215/83999/84133/8626/2263/54903/7291/3899/5125/2260/5727/6474/1499/54928/4041/1281/25836/221833/5089/137392/7700/7289/657/4669/5308/444/2131/4853/3066/3227/51222/6926/28982/7020/4488/8323/860/3226/10018/23288/5915/56603/1387/26160/659/51098/3207/144165/4038/6909/54206/55636/221322/2768,SeAx,Up
GO:0050890,cognition,208,0.3990814333790108,1.6992798058073542,2.6408120245925144e-5,0.002591356817586509,0.0021364042924311116,2926,"tags=38%, list=22%, signal=30%",3845/2760/6509/351/23385/23191/3688/10919/2033/4192/894/9215/25/5594/107/4125/4208/6310/10550/1827/80208/10769/4204/23208/7832/567/25836/25946/1385/55902/7991/55236/348/7337/23152/4212/27023/6446/590/1268/9993/5728/100132074/2048/84197/8301/3198/5641/23236/22849/55209/55450/114781/9486/10411/90410/84879/28964/55180/5621/4137/8554/85358/3269/54413/8516/57512/10882/1813/2237/874/85461/8867/29767/81832/10636/6326/7436/8061/55636,SeAx,Up
GO:0045165,cell fate commitment,173,0.41506708861822533,1.740715111693513,2.692728381563534e-5,0.0025951169777318557,0.0021395042986595975,3324,"tags=45%, list=26%, signal=34%",7157/639/50937/4851/596/3688/10919/5468/81029/650/3662/84695/4208/2263/5076/1107/9314/7026/9480/2066/3398/4086/2260/2624/5727/25925/1499/3570/145258/80213/10253/6656/23168/6495/26524/27319/79577/657/116448/2131/4853/3066/4170/6899/9095/6926/8324/4781/1514/1108/6693/5454/23493/860/3226/7080/8320/56603/3280/3574/3207/121643/123169/6909/90/367/4286/2619/170302/54623/2247/5928/182/2138/3169/652/5307,SeAx,Up
GO:0048729,tissue morphogenesis,415,0.3403435437389803,1.5364453671086435,2.775360942517997e-5,0.0026278285976788825,0.002166472890863079,3601,"tags=39%, list=28%, signal=29%",23654/3845/84445/4193/4851/596/1522/3688/23322/4192/81029/25/650/3627/10765/4208/4233/8626/3217/780/3685/6496/2263/5076/9314/54903/9423/2066/4086/3082/55366/7291/23245/2260/5727/6474/6091/1499/5566/4041/1281/1435/7976/2296/5420/10253/92344/4194/6495/8321/388591/90102/23767/7289/657/1739/9968/6788/4669/4649/2535/2131/3690/1901/5573/5728/23275/9355/388/23671/27086/115908/4853/7249/9231/9024/9420/59277/6899/4088/2043/9095/7049/6092/57822/6926/54101/8914/83478/3673/7020/10370/4488/23552/220/3212/760/8323/2297/23493/94134/79864/90410/7080/4638/8320/84962/9955/170690/7849/5754/5311/3280/7798/8516/10395/9620/26160/659/51098/3207/2316/3202/121643/3975/5154/144165/10116/10818/6909/90/367/6868/55636/57534/1512/2247/10468/182/7048/2138/10252/23129/6772/3169/652/23059/3196/1948/84446/64783/7046/7248/5087/8543/4771/9645/6662/26005/4036/5361/4323,SeAx,Up
GO:0048706,embryonic skeletal system development,91,0.4869635756876727,1.8750744048657348,2.9700135309763858e-5,0.0027636487977033713,0.0022784477668670025,3664,"tags=53%, list=28%, signal=38%",23314/3217/2263/54903/7291/5125/6474/1499/145258/25836/10655/3340/6495/7703/7289/1739/9968/2131/3219/3198/10265/3227/6899/4088/28982/55959/7020/3216/23552/3212/202018/860/56243/4325/3218/3207/3202/3975/3200/64131/7048/2138/652/7046/5087/3225/4323/3223,SeAx,Up
GO:2000027,regulation of animal organ morphogenesis,54,0.5529685287956498,1.9477847903734082,3.084912545244709e-5,0.0028219106790992703,0.002326480879348686,3301,"tags=61%, list=25%, signal=46%",650/3217/5076/5579/3082/55366/2260/6091/1499/1435/6495/5083/8321/657/2535/59277/3227/6899/6092/57822/10370/860/79864/7849/5754/3207/3975/5154/10818/367/2247/10252/652,SeAx,Up
GO:0031069,hair follicle morphogenesis,15,0.7863586101315027,2.097598254691593,3.3255348740745896e-5,0.0028934045335636508,0.0023854228886171754,1268,"tags=53%, list=10%, signal=48%",4851/596/8626/2263/1499/92344/4669/2131,SeAx,Up
GO:0048593,camera-type eye morphogenesis,90,0.49030114096550154,1.884492591385919,3.4311263692435364e-5,0.0028934045335636508,0.0023854228886171754,3311,"tags=50%, list=25%, signal=38%",25987/639/50937/4851/6659/23322/22882/9215/6496/5076/7291/1499/4041/6015/6656/148398/4669/5308/4124/55714/2048/4211/5309/4853/7020/10370/220/23424/6096/84879/8842/6101/26160/121643/3975/23554/10818/6909/23418/128637/5797/182/120114/652/4763,SeAx,Up
GO:0006400,tRNA modification,89,-0.4415862727351416,-1.851716428621957,3.392750995927793e-5,0.0028934045335636508,0.0023854228886171754,2693,"tags=44%, list=21%, signal=35%",131965/54901/127253/348180/221078/1787/54859/55623/25821/84705/54802/54974/54920/81627/54517/84520/93587/123263/80324/81605/6741/55798/91801/79693/8846/115708/55250/158234/134637/55140/55644/57570/55226/3028/84881/24140/207/23587/79828,SeAx,Down
GO:0030323,respiratory tube development,139,0.43751513608742354,1.789991600765864,3.323219284112819e-5,0.0028934045335636508,0.0023854228886171754,4191,"tags=51%, list=32%, signal=35%",3845/4851/1522/57190/2033/171023/3988/7161/302/650/5594/1050/84695/8817/2263/4204/5125/2260/1499/1281/10253/7917/9618/1385/7289/657/2131/4124/9231/8546/93/8914/4781/51696/7080/9678/5754/3280/9620/659/3202/10454/5154/6909/54206/1512/2247/10905/7048/2355/10252/3169/652/10365/26257/7067/6662/4054/4323/26154/27031/3675/6431/4015/10413/5310/2254/3911/2294/5629/8985,SeAx,Up
GO:0150063,visual system development,249,0.3781359480818779,1.630781158401206,3.2375953029117436e-5,0.0028934045335636508,0.0023854228886171754,3392,"tags=38%, list=26%, signal=28%",7111/25987/639/50937/4851/6659/596/23322/22882/81029/90780/493/9215/10765/6496/5076/261734/9314/11145/7291/1545/49855/6498/1499/56917/4041/6015/2296/25836/10253/6656/5089/148398/7289/1739/4669/5308/4212/5954/4124/55714/2048/4211/9355/5309/4853/3066/93/4088/57822/4781/7020/10370/23552/220/5316/23424/6096/23094/84879/5915/3280/8842/1027/6101/1813/26160/659/121643/3975/23554/144165/388552/10818/6909/23418/4286/2823/55636/147912/221322/130557/2247/128637/200734/5797/182/7048/120114/10252/652/4763/7046/6604,SeAx,Up
GO:0048592,eye morphogenesis,107,0.4640509010960182,1.8284822063167838,3.5181572067404096e-5,0.0029211529915043064,0.002408299678201087,3311,"tags=46%, list=25%, signal=34%",25987/639/50937/4851/6659/596/23322/22882/9215/6496/5076/7291/1499/4041/6015/25836/6656/148398/4669/5308/4124/55714/2048/4211/5309/4853/7020/10370/220/23424/6096/84879/5915/8842/6101/26160/121643/3975/23554/10818/6909/23418/2247/128637/5797/182/120114/652/4763,SeAx,Up
GO:0007611,learning or memory,178,0.40559711565286627,1.7074927339187331,3.886152284305116e-5,0.003020201302072819,0.0024899585352216743,2912,"tags=38%, list=22%, signal=30%",3845/2760/351/23385/3688/10919/2033/4192/894/9215/25/5594/107/4125/4208/6310/10550/1827/80208/10769/4204/23208/7832/567/25946/1385/55902/55236/348/7337/23152/4212/27023/6446/590/1268/5728/100132074/2048/84197/8301/5641/23236/22849/55450/114781/9486/10411/90410/28964/5621/4137/8554/85358/3269/54413/8516/10882/1813/2237/85461/8867/29767/81832/10636/6326/7436/8061,SeAx,Up
GO:0043010,camera-type eye development,220,0.38431073828591816,1.6463159626532713,3.895612680308132e-5,0.003020201302072819,0.0024899585352216743,3392,"tags=39%, list=26%, signal=29%",7111/25987/639/50937/4851/6659/23322/22882/81029/90780/493/9215/10765/6496/5076/261734/9314/11145/7291/1545/49855/6498/1499/4041/6015/2296/10253/6656/148398/7289/1739/4669/5308/5954/4124/55714/2048/4211/9355/5309/4853/3066/93/4088/57822/4781/7020/10370/23552/220/5316/23424/6096/84879/3280/8842/1027/6101/1813/26160/659/121643/3975/23554/144165/10818/6909/23418/4286/2823/55636/147912/221322/130557/2247/128637/200734/5797/182/7048/120114/10252/652/4763/7046/6604,SeAx,Up
GO:0001654,eye development,247,0.3788249914784432,1.6352219380912756,3.9172520130646165e-5,0.003020201302072819,0.0024899585352216743,3392,"tags=38%, list=26%, signal=29%",7111/25987/639/50937/4851/6659/596/23322/22882/81029/90780/493/9215/10765/6496/5076/261734/9314/11145/7291/1545/49855/6498/1499/56917/4041/6015/2296/25836/10253/6656/5089/148398/7289/1739/4669/5308/4212/5954/4124/55714/2048/4211/9355/5309/4853/3066/93/4088/57822/4781/7020/10370/23552/220/5316/23424/6096/23094/84879/5915/3280/8842/1027/6101/1813/26160/659/121643/3975/23554/144165/388552/10818/6909/23418/4286/2823/55636/147912/221322/130557/2247/128637/200734/5797/182/7048/120114/10252/652/4763/7046/6604,SeAx,Up
GO:0015980,energy derivation by oxidation of organic compounds,280,-0.3174978522548044,-1.5567709778400323,3.8333775731572965e-5,0.003020201302072819,0.0024899585352216743,2835,"tags=33%, list=22%, signal=26%",90673/23410/5499/9016/4711/5256/5018/4709/4707/23530/114789/4728/10476/6648/56181/515/7262/1355/4509/4508/57017/8604/112464/3795/374291/83931/8801/509/48/27166/8013/4702/7386/4725/93058/1349/54205/4705/55526/4719/5162/131474/9551/10975/10514/4191/5501/506/51763/7385/90624/9945/513/9167/3417/4694/54539/2395/4708/1431/3091/11315/664/2475/9927/1743/23178/5504/29103/1327/1352/8803/2631/1347/1738/4706/207/3418/10105/402/498/10131/10728/10632/84275/6392/1312/84883/6390/5160/1737/30968,SeAx,Down
GO:0061061,muscle structure development,489,0.3307109152326782,1.5212361154802985,3.871341872934323e-5,0.003020201302072819,0.0024899585352216743,2862,"tags=28%, list=22%, signal=23%",3845/7111/7093/22954/50937/4193/4851/6659/596/10409/6095/3688/57190/10472/9759/2033/221937/3399/81029/81/9215/6830/650/3627/84976/6595/3915/7345/607/824/4811/4208/4773/7138/1827/2263/9124/80208/7026/6272/88/3398/4086/4204/7291/7832/6474/4856/1499/8910/2319/145258/1281/6840/53834/2296/58494/6495/1385/9260/8321/79365/1655/657/10011/4669/2535/59269/9242/1901/87/5573/3131/9325/10014/10211/5562/5587/2121/4211/3756/27086/23236/4853/2817/3481/6938/55662/3856/5925/6899/4756/6601/4088/2115/9975/1525/7049/4814/4772/6926/8324/10370/23493/90410/4638/5738/8320/5915/56603/55796/196528/8554/101929726/84033/3280/5530/64208/8516/5340/85461/659/5997/3192/84300/406/84700/4205/29767/144165/1063/80206/10818/10521/6909/90/10791,SeAx,Up
GO:0001823,mesonephros development,66,0.5277675085009683,1.9365194511219215,4.0078158243770624e-5,0.0030465045076285926,0.002511643808694121,3565,"tags=52%, list=27%, signal=38%",84445/596/10409/650/3217/2263/5076/4086/55366/2260/5727/1499/2296/6495/1739/4091/4088/6092/2297/5915/9955/170690/7849/5311/3280/3207/3975/847/2247/2138/10252/652/5087/6662,SeAx,Up
GO:0048568,embryonic organ development,312,0.36082644000264186,1.5986492670080128,4.5856188859185793e-5,0.003437303489903135,0.002833832022043543,2852,"tags=34%, list=22%, signal=27%",7157/639/4851/23314/79879/3399/79805/4646/5594/1050/26018/4208/3217/6496/2263/5076/7942/7026/54903/9423/3398/7291/5125/2260/2624/5727/6474/1499/145258/3726/7976/2296/25836/10253/7003/3340/6495/2186/388591/7173/5089/7703/7289/657/1739/9968/6788/4669/5308/2535/144455/3219/2048/613/3198/115908/79893/10265/4853/3481/3856/3227/6899/4088/25861/57822/6926/28982/7020/3216/10370/23552/220/3212/140469/8323/23493/860/8320/5915/196528/7849/4325/11078/5754/5311/3280/4254/8516/3218/5340/50814/26160/51098/3207/27042/3202/121643/3975/3200/5154/144165/10818/6909/90,SeAx,Up
GO:0043648,dicarboxylic acid metabolic process,69,-0.484935197392192,-1.9715009894344964,4.89402284738438e-5,0.0036182248366210274,0.002982989845118064,2099,"tags=38%, list=16%, signal=32%",8801/8659/79944/56267/5625/80017/4200/2744/4191/5106/2356/57001/197322/3417/6470/1743/4942/25902/4522/8803/9380/3418/60496/2746/471/2806,SeAx,Down
GO:0006270,DNA replication initiation,36,-0.5880132721486697,-2.0790366341634257,5.085811176486564e-5,0.00370920579993216,0.0030579977017082083,2858,"tags=64%, list=22%, signal=50%",990/8318/4172/11073/4176/4171/23595/64318/4998/5557/4999/81620/222229/4683/1017/55388/5422/5000/4175/23594/5001/25792/997,SeAx,Down
GO:2001222,regulation of neuron migration,31,0.6500240876563719,2.0895786380888843,5.1667032537455374e-5,0.003717959661395288,0.0030652146882220893,1356,"tags=39%, list=10%, signal=35%",23654/23380/9289/4192/84628/8633/1281/9693/25836/653464/57698/63923,SeAx,Up
GO:0048645,animal organ formation,46,0.5735424866279255,1.9694629355364326,5.251093229242933e-5,0.0037289671260821193,0.003074289623270066,3392,"tags=63%, list=26%, signal=47%",4851/650/5594/4208/8626/2263/5076/54903/2260/6091/1499/6495/657/2131/3227/6092/10370/7849/3280/3207/3200/10818/367/2247/7048/2138/10252/652/6604,SeAx,Up
GO:0048880,sensory system development,250,0.3770595013224122,1.628471918556109,5.342264005151047e-5,0.003744441407246779,0.0030870471564967156,3392,"tags=38%, list=26%, signal=28%",7111/25987/639/50937/4851/6659/596/23322/22882/81029/90780/493/9215/10765/6496/5076/261734/9314/11145/7291/1545/49855/6498/1499/56917/4041/6015/2296/25836/10253/6656/5089/148398/7289/1739/4669/5308/4212/5954/4124/55714/2048/4211/9355/5309/4853/3066/93/4088/57822/4781/7020/10370/23552/220/5316/23424/6096/23094/84879/5915/3280/8842/1027/6101/1813/26160/659/121643/3975/23554/144165/388552/10818/6909/23418/4286/2823/55636/147912/221322/130557/2247/128637/200734/5797/182/7048/120114/10252/652/4763/7046/6604,SeAx,Up
GO:0060411,cardiac septum morphogenesis,53,0.5561351951608169,1.9457511712020419,5.4633717688908164e-5,0.0037802330047056075,0.0031165549888126157,3382,"tags=57%, list=26%, signal=42%",7157/4193/4851/6659/2263/54903/6091/53834/8321/657/2535/4091/4853/6899/7049/6092/6926/10370/4488/23493/3280/659/6909/90/55636/182/7048/652/64783/7046,SeAx,Up
GO:0061458,reproductive system development,198,0.3841027278795054,1.6313624938865199,5.647367625119989e-5,0.0038580814016167825,0.0031807359029156815,3126,"tags=35%, list=24%, signal=27%",1822/9289/4851/10046/596/10409/5660/55870/55585/3955/5324/91603/10765/8626/2263/1399/8204/7026/55366/55840/1545/5727/6715/49855/1499/2296/25836/7301/9510/1495/3552/7337/1739/4201/599/10265/59338/9420/22836/122042/6092/2620/7812/6926/10370/51742/2674/10388/10018/7080/8879/4254/83990/1027/3207/2309/2316/3975/638/10116/10818/192670/2288/367/54206/55636/1761/10468/8644/128637,SeAx,Up
GO:1901361,organic cyclic compound catabolic process,482,-0.27030752287838283,-1.3936954625434848,5.786132442990526e-5,0.0039034695993524836,0.0032181555048053883,2099,"tags=26%, list=16%, signal=23%",8801/3183/80149/10957/100/8659/114609/30833/54464/8570/167153/4939/2081/56267/5625/26058/79077/10591/79621/283927/6741/23435/54790/2107/55526/2954/219988/472/55132/55270/2332/9611/170506/2584/9444/8473/6050/23367/8630/53343/84186/91875/5151/669/51690/9337/79066/23019/1777/23016/84305/56953/272/64282/10179/5976/10492/124245/51092/26135/1677/80335/81892/4292/23049/6093/3163/3091/340152/22894/2475/9775/125061/9704/56006/54555/79882/118460/23405/4860/4363/8803/64802/23185/38/550643/23034/10247/51816/11164/3251/207/6832/55795/5511/57109/5394/402/8882/51154/11340/65109/60528/5073/2023/3099/51170/60496/79675/9131/3939/9125/55629/11182/11163/25804/1312/27044/2935/28960/1676/953/11332/5230/3098/2806,SeAx,Down
GO:0035107,appendage morphogenesis,104,0.4535785450623687,1.7755829521358346,6.072692383497227e-5,0.003948713348642715,0.003255456018394772,3072,"tags=48%, list=24%, signal=37%",4851/23322/9215/8626/2263/54903/7291/3899/5125/2260/5727/6474/1499/54928/4041/1281/25836/221833/5089/137392/7700/7289/657/444/2131/4853/3066/3227/51222/6926/28982/7020/4488/8323/860/3226/10018/23288/5915/56603/1387/51098/3207/144165/4038/6909/54206/55636/221322/2768,SeAx,Up
GO:0035108,limb morphogenesis,104,0.4535785450623687,1.7755829521358346,6.072692383497227e-5,0.003948713348642715,0.003255456018394772,3072,"tags=48%, list=24%, signal=37%",4851/23322/9215/8626/2263/54903/7291/3899/5125/2260/5727/6474/1499/54928/4041/1281/25836/221833/5089/137392/7700/7289/657/444/2131/4853/3066/3227/51222/6926/28982/7020/4488/8323/860/3226/10018/23288/5915/56603/1387/51098/3207/144165/4038/6909/54206/55636/221322/2768,SeAx,Up
GO:0007507,heart development,421,0.3338592429453021,1.508954571149876,6.0314111786215733e-5,0.003948713348642715,0.003255456018394772,3652,"tags=38%, list=28%, signal=28%",7157/861/639/4193/4851/6659/10409/55717/3688/23322/2033/171023/3399/7161/9215/25/650/5594/4208/57142/1848/10052/2263/9124/1399/54903/88/2066/3398/4086/4204/7291/5125/2260/5727/6474/6091/1499/23054/1281/6464/53834/2296/25836/4194/9475/3340/6495/1385/9260/8321/388591/9510/163/3552/23767/657/9968/6788/4669/5308/2535/2131/22873/9242/1901/5573/4091/5728/203286/4211/1026/27086/156/5747/4853/7249/5925/6899/93/4088/9095/1525/7049/65125/6092/729991/4772/6926/8324/10370/4488/23493/90410/8320/205428/5915/196528/7849/5754/5311/3280/64208/7798/284086/10395/1027/26160/659/5997/51098/3192/2316/121643/10454/84700/4205/144165/80206/10818/6909/90/9734/55636/57534/221322/2247/4209/2064/182/7048/10611/2138/10252/23129/652/4763/23059/1948/64783/7046/6604/8850/7248/2548/6546/8543/27019/22980/23509/1363/9645/10203/6662/26005/4036/2997/78987/5463,SeAx,Up
GO:0032543,mitochondrial translation,129,-0.39338168816603525,-1.7467993314478805,6.338227810581526e-5,0.004072311368298631,0.0033573545056802137,2564,"tags=34%, list=20%, signal=28%",55005/124995/122704/23107/57038/9617/85476/10128/11222/55168/54998/51263/29074/10352/55278/56945/81554/10240/64960/57129/65080/78988/51116/8846/219927/2617/28973/63875/5188/51650/3396/90480/23395/84881/54948/29093/55052/51253/124454/51073/51081/79828/708/7284,SeAx,Down
GO:0060538,skeletal muscle organ development,131,0.43152759401491597,1.751547522362879,6.57612122020714e-5,0.004175450144171521,0.0034423856839400093,3324,"tags=39%, list=26%, signal=29%",3845/7093/50937/4851/596/10409/57190/10472/2033/9215/84976/607/4208/1827/80208/7026/7291/7832/6474/1499/6840/53834/6495/1655/59269/9242/3131/10211/5562/2817/3481/5925/6899/9975/10370/8320/56603/101929726/5530/64208/84300/406/10521/10791/9734/1310/4209/844/9318/4763/5307,SeAx,Up
GO:1901863,positive regulation of muscle tissue development,15,0.7709936131011641,2.0566123857268086,6.870873285774215e-5,0.0043118724562004,0.0035548569619299397,1666,"tags=60%, list=13%, signal=52%",50937/596/4208/6474/1499/1385/10211/5562/3481,SeAx,Up
GO:0061005,cell differentiation involved in kidney development,36,0.614530493586372,2.006058485246618,7.43456279801294e-5,0.004611992577112165,0.0038022863819964546,2747,"tags=58%, list=21%, signal=46%",4851/10409/171023/4208/5076/55366/5727/1499/5455/84662/5420/4643/2131/139285/4853/9863/100133941/7849/3280/8842/3975,SeAx,Up
GO:0060485,mesenchyme development,217,0.3879430429000755,1.6614203119566584,8.117020039291718e-5,0.004978131494551978,0.00410414398398159,3307,"tags=41%, list=25%, signal=31%",205717/4193/4851/6659/596/10409/23603/753/4192/650/5594/84695/4208/57142/2263/5076/2066/3082/7291/9820/2260/6091/1499/145258/64839/2296/10253/4194/9475/6495/90102/83989/1655/657/10016/5308/2131/5728/23275/139285/5747/4902/9231/3066/23272/6899/56983/4088/2043/7049/6092/6926/25800/10370/4488/408050/10500/202018/2297/10505/23493/7080/8482/8320/147906/5754/5311/3280/4254/4040/659/2316/3202/144165/10521/6909/90/7869/51094/4139/59349/54949/200734/182/7048/10252/6772/3169/652/25805,SeAx,Up
GO:0030324,lung development,135,0.42511681699507636,1.7331544430882317,8.774182147650006e-5,0.005261584561207454,0.004337832507382056,4191,"tags=50%, list=32%, signal=34%",3845/4851/1522/57190/2033/171023/3988/7161/302/650/5594/1050/84695/8817/2263/4204/2260/1499/1281/10253/7917/1385/657/2131/4124/9231/8546/93/8914/4781/7080/9678/5754/3280/9620/659/3202/10454/5154/6909/54206/1512/2247/10905/7048/2355/10252/3169/652/10365/26257/7067/6662/4054/4323/26154/27031/3675/6431/4015/10413/5310/2254/3911/2294/5629/8985,SeAx,Up
GO:0048705,skeletal system morphogenesis,155,0.41413974476332627,1.7091881263572022,8.750532060998658e-5,0.005261584561207454,0.004337832507382056,3601,"tags=48%, list=28%, signal=35%",25987/22856/23314/29123/4208/3217/8817/2263/4664/7291/2260/6474/1499/54928/145258/4041/1281/2296/25836/3636/3340/6495/55790/7703/7289/1739/9968/2131/8692/3219/3198/10265/83452/59338/3227/6899/93/4088/79925/875/28982/7020/3216/10370/4488/3212/860/5915/56603/8879/4325/3218/659/3207/2261/3202/3975/389058/3200/7763/4209/4665/3224/7048/2355/2138/652/7046/7067/85301/3225/6662/4054/4323,SeAx,Up
GO:1901342,regulation of vasculature development,200,0.3870042469167934,1.6436441549738066,9.042400278142301e-5,0.0053628389341905496,0.004421310118647485,2233,"tags=30%, list=17%, signal=25%",861/7057/3688/1647/5468/4192/79805/493/25/3627/6678/5315/11005/3162/8817/1232/102/5335/57608/9314/576/10769/5579/146850/4086/4204/7291/2549/2624/1545/1499/10563/3315/2296/10253/9475/5170/9510/3552/22905/10016/5970/140862/3690/154796/63923/5587/388/10298/55810/79924/65125/4814/57343/3087/23328/284361/23251/10411/55109,SeAx,Up
GO:0042692,muscle cell differentiation,282,0.3630303781405184,1.5881017947922833,9.35223010124134e-5,0.005486302810478208,0.004523098013495097,2852,"tags=30%, list=22%, signal=24%",3845/7111/22954/50937/4193/4851/596/6095/3688/57190/9759/81029/81/9215/6830/650/3627/3915/7345/607/824/4811/4208/4773/7138/1827/2263/80208/6272/88/3398/4086/4204/6474/4856/1499/58494/6495/79365/657/4669/87/5573/10014/10211/5587/4211/3756/27086/4853/3481/3856/5925/6899/4756/1525/4814/4772/6926/8324/23493/90410/5738/5915/56603/8554/101929726/84033/3280/5530/64208/8516/85461/659/5997/3192/84700/4205/29767/144165/80206/10818/6909/90,SeAx,Up
GO:0042255,ribosome assembly,57,-0.5065849529551044,-1.9928659353660645,9.551020014781037e-5,0.0055223944531364475,0.004552853213463184,1542,"tags=32%, list=12%, signal=28%",51001/6169/51116/23195/6135/29777/7520/6208/1983/5822/6209/83939/55052/51119/51388/1964/51081/708,SeAx,Down
GO:0009953,dorsal/ventral pattern formation,59,0.5381072792244852,1.9314910931971059,9.918636452157656e-5,0.0055223944531364475,0.004552853213463184,3301,"tags=49%, list=25%, signal=37%",7093/84976/65981/6496/5727/1499/145258/6656/221833/7289/657/4091/9355/23432/3212/4681/79176/64388/7080/26160/51098/3207/121643/3975/4038/90/221322/3169/652,SeAx,Up
GO:0033108,mitochondrial respiratory chain complex assembly,100,-0.4104035095192135,-1.7435611470678685,9.8143795376228e-5,0.0055223944531364475,0.004552853213463184,2777,"tags=36%, list=21%, signal=29%",4711/5018/84987/137682/4709/4707/4728/84233/7019/57226/374291/4702/7386/4725/4705/80224/728568/4719/131474/90624/57001/51295/4694/54539/4708/91942/55471/54902/647087/617/4706/90871/6341/9131/84275/55572,SeAx,Down
GO:0061448,connective tissue development,193,0.393683029583613,1.6661789870602137,9.80306800804721e-5,0.0055223944531364475,0.004552853213463184,3463,"tags=40%, list=27%, signal=30%",861/25987/22856/4851/23314/5468/4192/81029/3988/9215/650/4208/8817/4773/79068/11145/142/4086/2260/6474/4856/1499/54928/3570/4041/1281/1435/57326/6653/55790/9658/657/2131/8692/7227/3690/84649/10499/5562/2121/139285/5925/51222/4088/875/55959/4781/4488/202018/2297/860/5744/8609/5915/9462/399979/659/3207/2261/3202/3200/23111/54206/116236/7076/2247/4209/7048/2355/3169/652/5307/2822/7046/23516/7067/85301/10865,SeAx,Up
GO:0009165,nucleotide biosynthetic process,241,-0.31877282322817996,-1.5377656909364572,9.925370797743847e-5,0.0055223944531364475,0.004552853213463184,2670,"tags=34%, list=21%, signal=28%",23417/4709/4707/10606/4728/10476/6785/226/515/318/4509/4508/50808/7371/374291/509/55739/100/55229/4702/7114/4725/2182/790/132/4882/9061/32/6240/2180/4705/4719/51703/5162/9551/3735/113/5635/204/506/9556/7298/5636/2617/197322/513/272/5165/4694/2181/54539/8050/4708/79877/125061/6470/65220/4860/4522/64802/38/1841/5631/1738/4706/518/3251/498/5198/2023/10632/10135/6392/6390/5634/5160/471/1737/30968/11332/109/3614,SeAx,Down
GO:0060688,regulation of morphogenesis of a branching structure,32,0.629615846044637,2.022279965089824,1.0468798537459587e-4,0.005556539298646053,0.0045810034064493665,1014,"tags=41%, list=8%, signal=38%",4192/25/57142/3217/2263/5076/3082/55366/4204/2260/6474/1499/6495,SeAx,Up
GO:0030167,proteoglycan catabolic process,10,0.8255655395668287,1.9604370586142827,1.0393135596482461e-4,0.005556539298646053,0.0045810034064493665,1816,"tags=80%, list=14%, signal=69%",2990/2720/3425/4669/6448/2817/10855/138050,SeAx,Up
GO:0045667,regulation of osteoblast differentiation,93,0.4761492660113221,1.843220691155206,1.0357448405743672e-4,0.005556539298646053,0.0045810034064493665,2202,"tags=40%, list=17%, signal=33%",4851/4921/55603/5468/3399/650/1050/4208/8626/2263/4086/3082/7291/5727/1499/5566/3570/338557/4041/3572/8321/1655/657/63923/4091/5587/23051/1021/115908/5747/51430/93/4088/4488/6096/860/8994,SeAx,Up
GO:0008033,tRNA processing,129,-0.3855661225419059,-1.7120945517954174,1.0563630709701323e-4,0.005556539298646053,0.0045810034064493665,2693,"tags=39%, list=21%, signal=31%",131965/54901/127253/348180/221078/1787/54859/55623/1653/25821/10667/84705/54802/54974/54920/81627/54517/84520/10557/93587/123263/80324/81605/60487/6741/3735/55798/9692/91801/79693/8846/115708/10248/55250/158234/134637/55140/55644/57570/55226/3028/51637/84881/24140/207/283989/60528/25940/23587/79828,SeAx,Down
GO:0048608,reproductive structure development,195,0.38169498695083603,1.6188383657468415,1.0604475593117352e-4,0.005556539298646053,0.0045810034064493665,3126,"tags=35%, list=24%, signal=27%",1822/9289/4851/10046/596/10409/5660/55870/3955/5324/91603/10765/8626/2263/1399/8204/7026/55366/55840/1545/5727/6715/49855/1499/2296/25836/7301/9510/1495/3552/7337/1739/4201/599/10265/59338/9420/22836/122042/6092/2620/7812/6926/10370/51742/2674/10388/10018/7080/8879/4254/83990/1027/3207/2309/2316/3975/638/10116/10818/192670/2288/367/54206/55636/1761/10468/8644/128637,SeAx,Up
GO:0009117,nucleotide metabolic process,468,-0.26985188843544616,-1.3945639094701394,1.0209896413139665e-4,0.005556539298646053,0.0045810034064493665,2706,"tags=32%, list=21%, signal=26%",254552/957/3156/10845/51251/23417/4709/4707/23530/114789/3607/10606/4728/10476/6785/226/515/318/4509/4508/390916/5663/5223/3094/195827/50808/7371/2821/23098/1267/8459/374291/8801/509/55739/100/55229/4702/30833/7114/4725/2182/790/132/4882/25796/9061/79077/32/10591/6240/2180/4705/79621/283927/64087/55526/4597/4719/51703/5162/9551/3735/4200/706/55270/113/9611/5635/204/2584/8473/4191/506/9556/4976/5106/53343/51292/5151/669/7298/5636/2617/197322/6120/513/56953/272/5165/3417/4694/2181/54539/8050/4708/79877/3091/11315/2475/125061/6470/1743/65220/4860/4522/8803/64802/38/1841/5631/11164/25996/1738/23597/4706/518/3251/29789/3418/402/498/8505/5198/8226/2023/6888/3099/5226/10632/5901/10135/3939/8514/11182/6392/11163/3312/6390/5634/5160/471/1737/30968/11332/5230/3098/93974/109/3614,SeAx,Down
GO:0061548,ganglion development,11,0.8064284913970446,1.969175446946919,1.1142170832530701e-4,0.0057821438445354026,0.004766999606184947,1146,"tags=55%, list=9%, signal=50%",8633/1545/1499/7976/6495/7289,SeAx,Up
GO:0043062,extracellular structure organization,189,0.3891653074522007,1.6468360699804776,1.1511897553921938e-4,0.005917115342715876,0.004878274783000304,2596,"tags=30%, list=20%, signal=25%",861/7093/4851/1298/1515/351/3688/4921/5468/302/1471/9215/25/650/3915/4811/84695/11005/780/102/10491/1520/1545/1281/57326/2296/10609/55790/9510/90102/149371/4643/2131/3690/10211/79625/2621/4035/11107/59277/5925/100287171/2192/4088/7049/2620/333/55959/79875/602/5768/4324/170690/4325/8516/56155/5340,SeAx,Up
GO:0045765,regulation of angiogenesis,197,0.38503946958464275,1.6349017411131863,1.2051529309663346e-4,0.006136047517382366,0.005058770048852728,2233,"tags=30%, list=17%, signal=25%",861/7057/3688/1647/5468/4192/79805/493/25/3627/6678/5315/11005/3162/8817/1232/5335/57608/9314/576/10769/5579/146850/4086/4204/7291/2549/2624/1545/1499/10563/3315/2296/10253/9475/5170/9510/3552/22905/10016/5970/140862/3690/154796/63923/5587/388/10298/55810/79924/65125/4814/57343/3087/23328/284361/23251/10411/55109,SeAx,Up
GO:0000959,mitochondrial RNA metabolic process,53,-0.5063469213548133,-1.9673623780707887,1.2475989796468514e-4,0.006292795974910333,0.005187998905034177,2359,"tags=43%, list=18%, signal=36%",10128/25821/54802/9238/51106/10352/64863/80324/51001/57215/9692/2617/81892/57570/3028/84881/6832/124454/60528/79675/84275/5442/79828,SeAx,Down
GO:0003206,cardiac chamber morphogenesis,83,0.47931834264778034,1.8226304438160865,1.3195229683243297e-4,0.006538739192202495,0.005390763009750047,3598,"tags=47%, list=28%, signal=34%",7157/4193/4851/6659/650/4208/2263/54903/6474/6091/53834/2296/8321/9510/657/4669/2535/4091/4853/6899/7049/6092/6926/10370/4488/23493/3280/659/6909/90/55636/182/7048/652/64783/7046/6604/1363/4036,SeAx,Up
GO:0045229,external encapsulating structure organization,189,0.38753222167925505,1.6399253189326362,1.3418302499824985e-4,0.006538739192202495,0.005390763009750047,2342,"tags=28%, list=18%, signal=23%",861/7093/4851/1298/1515/351/3688/4921/5468/302/1471/9215/25/650/3915/4811/84695/11005/780/102/10491/1520/1545/1281/57326/2296/10609/55790/9510/90102/149371/4643/2131/3690/10211/79625/2621/4035/11107/59277/5925/100287171/2192/4088/7049/2620/333/55959/79875/602/5768/4324/170690,SeAx,Up
GO:0048562,embryonic organ morphogenesis,196,0.38568970328805185,1.6373264406807244,1.3383540058115593e-4,0.006538739192202495,0.005390763009750047,2970,"tags=37%, list=23%, signal=29%",4851/23314/4646/5594/26018/4208/3217/6496/2263/5076/9423/3398/7291/2260/2624/6474/1499/145258/7976/25836/10253/3340/6495/388591/7703/7289/1739/9968/4669/2535/3219/2048/613/3198/115908/10265/4853/3227/6899/4088/25861/57822/6926/28982/7020/3216/10370/220/3212/140469/8323/860/5915/7849/4325/11078/5754/5311/3280/8516/3218/26160/51098/3207/3202/121643/3975/3200/10818/6909/90/55636/57534,SeAx,Up
GO:0042063,gliogenesis,243,0.37149571132139075,1.6041680562760146,1.3479705896080987e-4,0.006538739192202495,0.005390763009750047,2488,"tags=28%, list=19%, signal=23%",3845/7157/23380/9289/4851/6659/351/23385/3074/4192/9839/20/7161/9215/25/5324/650/5453/5594/57142/5076/1399/9682/4664/22891/9423/3398/4204/1499/27242/1272/1281/1435/1030/3572/6656/653464/1191/3953/9968/116448/4669/5970/56288/5728/1021/10100/1031/4035/5309/2817/3066/5925/2043/10810/4781/23512/5454/4825/5028/5894/7080/8320/4137/4720/8941/9463/3280/63827,SeAx,Up
GO:0043410,positive regulation of MAPK cascade,306,0.3453332229697019,1.5267271325623177,1.3569367973442274e-4,0.006538739192202495,0.005390763009750047,1931,"tags=25%, list=15%, signal=22%",56940/7805/11184/50937/4851/7057/351/90441/3487/1647/1796/7161/3123/25/4281/650/4208/8817/10550/5871/2263/1399/10178/57608/2149/57551/2066/146850/153769/3082/2260/23162/23005/7936/6091/1499/25778/4296/338557/6346/56034/9693/6464/55504/57630/10253/9475/7039/23043/9618/64762/3340/8844/3552/5610/348/6788/3690/23286/9170/2621/9290/5795/10174/10912/154/23236/4853/3481/1230/4216/29108/6899/1687/2861/84231/1236/8324,SeAx,Up
GO:0002504,antigen processing and presentation of peptide or polysaccharide antigen via MHC class II,29,0.6395686303700683,2.010180523577504,1.418179912965491e-4,0.0067733778674997835,0.005584207258598165,2092,"tags=52%, list=16%, signal=44%",7057/1515/3123/3117/3119/8722/1520/3127/567/1509/5641/29108/55207/1514/81622,SeAx,Up
GO:0090287,regulation of cellular response to growth factor stimulus,218,0.3782128341062,1.620965459725357,1.4544762338979656e-4,0.006825920203780278,0.005627524980033593,2278,"tags=30%, list=17%, signal=25%",7157/4851/7057/83891/9315/23191/3688/753/5468/2033/3592/9839/493/25/650/56884/11171/8817/8573/57608/9480/4052/5579/25942/2260/135228/6091/6498/1499/25778/10563/1030/6653/10253/26524/8321/5170/22905/51341/10016/4734/3690/4091/23090/4853/2817/3066/54778/4756/4088/7049/55959/10370/3087/4488/27020/51742/4681/387914/2297/79176/860/64388/7080/26036,SeAx,Up
GO:0061564,axon development,362,0.33667801510231576,1.5086054592000107,1.442056863165348e-4,0.006825920203780278,0.005627524980033593,3014,"tags=33%, list=23%, signal=26%",23654/25987/5792/22954/4851/596/351/7204/9315/23191/3688/84628/23022/79805/25/83999/3996/7345/107/57142/780/2263/5076/8633/5364/80208/9314/9423/25942/25894/22902/23162/5727/55701/6474/6091/6498/27242/23271/1272/7976/1951/55740/334/1385/26053/27319/1495/23767/348/26128/116448/27023/2131/57698/56288/1719/1268/63923/10211/5728/349667/2048/2664/9355/8301/10100/5747/4853/1946/9024/59277/57463/4756/284656/2115/2043/51393/6092/333/23334/1945/57465/4781/10500/8408/5454/4685/2297/10505/4825/7080/8482/4137/4548/8609/3800/8941/219699/4135/5754/54413/2017/1813/659/63973/2011/4858/2316/55558/3975/144165/4038/3676/23111/6868/7869/4133/170302/115557,SeAx,Up
GO:0046700,heterocycle catabolic process,458,-0.2701047998232219,-1.3962315965287482,1.4804081999347422e-4,0.006887726771592934,0.005678480454740613,2099,"tags=26%, list=16%, signal=23%",8801/3183/80149/10957/100/8659/114609/30833/54464/8570/167153/4939/2081/5625/26058/79077/10591/79621/283927/6741/23435/54790/2107/55526/219988/472/55132/55270/2332/9611/170506/2584/9444/8473/6050/23367/53343/84186/91875/5151/669/51690/9337/79066/23019/1777/23016/84305/56953/272/64282/10179/5976/10492/124245/51092/26135/1677/80335/81892/4292/23049/6093/3163/3091/340152/22894/2475/9775/125061/9704/56006/54555/79882/118460/23405/4860/4363/8803/64802/23185/38/550643/23034/10247/51816/11164/3251/207/6832/55795/5511/57109/5394/402/8882/51154/11340/65109/60528/5073/2023/3099/60496/79675/9131/3939/9125/55629/11182/11163/25804/27044/2935/28960/1676/953/11332/5230/3098/2806,SeAx,Down
GO:0034655,nucleobase-containing compound catabolic process,431,-0.2686540703327096,-1.386013669100276,1.528975272417151e-4,0.007052888500201165,0.005814645502930541,2395,"tags=33%, list=18%, signal=28%",23293/254552/957/23417/328/1763/3607/226/54890/581/7186/51010/1787/56829/23318/390916/5663/5223/79899/3094/10128/677/195827/255967/2821/23098/1267/9238/8801/3183/80149/10957/100/114609/30833/54464/8570/167153/4939/2081/26058/79077/10591/79621/283927/6741/23435/2107/55526/219988/472/55132/55270/2332/9611/170506/2584/9444/8473/6050/23367/53343/84186/91875/5151/669/51690/9337/79066/23019/1777/23016/84305/56953/272/64282/10179/5976/10492/124245/51092/26135/1677/80335/81892/4292/23049/6093/3091/340152/22894/2475/9775/9704/56006/54555/79882/118460/23405/4860/8803/64802/23185/38/550643/23034/10247/51816/11164/3251/207/6832/55795/5511/57109/5394/402/8882/51154/11340/65109/60528/5073/2023/3099/79675/9131/3939/9125/55629/11182/11163/25804/27044/2935/28960/1676/953/11332/5230/3098,SeAx,Down
GO:0030198,extracellular matrix organization,188,0.39002753489878106,1.6518916413388367,1.572813314488631e-4,0.00719362157482639,0.005930670722875507,2342,"tags=28%, list=18%, signal=23%",861/7093/4851/1298/1515/351/3688/4921/5468/302/1471/9215/25/650/3915/4811/84695/11005/780/102/10491/1520/1545/1281/57326/2296/10609/55790/9510/90102/149371/4643/2131/3690/10211/79625/2621/4035/11107/59277/5925/100287171/2192/4088/7049/2620/333/55959/79875/602/5768/4324/170690,SeAx,Up
GO:0010633,negative regulation of epithelial cell migration,50,0.5369102979480909,1.8703022710230408,1.631627943696282e-4,0.007399912615234314,0.006100744199915244,1401,"tags=34%, list=11%, signal=30%",4851/7057/5217/23603/1647/5468/493/4208/4163/9314/7026/4204/5793/10563/348/10014/5728,SeAx,Up
GO:0055123,digestive system development,82,0.4671069705622589,1.7718115018137195,1.650878711226382e-4,0.007424827003740654,0.006121284484520979,1825,"tags=29%, list=14%, signal=25%",639/4851/596/8626/2263/1399/9026/3398/56913/55366/5125/6474/1499/1281/56034/25836/3572/2131/1026/9139/3481/5925/93/4088,SeAx,Up
GO:0071363,cellular response to growth factor stimulus,491,0.31819906989532853,1.4626774448458295,1.6989157328541198e-4,0.007577725793565028,0.00624733954134351,2280,"tags=27%, list=18%, signal=23%",56940/7157/4193/4851/7057/83891/5829/9315/23191/3688/4921/753/5468/2033/3592/9839/493/5139/25/650/51701/10765/56884/11171/4208/8817/2263/5076/1399/8573/5335/57608/9314/9480/6272/4052/4093/5579/2066/142/4086/3082/25942/7291/8895/2549/2260/135228/6715/6091/6498/1499/25778/10563/3315/1281/9693/3397/6464/1030/53834/2296/6653/10253/3248/1454/64762/3340/2186/5083/1385/678/2591/26524/8321/5170/23767/7337/1655/4985/657/22905/51341/10016/4734/5970/2131/8692/3690/4091/5587/79625/23090/2621/7050/3077/5309/5747/5796/5641/2889/55614/4853/2817/3066/9863/54778/1795/6899/4756/93/4088/7049/4772/55959/10370/3087/4488/27020/51742/2674/4681/387914/2297/79176/860/64388/5894/7080/26036/4137,SeAx,Up
GO:0034329,cell junction assembly,286,0.3531375256747747,1.5494098332108226,1.7298369546769085e-4,0.007590187027960386,0.006257613014479497,2067,"tags=26%, list=16%, signal=22%",23654/56940/23380/596/7057/351/23603/375790/84628/10160/9215/25/147381/3915/4208/55901/5783/10052/5364/1399/261734/9423/88/2066/119/4204/1499/5566/5175/9693/8934/79983/64403/9475/8443/57555/10580/653464/6495/8321/3551/1495/9746/90102/23767/1739/4649/3690/56288/4301/87/10211/5728/2048/613/286676/5795/222256/5747/5796/2889/1946/9231/55209/125111/57463/4088/6092/81671/3673/1108/27020/79778,SeAx,Up
GO:0044270,cellular nitrogen compound catabolic process,455,-0.2679630745831976,-1.3843343668644044,1.723768680807445e-4,0.007590187027960386,0.006257613014479497,2709,"tags=33%, list=21%, signal=27%",23293/254552/957/23417/4329/328/1763/3607/226/54890/581/7186/51010/1787/29958/56829/23318/390916/5663/5223/79899/3094/10128/677/195827/255967/2821/23098/1267/9238/8801/3183/80149/10957/100/114609/30833/54464/8570/167153/4939/2081/26058/79077/10591/79621/283927/6741/23435/54790/2107/55526/219988/472/55132/55270/2332/9611/170506/2584/9444/8473/6050/23367/53343/84186/91875/5151/669/51690/9337/79066/23019/1777/23016/84305/56953/272/64282/10179/5976/10492/124245/51092/26135/1677/80335/81892/4292/23049/6093/3163/3091/340152/22894/2475/9775/125061/9704/56006/54555/79882/118460/23405/4860/4363/8803/64802/23185/38/550643/23034/10247/51816/11164/3251/207/6832/55795/5511/4357/57109/5394/402/8882/51154/11340/65109/60528/5073/2023/3099/60496/79675/9131/3939/9125/55629/11182/11163/25804/27044/2935/28960/1676/953/11332/5230/3098,SeAx,Down
GO:0048643,positive regulation of skeletal muscle tissue development,12,0.7954730707198474,1.992934194383589,1.778474458628947e-4,0.007617798931127323,0.006280377223579414,1666,"tags=67%, list=13%, signal=58%",50937/596/4208/6474/1499/10211/5562/3481,SeAx,Up
GO:0036152,phosphatidylethanolamine acyl-chain remodeling,10,0.812829242672152,1.9301926900872979,1.750900298148095e-4,0.007617798931127323,0.006280377223579414,687,"tags=60%, list=5%, signal=57%",9926/64600/10162/11145/63874/254531,SeAx,Up
GO:0006753,nucleoside phosphate metabolic process,473,-0.26905667269182704,-1.3926497275323997,1.770358492907716e-4,0.007617798931127323,0.006280377223579414,2706,"tags=32%, list=21%, signal=26%",254552/957/3156/10845/51251/23417/4709/4707/23530/114789/3607/10606/4728/10476/6785/226/515/318/4509/4508/390916/5663/5223/3094/195827/50808/7371/2821/23098/1267/8459/374291/8801/509/55739/100/55229/4702/30833/7114/4725/2182/790/132/4882/25796/9061/79077/32/10591/6240/2180/4705/79621/283927/64087/55526/4597/4719/51703/5162/9551/3735/4200/706/55270/113/9611/5635/204/2584/8473/4191/506/9556/4976/5106/53343/51292/5151/669/7298/5636/2617/197322/6120/513/56953/272/5165/3417/4694/2181/54539/8050/4708/79877/3091/11315/2475/125061/6470/1743/65220/4860/4522/8803/64802/38/1841/5631/11164/25996/1738/23597/4706/518/3251/29789/3418/402/498/8505/5198/8226/2023/6888/3099/5226/10632/5901/10135/3939/8514/11182/6392/11163/3312/6390/5634/5160/471/1737/953/30968/11332/5230/3098/93974/109/3614,SeAx,Down
GO:0002009,morphogenesis of an epithelium,344,0.34024385980596833,1.5183922197940607,1.7931860871500059e-4,0.007620334891613056,0.006282467957217633,3601,"tags=40%, list=28%, signal=29%",23654/3845/84445/4851/596/1522/3688/23322/4192/81029/25/650/3627/10765/4208/4233/8626/3217/780/3685/2263/5076/9314/54903/9423/2066/3082/55366/7291/23245/2260/5727/1499/5566/4041/1435/7976/5420/10253/92344/6495/8321/388591/90102/23767/7289/1739/9968/6788/4669/4649/2535/2131/3690/5728/9355/388/23671/27086/115908/4853/7249/9231/9024/9420/59277/4088/2043/57822/6926/54101/8914/83478/7020/10370/4488/23552/220/3212/760/8323/2297/94134/79864/90410/7080/84962/9955/170690/7849/5754/5311/3280/7798/10395/9620/26160/51098/3207/2316/3202/121643/3975/5154/144165/10116/10818/6909/90/367/6868/57534/1512/2247/10468/182/7048/2138/10252/23129/6772/3169/652/23059/1948/84446/64783/7248/5087/8543/9645/6662/26005/4036/5361/4323,SeAx,Up
GO:0007224,smoothened signaling pathway,118,0.44194822773305226,1.7626948093922064,1.8262537306101915e-4,0.007700227643830628,0.006348334308626052,2670,"tags=35%, list=21%, signal=28%",22856/50937/55717/6095/23322/84976/2263/54903/2622/5727/6474/25989/5566/64839/84662/146057/92344/3340/403/137392/1495/7289/2131/22873/2121/9231/283219/5925/23432/80178/23552/860/4825/90410/4294/55733/3280/1387/50814/26160/51098,SeAx,Up
GO:0000963,mitochondrial RNA processing,22,-0.6533890819942814,-2.011887926633173,1.877143122410295e-4,0.00785177900686463,0.006473278500144679,2333,"tags=55%, list=18%, signal=45%",25821/54802/9238/80324/9692/57570/3028/84881/6832/60528/79675/79828,SeAx,Down
GO:0048002,antigen processing and presentation of peptide antigen,54,0.5260702435446434,1.8530378596337074,1.8912938130302053e-4,0.00785177900686463,0.006473278500144679,3044,"tags=50%, list=23%, signal=38%",3105/1515/3123/3117/55080/3119/3140/8722/1520/3127/567/3551/1509/80329/3077/5641/3416/29108/1514/4277/81622/3134/3106/3115/3111/6892/51752,SeAx,Up
GO:0002088,lens development in camera-type eye,58,0.5290649350140066,1.8879092671319444,1.968313008246382e-4,0.008109149088172308,0.006685463307237812,4171,"tags=59%, list=32%, signal=40%",7111/50937/81029/90780/10765/6496/11145/6498/1499/10253/6656/1739/4211/5309/4088/10370/23424/1027/10818/147912/221322/2247/128637/200734/7048/10252/652/7046/4771/131544/161742/631/25945/5629,SeAx,Up
GO:0019884,antigen processing and presentation of exogenous antigen,36,0.5986753741962272,1.954301416851886,2.0321657634384078e-4,0.008184775093490363,0.006747812004755813,2509,"tags=50%, list=19%, signal=40%",3105/1515/3123/3117/3119/3140/8722/1520/3127/567/3551/1509/5641/8546/1514/81622/3134/3115,SeAx,Up
GO:0061326,renal tubule development,64,0.504843995478327,1.8340340408422084,2.0281777923173254e-4,0.008184775093490363,0.006747812004755813,3565,"tags=52%, list=27%, signal=38%",84445/4851/596/650/4208/3217/5076/55366/5727/1499/5455/6495/1739/4853/100133941/2297/9955/170690/7849/5311/3280/8842/3207/3975/282679/144165/2247/182/2138/6772/652/5087/6662,SeAx,Up
GO:0072594,establishment of protein localization to organelle,403,-0.27379823831086764,-1.4031870599358875,2.0288122642820846e-4,0.008184775093490363,0.006747812004755813,2610,"tags=31%, list=20%, signal=26%",10575/22930/5903/57506/23203/581/3301/92609/6789/22863/55612/5663/23558/347/3320/26515/653489/80273/9709/64112/65057/9688/54557/80149/3840/55696/222229/23480/23788/727851/10651/11142/1459/25913/9697/26520/55750/134266/3587/58477/55275/3059/9531/23230/23435/57602/54899/26521/8239/131474/706/10245/5192/1434/5195/118424/5880/29928/3920/10452/79035/4285/3308/9818/129401/908/26519/9512/22879/26262/1386/158234/7879/55027/5898/23163/51100/79902/84268/83752/55823/51194/60559/9927/7341/4927/10055/29103/3329/6730/10890/26517/617/10469/9049/867/6747/3843/207/7128/6734/8882/27183/10075/3998/4000/8031/8504/6950/3099/56947/6449/5901/3621/9131/6729/100287932/3312/29098/23534/4928/7323/3098/93974/10527,SeAx,Down
GO:0009952,anterior/posterior pattern specification,133,0.42099238810485756,1.7141182721269765,2.114385134727049e-4,0.008390688655971975,0.006917574275922009,3693,"tags=48%, list=28%, signal=35%",7157/50937/4851/10409/2033/3955/650/3217/1399/7026/1952/7832/5125/1499/4041/6015/2296/10655/2186/79365/7703/7289/657/9968/27023/3219/23272/3227/6899/56983/93/4088/6926/3216/3087/4488/3212/23424/23493/3226/8553/3280/4040/11022/3218/659/3207/3202/3975/3200/144165/10818/57534/5046/3224/652/7046/57801/5087/3225/23509/3206/3223/3234,SeAx,Up
GO:1901293,nucleoside phosphate biosynthetic process,242,-0.31730298529841094,-1.5309085799417934,2.1068328550489628e-4,0.008390688655971975,0.006917574275922009,2670,"tags=34%, list=21%, signal=27%",23417/4709/4707/10606/4728/10476/6785/226/515/318/4509/4508/50808/7371/374291/509/55739/100/55229/4702/7114/4725/2182/790/132/4882/9061/32/6240/2180/4705/4719/51703/5162/9551/3735/113/5635/204/506/9556/7298/5636/2617/197322/513/272/5165/4694/2181/54539/8050/4708/79877/125061/6470/65220/4860/4522/64802/38/1841/5631/1738/4706/518/3251/498/5198/2023/10632/10135/6392/6390/5634/5160/471/1737/30968/11332/109/3614,SeAx,Down
GO:0019693,ribose phosphate metabolic process,375,-0.2767966294980276,-1.3999734555556522,2.135707261917421e-4,0.008413439483626512,0.0069363308460429806,2706,"tags=33%, list=21%, signal=27%",254552/957/3156/10845/23417/4709/4707/114789/3607/10606/4728/10476/6785/226/515/318/4509/4508/390916/5663/5223/3094/195827/50808/7371/2821/8459/374291/8801/509/100/55229/4702/30833/7114/4725/2182/790/132/4882/9061/32/2180/4705/79621/283927/64087/55526/4597/4719/51703/5162/9551/706/113/9611/5635/204/2584/8473/506/9556/4976/53343/51292/5151/669/5636/197322/6120/513/272/5165/4694/2181/54539/8050/4708/79877/3091/2475/1743/65220/4860/4522/8803/64802/38/5631/11164/1738/23597/4706/518/3251/29789/402/498/8505/5198/2023/6888/3099/10632/5901/3939/11182/6392/11163/3312/6390/5634/5160/471/1737/30968/11332/5230/3098/93974/109/3614,SeAx,Down
GO:2001026,regulation of endothelial cell chemotaxis,14,0.7589343314928876,2.007056081027371,2.2989729381443517e-4,0.00874162758472827,0.007206900480899992,1601,"tags=64%, list=12%, signal=56%",4851/7057/4233/8817/2260/10563/3315/5587/5641,SeAx,Up
GO:0030178,negative regulation of Wnt signaling pathway,126,0.420495395952957,1.697218165219364,2.2360743233080572e-4,0.00874162758472827,0.007206900480899992,1642,"tags=26%, list=13%, signal=23%",84445/25987/4851/129293/3487/4192/7091/83999/83786/650/51701/84133/64359/261734/4163/27303/7090/1499/145258/85409/10076/643965/1454/26524/8321/348/6788/10042/63923/139285/4035/115908/7249,SeAx,Up
GO:0060541,respiratory system development,157,0.40169291760264,1.6588053318155782,2.300002069726541e-4,0.00874162758472827,0.007206900480899992,3842,"tags=45%, list=30%, signal=32%",3845/4851/10409/1522/23322/57190/2033/171023/3988/7161/302/650/84976/5594/1050/84695/8817/2263/4204/2260/1499/1281/53834/10253/7917/6495/1385/7289/657/2131/9242/4124/9231/8546/93/79925/8914/4781/220/7080/9678/5754/3280/9620/659/3202/10454/5154/6909/54206/55636/1512/2247/10905/7048/2355/10252/3169/652/10365/26257/7067/6662/4054/4323/26154/27031/3675/6431/4015,SeAx,Up
GO:0198738,cell-cell signaling by wnt,341,0.3383234353404614,1.5080987136000514,2.283207340023528e-4,0.00874162758472827,0.007206900480899992,3130,"tags=34%, list=24%, signal=27%",84445/25987/4851/6659/351/129293/3487/4192/9839/81029/90780/7091/25/83999/83786/90268/650/51701/29969/607/65981/4811/84133/64359/2263/1501/261734/4163/9314/27303/54903/1952/55366/7090/1499/145258/85409/4041/154810/7976/9679/57326/1951/10076/643965/23043/1454/23168/26524/8321/84327/79577/348/9209/9968/6788/10042/2535/2131/63923/5562/5728/6907/139285/252839/83439/4035/51366/115908/7249/9863/4088/65125/2776/57822/81847/8324/55959/10023/3087/100133941/387914/8323/2297/8994/90410/7088/9736/81839/147906/5754/7015/3836/5311/4040/9978/65062/80349/9620/1813/2011/2309/406/5218/144165/4038/123169/57658/4286/79705/54623/4139/59349/54949/23401/2247/9101,SeAx,Up
GO:0007610,behavior,408,0.3255929420958554,1.4677289374964322,2.2776213503298163e-4,0.00874162758472827,0.007206900480899992,2926,"tags=30%, list=22%, signal=24%",3845/7157/2760/7111/2583/596/7057/351/23385/3688/3074/10919/2033/4192/20/55585/894/27/9215/25/5594/7345/824/107/4125/4208/1374/6310/80010/10550/1827/261734/80208/10769/142/3398/4204/23208/7832/3073/567/1272/26090/25946/57555/7466/1454/1385/6328/55902/127343/55236/348/7337/4985/3953/4669/23152/285382/4212/27023/2131/6446/590/1268/6448/10499/5562/5728/100132074/2048/4211/84251/84197/8301/3198/5309/5641/23236/22849/3066/55450/114781/6899/2861/2115/2043/9975/79924/220/9486/10411/5028/90410/84879/7080/28964/5621/2894/4137/148523/94103/8554/85358/3269/54413/8516/3218/10882/1813/2237/85461/80045/8867/29767/81832/10636/6326/7436/8061/55636,SeAx,Up
GO:0003205,cardiac chamber development,114,0.43428358286894264,1.7235224484492773,2.332146884524239e-4,0.008751295622088155,0.007214871145678716,3692,"tags=46%, list=28%, signal=33%",7157/639/4193/4851/6659/650/4208/2263/54903/6474/6091/53834/2296/4194/3340/8321/9510/163/657/4669/2535/4091/4853/6899/7049/6092/6926/10370/4488/23493/7849/5754/3280/7798/659/10454/10818/6909/90/55636/182/7048/23129/652/64783/7046/6604/8543/1363/4036/78987/27031,SeAx,Up
GO:0048762,mesenchymal cell differentiation,173,0.39276841650675987,1.6471985776692293,2.3349760414687683e-4,0.008751295622088155,0.007214871145678716,3413,"tags=45%, list=26%, signal=33%",205717/4851/596/23603/753/4192/650/5594/84695/4208/57142/2263/5076/2066/3082/7291/9820/2260/1499/145258/64839/2296/10253/9475/6495/90102/83989/1655/657/10016/5308/2131/5728/23275/139285/5747/4902/9231/3066/23272/6899/4088/2043/7049/6926/25800/10370/4488/10500/202018/10505/23493/7080/8482/8320/147906/3280/4254/4040/2316/10521/90/7869/51094/4139/59349/54949/200734/182/7048/10252/6772/3169/652/25805/7046/100507588,SeAx,Up
GO:0033002,muscle cell proliferation,154,0.400490718654668,1.6524051278132597,2.3557620040801297e-4,0.008768308645531351,0.0072288972713224755,3584,"tags=42%, list=28%, signal=31%",861/4193/4851/7057/4921/57190/5468/3592/7161/25/650/3162/4208/2263/9314/2066/3398/4086/3082/2260/4856/1499/3570/2296/3248/6495/9510/348/657/3690/1901/5573/5728/1026/27086/55810/7049/3673/10370/23493/205428/196528/7015/3836/1027/659/284/10818/26119/6909/147912/2768/2247/4209/6772/652/4763/2547/7046/7099/4615/4602/10203/3725/5739,SeAx,Up
GO:0006516,glycoprotein catabolic process,27,0.63110391280944,1.9410679483997892,2.3919220118990967e-4,0.008781770815115256,0.0072399959500877055,3282,"tags=63%, list=25%, signal=47%",1471/4121/2990/80267/2720/3425/4669/6448/2817/10855/138050/57134/1514/55741/9695/10905/126433,SeAx,Up
GO:0042274,ribosomal small subunit biogenesis,101,-0.4102779851705711,-1.7527254418153477,2.376191322711151e-4,0.008781770815115256,0.0072399959500877055,3002,"tags=38%, list=23%, signal=29%",6201/10885/6217/6194/10171/57647/51406/23160/134430/27292/9136/4809/83732/6207/25983/27340/84128/64745/51077/90121/2091/6210/9790/64434/55226/29777/7520/6208/5822/6209/84946/84916/55720/5394/6230/28987/92856/51081,SeAx,Down
GO:0045766,positive regulation of angiogenesis,106,0.4383436322776762,1.7227472509902446,2.4607551376252347e-4,0.00897344289038067,0.0073980170460468475,2233,"tags=35%, list=17%, signal=29%",861/7057/3688/4192/79805/25/5315/3162/8817/1232/5335/57608/9314/5579/146850/4086/7291/2549/2624/1545/3315/5170/3552/10016/3690/63923/5587/388/10298/79924/65125/4814/57343/23328/284361/10411/55109,SeAx,Up
GO:0007517,muscle organ development,251,0.35730968364200166,1.5422970305432462,2.5424525902459437e-4,0.009209138677555273,0.007592332814531688,1861,"tags=22%, list=14%, signal=19%",3845/7093/50937/4851/596/10409/3688/57190/10472/2033/221937/3399/9215/650/3627/84976/607/4208/1827/2263/80208/7026/7291/7832/6474/1499/8910/145258/1281/6840/53834/2296/6495/1385/8321/1655/657/4669/2535/59269/9242/1901/3131/10211/5562/2121/2817/3481/6938/5925/6899/4088/2115/9975/7049,SeAx,Up
GO:0070050,neuron cellular homeostasis,43,0.5632778160003518,1.919313146771065,2.685330772965397e-4,0.009472372667774018,0.007809352031183167,2446,"tags=47%, list=19%, signal=38%",351/3074/529/9256/57551/54664/23557/8314/7301/51606/528/1268/5562/51382/3300/537/535/760/5028/84286,SeAx,Up
GO:0014902,myotube differentiation,88,0.45899168826209935,1.754770557177065,2.676641373191424e-4,0.009472372667774018,0.007809352031183167,1775,"tags=28%, list=14%, signal=25%",50937/4851/596/3688/57190/9759/9215/3627/607/824/4208/4773/1827/80208/6272/6474/4856/58494/6495/79365/10014/10211/3756/6899/4756,SeAx,Up
GO:1904018,positive regulation of vasculature development,108,0.43310836465861025,1.706887767594976,2.6838897162801117e-4,0.009472372667774018,0.007809352031183167,2233,"tags=34%, list=17%, signal=29%",861/7057/3688/4192/79805/25/5315/3162/8817/1232/5335/57608/9314/5579/146850/4086/7291/2549/2624/1545/3315/5170/3552/10016/3690/63923/5587/388/10298/79924/65125/4814/57343/23328/284361/10411/55109,SeAx,Up
GO:0072522,purine-containing compound biosynthetic process,217,-0.32046532917897813,-1.521470850399092,2.6400355207001407e-4,0.009472372667774018,0.007809352031183167,2781,"tags=36%, list=21%, signal=29%",54956/4711/8833/23417/4709/4707/10606/4728/10476/6785/226/515/318/4509/4508/50808/374291/509/55739/100/55229/4702/7114/4725/2182/132/4882/9061/32/2180/4705/4719/51703/5162/9551/113/5635/204/506/9556/5636/197322/513/272/5165/4694/2181/54539/8050/4708/79877/125061/6470/65220/4860/4522/64802/38/51816/5631/1738/4706/518/3251/498/5198/2023/10632/10135/6392/6390/5634/5160/471/1737/30968/11332/109/3614,SeAx,Down
GO:0048565,digestive tract development,76,0.47842298644473036,1.7884521292618343,2.7135753778405336e-4,0.009509848255977506,0.007840248203781227,1825,"tags=29%, list=14%, signal=25%",639/4851/596/8626/2263/1399/3398/56913/55366/5125/6474/1499/1281/56034/25836/3572/2131/1026/9139/5925/93/4088,SeAx,Up
GO:0042730,fibrinolysis,13,0.7640991558506266,1.9722155208390142,2.785513165206052e-4,0.00963060058427022,0.007939800604567882,407,"tags=38%, list=3%, signal=37%",5327/7057/302/7391/2161,SeAx,Up
GO:0060675,ureteric bud morphogenesis,41,0.5685695928252217,1.9147662627144886,2.819408731359449e-4,0.00963060058427022,0.007939800604567882,3565,"tags=56%, list=27%, signal=41%",84445/596/650/3217/5076/55366/5727/1499/6495/1739/2297/9955/170690/7849/5311/3280/3207/3975/2247/2138/652/5087/6662,SeAx,Up
GO:0072171,mesonephric tubule morphogenesis,41,0.5685695928252217,1.9147662627144886,2.819408731359449e-4,0.00963060058427022,0.007939800604567882,3565,"tags=56%, list=27%, signal=41%",84445/596/650/3217/5076/55366/5727/1499/6495/1739/2297/9955/170690/7849/5311/3280/3207/3975/2247/2138/652/5087/6662,SeAx,Up
GO:0007156,homophilic cell adhesion via plasma membrane adhesion molecules,72,0.4885965421310008,1.8222537064551865,2.7673263737052026e-4,0.00963060058427022,0.007939800604567882,4233,"tags=61%, list=33%, signal=41%",23654/3688/23705/23022/1952/6091/5175/1951/64403/9746/79633/2196/57575/55714/253559/222256/57463/6092/27020/54510/81607/5754/56122/9620/56127/5101/5099/5797/120114/83872/90952/56109/147409/8832/56126/56106/5291/5310/1016/5819/5817/25945/1825/56129,SeAx,Up
GO:0072010,glomerular epithelium development,16,0.7318705924773281,1.9788990520011471,2.860603575870239e-4,0.0096491734368573,0.007955112707370723,2581,"tags=69%, list=20%, signal=55%",10409/171023/5175/2296/5420/4643/2131/4853/9863/100133941/8842,SeAx,Up
GO:0043583,ear development,138,0.4074135108523856,1.6651405887607598,2.8601062116498735e-4,0.0096491734368573,0.007955112707370723,3301,"tags=43%, list=25%, signal=32%",25987/4851/596/23322/650/4646/5594/1050/26018/780/102/2263/5076/54903/5298/9423/26020/7291/2260/2624/145258/7976/25836/10253/6495/4669/2535/2048/613/3198/115908/6899/1687/2043/25861/57822/6926/7020/220/140469/8323/23493/90410/10018/7849/11078/5754/3280/8516/1027/6909/55636/9261/2561/2247/182/9497/2138/652,SeAx,Up
GO:0048704,embryonic skeletal system morphogenesis,67,0.4978988269809441,1.8329349092635558,2.956670517739313e-4,0.009671000475296407,0.00797310767367405,3601,"tags=55%, list=28%, signal=40%",23314/3217/2263/7291/6474/1499/145258/25836/3340/6495/7703/7289/1739/9968/3219/3198/10265/3227/6899/4088/28982/7020/3216/3212/860/4325/3218/3207/3202/3975/3200/7048/2138/652/7046/3225/4323,SeAx,Up
GO:0007613,memory,80,0.45892119327224024,1.7413302611308916,2.9484802799873696e-4,0.009671000475296407,0.00797310767367405,2906,"tags=44%, list=22%, signal=34%",10919/4192/894/9215/107/6310/1827/80208/10769/4204/23208/1385/55902/348/23152/6446/1268/100132074/5641/23236/22849/55450/114781/9486/5621/4137/85358/3269/8516/1813/2237/81832/10636/6326/7436,SeAx,Up
GO:0035265,organ growth,119,0.42968136763960874,1.715012165066246,2.946027720530653e-4,0.009671000475296407,0.00797310767367405,2390,"tags=37%, list=18%, signal=30%",861/25987/4851/596/10409/5660/4921/10919/7161/25/5324/4208/1848/2263/2066/4086/2260/2296/10253/26524/7337/3953/657/6788/2131/1901/5573/23286/5728/2121/4211/27086/3481/93/7049/55841/28982/10370/4488/23493/10018/205428/5915/196528,SeAx,Up
GO:0016055,Wnt signaling pathway,340,0.3384482572156505,1.5083873401655563,2.940259828500711e-4,0.009671000475296407,0.00797310767367405,3130,"tags=34%, list=24%, signal=27%",84445/25987/4851/6659/351/129293/3487/4192/9839/81029/90780/7091/25/83999/83786/90268/650/51701/29969/607/65981/4811/84133/64359/2263/1501/261734/4163/9314/27303/54903/1952/55366/7090/1499/145258/85409/4041/154810/7976/9679/57326/1951/10076/643965/23043/1454/23168/26524/8321/84327/79577/348/9209/9968/6788/10042/2535/2131/63923/5562/5728/6907/139285/252839/83439/4035/51366/115908/7249/9863/4088/65125/2776/57822/81847/8324/55959/10023/3087/100133941/387914/8323/2297/8994/90410/7088/9736/81839/147906/5754/7015/3836/5311/4040/9978/65062/80349/9620/1813/2011/2309/406/5218/144165/4038/123169/57658/4286/79705/54623/4139/59349/54949/23401/2247/9101,SeAx,Up
GO:0006397,mRNA processing,444,-0.27509241610842994,-1.4100461441283354,2.9516039670529506e-4,0.009671000475296407,0.00797310767367405,2774,"tags=31%, list=21%, signal=26%",105/57187/84967/1665/51759/8233/6733/3181/6633/6626/6631/57035/25949/79084/54890/23283/9991/84991/285672/6627/51631/9785/1653/51639/677/58509/5411/10189/199746/55339/10084/255967/27336/8106/9238/10465/143884/9984/54517/81608/3183/6432/64062/8487/55696/55677/50628/8570/4809/167153/2081/10421/80324/58517/11193/55702/57461/2334/79637/23435/11338/57703/10285/1207/4841/51634/8458/26528/2332/10569/170506/338657/55234/10212/9444/7375/1478/10236/6732/8896/54496/8683/104/10656/5433/84148/51692/54960/10284/51690/79066/10659/64282/10179/220988/5976/23450/10492/53938/22938/9904/79833/9775/4691/79882/11051/10914/84811/55197/51574/8175/3185/53981/25929/55131/84881/550643/6632/5511/5394/8731/8882/283989/5935/10594/55660/65109/8732/10150/10250/51503/10929/3312/4154/25804/29101/4928/28960/708,SeAx,Down
GO:0030336,negative regulation of cell migration,218,0.36984694110877864,1.5851104533223472,3.039088518109732e-4,0.009880699236288086,0.008145990593563626,2143,"tags=28%, list=16%, signal=24%",56940/23380/9289/4851/596/7057/5217/23603/753/1647/5468/9839/493/3162/5912/4208/4163/9314/7026/94241/375056/25942/4204/1545/5793/6091/4856/10563/1281/10076/90102/348/657/5734/8692/4301/257144/1800/63923/10014/5728/613/5795/388/23671/57406/4035/5796/23236/9231/3066/9863/57826/2043/7049/1843/10370/51742/4681/11188/5801,SeAx,Up
GO:1903053,regulation of extracellular matrix organization,49,0.5338624570688935,1.8550290912210103,3.0758614797768695e-4,0.009940373896021416,0.008195188449427562,1861,"tags=35%, list=14%, signal=30%",861/4851/4921/5468/1471/25/650/3915/4811/780/90102/3690/4035/11107/5925/4088/7049,SeAx,Up
GO:0072080,nephron tubule development,62,0.5048087960643621,1.81536310098082,3.190997095927477e-4,0.010162457427184073,0.008378281802698785,3565,"tags=52%, list=27%, signal=38%",84445/4851/596/650/4208/3217/5076/55366/5727/1499/5455/6495/1739/4853/100133941/2297/9955/170690/7849/5311/3280/8842/3207/3975/282679/2247/182/2138/6772/652/5087/6662,SeAx,Up
GO:0006164,purine nucleotide biosynthetic process,209,-0.3224576730667321,-1.5271658447104168,3.201070525516569e-4,0.010162457427184073,0.008378281802698785,2781,"tags=36%, list=21%, signal=29%",54956/4711/8833/23417/4709/4707/10606/4728/10476/6785/226/515/318/4509/4508/50808/374291/509/55739/100/55229/4702/7114/4725/2182/132/4882/9061/32/2180/4705/4719/51703/5162/9551/113/5635/204/506/9556/5636/197322/513/272/5165/4694/2181/54539/8050/4708/79877/125061/65220/4522/64802/38/5631/1738/4706/518/3251/498/5198/2023/10632/10135/6392/6390/5634/5160/471/1737/30968/11332/109/3614,SeAx,Down
GO:0071826,protein-RNA complex organization,203,-0.31407004916339465,-1.486086538317694,0.00031868435454031617,0.010162457427184073,0.008378281802698785,2760,"tags=33%, list=21%, signal=26%",54680/8233/6733/6633/6631/57035/3831/79084/8665/6627/51631/1653/51639/56342/3320/6895/55794/27336/8562/8487/50628/545/23521/4809/10421/55702/57461/11338/1207/472/26747/51634/10569/7375/6732/6169/54496/8683/5433/54960/10659/23450/23195/8607/79833/6135/29777/7520/11051/84811/3326/23405/1968/8175/6208/1983/25929/5822/6209/3799/6632/55052/10728/10594/51081/25804,SeAx,Down
GO:0046390,ribose phosphate biosynthetic process,199,-0.3230877497144483,-1.530090008658896,3.2572938173126885e-4,0.01018898838063214,0.00840015483941996,2670,"tags=35%, list=21%, signal=28%",23417/4709/4707/10606/4728/10476/6785/226/515/318/4509/4508/50808/7371/374291/509/100/55229/4702/7114/4725/2182/790/132/4882/9061/32/2180/4705/4719/51703/5162/9551/113/5635/204/506/9556/5636/197322/513/272/5165/4694/2181/54539/8050/4708/79877/4522/38/5631/1738/4706/518/3251/498/5198/2023/10632/6392/6390/5634/5160/471/1737/30968/11332/109/3614,SeAx,Down
GO:0051960,regulation of nervous system development,323,0.3385751645597716,1.5049027560258896,3.2660644614588847e-4,0.01018898838063214,0.00840015483941996,2974,"tags=33%, list=23%, signal=26%",23654/3845/7157/22954/50937/4851/1890/23191/3688/375790/4192/7161/302/5324/650/147381/65981/57142/5783/5364/9682/51441/22891/9423/3398/4204/7832/9820/2624/22902/1627/6474/6091/6498/567/1499/27242/9693/7976/1030/6653/1075/3572/58494/57555/6596/79365/1495/9746/23767/657/1739/5970/57698/56288/4124/5728/2048/2664/58497/9355/5309/1946/9231/3066/63925/1523/5925/57463/2043/51393/6092/10810/81559/57465/10500/27020/8408/10505/23493/4825/8482/4137/8553/5915/9928/4135/85358/222223/3280/63827/5530/54413/1813/659/55558/406/4038/56965/2119/10636/23111/22920/55636/7869/4133,SeAx,Up
GO:0019439,aromatic compound catabolic process,467,-0.26435487054160406,-1.3677780010904899,3.264103983001772e-4,0.01018898838063214,0.00840015483941996,2395,"tags=29%, list=18%, signal=24%",390916/5663/5223/79899/3094/10128/677/195827/255967/2821/23098/1267/9238/5445/8801/3183/80149/10957/100/114609/30833/54464/8570/167153/4939/2081/56267/26058/79077/10591/79621/283927/6741/23435/54790/2107/55526/2954/219988/472/55132/55270/2332/9611/170506/2584/9444/8473/6050/23367/53343/84186/91875/5151/669/51690/9337/79066/23019/1777/23016/84305/56953/272/64282/10179/5976/10492/124245/51092/26135/1677/80335/81892/4292/23049/6093/3163/3091/340152/22894/2475/9775/125061/9704/56006/54555/79882/118460/23405/4860/4363/8803/64802/23185/38/550643/23034/10247/51816/11164/3251/207/6832/55795/5511/57109/5394/402/8882/51154/11340/65109/60528/5073/2023/3099/60496/79675/9131/3939/9125/55629/11182/11163/25804/1312/27044/2935/28960/1676/953/11332/5230/3098,SeAx,Down
GO:0003156,regulation of animal organ formation,16,0.7280695495983615,1.9686214425069033,3.3910394752702965e-4,0.01049300080284493,0.008650793207459411,3301,"tags=88%, list=25%, signal=65%",650/2260/6091/1499/6495/3227/6092/10370/3207/10818/367/2247/10252/652,SeAx,Up
GO:0035767,endothelial cell chemotaxis,19,0.6888700301388554,1.9388978141551518,3.402399741519108e-4,0.01049300080284493,0.008650793207459411,1601,"tags=53%, list=12%, signal=46%",4851/7057/4233/8817/2260/4856/10563/3315/5587/5641,SeAx,Up
GO:0001656,metanephros development,51,0.5386847798848149,1.883080790276302,3.466381300600896e-4,0.010569525355561037,0.00871388269856675,3311,"tags=57%, list=25%, signal=43%",596/10409/3399/5076/55366/5727/1499/5455/25836/6495/51107/9231/3227/6092/2297/7849/5311/3280/8516/3207/3975/231/5154/1512/2138/10252/6772/652/4763,SeAx,Up
GO:0001764,neuron migration,129,0.4125319484774632,1.6716746308727988,3.4640558030697705e-4,0.010569525355561037,0.00871388269856675,3068,"tags=41%, list=24%, signal=32%",23654/23380/9289/23314/4192/84628/9215/4208/8633/1399/7026/9423/1952/84892/7291/23245/2260/2624/1499/1281/9693/7976/57630/25836/7301/6656/29967/653464/26053/57698/63923/79625/2621/4756/57465/4825/7080/8320/6695/8941/5830/23284/9620/1813/2011/2316/55558/3975/10806/2823/170302/5194/4139,SeAx,Up
GO:0019882,antigen processing and presentation,86,0.46069936335679806,1.7578474197195,3.501450123753178e-4,0.010616475459492078,0.008752589990008684,3070,"tags=44%, list=24%, signal=34%",3105/7057/1515/3123/3117/55080/3119/3140/8722/1520/3127/567/5971/3551/5873/2131/1509/80329/3077/5641/3416/8546/29108/5867/1236/5696/55207/1514/4277/81622/3134/3106/3115/3111/6892/5869/51752/1512,SeAx,Up
GO:0030278,regulation of ossification,80,0.45616061111024275,1.7308555100679728,3.619743704331334e-4,0.010913830599036988,0.008997739863692178,3954,"tags=51%, list=30%, signal=36%",22856/4851/596/4921/55603/79879/4192/83999/650/5594/4208/7291/1435/25836/657/5734/1901/166929/4091/154/1230/93/4088/7020/860/6256/659/4038/90/4745/652/5087/6546/1959/6662/4054/1594/4077/54795/6257/7166,SeAx,Up
GO:0009313,oligosaccharide catabolic process,11,0.7775784978021592,1.8987281603769635,3.744915044086587e-4,0.011228503607186283,0.009257167187926317,1200,"tags=45%, list=9%, signal=41%",2760/3074/4125/4758/23324,SeAx,Up
GO:0042303,molting cycle,75,0.4654396867001712,1.7397182039988415,3.8395475273182375e-4,0.011385735167547543,0.00938679433081214,2807,"tags=40%, list=22%, signal=32%",25987/4851/596/54888/26018/11005/8626/2263/55366/135228/1499/7976/55504/25836/92344/4669/5970/2131/9355/3066/10855/4488/8323/7015/26133/50814/406/11166/5154/4038,SeAx,Up
GO:0042633,hair cycle,75,0.4654396867001712,1.7397182039988415,3.8395475273182375e-4,0.011385735167547543,0.00938679433081214,2807,"tags=40%, list=22%, signal=32%",25987/4851/596/54888/26018/11005/8626/2263/55366/135228/1499/7976/55504/25836/92344/4669/5970/2131/9355/3066/10855/4488/8323/7015/26133/50814/406/11166/5154/4038,SeAx,Up
GO:0060562,epithelial tube morphogenesis,235,0.36273515621646757,1.5617276956948245,3.9402605404678426e-4,0.011620538872625654,0.009580374635926127,3601,"tags=40%, list=28%, signal=30%",23654/3845/84445/4851/596/1522/4192/25/650/3627/10765/4208/4233/3217/780/2263/5076/54903/9423/55366/7291/5727/1499/5566/4041/1435/7976/5420/10253/6495/8321/388591/7289/1739/9968/6788/2535/2131/9355/388/27086/115908/4853/7249/9231/4088/2043/57822/6926/8914/10370/4488/23552/8323/2297/7080/9955/170690/7849/5754/5311/3280/7798/10395/9620/26160/51098/3207/3202/121643/3975/144165/6909/90/367/57534/1512/2247/7048/2138/10252/23129/3169/652/23059/1948/64783/7248/5087/8543/9645/6662/26005/4036/4323,SeAx,Up
GO:0048641,regulation of skeletal muscle tissue development,17,0.7231041665203821,1.9810481652689858,3.964903563361703e-4,0.011629665506229951,0.009587898948701327,1666,"tags=53%, list=13%, signal=46%",50937/596/4208/7291/6474/1499/10211/5562/3481,SeAx,Up
GO:0007186,G protein-coupled receptor signaling pathway,433,0.3176957461880634,1.4438805300138922,4.0045652441497454e-4,0.011682507363608744,0.009631463605701834,3026,"tags=31%, list=23%, signal=24%",23266/2786/9454/9289/22859/115727/5660/23322/375790/5468/493/5139/3627/92255/9826/166647/107/4233/1232/1399/10178/2778/576/2149/6272/88/5579/146850/1952/55366/84634/57528/6091/5566/10563/338557/6346/9693/7976/9943/1951/2296/1608/6653/26033/3248/9475/7301/334/6495/8321/7289/2850/348/4985/6373/5734/2535/5970/1234/7253/3690/56288/7430/1901/1268/5573/59340/60675/9170/5587/9290/6002/57406/156/59345/4836/154/23236/8601/3363/1230/115207/51222/23432/2861/122042/79924/65125/2776/333/1236/8324/202018/760/8323/2696/6096/5744/5028/28964/19/636/11247/7849/9463/2774/2842/152/3269/23284/5530/57512/9620/1813/27347/5997/2316/80045/81491/29767/2781/10818/1129/10636/10755/367/284521/9397/727/26996/153/2550,SeAx,Up
GO:2000146,negative regulation of cell motility,228,0.35954676999231894,1.5408403810219506,4.160037232617006e-4,0.01207081771206128,0.009951600103153416,2143,"tags=28%, list=16%, signal=23%",56940/23380/9289/4851/596/7057/5217/23603/753/1647/5468/9839/493/3162/5912/4208/4163/9314/7026/94241/375056/25942/4204/1545/5793/6091/4856/10563/1281/10076/1495/90102/348/657/5734/8692/4301/257144/1800/63923/10014/5728/613/5795/388/23671/57406/4035/5796/23236/9231/3066/9863/57826/2192/2043/7049/1843/10370/51742/4681/11188/5801,SeAx,Up
GO:0014909,smooth muscle cell migration,53,0.5190921118076033,1.816148471271123,4.2262076898996693e-4,0.012197242193790649,0.010055828823645316,1559,"tags=30%, list=12%, signal=27%",5327/4193/596/4921/4192/4208/780/6282/1545/4856/6653/9510/657/3690/54434/4035,SeAx,Up
GO:1901605,alpha-amino acid metabolic process,151,-0.3476745583333164,-1.5975472394748402,4.282397999218111e-4,0.01229367127754263,0.010135328299381274,2308,"tags=31%, list=18%, signal=26%",8604/63826/112399/256987/8659/36/27034/56267/5625/790/5831/80017/84245/64087/4953/2954/3155/2744/1491/23463/587/9945/81539/2356/22929/11315/125061/3028/6470/1743/79814/4942/5033/4522/38/10247/56922/2731/4357/51078/5198/5723/60496/2746/6611/2806/64116,SeAx,Down
GO:0048511,rhythmic process,226,0.3630470916259164,1.554459804644041,4.340117325535465e-4,0.012393446140695718,0.01021758615151123,2741,"tags=32%, list=21%, signal=26%",7157/4851/4783/6095/5468/2033/4192/3399/23239/91603/10765/5927/107/8204/142/3398/7008/25942/55366/50865/7291/1545/49855/5971/64839/3397/7071/9475/7301/1454/1385/4704/9510/79365/7337/1655/4669/285382/3131/10499/5562/60675/5728/3363/3066/59338/114781/83759/56938/22992/9975/2776/6092/2620/8914/124626/3184/6096/2673/7080/8553/8792/8879/148523/23064/51514/1387/1813/3192/2309/80045/406,SeAx,Up
GO:0009304,tRNA transcription,13,-0.7504032122377985,-2.0160201557678836,4.452890269094519e-4,0.012648551990685852,0.01042790424790168,2006,"tags=54%, list=15%, signal=46%",5441/661/2975/9330/55718/2972/5434,SeAx,Down
GO:0006029,proteoglycan metabolic process,62,0.4961935839941827,1.784381592296224,4.492908471324632e-4,0.012695406816617297,0.010466532988861516,2732,"tags=47%, list=21%, signal=37%",22856/3074/650/2990/2720/29940/3073/1499/54928/3340/55790/3425/4669/2131/6448/337876/2817/10855/138050/55959/9469/9486/113189/9955/64132/2137/222537/659/9917,SeAx,Up
GO:0031126,sno(s)RNA 3'-end processing,11,-0.7701619777580443,-2.000880864263937,4.522009490974342e-4,0.01271108605353569,0.01047945949470863,1080,"tags=73%, list=8%, signal=67%",1736/51010/64282/2091/118460/51574/5394/5073,SeAx,Down
GO:0060993,kidney morphogenesis,61,0.49747404003464607,1.791947209662334,4.5614999076379575e-4,0.012755655441203138,0.010516204041224787,3692,"tags=49%, list=28%, signal=35%",84445/6659/596/10409/171023/650/3217/5076/2066/55366/5727/1499/6495/1739/2297/9955/170690/7849/5311/3280/5530/3207/3975/2247/2138/6772/652/5087/6662/27031,SeAx,Up
GO:0051146,striated muscle cell differentiation,204,0.3704333560151498,1.5781017060756393,4.602530711873643e-4,0.012804050645351573,0.010556102723326037,2913,"tags=31%, list=22%, signal=24%",3845/7111/22954/50937/4851/596/3688/57190/9759/9215/650/3627/607/824/4208/4773/7138/1827/80208/6272/88/6474/4856/58494/6495/79365/657/4669/5573/10014/10211/5587/4211/3756/27086/3481/3856/5925/6899/4756/1525/6926/8324/23493/90410/5738/5915/56603/101929726/84033/5530/64208/85461/5997/3192/84700/4205/29767/144165/80206/10818/90/9734,SeAx,Up
GO:0009954,proximal/distal pattern formation,20,0.6756102751849201,1.9243191075917752,4.683351740738694e-4,0.012962076587059864,0.010686384781701733,3647,"tags=75%, list=28%, signal=54%",22856/8626/6496/1499/221833/5089/3219/3227/3226/56603/3207/4038/5087/3225/3206,SeAx,Up
GO:0071459,"protein localization to chromosome, centromeric region",30,-0.5866283094920703,-1.9726830117487635,4.7729847965077247e-4,0.013142754564669484,0.01083534196285615,1999,"tags=33%, list=15%, signal=28%",7272/1058/9184/9212/9183/283489/54908/3720/23137/55920,SeAx,Down
GO:0060840,artery development,80,0.45120260662609807,1.7120428612523793,0.00048369748735516583,0.013251346899775786,0.010924869244190682,3480,"tags=52%, list=27%, signal=39%",639/4851/6659/4192/6091/1281/2296/3248/3340/6495/163/348/657/4669/4091/3198/4035/6899/93/6092/10370/23493/4638/196528/5311/3280/7798/659/10454/144165/6909/55636/182/7048/2138/23129/652/4763/1948/7046/2548/1959,SeAx,Up
GO:0072521,purine-containing compound metabolic process,434,-0.2665189677676352,-1.3724699381896106,4.970056814164375e-4,0.013547170013154107,0.01116875606245232,1815,"tags=23%, list=14%, signal=20%",132/4882/25796/9061/32/10591/2180/4705/283927/64087/55526/4597/4719/51703/5162/9551/4200/706/55270/113/9611/5635/204/2584/8473/4191/506/9556/23463/4976/5106/53343/51292/5151/669/5636/197322/6120/513/272/5165/3417/4694/2181/54539/8050/4708/79877/3091/2475/125061/6470/1743/65220/4860/4522/8803/64802/38/51816/5631/11164/1738/23597/4706/518/3251/29789/3418/402/498/8505/5198/2023/6888/3099/5226/10632/5901/10135/3939/8514/11182/6392/11163/3312/23028/6390/5634/5160/471/1737/30968/11332/5230/3098/93974/109/3614,SeAx,Down
GO:0003007,heart morphogenesis,174,0.3899983174436568,1.6354905885785453,5.005046457140207e-4,0.013573987803610904,0.01119086557753592,3598,"tags=42%, list=28%, signal=31%",7157/4193/4851/6659/171023/650/4208/57142/2263/1399/54903/7291/5727/6474/6091/1499/53834/2296/25836/4194/6495/8321/388591/9510/657/4669/5308/2535/2131/1901/4091/5747/4853/6899/4088/9095/7049/6092/6926/10370/4488/23493/196528/5311/3280/10395/26160/659/51098/2316/121643/10454/144165/6909/90/55636/57534/182/7048/2138/10252/23129/652/23059/64783/7046/6604/2548/1363/9645/6662/26005/4036,SeAx,Up
GO:0001655,urogenital system development,48,0.5328161430060205,1.8441113395122655,5.164607698927462e-4,0.013867357090105229,0.011432729375944688,3647,"tags=60%, list=28%, signal=44%",4851/5660/5324/8626/2263/5076/1399/55840/2624/5727/6715/1499/7337/27023/2048/9420/7849/1027/3207/3975/10116/10818/2288/367/3169/652/5087/6662/3206,SeAx,Up
GO:0006163,purine nucleotide metabolic process,414,-0.2664044332315814,-1.3758290148836598,5.148839721941255e-4,0.013867357090105229,0.011432729375944688,2706,"tags=32%, list=21%, signal=26%",254552/3156/10845/23417/4709/4707/23530/114789/3607/10606/4728/10476/6785/226/515/318/4509/4508/390916/5663/5223/3094/195827/50808/2821/23098/8459/374291/8801/509/55739/100/55229/4702/30833/7114/4725/2182/132/4882/25796/9061/32/10591/2180/4705/283927/64087/55526/4597/4719/51703/5162/9551/4200/706/55270/113/9611/5635/204/2584/8473/4191/506/9556/4976/5106/53343/51292/5151/669/5636/197322/6120/513/272/5165/3417/4694/2181/54539/8050/4708/79877/3091/2475/125061/1743/65220/4860/4522/8803/64802/38/5631/11164/1738/23597/4706/518/3251/29789/3418/402/498/8505/5198/2023/6888/3099/5226/10632/5901/10135/3939/8514/11182/6392/11163/3312/6390/5634/5160/471/1737/30968/11332/5230/3098/93974/109/3614,SeAx,Down
GO:0007007,inner mitochondrial membrane organization,43,-0.4986008161795735,-1.8450059757367585,5.199659328238509e-4,0.013892357125991699,0.01145334027121635,3321,"tags=60%, list=26%, signal=45%",3954/57143/440574/125988/91137/9868/65018/1678/5018/26515/10651/26520/79135/55750/3313/26521/29928/4976/26519/158234/8834/26517/617/55735/54927/10939,SeAx,Down
GO:0010257,NADH dehydrogenase complex assembly,60,-0.45097977868346567,-1.776672471834764,5.382437219458218e-4,0.014218973147342306,0.011722613829089443,3237,"tags=45%, list=25%, signal=34%",4722/29078/28976/4711/5018/137682/4709/4707/4728/84233/57226/374291/4702/4725/4705/80224/4719/51295/4694/54539/4708/91942/55471/617/4706/90871/55572,SeAx,Down
GO:0032981,mitochondrial respiratory chain complex I assembly,60,-0.45097977868346567,-1.776672471834764,5.382437219458218e-4,0.014218973147342306,0.011722613829089443,3237,"tags=45%, list=25%, signal=34%",4722/29078/28976/4711/5018/137682/4709/4707/4728/84233/57226/374291/4702/4725/4705/80224/4719/51295/4694/54539/4708/91942/55471/617/4706/90871/55572,SeAx,Down
GO:0007519,skeletal muscle tissue development,121,0.4227238314372115,1.7000466145903546,5.400944034102599e-4,0.014218973147342306,0.011722613829089443,3324,"tags=39%, list=26%, signal=29%",3845/7093/50937/4851/596/57190/10472/2033/9215/607/4208/1827/80208/7026/7291/7832/6474/1499/6840/6495/1655/59269/9242/3131/10211/5562/2817/3481/5925/6899/9975/10370/8320/56603/5530/64208/84300/406/10521/10791/9734/1310/4209/844/9318/4763/5307,SeAx,Up
GO:0034497,protein localization to phagophore assembly site,15,-0.7204407026783725,-2.0147011542233626,5.574784661578472e-4,0.01457884885506295,0.012019307824103273,3054,"tags=73%, list=23%, signal=56%",11152/987/55062/23647/55014/55054/23192/56270/79065/84971/9927,SeAx,Down
GO:0050673,epithelial cell proliferation,290,0.34346543324525464,1.5107744890263253,5.59166520844549e-4,0.01457884885506295,0.012019307824103273,3421,"tags=37%, list=26%, signal=28%",4851/7057/23385/3487/5468/4192/3592/9839/79805/3988/90780/10765/3915/6678/5594/3162/4208/57142/8626/1232/2263/5076/8573/5335/4163/57608/7026/3398/3082/55366/7291/55840/2260/2624/5727/135228/6091/4856/567/1499/1030/8660/7039/6495/5170/79577/348/657/1739/6788/10016/3690/60675/5587/599/1021/1026/4830/5796/1992/4853/637/3481/9420/5925/6899/4088/7049/8324/55959/57343/4781/284361/860/4825/55109/5894/3280/1027/1813/26160/659/51098/3202/282679/10818/6909/3676/367/6868/54206/253260/170302/2247/10468/2064/7051/5797/182/2138/6772/652/4763/1948/7046/26257/221477,SeAx,Up
GO:0051216,cartilage development,135,0.40013995644026007,1.631326533406935,5.701850509305621e-4,0.014794657307078095,0.012197227784835455,3568,"tags=42%, list=27%, signal=31%",861/25987/22856/23314/4192/81029/650/4208/8817/4773/4086/2260/6474/4856/1499/54928/1281/57326/55790/657/2131/8692/7227/2121/5925/51222/4088/875/55959/4781/4488/202018/860/5744/5915/399979/659/3207/2261/3202/3200/54206/7076/2247/4209/7048/2355/652/5307/2822/7046/23516/7067/85301/10865/6662/4054,SeAx,Up
GO:0060042,retina morphogenesis in camera-type eye,43,0.5492105769818203,1.8713804286342983,5.745383279111217e-4,0.014836283998738391,0.012231546270865331,3240,"tags=49%, list=25%, signal=37%",639/50937/4851/23322/22882/9215/4041/148398/4669/4124/7020/6096/84879/8842/6101/121643/3975/23554/23418/5797/120114,SeAx,Up
GO:0002478,antigen processing and presentation of exogenous peptide antigen,32,0.594779859102925,1.9103893274908452,5.819330358553601e-4,0.014955679021482754,0.01232997966195793,2509,"tags=50%, list=19%, signal=40%",3105/1515/3123/3117/3119/8722/1520/3127/567/3551/1509/5641/1514/81622/3134/3115,SeAx,Up
GO:0010977,negative regulation of neuron projection development,104,0.42517180590617115,1.6643816567470096,5.884755058418633e-4,0.0149880977866117,0.012356706814508579,2974,"tags=40%, list=23%, signal=31%",25987/4193/83999/7025/57142/952/22891/9423/22902/5793/23557/567/8934/348/7337/5728/349667/81618/2048/2664/9139/2580/3066/4756/2043/10500/8408/10505/23251/8482/6695/29116/3280/11075/2316/55558/157285/4038/2288/23111/7869/4133,SeAx,Up
GO:0006605,protein targeting,282,-0.2919474509031107,-1.4422590048138155,5.887486994185067e-4,0.0149880977866117,0.012356706814508579,2579,"tags=33%, list=20%, signal=27%",23203/3265/51304/23204/92609/115362/22863/3320/7532/29800/26515/80273/51114/2534/9709/54557/23480/23788/4641/10651/1459/9697/26520/55750/134266/58477/253832/55275/23230/57602/54899/11140/130340/1121/26521/131474/706/200576/10245/118424/1020/5880/29928/3920/51763/10452/23463/285966/4285/3308/55625/26519/9512/22879/158234/7879/90522/23163/51100/83752/55823/60559/9927/84243/6135/10055/29103/3329/6730/9344/26517/6745/10469/9049/6747/11154/6734/27183/10075/3998/84750/8031/56947/6449/9270/9131/6729/100287932/3312/7531/7323/93974,SeAx,Down
GO:0048844,artery morphogenesis,55,0.5088596296816047,1.792339145879455,5.987379833613686e-4,0.015170839888269044,0.012507365731003237,3382,"tags=53%, list=26%, signal=39%",639/4851/6659/4192/1281/2296/3248/6495/348/657/4669/3198/4035/6899/10370/23493/4638/196528/5311/3280/6909/55636/182/7048/2138/652/4763/1948/7046,SeAx,Up
GO:0007097,nuclear migration,23,-0.6133247530784987,-1.9132035653122617,6.023558649115689e-4,0.015191189733307183,0.012524142847915403,1133,"tags=39%, list=9%, signal=36%",6585/199953/5108/10726/4000/5048/84823/29109/9368,SeAx,Down
GO:0001759,organ induction,14,0.7335456132652893,1.9399138011308277,6.24709022119751e-4,0.0156816492668851,0.012928494670747553,3301,"tags=93%, list=25%, signal=69%",650/2260/6091/1499/6495/3227/6092/3207/10818/367/2247/10252/652,SeAx,Up
GO:0002495,antigen processing and presentation of peptide antigen via MHC class II,27,0.610387672582263,1.877351610883648,6.298128539998143e-4,0.01573657394924536,0.012973776480785649,2092,"tags=48%, list=16%, signal=40%",1515/3123/3117/3119/8722/1520/3127/567/1509/5641/29108/1514/81622,SeAx,Up
GO:0090646,mitochondrial tRNA processing,14,-0.7175809701253094,-1.95687154428331,6.457219708739626e-4,0.016059730307865328,0.01324019777290439,2333,"tags=64%, list=18%, signal=53%",25821/54802/80324/9692/57570/3028/84881/60528/79828,SeAx,Down
GO:0072028,nephron morphogenesis,50,0.5102276721824375,1.7773545742530594,6.591128602362076e-4,0.01631757847107712,0.01345277672727402,3565,"tags=50%, list=27%, signal=36%",84445/596/650/3217/5076/2066/55366/5727/1499/6495/1739/2297/9955/170690/7849/5311/3280/3207/3975/2247/2138/6772/652/5087/6662,SeAx,Up
GO:0006515,protein quality control for misfolded or incompletely synthesized proteins,20,-0.6449876624436109,-1.9373549750646382,6.734738380824648e-4,0.016596978557676084,0.013683123833571635,1450,"tags=35%, list=11%, signal=31%",5192/83752/8452/9361/55139/10730/55658,SeAx,Down
GO:0006309,apoptotic DNA fragmentation,13,-0.7376093894449229,-1.9816484950405222,6.986616763302491e-4,0.017139441214337976,0.014130348831808437,1132,"tags=46%, list=9%, signal=42%",1777/1677/23405/64802/9131/1676,SeAx,Down
GO:0032963,collagen metabolic process,60,0.49677301603473273,1.7878514386719901,7.173256697873739e-4,0.01751767710335953,0.014442179596052531,3601,"tags=45%, list=28%, signal=33%",861/1508/4851/3688/4921/1471/57332/2149/54463/1520/10609/4669/9902/3066/51430/3673/1514/4324/4325/64175/162427/2355/652/26276/64115/4602/4323,SeAx,Up
GO:0060586,multicellular organismal-level iron ion homeostasis,18,0.6831830589721946,1.9033741514921452,7.564825737553226e-4,0.018390704732240883,0.015161933804000705,2323,"tags=61%, list=18%, signal=50%",3162/567/27102/4669/8692/8301/79901/3077/114781/4756/26234,SeAx,Up
GO:0000460,maturation of 5.8S rRNA,36,-0.537879328549637,-1.9017782111067452,7.684479192028276e-4,0.01859781802662628,0.01533268517569201,1464,"tags=36%, list=11%, signal=32%",51010/79707/55759/27340/81887/23016/51077/29777/5394/11340/10200/84549/90459,SeAx,Down
GO:0002396,MHC protein complex assembly,18,0.6818122046770789,1.8995548989557745,7.79138117238556e-4,0.01860806201291463,0.015341130672710984,777,"tags=39%, list=6%, signal=37%",3105/3123/3117/55080/3119/3127/567,SeAx,Up
GO:0002501,peptide antigen assembly with MHC protein complex,18,0.6818122046770789,1.8995548989557745,7.79138117238556e-4,0.01860806201291463,0.015341130672710984,777,"tags=39%, list=6%, signal=37%",3105/3123/3117/55080/3119/3127/567,SeAx,Up
GO:0051052,regulation of DNA metabolic process,462,-0.2606887918499496,-1.3499463008519814,7.792147516988523e-4,0.01860806201291463,0.015341130672710984,2823,"tags=31%, list=22%, signal=25%",2187/604/4171/1736/23595/5888/10111/23293/3181/5788/2185/1763/80311/10575/93973/84289/581/54726/5930/51010/79596/22976/387893/55693/8193/3320/5984/57662/6603/65057/7398/2074/56252/54537/64110/81620/7334/3183/80119/5753/545/54464/54108/54737/23326/7874/4683/1017/25913/64863/57695/54552/5985/6416/4609/84083/5982/79677/472/8239/11176/143/55010/116028/86/9400/79000/170506/6188/114799/78996/7320/5983/7465/7528/7037/9760/79035/64061/890/9275/908/10459/23175/4175/283899/286053/7454/64282/5976/23450/6778/253461/1677/4292/8607/23049/8658/6883/9212/55226/27000/7520/118460/3326/54386/5531/197370/10926/64802/3146/80169/11177/53615/3014/207/3575/6118/4361/5394/993/9643/8505/4798/10728/5073/23347/6950/9466/5001/25792/54984/29117/1111/9131/23137/6742/8451/23028/7027/1676/126549/2140,SeAx,Down
GO:0003171,atrioventricular valve development,23,0.6331774153373839,1.8771399245415121,7.864796150773331e-4,0.01869881269855668,0.01541594868041682,1383,"tags=39%, list=11%, signal=35%",4193/4851/6659/650/7291/4194/657/4669/4091,SeAx,Up
GO:0006144,purine nucleobase metabolic process,14,-0.711672235675158,-1.9407581929130688,7.997434903001614e-4,0.01888210705023583,0.015567062890952452,2738,"tags=64%, list=21%, signal=51%",8833/10606/100/132/51292/6470/5631/3251/23028,SeAx,Down
GO:0031145,anaphase-promoting complex-dependent catabolic process,23,-0.604871603235948,-1.886834832702481,8.01186309895128e-4,0.01888210705023583,0.015567062890952452,2830,"tags=57%, list=22%, signal=44%",246184/79791/25906/51343/27338/1017/8697/51433/5347/8452/25847/64682/8881,SeAx,Down
GO:0022618,protein-RNA complex assembly,193,-0.31910217838516636,-1.4989536716251104,8.222255359620849e-4,0.019293700946032052,0.015906395151083445,2760,"tags=33%, list=21%, signal=27%",54680/8233/6733/6633/6631/57035/79084/8665/6627/51631/1653/51639/56342/3320/6895/55794/27336/8562/8487/50628/545/23521/4809/10421/55702/57461/11338/1207/472/26747/51634/10569/7375/6732/6169/54496/8683/5433/54960/10659/23450/23195/8607/79833/6135/29777/7520/11051/84811/3326/23405/1968/8175/6208/1983/25929/5822/6209/6632/55052/10728/10594/51081/25804,SeAx,Down
GO:0002181,cytoplasmic translation,154,-0.3314692656147834,-1.5253104493379628,8.264522304562411e-4,0.019308929384295813,0.01591895000290969,3002,"tags=34%, list=23%, signal=26%",6201/54505/6217/6301/6194/6142/51121/6130/54956/6132/8893/1974/8665/8892/25873/8562/57409/23521/55854/1981/6137/6146/8890/2107/6207/6170/6231/2332/170506/6188/6139/6181/6169/10492/6210/6144/6154/2475/6135/1968/6208/1983/1819/6209/7555/24140/6235/6164/6133/6168/6230/6157,SeAx,Down
GO:0009451,RNA modification,168,-0.33178944584754655,-1.5315987060702683,8.308964224394175e-4,0.01932908617200662,0.01593556795667612,3043,"tags=40%, list=23%, signal=31%",56257/155435/3182/387338/6301/1736/105/55651/131965/54901/6633/91893/127253/54890/348180/221078/1787/29063/54859/55623/25821/84705/54802/54974/27292/54920/79872/51106/81627/54517/84520/93587/55695/113802/123263/64863/80324/81605/60487/6741/55798/91801/29081/104/79693/8846/115708/54433/79066/2091/55250/158234/134637/55140/55644/57570/55226/3028/51574/84881/24140/6632/207/8731/55178/5073/23587/79828,SeAx,Down
GO:0010712,regulation of collagen metabolic process,24,0.638872384006421,1.905635759366619,8.576107217656655e-4,0.019789782633125686,0.016315382071954647,1968,"tags=42%, list=15%, signal=35%",861/4851/3688/4921/1471/57332/2149/3066/51430/3673,SeAx,Up
GO:0009063,amino acid catabolic process,71,-0.41626369101528443,-1.692426905807688,8.58033932953754e-4,0.019789782633125686,0.016315382071954647,2059,"tags=35%, list=16%, signal=30%",8659/36/27034/55556/56267/5625/64087/2954/3155/2744/587/152926/125061/3028/6470/1743/10295/4942/38/10247/1738/56922/2731/2746/2806,SeAx,Down
GO:0002347,response to tumor cell,34,0.5733963288582656,1.8561596845085977,8.949780310295822e-4,0.02051801362220716,0.016915760916117076,570,"tags=29%, list=4%, signal=28%",7805/3105/4851/3592/3123/10666/1612/3140/9314/27303,SeAx,Up
GO:0032204,regulation of telomere maintenance,100,-0.3786572659230104,-1.6086901832095526,8.97211638843967e-4,0.02051801362220716,0.016915760916117076,2215,"tags=38%, list=17%, signal=32%",65057/56252/3183/80119/545/54464/7874/4683/25913/54552/4609/79677/472/86/170506/7528/79035/908/283899/286053/64282/5976/8607/23049/8658/9212/55226/7520/54386/197370/80169/4361/5394/4798/5073/6950/54984/23137,SeAx,Down
GO:0032200,telomere organization,168,-0.32996367949135486,-1.523170645974545,9.068633031556313e-4,0.020651228890847854,0.017025588196486138,2782,"tags=36%, list=21%, signal=29%",1736/5888/10111/23293/55651/3181/328/1763/10575/93973/3320/65057/56252/54537/3183/80119/545/54464/7874/4683/25913/54552/4609/79677/472/86/170506/7528/79035/908/10459/54433/283899/6672/286053/64282/5976/6117/8607/23049/8658/9212/55226/7520/3326/54386/84444/2146/197370/80169/3021/6118/4361/5394/4798/10728/5073/6950/50485/54984/23137,SeAx,Down
GO:0099177,regulation of trans-synaptic signaling,308,0.33023395170656533,1.4609267798579841,9.267915124506037e-4,0.02101636047351222,0.017326615316800978,1668,"tags=20%, list=13%, signal=18%",2171/3845/5327/8878/5217/351/7204/23385/23191/3688/3092/84628/9215/25/147381/440279/5594/107/4208/57142/952/8573/23228/5335/23085/10769/2149/5579/4204/23208/1627/6536/23557/773/5566/9693/8973/57555/57616/9746/348/7337/9465/590/1268/8541/9783/7779/10211/2905/5728/2048/57617/613/9912/57406/9381/54434/154/5641/23236/22849/128977,SeAx,Up
GO:0003151,outflow tract morphogenesis,54,0.49963265949522745,1.7599137098419912,9.429598969526604e-4,0.02112810503405126,0.01741874140193571,3301,"tags=57%, list=25%, signal=43%",4851/4208/2263/1399/7291/6091/1499/2296/25836/6495/8321/657/5308/2535/4091/6899/7049/6092/6926/10370/4488/23493/3280/659/144165/6909/182/7048/2138/23129/652,SeAx,Up
GO:0042982,amyloid precursor protein metabolic process,63,0.48096847325597697,1.738993220535136,9.481833002685083e-4,0.02112810503405126,0.01741874140193571,2890,"tags=43%, list=22%, signal=34%",23385/5074/20/6646/57142/102/2319/6653/9475/1454/51107/1191/348/1739/25825/4669/5970/81618/8301/2043/5621/8728/6253/5664/26574/26119/6868,SeAx,Up
GO:0040013,negative regulation of locomotion,247,0.3461267853141146,1.4940780715066866,9.502033644367679e-4,0.02112810503405126,0.01741874140193571,3311,"tags=37%, list=25%, signal=28%",56940/23380/9289/4851/596/7057/5217/23603/753/1647/5468/9839/493/3162/5912/4208/4163/9314/7026/94241/375056/25942/4204/1545/5793/6091/4856/10563/1281/10076/1495/90102/348/657/5734/8692/4301/257144/1800/63923/10014/5728/6480/613/5795/388/23671/57406/4035/5796/23236/9231/3066/9863/57826/2192/2043/7049/6092/1843/10370/10500/51742/4681/11188/5801/10505/7080/8482/196528/1845/10395/1813/56254/2309/55558/84978/4286/90355/7869/727/51094/7076/2768/2247/1803/5797/5928/182/57522/652/4763,SeAx,Up
GO:0001503,ossification,292,0.3361991900862201,1.4788525279716995,9.512932227671774e-4,0.02112810503405126,0.01741874140193571,2319,"tags=27%, list=18%, signal=23%",861/22856/4851/23314/596/4921/55603/79879/5468/4192/3399/83999/650/5594/1050/4208/8626/8817/2263/5364/4664/6272/4086/3082/55366/7291/5727/6474/1499/54928/5566/3570/338557/4041/3726/1435/2296/25836/3636/7071/3572/55790/9260/8321/1655/657/7286/5734/2131/1901/9562/63923/166929/4091/5587/23051/1021/115908/5747/154/63979/9902/3481/1230/51430/93/4088/875/7020/4488/202018/6096/79176/860/8994/5744/28964/8482/8792,SeAx,Up
GO:0050767,regulation of neurogenesis,275,0.33420865916273634,1.46196581713629,9.459068397912595e-4,0.02112810503405126,0.01741874140193571,2974,"tags=32%, list=23%, signal=25%",23654/3845/7157/22954/50937/4851/23191/3688/4192/7161/302/5324/650/65981/57142/5364/9682/51441/22891/9423/3398/4204/7832/9820/2624/22902/1627/6474/6091/6498/567/1499/9693/7976/1030/6653/3572/6596/79365/1495/657/5970/57698/4124/5728/2048/2664/58497/9355/5309/1946/3066/63925/1523/5925/57463/2043/51393/6092/81559/57465/10500/27020/8408/10505/23493/4825/8482/4137/8553/4135/85358/3280/63827/5530/1813/659/55558/406/4038/56965/2119/10636/23111/22920/55636/7869/4133,SeAx,Up
GO:0006888,endoplasmic reticulum to Golgi vesicle-mediated transport,115,-0.36038107566024397,-1.5807060902995536,9.727955438968936e-4,0.021517121108243997,0.017739459724124974,2232,"tags=32%, list=17%, signal=27%",6399/22878/60561/10342/122553/25956/50999/81876/55014/10282/9117/9218/51014/10427/10113/286451/1315/90522/10959/51124/51693/10972/56681/9183/84272/51399/10945/8452/4253/378/10525/3998/23256/64764/29098/6683/372,SeAx,Down
GO:0010560,positive regulation of glycoprotein biosynthetic process,15,0.7143427394326126,1.9054971411006507,9.839264069981851e-4,0.021674493137017165,0.017869202674033635,1926,"tags=53%, list=15%, signal=45%",23385/11261/5074/20/6646/1499/23236/1236,SeAx,Up
GO:0035115,embryonic forelimb morphogenesis,21,0.6561965263052378,1.8990740934238413,0.0010060652240737994,0.02169985054105905,0.017890108195987364,2673,"tags=52%, list=21%, signal=42%",23322/8626/7291/6474/1499/25836/6926/7020/4488/860/3207,SeAx,Up
GO:0003181,atrioventricular valve morphogenesis,21,0.6561050973587614,1.8988094922918908,0.0010060652240737994,0.02169985054105905,0.017890108195987364,1383,"tags=43%, list=11%, signal=38%",4193/4851/6659/650/7291/4194/657/4669/4091,SeAx,Up
GO:0051647,nucleus localization,30,-0.5631264520036202,-1.8936521940029438,9.974286612361265e-4,0.02169985054105905,0.017890108195987364,1133,"tags=33%, list=9%, signal=31%",6585/2475/199953/5108/10726/4000/5048/84823/29109/9368,SeAx,Down
GO:0070306,lens fiber cell differentiation,31,0.5871096311902695,1.887332741736751,0.0010131606759388677,0.02169985054105905,0.017890108195987364,4171,"tags=65%, list=32%, signal=44%",7111/81029/10765/6496/11145/6498/10253/5309/4088/23424/1027/10818/2247/128637/200734/10252/4771/161742/631/5629,SeAx,Up
GO:0006099,tricarboxylic acid cycle,32,-0.5420446313828577,-1.8649409007471216,0.0010143466436166705,0.02169985054105905,0.017890108195987364,2099,"tags=44%, list=16%, signal=37%",8801/48/55526/5162/4191/3417/1431/1743/8803/3418/6392/6390/5160/1737,SeAx,Down
GO:0090151,establishment of protein localization to mitochondrial membrane,34,-0.5281196540158052,-1.8377171580406626,0.0010116199053273782,0.02169985054105905,0.017890108195987364,2766,"tags=56%, list=21%, signal=44%",9868/1678/5018/581/3320/26515/64112/23788/10651/26520/55750/26521/29928/10452/3308/26519/158234/26517/617,SeAx,Down
GO:0016525,negative regulation of angiogenesis,72,0.4643692582282671,1.7318964196505213,0.0010252847670872815,0.02169985054105905,0.017890108195987364,1345,"tags=28%, list=10%, signal=25%",7057/1647/5468/493/3627/6678/11005/9314/576/10769/4204/1499/2296/10253/9475/9510/22905/5970/140862/154796,SeAx,Up
GO:1901343,negative regulation of vasculature development,72,0.4643692582282671,1.7318964196505213,0.0010252847670872815,0.02169985054105905,0.017890108195987364,1345,"tags=28%, list=10%, signal=25%",7057/1647/5468/493/3627/6678/11005/9314/576/10769/4204/1499/2296/10253/9475/9510/22905/5970/140862/154796,SeAx,Up
GO:2000181,negative regulation of blood vessel morphogenesis,72,0.4643692582282671,1.7318964196505213,0.0010252847670872815,0.02169985054105905,0.017890108195987364,1345,"tags=28%, list=10%, signal=25%",7057/1647/5468/493/3627/6678/11005/9314/576/10769/4204/1499/2296/10253/9475/9510/22905/5970/140862/154796,SeAx,Up
GO:0007416,synapse assembly,124,0.3967426825936451,1.5974528297784805,9.94644285497502e-4,0.02169985054105905,0.017890108195987364,3269,"tags=39%, list=25%, signal=29%",23654/23380/351/375790/84628/10160/9215/147381/4208/5783/5364/1399/9423/2066/119/4204/1499/8934/8443/57555/653464/6495/8321/9746/23767/5728/2048/1946/9231/55209/57463/6092/1108/27020/85358/23284/54413/56122/1813/28988/56127/4038/2823/51201/2561/3556/10611/23129,SeAx,Up
GO:0030111,regulation of Wnt signaling pathway,246,0.3514513891412935,1.515175543473316,0.00104628650938301,0.022057844887266035,0.01818525113142263,2538,"tags=30%, list=19%, signal=24%",84445/25987/4851/6659/351/129293/3487/4192/9839/81029/7091/25/83999/83786/90268/650/51701/29969/65981/84133/64359/2263/1501/261734/4163/27303/54903/55366/7090/1499/145258/85409/9679/57326/10076/643965/1454/26524/8321/84327/79577/348/6788/10042/63923/6907/139285/252839/83439/4035/51366/115908/7249/4088/65125/2776/81847/8324/55959/10023/3087/387914/8323/8994/90410/7088/9736/147906/5754/7015/3836/9978/65062,SeAx,Up
GO:0043039,tRNA aminoacylation,43,-0.4814246982515288,-1.7814480368227787,0.001084503183809178,0.022761310875050456,0.018765212850967546,2933,"tags=51%, list=23%, signal=40%",2193/6301/25973/283459/57038/10667/92935/10352/55278/79731/3735/3376/4677/2617/5188/7453/57470/23395/79587/124454/1615/10056,SeAx,Down
GO:0061333,renal tubule morphogenesis,49,0.5071674874984647,1.7622712198129173,0.0010880893470007443,0.022761310875050456,0.018765212850967546,3565,"tags=49%, list=27%, signal=36%",84445/596/650/4208/3217/5076/55366/5727/1499/6495/1739/2297/9955/170690/7849/5311/3280/3207/3975/2247/2138/652/5087/6662,SeAx,Up
GO:0003161,cardiac conduction system development,24,0.635081610237913,1.8943285965751449,0.001100468295180136,0.022931379880645537,0.0189054236282318,2181,"tags=42%, list=17%, signal=35%",4851/3398/4086/6474/657/9242/4853/6926/4488/23493,SeAx,Up
GO:0043928,exonucleolytic catabolism of deadenylated mRNA,13,-0.7241663051107664,-1.9455325396030092,0.0011143865450700832,0.023132093014397077,0.01907089848587547,1176,"tags=46%, list=9%, signal=42%",51010/9337/23016/22894/11340/28960,SeAx,Down
GO:0098773,skin epidermis development,84,0.43434552859863,1.6574334840761644,0.0011395637135419962,0.023564081846690243,0.019427045037878676,2807,"tags=37%, list=22%, signal=29%",4851/596/54888/64834/11005/4233/8626/2263/9314/55366/135228/1499/7976/55504/92344/4669/5970/2131/9355/3066/8546/10855/57822/4488/8323/56603/26133/50814/11166/5154/4038,SeAx,Up
GO:0030900,forebrain development,283,0.34162804118453727,1.4958988681528367,0.001158703981843026,0.023868417519109966,0.019677949904582045,2785,"tags=32%, list=21%, signal=26%",3845/25987/23380/50937/9289/4851/351/23322/23603/4192/317762/493/9215/650/5453/57142/6513/6496/57688/2263/1399/7026/2066/3398/25942/4204/7832/2260/2624/6715/6091/567/1499/93986/145258/5455/1281/9693/10642/7301/6656/653464/3340/1385/55236/657/79633/5308/27023/2131/5728/79625/2048/9355/1021/27086/23236/63925/9095/6092/333/6926/23334/4781/220/5454/3738/84879/7080/10460/8482/8320/5915/9928/8941/85358/3280/63827/6867/5830/10395/57721/1813/63973/22884/2316/55558/3975/5101/153241,SeAx,Up
GO:0006983,ER overload response,11,0.7523300055835327,1.8370751911679792,0.0011783123442644877,0.02418004457032487,0.019934866036445828,1000,"tags=45%, list=8%, signal=42%",7157/54499/55829/84919/7466,SeAx,Up
GO:0001573,ganglioside metabolic process,21,0.6527182529208583,1.8890077510868684,0.0011876076690554543,0.02427847950716775,0.02001601920692745,1983,"tags=52%, list=15%, signal=44%",2760/2583/3074/20/338596/3073/4758/6483/4669/8869/6482,SeAx,Up
GO:0001658,branching involved in ureteric bud morphogenesis,36,0.5566762159878529,1.8172003802451764,0.0011986717560882208,0.02441219421738916,0.020126258244230026,3565,"tags=58%, list=27%, signal=42%",596/650/3217/5076/55366/5727/1499/6495/1739/2297/9955/170690/7849/5311/3207/3975/2247/2138/652/5087/6662,SeAx,Up
GO:0061318,renal filtration cell differentiation,14,0.7170462370718165,1.8962800215689943,0.0012258701427741772,0.02459487420279641,0.020276865949937183,2581,"tags=64%, list=20%, signal=52%",10409/171023/5420/4643/2131/4853/9863/100133941/8842,SeAx,Up
GO:0072112,podocyte differentiation,14,0.7170462370718165,1.8962800215689943,0.0012258701427741772,0.02459487420279641,0.020276865949937183,2581,"tags=64%, list=20%, signal=52%",10409/171023/5420/4643/2131/4853/9863/100133941/8842,SeAx,Up
GO:0072311,glomerular epithelial cell differentiation,14,0.7170462370718165,1.8962800215689943,0.0012258701427741772,0.02459487420279641,0.020276865949937183,2581,"tags=64%, list=20%, signal=52%",10409/171023/5420/4643/2131/4853/9863/100133941/8842,SeAx,Up
GO:0019377,glycolipid catabolic process,19,0.6592852377537746,1.8556282759577871,0.0012208679277774033,0.02459487420279641,0.020276865949937183,1062,"tags=42%, list=8%, signal=39%",2760/2517/3074/2720/3073/950/6609/4758,SeAx,Up
GO:0009156,ribonucleoside monophosphate biosynthetic process,31,-0.5353878532925298,-1.8172779892193356,0.0012399512262047407,0.024693788811169688,0.020358414578238254,2738,"tags=45%, list=21%, signal=36%",8833/10606/318/7371/100/790/132/272/5631/3251/5198/5634/471/3614,SeAx,Down
GO:0002062,chondrocyte differentiation,79,0.4442809312405458,1.6803057016458438,0.0012366452177479943,0.024693788811169688,0.020358414578238254,3568,"tags=52%, list=27%, signal=38%",861/25987/22856/4192/81029/650/4208/8817/2260/6474/4856/1499/54928/1281/657/2131/7227/5925/51222/4088/55959/4781/4488/860/5744/5915/399979/659/3207/2261/4209/7048/2355/652/2822/7046/23516/85301/10865/6662/4054,SeAx,Up
GO:0042471,ear morphogenesis,79,0.4435045029514153,1.6773691883061823,0.0012495942646304683,0.024794339140480286,0.020441311751520856,2545,"tags=41%, list=20%, signal=33%",4646/5594/26018/2263/5076/9423/7291/2260/2624/145258/7976/25836/10253/6495/4669/2535/2048/613/3198/115908/6899/25861/57822/6926/7020/220/140469/8323/7849/11078/5754/8516,SeAx,Up
GO:0019886,antigen processing and presentation of exogenous peptide antigen via MHC class II,25,0.6067606078521044,1.8316846469982098,0.0012632504773666643,0.024973490206402518,0.02058901009380717,2509,"tags=52%, list=19%, signal=42%",1515/3123/3117/3119/8722/1520/3127/567/1509/5641/1514/81622/3115,SeAx,Up
GO:0060348,bone development,149,0.3852378087097476,1.5861423398819983,0.0012858788091184802,0.025328058148950502,0.020881328183418424,3224,"tags=42%, list=25%, signal=32%",7157/25987/22856/4921/171023/3988/302/9215/650/4208/8817/2263/5364/2778/4664/4086/7291/6715/6474/54928/4041/1281/56034/2296/3636/55790/7289/3953/5734/5308/2131/63923/2121/139285/27086/4853/10859/875/80263/55959/7020/10370/537/4488/202018/860/5915/56603/4325/26160/659/3207/2261/64175/389058/9060/79705/4209/4665/124565/64131/7048/2355,SeAx,Up
GO:0007219,Notch signaling pathway,138,0.3862451506410337,1.5786233406908952,0.00129288632306463,0.025373481765744756,0.02091877698600647,3601,"tags=44%, list=28%, signal=32%",4851/351/23385/3955/650/3996/1050/22848/23220/8626/102/51441/4204/2624/6091/4856/1272/2296/80213/3572/159686/6495/51107/375704/22905/51341/3559/23090/151636/1021/81619/9139/4853/55662/221336/56983/84231/6092/2620/307/23493/4179/3280/5664/55534/1027/26160/157285/6909/6868/57534/182/7048/3169/64783/23509/54492/6662/51162/25871/4323,SeAx,Up
GO:0048546,digestive tract morphogenesis,24,0.6302346648334578,1.8798710731046444,0.001297790754238666,0.025377451813862608,0.02092205003114737,1825,"tags=42%, list=14%, signal=36%",4851/596/8626/2263/3398/6474/1499/25836/93/4088,SeAx,Up
GO:0034501,protein localization to kinetochore,15,-0.6932454750738735,-1.9386501256786701,0.0013146252494296202,0.025430223911009533,0.020965557175397113,1999,"tags=67%, list=15%, signal=56%",55055/983/51112/7272/9184/9212/9183/283489/54908/55920,SeAx,Down
GO:1903083,protein localization to condensed chromosome,15,-0.6932454750738735,-1.9386501256786701,0.0013146252494296202,0.025430223911009533,0.020965557175397113,1999,"tags=67%, list=15%, signal=56%",55055/983/51112/7272/9184/9212/9183/283489/54908/55920,SeAx,Down
GO:0009168,purine ribonucleoside monophosphate biosynthetic process,18,-0.6400648123566189,-1.8677877883348932,0.0013080729190567224,0.025430223911009533,0.020965557175397113,2738,"tags=56%, list=21%, signal=44%",8833/10606/318/100/132/272/3251/5198/471/3614,SeAx,Down
GO:0034982,mitochondrial protein processing,12,-0.7371849662078164,-1.9541083522221845,0.0013569662562805064,0.02615552458980676,0.02156352017029211,1281,"tags=58%, list=10%, signal=53%",6687/23203/4285/9512/10730/30968/10939,SeAx,Down
GO:0043038,amino acid activation,44,-0.4778574007472818,-1.7685726915126947,0.0013643703562372783,0.026204650578692496,0.021604021336635984,2933,"tags=50%, list=23%, signal=39%",2193/6301/25973/283459/57038/10667/92935/10352/55278/79731/3735/3376/4677/2617/5188/7453/57470/23395/79587/124454/1615/10056,SeAx,Down
GO:0043542,endothelial cell migration,163,0.3746298967276914,1.5560866225058656,0.001370889278422887,0.026236487360455044,0.02163026868194679,1601,"tags=26%, list=12%, signal=23%",4851/7057/5829/3688/1647/5468/9839/493/25/54453/6678/3162/4208/4233/8817/5335/57608/9314/7026/10769/375056/4204/2260/2624/1545/6091/4856/10563/3315/3397/9475/3964/5170/348/10016/3690/154796/10014/5587/388/27086/5747/5641,SeAx,Up
GO:0110110,positive regulation of animal organ morphogenesis,21,0.6490667508909924,1.8784400741348921,0.0013842790799566361,0.02624055449073431,0.021633621764983263,3565,"tags=76%, list=27%, signal=55%",650/5579/2260/6091/1499/1435/6495/3227/6092/3207/10818/367/2247/10252/652/6662,SeAx,Up
GO:0060603,mammary gland duct morphogenesis,21,0.6490141202747144,1.8782877578151802,0.0013842790799566361,0.02624055449073431,0.021633621764983263,2014,"tags=43%, list=15%, signal=36%",10765/780/2263/9423/5727/4041/1435/6926/4488,SeAx,Up
GO:0033598,mammary gland epithelial cell proliferation,23,0.6179835213362285,1.832095574651642,0.001385687980333385,0.02624055449073431,0.021633621764983263,755,"tags=26%, list=6%, signal=25%",90780/10765/5594/57142/3398/6091,SeAx,Up
GO:0035137,hindlimb morphogenesis,20,0.6462792160173789,1.8407763912135262,0.0014157613421770141,0.02671630756548722,0.022025849073913282,3324,"tags=75%, list=26%, signal=56%",4851/23322/9215/8626/7291/3899/5727/1499/657/6926/4488/5915/55636/652/5307,SeAx,Up
GO:0043144,sno(s)RNA processing,12,-0.7352746949014789,-1.9490446609020442,0.001425383151293977,0.026804156332869665,0.022098274639719938,1080,"tags=83%, list=8%, signal=76%",56915/7737/1736/51010/64282/2091/118460/51574/5394/5073,SeAx,Down
GO:0010001,glial cell differentiation,176,0.37154527486005395,1.5631595474520565,0.0014331874335937608,0.026857335344116412,0.022142117258043957,2710,"tags=31%, list=21%, signal=25%",3845/4851/6659/351/23385/4192/9839/20/7161/9215/25/650/5453/5594/5076/9682/4664/22891/3398/4204/1499/27242/1272/3572/6656/1191/9968/116448/4669/5970/56288/5728/1021/10100/1031/4035/2817/3066/2043/10810/4781/23512/5454/4825/5894/7080/8320/4137/9463/3280/63827/208/57721/26227/80045,SeAx,Up
GO:0003179,heart valve morphogenesis,48,0.50936164954425045,1.762933811535457,0.0014422166582514263,0.02693302181516591,0.02220451580560473,2181,"tags=38%, list=17%, signal=31%",4193/4851/6659/650/4208/7291/6091/53834/4194/9475/657/4669/4091/4853/5925/6092/4772/23493,SeAx,Up
GO:0070900,mitochondrial tRNA modification,10,-0.7706349362781068,-1.9508139715562942,0.001459077436644394,0.026967948375239022,0.02223331047114583,2333,"tags=70%, list=18%, signal=58%",25821/54802/80324/57570/3028/84881/79828,SeAx,Down
GO:1900864,mitochondrial RNA modification,10,-0.7706349362781068,-1.9508139715562942,0.001459077436644394,0.026967948375239022,0.02223331047114583,2333,"tags=70%, list=18%, signal=58%",25821/54802/80324/57570/3028/84881/79828,SeAx,Down
GO:0072088,nephron epithelium morphogenesis,49,0.5010572271958246,1.7410397013454788,0.0014532596648230297,0.026967948375239022,0.02223331047114583,3565,"tags=49%, list=27%, signal=36%",84445/596/650/3217/5076/55366/5727/1499/6495/1739/2297/9955/170690/7849/5311/3280/3207/3975/2247/2138/6772/652/5087/6662,SeAx,Up
GO:0033151,V(D)J recombination,15,-0.6905505606281077,-1.9311138395912344,0.0014746627695907963,0.026993109818477155,0.022254054436227327,1615,"tags=40%, list=12%, signal=35%",472/78996/7528/3146/51176/64919,SeAx,Down
GO:0072078,nephron tubule morphogenesis,47,0.5068015514796911,1.7484955985936295,0.0014657647817098922,0.026993109818477155,0.022254054436227327,3565,"tags=49%, list=27%, signal=36%",84445/596/650/3217/5076/55366/5727/1499/6495/1739/2297/9955/170690/7849/5311/3280/3207/3975/2247/2138/652/5087/6662,SeAx,Up
GO:0048667,cell morphogenesis involved in neuron differentiation,421,0.30799217308976434,1.3920423270663365,0.0014754432826479082,0.026993109818477155,0.022254054436227327,3497,"tags=36%, list=27%, signal=27%",23654/25987/26115/4851/596/351/7204/23191/3688/84628/23022/10160/25/3996/7345/65981/107/4208/57142/2263/1501/5076/8633/5364/80208/22891/9423/1952/25942/54664/9820/25894/22902/5727/3073/1627/55701/6474/6091/6498/1272/9693/7976/1951/23181/10642/55740/23043/334/1385/26053/23767/348/7337/26128/23327/4734/27023/2131/57698/56288/115703/63923/10211/5728/2048/2664/9912/9355/8301/5747/4853/1946/9024/1523/59277/5925/57463/4756/57520/284656/2115/2043/51393/6092/25861/333/23334/1945/57465/4781/10500/8408/5454/2297/10505/4825/84879/7080/8482/4137/8609/3800/8941/219699/11078/4135/85358/5754/3280/5530/54413/2017/1813/659/2011/4858/55558/3975/4205/144165/4038/56965/3676/23111/6868/7436/7869/85442/4133/170302/115557/140578/9175/2064/5797/10611/120114/9638/23129/4929/22903/3196/1948/84446/26257/9762/157657/1959/6792/8543/118813/5802,SeAx,Up
GO:0042797,tRNA transcription by RNA polymerase III,12,-0.7337087764681463,-1.9448937701083604,0.0014938001165122426,0.027236619016272206,0.02245481185098595,2006,"tags=50%, list=15%, signal=42%",5441/661/2975/9330/55718/5434,SeAx,Down
GO:0001709,cell fate determination,23,0.6156522651331602,1.825184250926075,0.0015055301444078662,0.027358067977674257,0.022554938580230555,3301,"tags=57%, list=25%, signal=42%",4208/5076/9314/2624/5727/1499/4853/4170/56603/3280/6909/182/652,SeAx,Up
GO:0009141,nucleoside triphosphate metabolic process,218,-0.29254962226253467,-1.3904654707772048,0.0015240510235381929,0.0276016891746162,0.022755788330964116,2683,"tags=33%, list=21%, signal=27%",10845/4709/4707/114789/3607/4728/10476/226/515/318/4509/4508/5663/5223/195827/50808/7371/2821/374291/509/100/4702/7114/4725/790/132/79077/4705/55526/4719/9551/706/55270/9611/204/2584/8473/506/9556/4976/669/7298/513/4694/54539/4708/3091/2475/65220/64802/1841/11164/4706/518/29789/402/498/8505/2023/3099/10632/5901/3939/11182/6392/3312/6390/30968/5230/3098/93974/3614,SeAx,Down
GO:1903509,liposaccharide metabolic process,84,0.4283450879015379,1.6345362037411708,0.0015398713296337456,0.02779493500345594,0.02291510688386496,1449,"tags=30%, list=11%, signal=27%",2760/2583/2517/3074/20/9215/51604/64781/2720/338596/313/8733/3073/950/6609/4758/6483/93183/5279/93210/4669/8703/53947/5562/94005,SeAx,Up
GO:0060441,epithelial tube branching involved in lung morphogenesis,23,0.6151190587163925,1.8236034885225345,0.001550618563936991,0.027895627965226464,0.022998121648286532,3565,"tags=70%, list=27%, signal=51%",3845/1522/2263/1499/10253/2131/9231/7080/9620/3202/6909/1512/10252/3169/652/6662,SeAx,Up
GO:0035567,non-canonical Wnt signaling pathway,49,0.4998164893592696,1.7367284695836036,0.0015661307836194085,0.028081089166757302,0.023151022284872317,2804,"tags=43%, list=22%, signal=34%",81029/25/51701/84133/54903/1952/7976/1951/1454/8321/9968/2535/115908/9863/57822/8324/8323/81839/5754/9620/144165,SeAx,Up
GO:0009127,purine nucleoside monophosphate biosynthetic process,20,-0.6224466143745787,-1.8696482355988602,0.001581089771167339,0.028218853724389814,0.023264600156616393,2738,"tags=50%, list=21%, signal=40%",8833/10606/318/100/132/272/3251/5198/471/3614,SeAx,Down
GO:0030574,collagen catabolic process,20,0.6432470052263752,1.8321398423366204,0.0015842713875282776,0.028218853724389814,0.023264600156616393,3601,"tags=60%, list=28%, signal=43%",1508/3688/1471/54463/1520/9902/1514/4324/4325/162427/64115/4323,SeAx,Up
GO:0007162,negative regulation of cell adhesion,208,0.35071654891164006,1.4933432108879992,0.0016223971721786277,0.028716435884362963,0.023674824119286987,2715,"tags=29%, list=21%, signal=23%",23654/942/56940/7805/861/4851/7057/51043/23603/5074/4192/64600/81/3123/25/650/84695/102/5364/8573/9314/51441/375056/1029/1545/27242/5420/90102/941/1739/3559/5573/5728/55824/2048/3077/5747/10859/91663/1946/9231/9306/2192/2043/65125/1843/8324/6693/9655/5621/10385/6695/1845/10395/5340/8651/53616/284/55558/4155,SeAx,Up
GO:0009259,ribonucleotide metabolic process,364,-0.2643682403388894,-1.3444375786306129,0.0016228484240746164,0.028716435884362963,0.023674824119286987,2706,"tags=32%, list=21%, signal=26%",254552/957/3156/10845/23417/4709/4707/114789/3607/10606/4728/10476/6785/226/515/318/4509/4508/390916/5663/5223/3094/195827/50808/7371/2821/8459/374291/8801/509/100/55229/4702/30833/7114/4725/2182/790/132/4882/9061/32/2180/4705/79621/283927/64087/55526/4597/4719/51703/5162/9551/706/113/9611/204/2584/8473/506/9556/4976/53343/51292/5151/669/197322/513/272/5165/4694/2181/54539/8050/4708/79877/3091/2475/1743/65220/4860/4522/8803/64802/38/11164/1738/23597/4706/518/3251/29789/402/498/8505/5198/2023/3099/10632/5901/3939/11182/6392/11163/3312/6390/5160/471/1737/30968/11332/5230/3098/93974/109/3614,SeAx,Down
GO:0006177,GMP biosynthetic process,13,-0.7122790734147456,-1.91359651067265,0.0016363216872563435,0.028766215459682366,0.023715864124918787,2738,"tags=62%, list=21%, signal=49%",8833/10606/100/132/3251/5198/471/3614,SeAx,Down
GO:0048638,regulation of developmental growth,226,0.348250139852965,1.4911036525280783,0.0016355700094702553,0.028766215459682366,0.023715864124918787,3115,"tags=36%, list=24%, signal=28%",861/7093/4851/596/10409/351/23191/375790/7161/25/4208/57142/1848/79068/2263/9423/2066/25942/4204/2260/22902/5727/1435/2296/25836/6495/1385/26524/348/657/6788/23327/57698/7430/23286/5728/2664/8455/84258/1026/27086/154/5641/23236/1946/3481/51393/7049/55841/28982/10370/10500/8408/5454/10505/23493/4825/84879/10018/8482/4137/8879/5830/2017/3574/1027/1813/659/5997/2261/55558/6909/367/23111/55636/7869/4133/170302/114804/153/2247/9175,SeAx,Up
GO:0042147,"retrograde transport, endosome to Golgi",84,-0.3871214368435913,-1.595133776093035,0.0016597431876804406,0.029083227220491358,0.023977219597830564,1922,"tags=31%, list=15%, signal=27%",7874/27131/55275/80148/374403/51479/200576/84910/23258/54497/387680/25938/400/7879/10490/51272/9779/112936/9559/63893/9367/29934/55111/58533/55737/55658,SeAx,Down
GO:0001958,endochondral ossification,23,0.6116900123057492,1.813437617528708,0.0017011595353118142,0.029534518616796946,0.024349279852003684,3601,"tags=70%, list=28%, signal=50%",4208/8817/4664/54928/2296/3636/55790/2131/875/860/4325/2261/4209/4665/652/4323,SeAx,Up
GO:0036075,replacement ossification,23,0.6116900123057492,1.813437617528708,0.0017011595353118142,0.029534518616796946,0.024349279852003684,3601,"tags=70%, list=28%, signal=50%",4208/8817/4664/54928/2296/3636/55790/2131/875/860/4325/2261/4209/4665/652/4323,SeAx,Up
GO:0000723,telomere maintenance,149,-0.33002646916337675,-1.5093744448752724,0.001701915006452446,0.029534518616796946,0.024349279852003684,2782,"tags=39%, list=21%, signal=31%",1736/5888/10111/23293/55651/3181/328/1763/10575/93973/3320/65057/56252/54537/3183/80119/545/54464/7874/4683/25913/54552/4609/79677/472/86/170506/7528/79035/908/10459/54433/283899/6672/286053/64282/5976/6117/8607/23049/8658/9212/55226/7520/3326/54386/197370/80169/6118/4361/5394/4798/10728/5073/6950/50485/54984/23137,SeAx,Down
GO:0048839,inner ear development,119,0.4026811330759138,1.6072445627828316,0.0017338255493886984,0.029991847724521813,0.024726317804541258,3376,"tags=45%, list=26%, signal=33%",25987/4851/23322/650/4646/1050/26018/102/2263/5076/54903/5298/9423/26020/2260/2624/7976/10253/6495/4669/2535/2048/613/3198/115908/6899/1687/2043/25861/57822/6926/7020/220/140469/8323/23493/90410/7849/11078/5754/3280/8516/1027/6909/55636/9261/2561/2247/182/9497/2138/652/11020,SeAx,Up
GO:0048732,gland development,310,0.32306408136759923,1.4310130988605163,0.0017427570595430094,0.030050031470778345,0.024774286499708427,2893,"tags=31%, list=22%, signal=25%",540/4851/596/51043/5660/55870/23322/23705/4192/171023/3988/90780/25/5324/650/10765/5594/1050/1374/57142/4233/8626/780/6496/2263/1399/9480/9423/2066/3398/3082/55840/2260/2624/1545/5727/6715/6091/1499/4041/1435/1030/2296/8660/7039/6495/1385/7337/25807/657/4669/5308/27023/5970/2131/4124/144455/3219/4830/4853/3481/9420/59277/6899/4088/9095/7049/6926/55959/3673/4781/10370/4488/220/3184/5454/5894/10018/7080/8792/7849/5311/3280/208/1027/1813/3207/3202/3200/5154/10116/10818/6909/2288/367/54206,SeAx,Up
GO:0009124,nucleoside monophosphate biosynthetic process,37,-0.5073685342258307,-1.809373738201141,0.0017708138807294679,0.030386043727668937,0.02505130663952812,2738,"tags=43%, list=21%, signal=34%",8833/10606/318/7371/100/790/132/7298/272/6470/5631/3251/5198/5634/471/3614,SeAx,Down
GO:0050804,modulation of chemical synaptic transmission,307,0.31889124444988354,1.4096110380255622,0.001773504497723868,0.030386043727668937,0.02505130663952812,1668,"tags=20%, list=13%, signal=18%",3845/5327/8878/5217/351/7204/23385/23191/3688/3092/84628/9215/25/147381/440279/5594/107/4208/57142/952/8573/23228/5335/23085/10769/2149/5579/4204/23208/1627/6536/23557/773/5566/9693/8973/57555/57616/9746/348/7337/9465/590/1268/8541/9783/7779/10211/2905/5728/2048/57617/613/9912/57406/9381/54434/154/5641/23236/22849/128977,SeAx,Up
GO:0071560,cellular response to transforming growth factor beta stimulus,200,0.3518677042829365,1.4944158883947485,0.0017874778250594448,0.03052853741090451,0.02516878336617679,1906,"tags=23%, list=15%, signal=20%",56940/7157/7057/83891/5829/9315/4921/753/5468/2033/9839/5139/25/650/51701/11171/4208/2263/1399/9480/4052/4093/142/4086/25942/135228/6498/1281/3397/1030/10253/3248/678/26524/5170/657/51341/8692/4091/5747/5796/3066/54778/4088/7049/4772,SeAx,Up
GO:0051131,chaperone-mediated protein complex assembly,18,-0.6322964310896177,-1.84511869704051,0.0017942483424027427,0.030547502536112308,0.025184418872111553,1270,"tags=44%, list=10%, signal=40%",3308/8624/3329/3326/9361/10728/166379/56984,SeAx,Down
GO:0000375,"RNA splicing, via transesterification reactions",280,-0.2817054051071842,-1.3812717026494385,0.0018012731769050632,0.03057066457785103,0.025203514461362802,2754,"tags=32%, list=21%, signal=26%",1665/51759/8233/6733/3181/6633/6626/6631/57035/25949/79084/84991/6627/51631/9785/1653/51639/58509/5411/199746/10084/27336/10465/143884/3183/6432/8487/55696/50628/8570/4809/10421/58517/11193/55702/57461/11338/57703/10285/1207/51634/26528/2332/10569/338657/55234/10212/9444/7375/10236/6732/8896/54496/8683/10656/54960/10284/51690/79066/10659/10179/220988/5976/23450/10492/53938/22938/9904/79833/9775/4691/84811/51574/8175/3185/25929/6632/5394/5935/10594/55660/65109/10250/51503/10929/3312/25804/4928/28960/708,SeAx,Down
GO:1902476,chloride transmembrane transport,53,0.4971255656151362,1.7392940780351456,0.0018200915468764129,0.030696981495287504,0.025307654502126964,960,"tags=21%, list=7%, signal=19%",9990/6509/80727/284129/10723/94015/53405/57719/84561/23155/55129,SeAx,Up
GO:0001942,hair follicle development,61,0.47202567326233347,1.7002798538643644,0.0018153664882701443,0.030696981495287504,0.025307654502126964,2807,"tags=41%, list=22%, signal=32%",4851/596/54888/11005/8626/2263/55366/135228/1499/7976/55504/92344/4669/5970/2131/9355/3066/10855/4488/8323/26133/50814/11166/5154/4038,SeAx,Up
GO:1990845,adaptive thermogenesis,132,0.38190487786061167,1.5501161871004623,0.0018277417424172584,0.03072997565054811,0.025334856026226437,1867,"tags=27%, list=14%, signal=23%",2171/1152/4851/51043/3988/3662/291/23228/2778/55366/7090/79602/94097/338557/10644/56034/3397/6653/79071/170394/5565/9658/8809/3953/7253/23090/9673/10912/57406/154/58488/5925/93/51393/7840,SeAx,Up
GO:0009152,purine ribonucleotide biosynthetic process,182,-0.316753800028716,-1.4788144779768397,0.0018421359427114518,0.03087580025718542,0.025455078881468807,2670,"tags=35%, list=21%, signal=28%",23417/4709/4707/10606/4728/10476/6785/226/515/318/4509/4508/50808/374291/509/100/55229/4702/7114/4725/2182/132/4882/9061/32/2180/4705/4719/51703/5162/9551/113/204/506/9556/197322/513/272/5165/4694/2181/54539/8050/4708/79877/4522/38/1738/4706/518/3251/498/5198/2023/10632/6392/6390/5160/471/1737/30968/11332/109/3614,SeAx,Down
GO:0046470,phosphatidylcholine metabolic process,55,0.4855349229262553,1.710183316363308,0.0018594421541462025,0.03106937865612091,0.02561467161667264,687,"tags=20%, list=5%, signal=19%",2171/9926/64600/23446/824/10162/11145/341/63874/4204/254531,SeAx,Up
GO:1903038,negative regulation of leukocyte cell-cell adhesion,99,0.4028295587763314,1.5755957231139608,0.0018831042107622135,0.03136763402927058,0.02586056367411266,2412,"tags=28%, list=19%, signal=23%",942/56940/7805/861/51043/5074/4192/64600/3123/84695/9314/375056/27242/941/1739/3559/5573/55824/3077/10859/9231/9306/65125/6693/9655/5621/10385/1845,SeAx,Up
GO:0007623,circadian rhythm,162,0.36423793569098384,1.5141706367260324,0.0019040826758611332,0.03161948985114626,0.02606820233478546,2741,"tags=33%, list=21%, signal=26%",7157/4783/6095/5468/2033/3399/23239/5927/107/8204/142/3398/25942/55366/50865/5971/64839/3397/7071/9475/1454/1385/4704/79365/7337/4669/285382/10499/5562/60675/5728/3363/3066/114781/83759/56938/22992/9975/2776/8914/124626/3184/6096/2673/7080/8553/8792/148523/23064/1813/3192/80045/406,SeAx,Up
GO:0071027,nuclear RNA surveillance,14,-0.6873398154534515,-1.8744027254219418,0.0019169508047770039,0.03167674415807197,0.026115404767984202,2503,"tags=57%, list=19%, signal=46%",51010/54464/84186/23016/80335/118460/5394/11340,SeAx,Down
GO:0051147,regulation of muscle cell differentiation,100,0.41611068960561226,1.6301304744507645,0.0019310077502326622,0.03167674415807197,0.026115404767984202,1931,"tags=27%, list=15%, signal=23%",22954/4193/4851/596/9759/6830/650/3915/4811/4208/4773/2263/3398/4086/4204/6474/4856/79365/657/10014/5587/27086/4853/3481/6899/4772/8324,SeAx,Up
GO:0031345,negative regulation of cell projection organization,146,0.37757738817401076,1.5539336803456802,0.0019272091860942646,0.03167674415807197,0.026115404767984202,2974,"tags=36%, list=23%, signal=28%",25987/22954/4193/5217/83999/7025/57142/952/22891/9423/22902/5793/23557/567/9693/8934/10253/653464/348/7337/5728/349667/81618/2048/2664/9912/9139/2580/3066/4756/2043/83478/10500/8408/115704/10505/23251/5621/8482/6695/29116/3280/11075/5530/2316/55558/157285/117177/4038/2288/23111/7869/4133,SeAx,Up
GO:0030335,positive regulation of cell migration,398,0.30076144480961065,1.3521511140849594,0.0019263150082817417,0.03167674415807197,0.026115404767984202,2068,"tags=24%, list=16%, signal=20%",22954/4193/4851/596/7057/351/3688/4921/4192/3592/81029/81/27/25/650/54453/3627/6678/5594/3162/57142/4233/3685/8817/6282/102/1399/5335/57608/79567/10769/9480/2149/375056/153769/3082/7291/8895/2549/2260/2624/22902/1545/3570/10563/5175/3315/6346/56034/9693/1435/9943/25836/83692/8660/5420/10253/58494/9475/653464/5170/9510/10795/3552/10016/57698/3690/1901/5587/2048/2621/388/27086/54434/5747/5641/91663/54566/1230/100287171/29108/4088/2043/7049/65125/1236/57343/3673/57465/58191/10500/23328/284361/6693,SeAx,Up
GO:0009150,purine ribonucleotide metabolic process,348,-0.266865504006922,-1.3414373864564721,0.0020414095096942912,0.03338632461763664,0.02752484209721776,2706,"tags=32%, list=21%, signal=26%",254552/3156/10845/23417/4709/4707/114789/3607/10606/4728/10476/6785/226/515/318/4509/4508/390916/5663/5223/3094/195827/50808/2821/8459/374291/8801/509/100/55229/4702/30833/7114/4725/2182/132/4882/9061/32/2180/4705/283927/64087/55526/4597/4719/51703/5162/9551/706/113/9611/204/2584/8473/506/9556/4976/53343/51292/5151/669/197322/513/272/5165/4694/2181/54539/8050/4708/79877/3091/2475/1743/65220/4860/4522/8803/64802/38/11164/1738/23597/4706/518/3251/29789/402/498/8505/5198/2023/3099/10632/5901/3939/11182/6392/11163/3312/6390/5160/471/1737/30968/11332/5230/3098/93974/109/3614,SeAx,Down
GO:0048708,astrocyte differentiation,59,0.4797978292466271,1.7221941971510835,0.0020612356901586392,0.03360872815645371,0.02770819927588033,2280,"tags=34%, list=18%, signal=28%",3845/4851/351/9839/9215/25/650/5594/9682/3398/4204/3572/4669/1021/10100/4035/2043/5454/8320/4137,SeAx,Up
GO:0040036,regulation of fibroblast growth factor receptor signaling pathway,20,0.6364347704849354,1.812736772312611,0.0021072203672036264,0.03425502506565654,0.028241028827424634,2191,"tags=50%, list=17%, signal=42%",7057/3688/1499/25778/10253/2817/55959/27020/387914/860,SeAx,Up
GO:0035136,forelimb morphogenesis,24,0.6176108809366846,1.8422167079850436,0.0021202836381046526,0.03436387626081325,0.028330769521948365,2673,"tags=46%, list=21%, signal=36%",23322/8626/7291/6474/1499/25836/6926/7020/4488/860/3207,SeAx,Up
GO:0055088,lipid homeostasis,107,0.3977263392836226,1.5671460450696149,0.0021417421420734713,0.03460773155919319,0.028531812274013753,3085,"tags=36%, list=24%, signal=27%",25987/6095/5468/20/3988/215/1050/7391/6646/57142/63874/23461/4041/8660/51474/348/128486/100127206/84649/5562/9420/9975/80339/100133941/22913/51099/19/29116/94103/114899/9969/6296/26119/54206/9734/1645/116238/340895,SeAx,Up
GO:0006839,mitochondrial transport,156,-0.32396435783256483,-1.489698100094551,0.0021837334470930663,0.035180923623765015,0.029004371660211754,2382,"tags=35%, list=18%, signal=29%",29957/92609/5663/3320/79714/8604/26515/80273/1267/115286/10166/29074/23788/10651/26520/55750/134266/11194/90550/22/26521/131474/94081/79594/10245/29928/10452/117145/3308/26519/9512/152926/6548/1386/158234/28978/664/29103/3329/578/26517/10469/10105/7416/119559/3099/55737/9131/100287932/84275/292/10939/93974/64116,SeAx,Down
GO:0021536,diencephalon development,42,0.5158690561287176,1.7457594158238394,0.0022433609726185528,0.036033985622685505,0.02970766551146185,3324,"tags=52%, list=26%, signal=39%",650/6496/4204/2624/6715/1499/1385/657/5308/27023/79625/9095/5454/7080/3280/1813/55558/170302/2247/4929/652/5307,SeAx,Up
GO:0006401,RNA catabolic process,264,-0.2845863183200126,-1.389649311544632,0.0022691026698877744,0.03633930892992379,0.029959384618508892,2095,"tags=28%, list=16%, signal=24%",3183/80149/10957/114609/54464/8570/167153/4939/2081/26058/79621/6741/23435/2107/219988/472/55132/2332/170506/9444/6050/23367/84186/91875/51690/9337/79066/23019/23016/84305/64282/10179/5976/10492/124245/51092/26135/80335/81892/4292/23049/6093/340152/22894/9775/9704/56006/54555/79882/118460/23405/23185/550643/23034/10247/207/6832/55795/5511/5394/8882/51154/11340/65109/60528/5073/79675/9125/55629/25804/27044/2935/28960,SeAx,Down
GO:0071044,histone mRNA catabolic process,11,-0.7225703056963494,-1.8772376974021132,0.002286256942193799,0.036505706263372587,0.030096568342115194,1975,"tags=73%, list=15%, signal=62%",55149/54464/167153/6741/472/64282/5976/5394,SeAx,Down
GO:0072595,maintenance of protein localization in organelle,38,-0.5003594502172806,-1.8119600598813708,0.0023352476815362852,0.037058928436760556,0.030552663858515326,2244,"tags=45%, list=17%, signal=37%",6500/23345/51141/81573/706/1020/7295/11079/6672/10959/11315/10945/207/402/3099/25792/3098,SeAx,Down
GO:0031128,developmental induction,20,0.6319188351217678,1.799874178259236,0.0023533149543736947,0.037058928436760556,0.030552663858515326,3565,"tags=75%, list=27%, signal=55%",650/2260/6091/1499/6495/3227/6092/7080/3207/10818/367/2247/10252/652/6662,SeAx,Up
GO:0022404,molting cycle process,63,0.4596593179603219,1.661947678768924,0.002344453734732398,0.037058928436760556,0.030552663858515326,2807,"tags=41%, list=22%, signal=33%",4851/596/54888/26018/11005/8626/2263/55366/135228/1499/7976/55504/92344/4669/5970/2131/9355/3066/10855/4488/8323/26133/50814/11166/5154/4038,SeAx,Up
GO:0022405,hair cycle process,63,0.4596593179603219,1.661947678768924,0.002344453734732398,0.037058928436760556,0.030552663858515326,2807,"tags=41%, list=22%, signal=33%",4851/596/54888/26018/11005/8626/2263/55366/135228/1499/7976/55504/92344/4669/5970/2131/9355/3066/10855/4488/8323/26133/50814/11166/5154/4038,SeAx,Up
GO:1990830,cellular response to leukemia inhibitory factor,85,-0.376200069017774,-1.5557866982668802,0.0023552366970185047,0.037058928436760556,0.030552663858515326,2116,"tags=33%, list=16%, signal=28%",2494/6432/9021/688/54941/131474/29887/5916/1491/7037/587/129401/9945/11235/5826/51444/10678/4691/9806/7520/2731/8731/3720/3099/6723/11156/84159/292,SeAx,Down
GO:0071025,RNA surveillance,17,-0.6356874809378638,-1.8408403021620616,0.002384368244043815,0.03728152782095846,0.030736182498891474,2503,"tags=53%, list=19%, signal=43%",51010/54464/84186/23016/80335/118460/6832/5394/11340,SeAx,Down
GO:0003170,heart valve development,58,0.4801236867010511,1.713267876028245,0.0024040713192303395,0.03728152782095846,0.030736182498891474,1906,"tags=33%, list=15%, signal=28%",639/4193/4851/6659/650/4208/7291/6474/6091/53834/4194/9475/657/4669/4091/4853/5925/6092/4772,SeAx,Up
GO:0043414,macromolecule methylation,164,-0.3119670682619555,-1.447249279134974,0.0023829668525314346,0.03728152782095846,0.030736182498891474,2693,"tags=33%, list=21%, signal=26%",131965/6633/91893/127253/221078/1787/29063/387893/25821/84705/27292/79872/51106/115286/81627/54737/5926/93587/55695/113802/64863/2107/11176/55798/91801/54496/29081/23463/3276/115708/151194/79066/4297/2091/158234/28989/55471/57570/3028/51574/2146/24140/6632/53615/207/8731/55178/23347/25940/84193/54815/79828/5110/2935,SeAx,Down
GO:0009260,ribonucleotide biosynthetic process,194,-0.30648074458343566,-1.4425703877395915,0.0024177385097897837,0.03728152782095846,0.030736182498891474,2670,"tags=34%, list=21%, signal=27%",23417/4709/4707/10606/4728/10476/6785/226/515/318/4509/4508/50808/7371/374291/509/100/55229/4702/7114/4725/2182/790/132/4882/9061/32/2180/4705/4719/51703/5162/9551/113/204/506/9556/197322/513/272/5165/4694/2181/54539/8050/4708/79877/4522/38/1738/4706/518/3251/498/5198/2023/10632/6392/6390/5160/471/1737/30968/11332/109/3614,SeAx,Down
GO:0032259,methylation,226,-0.28714324894336113,-1.3808114358592083,0.002407144863110857,0.03728152782095846,0.030736182498891474,2693,"tags=32%, list=21%, signal=26%",131965/6633/9739/110599564/51611/91893/56980/127253/221078/1787/29063/387893/25821/84705/27292/79872/51106/115286/81627/54737/5926/93587/55695/113802/64863/6839/79723/60487/2107/114826/11176/10196/7799/55798/91801/54496/29081/84274/23463/3276/115708/10400/64745/23378/151194/7298/79066/4297/2091/158234/28989/55471/57570/79624/3028/51574/2146/24140/133383/6632/53615/207/51108/8731/55178/23347/25940/84193/54815/79828/1312/5110/2935,SeAx,Down
GO:0000377,"RNA splicing, via transesterification reactions with bulged adenosine as nucleophile",276,-0.2795275712906227,-1.3667698318388797,0.0024170876266195857,0.03728152782095846,0.030736182498891474,2754,"tags=32%, list=21%, signal=26%",1665/51759/8233/6733/3181/6633/6626/6631/57035/25949/79084/84991/6627/51631/9785/1653/51639/58509/5411/199746/10084/27336/10465/143884/3183/6432/8487/55696/50628/4809/10421/58517/11193/55702/57461/11338/57703/1207/51634/26528/2332/10569/338657/55234/10212/9444/7375/10236/6732/8896/54496/8683/10656/54960/10284/51690/79066/10659/10179/220988/5976/23450/10492/53938/22938/9904/79833/9775/4691/84811/51574/8175/3185/25929/6632/5394/5935/10594/55660/65109/10250/51503/10929/3312/25804/4928/28960/708,SeAx,Down
GO:0000398,"mRNA splicing, via spliceosome",276,-0.2795275712906227,-1.3667698318388797,0.0024170876266195857,0.03728152782095846,0.030736182498891474,2754,"tags=32%, list=21%, signal=26%",1665/51759/8233/6733/3181/6633/6626/6631/57035/25949/79084/84991/6627/51631/9785/1653/51639/58509/5411/199746/10084/27336/10465/143884/3183/6432/8487/55696/50628/4809/10421/58517/11193/55702/57461/11338/57703/1207/51634/26528/2332/10569/338657/55234/10212/9444/7375/10236/6732/8896/54496/8683/10656/54960/10284/51690/79066/10659/10179/220988/5976/23450/10492/53938/22938/9904/79833/9775/4691/84811/51574/8175/3185/25929/6632/5394/5935/10594/55660/65109/10250/51503/10929/3312/25804/4928/28960/708,SeAx,Down
GO:0014904,myotube cell development,30,0.5771057884578938,1.8379377141449846,0.0024501911504512777,0.03767430666377648,0.03106000297783041,1014,"tags=27%, list=8%, signal=25%",596/57190/9215/4773/1827/80208/6474/6495,SeAx,Up
GO:0010092,specification of animal organ identity,24,0.6132099305613834,1.8290895035224266,0.002486369926447201,0.03812198435521461,0.031429083968577506,3598,"tags=83%, list=28%, signal=60%",650/4208/2263/5076/2260/6091/1499/6495/2131/3227/6092/7849/3207/10818/367/2247/10252/652/6604/4036,SeAx,Up
GO:0061484,hematopoietic stem cell homeostasis,16,0.6726546397756767,1.8187855102505641,0.00250712426640085,0.03832707350440883,0.03159816656488227,1268,"tags=44%, list=10%, signal=40%",9289/6659/2624/4856/8314/84662/2131,SeAx,Up
GO:0014812,muscle cell migration,65,0.4614031970095075,1.680997050485036,0.002513949234863948,0.03832707350440883,0.03159816656488227,1559,"tags=26%, list=12%, signal=23%",5327/4193/596/4921/4192/4208/780/6282/1545/4856/6653/6495/9510/657/3690/54434/4035,SeAx,Up
GO:0035904,aorta development,52,0.48821323099474073,1.703186643441176,0.0025411069696388597,0.038631983986312464,0.031849545324428345,3598,"tags=58%, list=28%, signal=42%",639/4851/6659/6091/1281/3340/6495/163/657/4669/4091/4035/6899/6092/23493/4638/5311/3280/10454/144165/6909/55636/182/7048/2138/23129/1948/2548/1959/4036,SeAx,Up
GO:0070525,tRNA threonylcarbamoyladenosine metabolic process,17,-0.6334725697312368,-1.8344263048172438,0.00256955628568712,0.03895476200520614,0.03211565470017581,2333,"tags=59%, list=18%, signal=48%",25821/54802/84520/80324/79693/55644/57570/3028/84881/79828,SeAx,Down
GO:0030857,negative regulation of epithelial cell differentiation,34,0.5519796723643304,1.7868311374630201,0.002588495303977875,0.03913195841895964,0.03226174155952964,4097,"tags=62%, list=31%, signal=42%",3845/4851/8626/1499/10253/3552/55810/6926/4488/2137/3280/10468/200734/182/10252/6772/6662/857/6431/10413/161742,SeAx,Up
GO:0030326,embryonic limb morphogenesis,85,0.4272518534970152,1.629516341522617,0.002626819036141465,0.039490090078148986,0.032556997700542364,3072,"tags=46%, list=24%, signal=35%",4851/23322/8626/54903/7291/3899/2260/5727/6474/1499/54928/4041/25836/221833/5089/7289/657/4853/3066/3227/6926/28982/7020/4488/8323/860/3226/10018/5915/56603/1387/51098/3207/144165/4038/6909/55636/221322/2768,SeAx,Up
GO:0035113,embryonic appendage morphogenesis,85,0.4272518534970152,1.629516341522617,0.002626819036141465,0.039490090078148986,0.032556997700542364,3072,"tags=46%, list=24%, signal=35%",4851/23322/8626/54903/7291/3899/2260/5727/6474/1499/54928/4041/25836/221833/5089/7289/657/4853/3066/3227/6926/28982/7020/4488/8323/860/3226/10018/5915/56603/1387/51098/3207/144165/4038/6909/55636/221322/2768,SeAx,Up
GO:0007413,axonal fasciculation,12,0.7365469123671478,1.8453038593698772,0.002656498807749525,0.039544377095297976,0.03260175379729958,2116,"tags=58%, list=16%, signal=49%",57142/27242/1268/2048/57463/2043/4685,SeAx,Up
GO:0106030,neuron projection fasciculation,12,0.7365469123671478,1.8453038593698772,0.002656498807749525,0.039544377095297976,0.03260175379729958,2116,"tags=58%, list=16%, signal=49%",57142/27242/1268/2048/57463/2043/4685,SeAx,Up
GO:0007080,mitotic metaphase chromosome alignment,57,-0.4358284441347557,-1.7145153145847991,0.0026587210787787398,0.039544377095297976,0.03260175379729958,2434,"tags=37%, list=19%, signal=30%",10403/332/1062/348235/51510/81620/84722/27436/8697/57132/5119/9212/9183/283489/8452/54908/10726/27183/3835/54984/81929,SeAx,Down
GO:0006998,nuclear envelope organization,53,-0.4409115325633319,-1.713119453558986,0.002666339190752318,0.039544377095297976,0.03260175379729958,2241,"tags=36%, list=17%, signal=30%",51510/9688/545/79188/23435/57132/80346/23175/5119/5347/124491/7443/27183/4000/5048/84823/23399/6683/1104,SeAx,Down
GO:0048812,neuron projection morphogenesis,464,0.29661862507312803,1.3564682317154688,0.0026670656406686056,0.039544377095297976,0.03260175379729958,3497,"tags=35%, list=27%, signal=26%",23654/25987/23380/26115/4851/596/351/7204/23191/3688/84628/23022/10160/25/3996/7345/65981/107/57142/780/2263/1501/5076/8633/5364/80208/22891/9423/1952/25942/54664/4204/9820/25894/22902/5727/1627/55701/6474/6091/6498/1499/1272/9693/7976/1951/23181/10642/55740/4343/23043/334/1385/26053/23767/348/7337/26128/23327/4649/4734/27023/2131/6446/57698/56288/115703/63923/10211/5728/2048/2664/9912/9355/8301/84258/5747/4853/1946/9024/63925/1523/59277/57463/4756/57520/284656/2115/2043/51393/6092/333/23334/1945/57465/4781/10500/8408/5454/4681/2297/10505/4825/84879/7080/8482/4137/8609/3800/8941/219699/4135/85358/5754/5530/54413/2017/84298/1813/659/2011/4858/28988/55558/3975/4205/144165/4038/56965/3676/23111/6868/7436/2823/7869/85442/4133/170302/115557/114804/51299/140578/9175/2064/5797/10611/9638/23129/4929/22903/3196/8904/1948/84446/26257/4752/9762/1959/6792/8543/118813/5802,SeAx,Up
GO:0050678,regulation of epithelial cell proliferation,241,0.3362244645935882,1.4501463397393641,0.0026786616757220783,0.03960749880512892,0.03265379352062646,3410,"tags=36%, list=26%, signal=27%",4851/7057/5468/4192/3592/79805/90780/10765/3915/6678/3162/4208/57142/8626/1232/2263/5076/8573/5335/4163/57608/7026/7291/55840/2260/2624/5727/135228/6091/567/1499/1030/8660/7039/6495/5170/79577/348/657/1739/6788/10016/3690/5587/1021/4830/5796/4853/637/3481/9420/5925/6899/4088/7049/8324/55959/57343/4781/284361/860/55109/3280/1027/1813/26160/51098/3202/282679/10818/3676/367/6868/253260/170302/2247/2064/7051/5797/182/2138/6772/652/4763/1948/7046/26257,SeAx,Up
GO:0009144,purine nucleoside triphosphate metabolic process,204,-0.2925793472296293,-1.381526457280658,0.0027217657401282253,0.04013488988926785,0.03308859299258558,2683,"tags=33%, list=21%, signal=26%",10845/4709/4707/114789/3607/4728/10476/226/515/318/4509/4508/5663/5223/195827/50808/2821/374291/509/100/4702/7114/4725/132/4705/55526/4719/9551/706/55270/9611/204/2584/8473/506/9556/4976/669/513/4694/54539/4708/3091/2475/65220/64802/11164/4706/518/29789/402/498/8505/2023/3099/10632/5901/3939/11182/6392/3312/6390/30968/5230/3098/93974/3614,SeAx,Down
GO:0060070,canonical Wnt signaling pathway,229,0.3399490597879823,1.4592204795914723,0.0027599624408406074,0.040587240580972093,0.033461526566566036,2505,"tags=30%, list=19%, signal=24%",84445/4851/6659/3487/4192/9839/81029/90780/7091/83999/83786/90268/650/607/65981/4811/84133/2263/1501/261734/4163/9314/27303/54903/55366/7090/1499/85409/4041/7976/9679/10076/643965/1454/26524/8321/84327/348/6788/2535/2131/63923/5728/6907/139285/252839/83439/51366/115908/4088/65125/2776/81847/8324/55959/10023/3087/8323/2297/8994/90410/7088/9736/147906/5754/3836/4040/9978,SeAx,Up
GO:0009083,branched-chain amino acid catabolic process,21,-0.581469934082621,-1.7743593081811753,0.0028151885155498833,0.040928053158515186,0.033742504256954395,2665,"tags=62%, list=20%, signal=49%",4329/594/36/27034/64087/3155/587/152926/3028/10295/38/1738/56922,SeAx,Down
GO:0008340,determination of adult lifespan,28,0.568382622167573,1.7666505782560074,0.0028176543090806644,0.040928053158515186,0.033742504256954395,1329,"tags=29%, list=10%, signal=26%",7157/1822/2583/3988/9215/8626/4669/6448,SeAx,Up
GO:0071675,regulation of mononuclear cell migration,98,0.4127273122759344,1.608975689665207,0.0027956131324057224,0.040928053158515186,0.033742504256954395,2106,"tags=32%, list=16%, signal=27%",7057/351/4192/3592/27/25/3627/5594/102/1399/375056/4856/10563/6346/1435/9943/83692/58494/3690/257144/2621/5747/5641/23236/1230/29108/65125/1843/1236/6693/4681,SeAx,Up
GO:0007265,Ras protein signal transduction,100,0.40986154036773553,1.6056491792893528,0.0028157083754219545,0.040928053158515186,0.033742504256954395,1827,"tags=28%, list=14%, signal=24%",3845/7157/8878/4851/115727/23179/1796/25780/1399/10769/9423/23636/1029/9693/1435/10253/5337/8844/57698/2048/1026/84144/2889/4853/5925/5900/8216/55103,SeAx,Up
GO:0051962,positive regulation of nervous system development,200,0.34474411654700055,1.4641613280432917,0.0028210553594529646,0.040928053158515186,0.033742504256954395,2850,"tags=30%, list=22%, signal=24%",23654/3845/22954/50937/4851/23191/3688/375790/4192/7161/5324/650/147381/65981/5364/22891/9423/3398/4204/9820/22902/1627/6474/6091/6498/1499/7976/3572/57555/9746/23767/5970/57698/4124/2048/2664/1946/9231/3066/63925/1523/57463/2043/51393/6092/57465/27020/4825/8482/4137/4135/85358/3280/63827/54413/1813/659/55558/56965/2119/10636,SeAx,Up
GO:0071559,response to transforming growth factor beta,205,0.3429580378479259,1.4604142674573084,0.002894883112745858,0.041886552706405886,0.0345327244746063,1906,"tags=23%, list=15%, signal=20%",56940/7157/7057/83891/5829/9315/4921/753/5468/2033/9839/5139/25/650/51701/11171/4208/2263/1399/9480/4052/4093/142/4086/25942/135228/6498/1281/3397/1030/10253/3248/9475/678/26524/5170/657/51341/8692/4091/5747/5796/3066/54778/4088/7049/4772,SeAx,Up
GO:0002683,negative regulation of immune system process,366,0.307756307032074,1.382635626934279,0.0029375810603078025,0.042390708509308046,0.03494836797613589,1754,"tags=20%, list=13%, signal=18%",942/56940/7534/7805/861/3105/8878/22954/7057/51043/5272/5074/5468/5692/54625/4192/966/64600/3123/7353/3662/1050/55080/84695/11005/3162/23220/10401/23228/5335/51441/10769/6773/55829/142/375056/3398/55366/7291/23208/2624/4856/1499/27242/56927/11274/1281/7301/5170/25807/941/1739/5734/25939/3559/7430/1268/257144/5573/55824/8887/613/1021/9290/5795/3077/23236/10859/9231/55061/9306/4068,SeAx,Up
GO:0042776,proton motive force-driven mitochondrial ATP synthesis,66,-0.40398021063286954,-1.609714981216095,0.002954134531976377,0.04251590418420402,0.03505158362572392,2777,"tags=39%, list=21%, signal=31%",4711/4709/4707/4728/10476/515/4509/4508/374291/509/4702/4725/4705/4719/9551/506/513/4694/54539/4708/4706/498/10632/6392/6390/30968,SeAx,Down
GO:0048741,skeletal muscle fiber development,27,0.5691720378852353,1.750585882040019,0.0029958208306208583,0.04300118357143822,0.03545166475653519,1014,"tags=26%, list=8%, signal=24%",596/57190/9215/1827/80208/6474/6495,SeAx,Up
GO:0048771,tissue remodeling,121,0.39003891008812275,1.5685993533873304,0.0030821029189864535,0.044122306243421464,0.03637595710890895,2987,"tags=38%, list=23%, signal=30%",7157/861/4193/4921/5468/4192/3988/1471/4208/952/2149/55366/1499/4041/2296/10609/9475/3552/3953/2131/3690/1901/613/9290/115908/154/4853/51430/93/875/56834/8792/7107/5530/54849/5340/3574/659/2316/3200/171392/23418/4286/55636/79705/7076,SeAx,Up
GO:0007179,transforming growth factor beta receptor signaling pathway,161,0.34882900073427503,1.4481455190236285,0.003094530211584141,0.04418301468761802,0.03642600725248166,1861,"tags=23%, list=14%, signal=20%",56940/7157/7057/83891/5829/9315/753/5468/2033/9839/650/51701/11171/9480/4052/4093/142/4086/25942/135228/6498/1281/3397/1030/10253/3248/26524/5170/657/51341/4091/5747/5796/3066/54778/4088/7049,SeAx,Up
GO:0035850,epithelial cell differentiation involved in kidney development,30,0.5683073010350239,1.8099167304963295,0.003139086596573766,0.04444152877857875,0.03663913522074688,3292,"tags=57%, list=25%, signal=42%",4851/10409/171023/4208/5076/1499/5420/4643/2131/4853/9863/100133941/7849/8842/3975/182/6772,SeAx,Up
GO:0002097,tRNA wobble base modification,18,-0.6143335407915067,-1.792700775457722,0.0031409057759398656,0.04444152877857875,0.03663913522074688,2550,"tags=61%, list=20%, signal=49%",348180/54859/25821/84705/81605/91801/8846/55250/134637/55140/23587,SeAx,Down
GO:0050000,chromosome localization,110,-0.3407675217768471,-1.4857115025689207,0.0031455742066735376,0.04444152877857875,0.03663913522074688,2434,"tags=30%, list=19%, signal=25%",10403/332/1062/348235/51510/81620/84722/27436/8697/81565/472/9184/54820/57132/7320/10096/5119/4292/9212/9183/283489/8452/54908/10726/27183/4000/3835/150465/54984/81929/4928/55920/1731,SeAx,Down
GO:0009199,ribonucleoside triphosphate metabolic process,204,-0.29019662809641583,-1.3702755280747094,0.0031310466132887607,0.04444152877857875,0.03663913522074688,2683,"tags=32%, list=21%, signal=26%",10845/4709/4707/114789/3607/4728/10476/226/515/318/4509/4508/5663/5223/195827/50808/7371/2821/374291/509/4702/7114/4725/790/4705/55526/4719/9551/706/9611/204/2584/8473/506/9556/4976/669/513/4694/54539/4708/3091/2475/65220/64802/11164/4706/518/29789/402/498/8505/2023/3099/10632/5901/3939/11182/6392/3312/6390/30968/5230/3098/93974/3614,SeAx,Down
GO:0099537,trans-synaptic signaling,459,0.2985786389603416,1.361452181949678,0.0031775794302810237,0.04477649134523939,0.03691528995959293,1778,"tags=19%, list=14%, signal=17%",2171/3845/9990/5327/8878/6509/5217/351/9900/7204/23385/23191/3688/3092/84628/10160/9215/25/9751/147381/440279/5594/10723/107/4208/57142/952/10052/8573/80208/23228/5335/1488/23085/10769/2149/5579/4204/8447/23208/1627/6536/23557/773/1499/5566/9693/8973/57555/64130/57616/9746/348/7337/1739/9465/2131/590/1268/63908/59340/8541/9783/7779/10211/2905/8676/5728/2048/57617/613/9912/222256/57406/9381/54434/154/5641/23236/22849/3363/128977/26258/114781/782/116841,SeAx,Up
GO:0010755,regulation of plasminogen activation,14,0.6863566024204196,1.81511908933072,0.003211342411995945,0.04513441405609926,0.03721037383636749,407,"tags=43%, list=3%, signal=42%",861/5327/7057/1522/302/2161,SeAx,Up
GO:0007218,neuropeptide signaling pathway,32,0.5582179434882307,1.792955133454282,0.003257475616573735,0.04566388546142454,0.03764688839714881,2384,"tags=34%, list=18%, signal=28%",10178/6272/84634/9693/6653/7301/4985/5970/60675/2861/11247,SeAx,Up
GO:0048333,mesodermal cell differentiation,21,0.6236091045834677,1.8047640416597086,0.0033918599241881627,0.04742452852550133,0.039098423505708656,4146,"tags=76%, list=32%, signal=52%",3688/2263/5076/9314/4086/2260/657/3690/3673/8516/3207/2138/652/3675/3624/2294,SeAx,Up
GO:0043408,regulation of MAPK cascade,447,0.30226360600413493,1.3767644939486765,0.0034042888140206643,0.04747531454591609,0.03914029325952767,1931,"tags=22%, list=15%, signal=19%",154043/56940/7534/7805/11184/50937/4851/7057/351/90441/55870/3487/1647/5468/1796/7161/3123/25/23239/4281/650/29969/5594/7345/4208/8817/1848/10550/5871/2263/1399/10178/57608/2149/57551/2066/146850/153769/3082/2260/23162/23005/7936/6091/1499/25778/4296/338557/6346/56034/9693/6464/55504/57630/10253/6609/9475/7039/23043/9618/64762/3340/8844/3552/5610/348/1739/6788/8692/3690/7430/59340/23286/9170/2048/2621/9290/5795/10174/10912/10298/154/23236/7444/4853/3481/1230/4216/29108/2192/6899/1687/2861/84231/2043/1843/1236/8324,SeAx,Up
GO:0141091,transforming growth factor beta receptor superfamily signaling pathway,244,0.3246570760701508,1.4030089741350338,0.0034445991664652353,0.04791366417889916,0.03950168387587778,3413,"tags=36%, list=26%, signal=27%",56940/7157/4851/7057/83891/5829/9315/753/5468/2033/9839/25/650/51701/56884/11171/9480/4052/4093/142/4086/25942/135228/6498/1281/3397/1030/6653/10253/3248/26524/8321/5170/3547/1655/657/51341/2131/4091/23090/3077/5747/5796/4853/3066/9863/54778/4756/93/4088/7049/10370/4488/408050/51742/4681/2297/79176/860/64388/7080/26036/222223/3280/53918/8516/1387/659/10454/90/10755/23111/6868/2339/9392/1761/5046/10468/200734/5928/7048/10252/375387/652/25805/375616/7046/285704/100507588,SeAx,Up
GO:0060742,epithelial cell differentiation involved in prostate gland development,10,0.7325388881753124,1.739530436321871,0.0034701518483791845,0.04802156288641656,0.039590639306609485,779,"tags=50%, list=6%, signal=47%",4851/5660/8626/2263/1499,SeAx,Up
GO:0006576,biogenic amine metabolic process,61,-0.41472677137774366,-1.6406358915959198,0.0034655685766073405,0.04802156288641656,0.039590639306609485,902,"tags=20%, list=7%, signal=18%",11315/6303/125061/79814/25953/3251/4946/6723/55737/136319/1312/6611,SeAx,Down
GO:0014910,regulation of smooth muscle cell migration,47,0.4886750515085178,1.6859580919009844,0.00350713423979536,0.04840921609252061,0.03991023403315382,1559,"tags=28%, list=12%, signal=24%",4193/596/4921/4192/4208/6282/1545/6653/9510/657/3690/54434/4035,SeAx,Up
GO:0099504,synaptic vesicle cycle,159,0.35792253616837566,1.4803744348950014,0.0036041001591778053,0.04949447470504482,0.040804958813029556,2245,"tags=28%, list=17%, signal=23%",5217/9900/23191/529/9751/440279/51429/8871/8573/1488/9829/5579/8447/23208/23557/1499/1176/57555/5337/163/51606/528/63908/8541/9783/8676/5728/57617/8301/9381/2580/26258/9024/114781/116841/51382/85439/1487/57465/9342/537/535/5028/28964,SeAx,Up
GO:0048858,cell projection morphogenesis,480,0.29082635294406345,1.3362795072466453,0.0036012323437916533,0.04949447470504482,0.040804958813029556,3497,"tags=34%, list=27%, signal=26%",23654/25987/23380/26115/4851/596/351/7204/23191/3688/23603/4192/84628/23022/10160/25/3996/7345/65981/107/57142/780/2263/1501/5076/8633/5364/80208/22891/9423/1952/25942/54664/4204/9820/25894/22902/5727/1627/55701/6474/6091/6498/1499/1272/9693/7976/1951/23181/10642/55740/4343/23043/334/1385/26053/23767/348/7337/26128/23327/4649/4734/27023/2131/6446/57698/56288/115703/63923/10211/5728/2048/2664/9912/9355/8301/84258/5747/4853/1946/9024/63925/1523/59277/57463/4756/57520/284656/2115/2043/51393/6092/333/23334/1945/57465/4781/10500/8408/5454/4681/2297/10505/4825/84879/7080/8482/4137/8609/3800/8941/219699/4135/85358/5754/5530/54413/2017/84298/1813/6642/659/2011/4858/28988/55558/3975/4205/144165/4038/56965/3676/23111/6868/7436/2823/7869/85442/4133/170302/115557/114804/51299/140578/9175/2064/5797/10611/9638/23129/4929/22903/3196/8904/1948/84446/26257/4752/9762/1959/6792/8543/118813/5802,SeAx,Up
GO:0045039,protein insertion into mitochondrial inner membrane,13,-0.6892348360174296,-1.8516862652077533,0.003661995846634678,0.04978285033825531,0.04104270567075377,3081,"tags=77%, list=24%, signal=59%",9868/1678/26515/26520/55750/26521/29928/26519/158234/26517,SeAx,Down
GO:0045880,positive regulation of smoothened signaling pathway,26,0.5837004100467261,1.7907840074972594,0.0036611757014138793,0.04978285033825531,0.04104270567075377,1895,"tags=42%, list=15%, signal=36%",22856/2622/6474/25989/92344/3340/137392/1495/2121/9231/80178,SeAx,Up
GO:1901606,alpha-amino acid catabolic process,54,-0.4330661796371811,-1.6731109169930005,0.0036469416058998437,0.04978285033825531,0.04104270567075377,2059,"tags=39%, list=16%, signal=33%",8659/36/27034/56267/5625/64087/2954/3155/2744/587/125061/3028/6470/1743/4942/38/10247/56922/2731/2746/2806,SeAx,Down
GO:0022900,electron transport chain,151,-0.3161669205369668,-1.4527712166757396,0.003650583984635958,0.04978285033825531,0.04104270567075377,2650,"tags=30%, list=20%, signal=24%",4709/4707/4728/6648/29958/1355/10495/57017/8604/57019/5447/374291/8659/4702/7386/4725/1349/54205/4705/128/4719/4200/10975/57215/10514/8630/7385/9167/4688/4694/4708/11315/10954/29103/1327/1528/1347/1738/4706/2731/2230/6392/84883/6390/1535,SeAx,Down
