go,term,parent,parentTerm,score,size
GO:0007156,homophilic cell adhesion via plasma membrane adhesion molecules,GO:0007156,homophilic cell adhesion via plasma membrane adhesion molecules,8.530996845678997,168
GO:0007389,pattern specification process,GO:0007389,pattern specification process,8.530996845678997,474
GO:0072001,renal system development,GO:0072001,renal system development,8.302910356607985,329
GO:0001822,kidney development,GO:0072001,renal system development,8.222222444464528,319
GO:0003002,regionalization,GO:0007389,pattern specification process,7.514453017125121,429
GO:0001763,morphogenesis of a branching structure,GO:0001763,morphogenesis of a branching structure,7.22818023489039,206
GO:0098742,cell-cell adhesion via plasma-membrane adhesion molecules,GO:0007156,homophilic cell adhesion via plasma membrane adhesion molecules,7.174142631388693,279
GO:0001501,skeletal system development,GO:0001501,skeletal system development,6.965644126555984,531
GO:0007186,G protein-coupled receptor signaling pathway,GO:0007186,G protein-coupled receptor signaling pathway,6.903410661858406,1314
GO:0043410,positive regulation of MAPK cascade,GO:0043410,positive regulation of MAPK cascade,6.903410661858406,475
GO:0061138,morphogenesis of a branching epithelium,GO:0001763,morphogenesis of a branching structure,6.7899568994690735,189
GO:0007188,adenylate cyclase-modulating G protein-coupled receptor signaling pathway,GO:0007186,G protein-coupled receptor signaling pathway,6.504822659889953,249
GO:0048754,branching morphogenesis of an epithelial tube,GO:0001763,morphogenesis of a branching structure,6.428396742299978,157
GO:0048729,tissue morphogenesis,GO:0048729,tissue morphogenesis,6.412109361608696,616
GO:0032835,glomerulus development,GO:0072001,renal system development,6.232608153180734,71
GO:0060348,bone development,GO:0001501,skeletal system development,6.211092295000987,215
GO:0048514,blood vessel morphogenesis,GO:0048514,blood vessel morphogenesis,6.211092295000987,715
GO:0090596,sensory organ morphogenesis,GO:0090596,sensory organ morphogenesis,6.209757516197485,278
GO:0045229,external encapsulating structure organization,GO:0045229,external encapsulating structure organization,6.1876153229348,334
GO:0072073,kidney epithelium development,GO:0072001,renal system development,6.1876153229348,152
GO:0072006,nephron development,GO:0072001,renal system development,6.092940418481776,158
GO:0007189,adenylate cyclase-activating G protein-coupled receptor signaling pathway,GO:0007186,G protein-coupled receptor signaling pathway,6.030478278540555,158
GO:0045165,cell fate commitment,GO:0045165,cell fate commitment,5.953637033817493,289
GO:0030198,extracellular matrix organization,GO:0045229,external encapsulating structure organization,5.845044507097803,332
GO:0007423,sensory organ development,GO:0090596,sensory organ morphogenesis,5.824101481107242,592
GO:0043062,extracellular structure organization,GO:0045229,external encapsulating structure organization,5.806248641105365,333
GO:0002250,adaptive immune response,GO:0002250,adaptive immune response,5.75030076797922,767
GO:0060441,epithelial tube branching involved in lung morphogenesis,GO:0060441,epithelial tube branching involved in lung morphogenesis,5.691772259575693,30
GO:0002252,immune effector process,GO:0002250,adaptive immune response,5.596454416835564,711
GO:0097485,neuron projection guidance,GO:0097485,neuron projection guidance,5.568451973995869,234
GO:0007411,axon guidance,GO:0097485,neuron projection guidance,5.568451973995869,234
GO:0019221,cytokine-mediated signaling pathway,GO:0019221,cytokine-mediated signaling pathway,5.314775543452757,526
GO:0043408,regulation of MAPK cascade,GO:0043410,positive regulation of MAPK cascade,5.280563684954235,669
GO:0061564,axon development,GO:0097485,neuron projection guidance,5.1971933453257915,522
GO:0030855,epithelial cell differentiation,GO:0048729,tissue morphogenesis,5.186307351808088,748
GO:0002768,immune response-regulating cell surface receptor signaling pathway,GO:0002250,adaptive immune response,5.0863889209652715,360
GO:0002429,immune response-activating cell surface receptor signaling pathway,GO:0002250,adaptive immune response,5.0863889209652715,332
GO:0045785,positive regulation of cell adhesion,GO:0007156,homophilic cell adhesion via plasma membrane adhesion molecules,5.066343698729022,485
GO:0022407,regulation of cell-cell adhesion,GO:0007156,homophilic cell adhesion via plasma membrane adhesion molecules,5.066343698729022,496
GO:0002009,morphogenesis of an epithelium,GO:0048729,tissue morphogenesis,4.970703426913041,501
GO:0001764,neuron migration,GO:0001764,neuron migration,4.952501649359013,183
GO:0007610,behavior,GO:0007610,behavior,4.952501649359013,656
GO:0002764,immune response-regulating signaling pathway,GO:0002250,adaptive immune response,4.791183288538266,528
GO:0002274,myeloid leukocyte activation,GO:0002274,myeloid leukocyte activation,4.568433959494716,241
GO:0002757,immune response-activating signaling pathway,GO:0002250,adaptive immune response,4.554388260705869,500
GO:0040013,negative regulation of locomotion,GO:0040013,negative regulation of locomotion,4.522364931201541,431
GO:0002253,activation of immune response,GO:0002250,adaptive immune response,4.4387283742044374,567
GO:0051606,detection of stimulus,GO:0051606,detection of stimulus,4.420238380652834,674
GO:0001657,ureteric bud development,GO:0072001,renal system development,4.38265288332227,99
GO:0042063,gliogenesis,GO:0042063,gliogenesis,4.357402279786233,346
GO:0044057,regulation of system process,GO:0044057,regulation of system process,4.353087437172541,565
GO:0022409,positive regulation of cell-cell adhesion,GO:0007156,homophilic cell adhesion via plasma membrane adhesion molecules,4.353087437172541,325
GO:1903037,regulation of leukocyte cell-cell adhesion,GO:0007156,homophilic cell adhesion via plasma membrane adhesion molecules,4.353087437172541,382
GO:0050865,regulation of cell activation,GO:0002274,myeloid leukocyte activation,4.353087437172541,630
GO:0002443,leukocyte mediated immunity,GO:0002250,adaptive immune response,4.325549829368869,469
GO:0072164,mesonephric tubule development,GO:0072001,renal system development,4.291731720508952,100
GO:0072163,mesonephric epithelium development,GO:0072001,renal system development,4.291731720508952,100
GO:0007159,leukocyte cell-cell adhesion,GO:0007156,homophilic cell adhesion via plasma membrane adhesion molecules,4.289791220075026,419
GO:0030900,forebrain development,GO:0042063,gliogenesis,4.287643952217142,408
GO:0099537,trans-synaptic signaling,GO:0099537,trans-synaptic signaling,4.287643952217142,764
GO:0001503,ossification,GO:0001503,ossification,4.234517635998843,446
GO:0048592,eye morphogenesis,GO:0090596,sensory organ morphogenesis,4.203295197844243,162
GO:0048667,cell morphogenesis involved in neuron differentiation,GO:0097485,neuron projection guidance,4.1991865065393466,584
GO:0040017,positive regulation of locomotion,GO:0040013,negative regulation of locomotion,4.148879214933166,621
GO:0001823,mesonephros development,GO:0072001,renal system development,4.111811827928186,104
GO:0048593,camera-type eye morphogenesis,GO:0090596,sensory organ morphogenesis,4.076596159131498,133
GO:0048598,embryonic morphogenesis,GO:0060441,epithelial tube branching involved in lung morphogenesis,4.072531165930112,618
GO:0045937,positive regulation of phosphate metabolic process,GO:0045937,positive regulation of phosphate metabolic process,4.029899521831441,702
GO:0010562,positive regulation of phosphorus metabolic process,GO:0045937,positive regulation of phosphate metabolic process,4.029899521831441,702
GO:0072009,nephron epithelium development,GO:0072001,renal system development,4.015020622721917,121
GO:0042110,T cell activation,GO:0002274,myeloid leukocyte activation,4.009565916947148,570
GO:0042327,positive regulation of phosphorylation,GO:0045937,positive regulation of phosphate metabolic process,4.004303255866933,624
GO:0051960,regulation of nervous system development,GO:0051960,regulation of nervous system development,3.9802062055529954,468
GO:0048589,developmental growth,GO:0048589,developmental growth,3.978825044392354,666
GO:0099536,synaptic signaling,GO:0099537,trans-synaptic signaling,3.978825044392354,789
GO:0007416,synapse assembly,GO:0007416,synapse assembly,3.978825044392354,208
GO:0098916,anterograde trans-synaptic signaling,GO:0099537,trans-synaptic signaling,3.9662118658557954,758
GO:0007268,chemical synaptic transmission,GO:0099537,trans-synaptic signaling,3.9662118658557954,758
GO:0043583,ear development,GO:0090596,sensory organ morphogenesis,3.961103278905521,223
GO:0050808,synapse organization,GO:0007416,synapse assembly,3.946687937151747,493
GO:0045667,regulation of osteoblast differentiation,GO:0001503,ossification,3.9140105344660587,156
GO:0071363,cellular response to growth factor stimulus,GO:0071363,cellular response to growth factor stimulus,3.9140105344660587,747
GO:0048562,embryonic organ morphogenesis,GO:0060441,epithelial tube branching involved in lung morphogenesis,3.9003946785388903,297
GO:0050727,regulation of inflammatory response,GO:0050727,regulation of inflammatory response,3.8762545996780227,425
GO:0007162,negative regulation of cell adhesion,GO:0007156,homophilic cell adhesion via plasma membrane adhesion molecules,3.8762545996780227,310
GO:0002694,regulation of leukocyte activation,GO:0002274,myeloid leukocyte activation,3.8762545996780227,573
GO:0060562,epithelial tube morphogenesis,GO:0048729,tissue morphogenesis,3.8136991349699705,335
GO:0001659,temperature homeostasis,GO:0001659,temperature homeostasis,3.7976644440854646,183
GO:2000146,negative regulation of cell motility,GO:0040013,negative regulation of locomotion,3.7976644440854646,396
GO:0050673,epithelial cell proliferation,GO:0050673,epithelial cell proliferation,3.7912884070966886,482
GO:0048771,tissue remodeling,GO:0048771,tissue remodeling,3.7844795587443696,188
GO:0007409,axonogenesis,GO:0097485,neuron projection guidance,3.7504507903612505,455
GO:0050900,leukocyte migration,GO:0001764,neuron migration,3.6697847590443953,396
GO:0042330,taxis,GO:0040013,negative regulation of locomotion,3.6697847590443953,468
GO:0006935,chemotaxis,GO:0040013,negative regulation of locomotion,3.6697847590443953,466
GO:0090130,tissue migration,GO:0090130,tissue migration,3.6697847590443953,383
GO:0034329,cell junction assembly,GO:0007416,synapse assembly,3.635625159020453,453
GO:0002263,cell activation involved in immune response,GO:0002250,adaptive immune response,3.630603965891831,305
GO:0001819,positive regulation of cytokine production,GO:0001819,positive regulation of cytokine production,3.6253445532495476,500
GO:0060485,mesenchyme development,GO:0048729,tissue morphogenesis,3.6158508383662746,336
GO:0035108,limb morphogenesis,GO:0035108,limb morphogenesis,3.5945350283647333,150
GO:0035107,appendage morphogenesis,GO:0035108,limb morphogenesis,3.5945350283647333,150
GO:0048568,embryonic organ development,GO:0060441,epithelial tube branching involved in lung morphogenesis,3.5850319203722214,455
GO:0001525,angiogenesis,GO:0048514,blood vessel morphogenesis,3.5850319203722214,625
GO:0001934,positive regulation of protein phosphorylation,GO:0045937,positive regulation of phosphate metabolic process,3.5850319203722214,579
GO:0030336,negative regulation of cell migration,GO:0040013,negative regulation of locomotion,3.5850319203722214,381
GO:0051046,regulation of secretion,GO:0051046,regulation of secretion,3.576711986367649,621
GO:0048858,cell projection morphogenesis,GO:0097485,neuron projection guidance,3.5236152733760213,668
GO:0050851,antigen receptor-mediated signaling pathway,GO:0002250,adaptive immune response,3.516488718413754,208
GO:0050866,negative regulation of cell activation,GO:0002274,myeloid leukocyte activation,3.5148762890114447,215
GO:0032102,negative regulation of response to external stimulus,GO:0032102,negative regulation of response to external stimulus,3.5148436097868205,456
GO:0048839,inner ear development,GO:0090596,sensory organ morphogenesis,3.5148436097868205,196
GO:0060840,artery development,GO:0048514,blood vessel morphogenesis,3.5148436097868205,113
GO:0043010,camera-type eye development,GO:0043010,camera-type eye development,3.5148436097868205,346
GO:0048812,neuron projection morphogenesis,GO:0097485,neuron projection guidance,3.5147765497502994,647
GO:0032526,response to retinoic acid,GO:0019221,cytokine-mediated signaling pathway,3.5139138800835883,106
GO:0050853,B cell receptor signaling pathway,GO:0002250,adaptive immune response,3.5017010988572945,78
GO:0002366,leukocyte activation involved in immune response,GO:0002250,adaptive immune response,3.5017010988572945,301
GO:0046631,alpha-beta T cell activation,GO:0002274,myeloid leukocyte activation,3.5017010988572945,181
GO:0001656,metanephros development,GO:0072001,renal system development,3.4911174515474066,93
GO:0035710,"CD4-positive, alpha-beta T cell activation",GO:0002274,myeloid leukocyte activation,3.4757515112481707,120
GO:0048705,skeletal system morphogenesis,GO:0001501,skeletal system development,3.4584474882207847,229
GO:0009611,response to wounding,GO:0050727,regulation of inflammatory response,3.4570266895122588,567
GO:0045055,regulated exocytosis,GO:0051046,regulation of secretion,3.4398460072009645,225
GO:1903530,regulation of secretion by cell,GO:0051046,regulation of secretion,3.4398460072009645,566
GO:0007169,transmembrane receptor protein tyrosine kinase signaling pathway,GO:0007169,transmembrane receptor protein tyrosine kinase signaling pathway,3.421404033444244,641
GO:0002703,regulation of leukocyte mediated immunity,GO:0002250,adaptive immune response,3.3907720035942095,246
GO:0035904,aorta development,GO:0048514,blood vessel morphogenesis,3.3888844541875254,65
GO:0022612,gland morphogenesis,GO:0090596,sensory organ morphogenesis,3.380077161334509,125
GO:0001654,eye development,GO:0043010,camera-type eye development,3.380077161334509,393
GO:0019226,transmission of nerve impulse,GO:0044057,regulation of system process,3.3774384186947426,73
GO:0002526,acute inflammatory response,GO:0050727,regulation of inflammatory response,3.3774384186947426,109
GO:1903131,mononuclear cell differentiation,GO:0045165,cell fate commitment,3.3732517909838076,484
GO:0043087,regulation of GTPase activity,GO:0043087,regulation of GTPase activity,3.3732517909838076,298
GO:0030335,positive regulation of cell migration,GO:0040013,negative regulation of locomotion,3.3732517909838076,580
GO:2000147,positive regulation of cell motility,GO:0040013,negative regulation of locomotion,3.3732517909838076,607
GO:0090132,epithelium migration,GO:0090130,tissue migration,3.3732517909838076,378
GO:0010631,epithelial cell migration,GO:0090130,tissue migration,3.3732517909838076,375
GO:0031644,regulation of nervous system process,GO:0044057,regulation of system process,3.363376896769814,119
GO:0042472,inner ear morphogenesis,GO:0090596,sensory organ morphogenesis,3.3564785003339073,106
GO:0045669,positive regulation of osteoblast differentiation,GO:0001503,ossification,3.3461206402263683,77
GO:0002449,lymphocyte mediated immunity,GO:0002250,adaptive immune response,3.342883606973608,372
GO:0001667,ameboidal-type cell migration,GO:0001764,neuron migration,3.342883606973608,498
GO:0043299,leukocyte degranulation,GO:0051046,regulation of secretion,3.342883606973608,79
GO:0001909,leukocyte mediated cytotoxicity,GO:0001909,leukocyte mediated cytotoxicity,3.342883606973608,144
GO:0048608,reproductive structure development,GO:0001501,skeletal system development,3.3157030646228693,307
GO:0150063,visual system development,GO:0043010,camera-type eye development,3.3111712398893647,397
GO:0048762,mesenchymal cell differentiation,GO:0048729,tissue morphogenesis,3.3061390645401065,269
GO:0009953,dorsal/ventral pattern formation,GO:0007389,pattern specification process,3.2848526896040626,90
GO:0048880,sensory system development,GO:0043010,camera-type eye development,3.2789577102522034,403
GO:0023061,signal release,GO:0051046,regulation of secretion,3.2515859275190624,487
GO:0045104,intermediate filament cytoskeleton organization,GO:0045104,intermediate filament cytoskeleton organization,3.2357883346702296,94
GO:0002521,leukocyte differentiation,GO:0045165,cell fate commitment,3.203276034505964,626
GO:1903039,positive regulation of leukocyte cell-cell adhesion,GO:0007156,homophilic cell adhesion via plasma membrane adhesion molecules,3.2004763506856033,277
GO:0060042,retina morphogenesis in camera-type eye,GO:0043010,camera-type eye development,3.191175864446287,66
GO:0061458,reproductive system development,GO:0001501,skeletal system development,3.1907522362579646,311
GO:0120039,plasma membrane bounded cell projection morphogenesis,GO:0097485,neuron projection guidance,3.187559999822715,663
GO:0060326,cell chemotaxis,GO:0040013,negative regulation of locomotion,3.185917150969241,322
GO:0001906,cell killing,GO:0001909,leukocyte mediated cytotoxicity,3.1609972419401773,226
GO:0042471,ear morphogenesis,GO:0090596,sensory organ morphogenesis,3.1515520987502996,127
GO:0034103,regulation of tissue remodeling,GO:0048771,tissue remodeling,3.1515520987502996,87
GO:1903053,regulation of extracellular matrix organization,GO:0045229,external encapsulating structure organization,3.1515520987502996,72
GO:0001508,action potential,GO:0001508,action potential,3.1375248334163652,149
GO:0045103,intermediate filament-based process,GO:0045104,intermediate filament cytoskeleton organization,3.1288769087465944,95
GO:0030278,regulation of ossification,GO:0001503,ossification,3.0692134230273216,122
GO:0021537,telencephalon development,GO:0042063,gliogenesis,3.064231900695419,275
GO:0030595,leukocyte chemotaxis,GO:0040013,negative regulation of locomotion,3.049979969305422,237
GO:1903522,regulation of blood circulation,GO:0044057,regulation of system process,3.0343283512351067,262
GO:0002695,negative regulation of leukocyte activation,GO:0002274,myeloid leukocyte activation,3.0343283512351067,192
GO:0051249,regulation of lymphocyte activation,GO:0002274,myeloid leukocyte activation,3.0343283512351067,506
GO:0042391,regulation of membrane potential,GO:0001508,action potential,3.0128725245618315,446
GO:0050863,regulation of T cell activation,GO:0002274,myeloid leukocyte activation,3.002413656562199,382
GO:0010817,regulation of hormone levels,GO:0001508,action potential,3.0020823869721824,539
GO:0035025,positive regulation of Rho protein signal transduction,GO:0043410,positive regulation of MAPK cascade,2.9840448978738254,39
GO:0033688,regulation of osteoblast proliferation,GO:0050673,epithelial cell proliferation,2.9694620275038432,31
GO:0009954,proximal/distal pattern formation,GO:0007389,pattern specification process,2.9694620275038432,34
GO:0035137,hindlimb morphogenesis,GO:0035108,limb morphogenesis,2.9694620275038432,36
GO:0097696,receptor signaling pathway via STAT,GO:0007169,transmembrane receptor protein tyrosine kinase signaling pathway,2.96737600426378,191
GO:0003015,heart process,GO:0044057,regulation of system process,2.96737600426378,260
GO:0045596,negative regulation of cell differentiation,GO:0051960,regulation of nervous system development,2.958569353390742,735
GO:0007259,receptor signaling pathway via JAK-STAT,GO:0007169,transmembrane receptor protein tyrosine kinase signaling pathway,2.953652311905282,174
GO:0007600,sensory perception,GO:0044057,regulation of system process,2.953652311905282,982
GO:0032612,interleukin-1 production,GO:0001819,positive regulation of cytokine production,2.953652311905282,129
GO:0032652,regulation of interleukin-1 production,GO:0001819,positive regulation of cytokine production,2.953652311905282,129
GO:0009581,detection of external stimulus,GO:0051606,detection of stimulus,2.953652311905282,140
GO:0009582,detection of abiotic stimulus,GO:0051606,detection of stimulus,2.953652311905282,143
GO:0099177,regulation of trans-synaptic signaling,GO:0099537,trans-synaptic signaling,2.9362845573953655,494
GO:0055123,digestive system development,GO:0001501,skeletal system development,2.93485285543929,145
GO:0048663,neuron fate commitment,GO:0045165,cell fate commitment,2.93485285543929,74
GO:0060173,limb development,GO:0035108,limb morphogenesis,2.932831787586488,186
GO:0048736,appendage development,GO:0035108,limb morphogenesis,2.932831787586488,186
GO:0045765,regulation of angiogenesis,GO:0048514,blood vessel morphogenesis,2.9287422346571423,353
GO:0007015,actin filament organization,GO:0007015,actin filament organization,2.9238307037371936,467
GO:0051250,negative regulation of lymphocyte activation,GO:0002274,myeloid leukocyte activation,2.921540813429183,165
GO:0048565,digestive tract development,GO:0001501,skeletal system development,2.916960768116557,133
GO:0033687,osteoblast proliferation,GO:0050673,epithelial cell proliferation,2.9161947545969884,36
GO:0008544,epidermis development,GO:0048729,tissue morphogenesis,2.906287847473639,387
GO:0008038,neuron recognition,GO:0042063,gliogenesis,2.900940413441762,45
GO:0048732,gland development,GO:0090596,sensory organ morphogenesis,2.900293583751263,449
GO:0010975,regulation of neuron projection development,GO:0010975,regulation of neuron projection development,2.8644870281230927,460
GO:0010001,glial cell differentiation,GO:0042063,gliogenesis,2.85819858959595,260
GO:0030323,respiratory tube development,GO:0060441,epithelial tube branching involved in lung morphogenesis,2.854972889738328,197
GO:0060425,lung morphogenesis,GO:0060441,epithelial tube branching involved in lung morphogenesis,2.8523534189350825,55
GO:0070374,positive regulation of ERK1 and ERK2 cascade,GO:0043410,positive regulation of MAPK cascade,2.8464091894041412,215
GO:0006968,cellular defense response,GO:0050727,regulation of inflammatory response,2.8370319702587836,52
GO:0007187,"G protein-coupled receptor signaling pathway, coupled to cyclic nucleotide second messenger",GO:0007186,G protein-coupled receptor signaling pathway,2.8271908150281355,56
GO:0060249,anatomical structure homeostasis,GO:0001659,temperature homeostasis,2.8269240327353242,259
GO:0001894,tissue homeostasis,GO:0001659,temperature homeostasis,2.8269240327353242,259
GO:1901342,regulation of vasculature development,GO:0048514,blood vessel morphogenesis,2.8269240327353242,362
GO:0070372,regulation of ERK1 and ERK2 cascade,GO:0043410,positive regulation of MAPK cascade,2.8147633584668625,308
GO:0061005,cell differentiation involved in kidney development,GO:0072001,renal system development,2.8147633584668625,58
GO:0048706,embryonic skeletal system development,GO:0001501,skeletal system development,2.814204706976225,128
GO:0032103,positive regulation of response to external stimulus,GO:0032102,negative regulation of response to external stimulus,2.812008093070968,640
GO:0090102,cochlea development,GO:0090596,sensory organ morphogenesis,2.7967898319017452,50
GO:0007264,small GTPase-mediated signal transduction,GO:0043410,positive regulation of MAPK cascade,2.794108711933822,500
GO:0008016,regulation of heart contraction,GO:0044057,regulation of system process,2.7938083543411203,208
GO:0060749,mammary gland alveolus development,GO:0090596,sensory organ morphogenesis,2.7892691610587694,20
GO:0061377,mammary gland lobule development,GO:0090596,sensory organ morphogenesis,2.7892691610587694,20
GO:0050678,regulation of epithelial cell proliferation,GO:0050673,epithelial cell proliferation,2.7892691610587694,407
GO:0050804,modulation of chemical synaptic transmission,GO:0099537,trans-synaptic signaling,2.770735943433115,493
GO:0035739,"CD4-positive, alpha-beta T cell proliferation",GO:0050673,epithelial cell proliferation,2.763862231625431,22
GO:2000561,"regulation of CD4-positive, alpha-beta T cell proliferation",GO:0050673,epithelial cell proliferation,2.763862231625431,22
GO:0032611,interleukin-1 beta production,GO:0001819,positive regulation of cytokine production,2.7403012421802706,110
GO:0032651,regulation of interleukin-1 beta production,GO:0001819,positive regulation of cytokine production,2.7403012421802706,110
GO:0070665,positive regulation of leukocyte proliferation,GO:0050673,epithelial cell proliferation,2.7403012421802706,164
GO:2000027,regulation of animal organ morphogenesis,GO:0060441,epithelial tube branching involved in lung morphogenesis,2.7402221795554538,89
GO:0060541,respiratory system development,GO:0001501,skeletal system development,2.7355775957198647,220
GO:0001649,osteoblast differentiation,GO:0001503,ossification,2.7135927040037044,257
GO:0002697,regulation of immune effector process,GO:0002250,adaptive immune response,2.7131176839474427,385
GO:0002460,adaptive immune response based on somatic recombination of immune receptors built from immunoglobulin superfamily domains,GO:0002250,adaptive immune response,2.7054113432727154,385
GO:0106106,cold-induced thermogenesis,GO:0106106,cold-induced thermogenesis,2.7037919917438367,152
GO:0070371,ERK1 and ERK2 cascade,GO:0043410,positive regulation of MAPK cascade,2.696914465780551,332
GO:0048704,embryonic skeletal system morphogenesis,GO:0001501,skeletal system development,2.6920965097595886,94
GO:0007193,adenylate cyclase-inhibiting G protein-coupled receptor signaling pathway,GO:0007186,G protein-coupled receptor signaling pathway,2.6920965097595886,80
GO:0086010,membrane depolarization during action potential,GO:0001508,action potential,2.687524977092041,28
GO:0050729,positive regulation of inflammatory response,GO:0050727,regulation of inflammatory response,2.6817731440964305,153
GO:0043588,skin development,GO:0090596,sensory organ morphogenesis,2.6725086715680244,318
GO:0031341,regulation of cell killing,GO:0001909,leukocyte mediated cytotoxicity,2.6704651019921135,110
GO:0042246,tissue regeneration,GO:0042246,tissue regeneration,2.662172094068203,79
GO:0003407,neural retina development,GO:0043010,camera-type eye development,2.662172094068203,82
GO:0009617,response to bacterium,GO:0032102,negative regulation of response to external stimulus,2.656494205931943,738
GO:0061337,cardiac conduction,GO:0044057,regulation of system process,2.656494205931943,99
GO:0050906,detection of stimulus involved in sensory perception,GO:0051606,detection of stimulus,2.656494205931943,545
GO:0032946,positive regulation of mononuclear cell proliferation,GO:0050673,epithelial cell proliferation,2.656494205931943,146
GO:0050868,negative regulation of T cell activation,GO:0007156,homophilic cell adhesion via plasma membrane adhesion molecules,2.6535281856253996,129
GO:0032609,type II interferon production,GO:0001819,positive regulation of cytokine production,2.648528799328439,119
GO:0032649,regulation of type II interferon production,GO:0001819,positive regulation of cytokine production,2.648528799328439,119
GO:0070661,leukocyte proliferation,GO:0050673,epithelial cell proliferation,2.648528799328439,352
GO:0007158,neuron cell-cell adhesion,GO:0007156,homophilic cell adhesion via plasma membrane adhesion molecules,2.6142236174125704,16
GO:0120035,regulation of plasma membrane bounded cell projection organization,GO:0010975,regulation of neuron projection development,2.6136479816838842,659
GO:0042088,T-helper 1 type immune response,GO:0002250,adaptive immune response,2.5975551526885488,48
GO:0060047,heart contraction,GO:0044057,regulation of system process,2.5975551526885488,249
GO:0072080,nephron tubule development,GO:0072001,renal system development,2.5938173131298874,100
GO:0009880,embryonic pattern specification,GO:0007389,pattern specification process,2.5874492826921935,74
GO:0002685,regulation of leukocyte migration,GO:0001764,neuron migration,2.578957278575553,230
GO:0008015,blood circulation,GO:0044057,regulation of system process,2.5748132957234473,526
GO:0032944,regulation of mononuclear cell proliferation,GO:0050673,epithelial cell proliferation,2.5748132957234473,241
GO:0031343,positive regulation of cell killing,GO:0001909,leukocyte mediated cytotoxicity,2.5738648145451464,76
GO:0042060,wound healing,GO:0050727,regulation of inflammatory response,2.5583606621668498,430
GO:0021761,limbic system development,GO:0042063,gliogenesis,2.557488425788816,125
GO:0051962,positive regulation of nervous system development,GO:0051960,regulation of nervous system development,2.554925982285078,294
GO:0006525,arginine metabolic process,GO:0006525,arginine metabolic process,2.5423997609324425,19
GO:0070663,regulation of leukocyte proliferation,GO:0050673,epithelial cell proliferation,2.5423997609324425,267
GO:0046632,alpha-beta T cell differentiation,GO:0002274,myeloid leukocyte activation,2.5423997609324425,125
GO:0007204,positive regulation of cytosolic calcium ion concentration,GO:0001508,action potential,2.535231880858267,169
GO:0071417,cellular response to organonitrogen compound,GO:0019221,cytokine-mediated signaling pathway,2.5350081004079095,622
GO:1903038,negative regulation of leukocyte cell-cell adhesion,GO:0007156,homophilic cell adhesion via plasma membrane adhesion molecules,2.534410750471294,148
GO:0002683,negative regulation of immune system process,GO:0002250,adaptive immune response,2.5312908576840942,526
GO:1901699,cellular response to nitrogen compound,GO:0019221,cytokine-mediated signaling pathway,2.5312908576840942,693
GO:0033559,unsaturated fatty acid metabolic process,GO:0006525,arginine metabolic process,2.5312908576840942,115
GO:0050671,positive regulation of lymphocyte proliferation,GO:0050673,epithelial cell proliferation,2.5312908576840942,143
GO:0051056,regulation of small GTPase mediated signal transduction,GO:0043410,positive regulation of MAPK cascade,2.522212807295929,304
GO:0061448,connective tissue development,GO:0048729,tissue morphogenesis,2.5210730705267532,288
GO:0001913,T cell mediated cytotoxicity,GO:0002250,adaptive immune response,2.519299714739213,60
GO:0002285,lymphocyte activation involved in immune response,GO:0002250,adaptive immune response,2.5012258730402324,212
GO:0022408,negative regulation of cell-cell adhesion,GO:0007156,homophilic cell adhesion via plasma membrane adhesion molecules,2.5012258730402324,203
GO:0007611,learning or memory,GO:0044057,regulation of system process,2.4979800200840563,278
GO:0003012,muscle system process,GO:0044057,regulation of system process,2.486812630033791,459
GO:0006887,exocytosis,GO:0051046,regulation of secretion,2.486812630033791,348
GO:0050867,positive regulation of cell activation,GO:0002274,myeloid leukocyte activation,2.486812630033791,380
GO:0002696,positive regulation of leukocyte activation,GO:0002274,myeloid leukocyte activation,2.486812630033791,362
GO:1901890,positive regulation of cell junction assembly,GO:0007416,synapse assembly,2.483089447229802,108
GO:0007043,cell-cell junction assembly,GO:0007416,synapse assembly,2.4780768460014517,156
GO:0050670,regulation of lymphocyte proliferation,GO:0050673,epithelial cell proliferation,2.4780768460014517,237
GO:0009952,anterior/posterior pattern specification,GO:0007389,pattern specification process,2.4744773922787213,219
GO:0002706,regulation of lymphocyte mediated immunity,GO:0002250,adaptive immune response,2.46574648293465,186
GO:0046640,regulation of alpha-beta T cell proliferation,GO:0050673,epithelial cell proliferation,2.46574648293465,43
GO:0042098,T cell proliferation,GO:0050673,epithelial cell proliferation,2.46574648293465,213
GO:0051057,positive regulation of small GTPase mediated signal transduction,GO:0043410,positive regulation of MAPK cascade,2.4617717648576507,76
GO:0001910,regulation of leukocyte mediated cytotoxicity,GO:0001909,leukocyte mediated cytotoxicity,2.4514237578488047,96
GO:0061326,renal tubule development,GO:0072001,renal system development,2.4427626470397885,104
GO:0035265,organ growth,GO:0048589,developmental growth,2.441741526570809,180
GO:0003013,circulatory system process,GO:0044057,regulation of system process,2.4395684074045763,611
GO:0002791,regulation of peptide secretion,GO:0002791,regulation of peptide secretion,2.4290212628527437,200
GO:0032620,interleukin-17 production,GO:0001819,positive regulation of cytokine production,2.4273699915026192,48
GO:0032660,regulation of interleukin-17 production,GO:0001819,positive regulation of cytokine production,2.4273699915026192,48
GO:0043405,regulation of MAP kinase activity,GO:0043087,regulation of GTPase activity,2.42611186578324,134
GO:0021675,nerve development,GO:0042063,gliogenesis,2.4260071436350463,97
GO:0002825,regulation of T-helper 1 type immune response,GO:0002250,adaptive immune response,2.4200987464363224,31
GO:0002286,T cell activation involved in immune response,GO:0002250,adaptive immune response,2.419690129992167,124
GO:2000563,"positive regulation of CD4-positive, alpha-beta T cell proliferation",GO:0050673,epithelial cell proliferation,2.4196788554400337,10
GO:0045063,T-helper 1 cell differentiation,GO:0002250,adaptive immune response,2.419632145432515,23
GO:0010092,specification of animal organ identity,GO:0060441,epithelial tube branching involved in lung morphogenesis,2.415993422983171,37
GO:0048645,animal organ formation,GO:0060441,epithelial tube branching involved in lung morphogenesis,2.4103286558757335,69
GO:0120161,regulation of cold-induced thermogenesis,GO:0106106,cold-induced thermogenesis,2.4002624605227862,151
GO:0042129,regulation of T cell proliferation,GO:0050673,epithelial cell proliferation,2.3979002878525533,181
GO:0030324,lung development,GO:0060441,epithelial tube branching involved in lung morphogenesis,2.3890033038048344,193
GO:0060537,muscle tissue development,GO:0048729,tissue morphogenesis,2.382511002133879,438
GO:0090103,cochlea morphogenesis,GO:0090596,sensory organ morphogenesis,2.382511002133879,24
GO:0045766,positive regulation of angiogenesis,GO:0048514,blood vessel morphogenesis,2.382511002133879,187
GO:0060740,prostate gland epithelium morphogenesis,GO:0060740,prostate gland epithelium morphogenesis,2.382511002133879,26
GO:0007626,locomotory behavior,GO:0007610,behavior,2.3775193625464963,202
GO:0021543,pallium development,GO:0042063,gliogenesis,2.3775193625464963,191
GO:0072189,ureter development,GO:0072001,renal system development,2.3775193625464963,18
GO:0032943,mononuclear cell proliferation,GO:0050673,epithelial cell proliferation,2.3709714910733832,315
GO:0002688,regulation of leukocyte chemotaxis,GO:0040013,negative regulation of locomotion,2.3709714910733832,123
GO:0006690,icosanoid metabolic process,GO:0006525,arginine metabolic process,2.3698228742178618,125
GO:0090087,regulation of peptide transport,GO:0002791,regulation of peptide secretion,2.3539396935192904,202
GO:0032732,positive regulation of interleukin-1 production,GO:0001819,positive regulation of cytokine production,2.3527389571731874,73
GO:0050920,regulation of chemotaxis,GO:0040013,negative regulation of locomotion,2.346281420181864,229
GO:0060675,ureteric bud morphogenesis,GO:0072001,renal system development,2.344276492183578,67
GO:0072171,mesonephric tubule morphogenesis,GO:0072001,renal system development,2.344276492183578,68
GO:0030098,lymphocyte differentiation,GO:0045165,cell fate commitment,2.3438963639776778,432
GO:0002275,myeloid cell activation involved in immune response,GO:0002274,myeloid leukocyte activation,2.341043124876343,97
GO:0019882,antigen processing and presentation,GO:0002250,adaptive immune response,2.332222809488254,117
GO:0051896,regulation of phosphatidylinositol 3-kinase/protein kinase B signal transduction,GO:0043410,positive regulation of MAPK cascade,2.329259884044173,253
GO:0050819,negative regulation of coagulation,GO:0050819,negative regulation of coagulation,2.3288441306616563,53
GO:1903532,positive regulation of secretion by cell,GO:0051046,regulation of secretion,2.3167983591414303,288
GO:0032613,interleukin-10 production,GO:0001819,positive regulation of cytokine production,2.3123065966422582,65
GO:0032653,regulation of interleukin-10 production,GO:0001819,positive regulation of cytokine production,2.3123065966422582,65
GO:0043547,positive regulation of GTPase activity,GO:0043087,regulation of GTPase activity,2.3123065966422582,230
GO:0031128,developmental induction,GO:0031128,developmental induction,2.310218339746347,33
GO:0031346,positive regulation of cell projection organization,GO:0010975,regulation of neuron projection development,2.3100725987645605,360
GO:0051047,positive regulation of secretion,GO:0051046,regulation of secretion,2.308542659400996,312
GO:1904018,positive regulation of vasculature development,GO:0048514,blood vessel morphogenesis,2.2944799740461117,190
GO:0007548,sex differentiation,GO:0007548,sex differentiation,2.2944799740461117,288
GO:0042692,muscle cell differentiation,GO:0042692,muscle cell differentiation,2.2944799740461117,428
GO:0033674,positive regulation of kinase activity,GO:0043087,regulation of GTPase activity,2.2943092315250104,303
GO:0007229,integrin-mediated signaling pathway,GO:0007169,transmembrane receptor protein tyrosine kinase signaling pathway,2.2940172131764474,111
GO:0002456,T cell mediated immunity,GO:0002250,adaptive immune response,2.2940172131764474,129
GO:0046651,lymphocyte proliferation,GO:0050673,epithelial cell proliferation,2.2940172131764474,308
GO:0050854,regulation of antigen receptor-mediated signaling pathway,GO:0002250,adaptive immune response,2.2934910993026993,68
GO:0050890,cognition,GO:0044057,regulation of system process,2.2933440673061787,322
GO:0019884,antigen processing and presentation of exogenous antigen,GO:0002250,adaptive immune response,2.2863361524235133,50
GO:0001658,branching involved in ureteric bud morphogenesis,GO:0072001,renal system development,2.2863361524235133,60
GO:0048002,antigen processing and presentation of peptide antigen,GO:0002250,adaptive immune response,2.2811060645944936,72
GO:0006953,acute-phase response,GO:0050727,regulation of inflammatory response,2.278758303830447,47
GO:0019722,calcium-mediated signaling,GO:0043410,positive regulation of MAPK cascade,2.2727438408827507,232
GO:0032729,positive regulation of type II interferon production,GO:0001819,positive regulation of cytokine production,2.2727438408827507,77
GO:2000514,"regulation of CD4-positive, alpha-beta T cell activation",GO:0002274,myeloid leukocyte activation,2.2727438408827507,78
GO:0060349,bone morphogenesis,GO:0001501,skeletal system development,2.270277052382016,99
GO:0021536,diencephalon development,GO:0042063,gliogenesis,2.270277052382016,80
GO:0001655,urogenital system development,GO:0060740,prostate gland epithelium morphogenesis,2.270277052382016,66
GO:0046633,alpha-beta T cell proliferation,GO:0050673,epithelial cell proliferation,2.2625379866040114,46
GO:0045620,negative regulation of lymphocyte differentiation,GO:0002250,adaptive immune response,2.261868315569589,59
GO:0060993,kidney morphogenesis,GO:0072001,renal system development,2.2337416999546025,98
GO:0003203,endocardial cushion morphogenesis,GO:0048729,tissue morphogenesis,2.230814731761376,41
GO:0007157,heterophilic cell-cell adhesion via plasma membrane cell adhesion molecules,GO:0007156,homophilic cell adhesion via plasma membrane adhesion molecules,2.230814731761376,53
GO:0060512,prostate gland morphogenesis,GO:0060740,prostate gland epithelium morphogenesis,2.2286643536246302,28
GO:0072010,glomerular epithelium development,GO:0072001,renal system development,2.2286643536246302,26
GO:0071805,potassium ion transmembrane transport,GO:0071805,potassium ion transmembrane transport,2.226203499413416,217
GO:1990845,adaptive thermogenesis,GO:0106106,cold-induced thermogenesis,2.21939744781131,169
GO:0031589,cell-substrate adhesion,GO:0007156,homophilic cell adhesion via plasma membrane adhesion molecules,2.2152555136270795,359
GO:0048844,artery morphogenesis,GO:0048514,blood vessel morphogenesis,2.2136480280002266,81
GO:0002790,peptide secretion,GO:0002791,regulation of peptide secretion,2.210230219203068,247
GO:0050870,positive regulation of T cell activation,GO:0007156,homophilic cell adhesion via plasma membrane adhesion molecules,2.2066014782324124,253
GO:0003197,endocardial cushion development,GO:0048729,tissue morphogenesis,2.2008161712243974,52
GO:0050919,negative chemotaxis,GO:0040013,negative regulation of locomotion,2.2008161712243974,47
GO:0048333,mesodermal cell differentiation,GO:0048729,tissue morphogenesis,2.1985100607642183,35
GO:0060350,endochondral bone morphogenesis,GO:0001501,skeletal system development,2.1985100607642183,60
GO:0015718,monocarboxylic acid transport,GO:0002791,regulation of peptide secretion,2.1985100607642183,179
GO:0021983,pituitary gland development,GO:0042063,gliogenesis,2.1985100607642183,42
GO:0050806,positive regulation of synaptic transmission,GO:0099537,trans-synaptic signaling,2.1985100607642183,177
GO:0090276,regulation of peptide hormone secretion,GO:0002791,regulation of peptide secretion,2.1910083225117667,197
GO:0090257,regulation of muscle system process,GO:0044057,regulation of system process,2.18774506716067,245
GO:0006029,proteoglycan metabolic process,GO:0006029,proteoglycan metabolic process,2.1871073948797046,89
GO:0003018,vascular process in circulatory system,GO:0044057,regulation of system process,2.1856572217555863,275
GO:0002237,response to molecule of bacterial origin,GO:0032102,negative regulation of response to external stimulus,2.1854262546105376,369
GO:0045109,intermediate filament organization,GO:0045104,intermediate filament cytoskeleton organization,2.1772316964389797,73
GO:0051965,positive regulation of synapse assembly,GO:0007416,synapse assembly,2.176490249677672,63
GO:0046636,negative regulation of alpha-beta T cell activation,GO:0002274,myeloid leukocyte activation,2.176490249677672,45
GO:0007178,transmembrane receptor protein serine/threonine kinase signaling pathway,GO:0007169,transmembrane receptor protein tyrosine kinase signaling pathway,2.1717479735227743,417
GO:0032731,positive regulation of interleukin-1 beta production,GO:0001819,positive regulation of cytokine production,2.169474959399299,62
GO:0007219,Notch signaling pathway,GO:0007169,transmembrane receptor protein tyrosine kinase signaling pathway,2.1595146679566812,183
GO:0010632,regulation of epithelial cell migration,GO:0090130,tissue migration,2.1525290187145045,298
GO:0046634,regulation of alpha-beta T cell activation,GO:0002274,myeloid leukocyte activation,2.1484954017787428,115
GO:0002478,antigen processing and presentation of exogenous peptide antigen,GO:0002250,adaptive immune response,2.146194555738989,41
GO:0001755,neural crest cell migration,GO:0001764,neuron migration,2.146194555738989,57
GO:0060688,regulation of morphogenesis of a branching structure,GO:0001763,morphogenesis of a branching structure,2.146194555738989,53
GO:0003206,cardiac chamber morphogenesis,GO:0048514,blood vessel morphogenesis,2.1443866658947397,127
GO:0015850,organic hydroxy compound transport,GO:0002791,regulation of peptide secretion,2.143957114821043,311
GO:1990778,protein localization to cell periphery,GO:1990778,protein localization to cell periphery,2.1423629756960576,356
GO:0086012,membrane depolarization during cardiac muscle cell action potential,GO:0001508,action potential,2.141165715803667,22
GO:0072028,nephron morphogenesis,GO:0072001,renal system development,2.1332850975529407,81
GO:0042742,defense response to bacterium,GO:0032102,negative regulation of response to external stimulus,2.127961701722526,330
GO:0003007,heart morphogenesis,GO:0048514,blood vessel morphogenesis,2.1278261410377337,269
GO:0015909,long-chain fatty acid transport,GO:0002791,regulation of peptide secretion,2.1256816369735754,66
GO:0022405,hair cycle process,GO:0022405,hair cycle process,2.1256816369735754,97
GO:0022404,molting cycle process,GO:0022405,hair cycle process,2.1256816369735754,97
GO:1902106,negative regulation of leukocyte differentiation,GO:0002250,adaptive immune response,2.112195870484235,112
GO:0086019,cell-cell signaling involved in cardiac conduction,GO:0044057,regulation of system process,2.112112000541775,34
GO:0050679,positive regulation of epithelial cell proliferation,GO:0050673,epithelial cell proliferation,2.110043595348119,219
GO:0046635,positive regulation of alpha-beta T cell activation,GO:0002274,myeloid leukocyte activation,2.1069909803976747,73
GO:0001912,positive regulation of leukocyte mediated cytotoxicity,GO:0001909,leukocyte mediated cytotoxicity,2.1069909803976747,69
GO:0002705,positive regulation of leukocyte mediated immunity,GO:0002250,adaptive immune response,2.1062803130105614,150
GO:0035023,regulation of Rho protein signal transduction,GO:0043410,positive regulation of MAPK cascade,2.0998359223797083,89
GO:0035116,embryonic hindlimb morphogenesis,GO:0035108,limb morphogenesis,2.084100095331256,28
GO:0072659,protein localization to plasma membrane,GO:1990778,protein localization to cell periphery,2.08405835008285,293
GO:0006813,potassium ion transport,GO:0071805,potassium ion transmembrane transport,2.081474333753867,241
GO:0071695,anatomical structure maturation,GO:0071695,anatomical structure maturation,2.0742867721641893,271
GO:0001938,positive regulation of endothelial cell proliferation,GO:0050673,epithelial cell proliferation,2.0720795977929942,111
GO:0048048,embryonic eye morphogenesis,GO:0090596,sensory organ morphogenesis,2.071652665400998,35
GO:0003272,endocardial cushion formation,GO:0048729,tissue morphogenesis,2.0684449732789467,28
GO:0001708,cell fate specification,GO:0045165,cell fate commitment,2.062693074514311,110
GO:0021953,central nervous system neuron differentiation,GO:0042063,gliogenesis,2.062693074514311,178
GO:0018958,phenol-containing compound metabolic process,GO:0018958,phenol-containing compound metabolic process,2.062693074514311,113
GO:0045216,cell-cell junction organization,GO:0007416,synapse assembly,2.0613513440406663,213
GO:0090497,mesenchymal cell migration,GO:0001764,neuron migration,2.0531886291042096,59
GO:0002831,regulation of response to biotic stimulus,GO:0032102,negative regulation of response to external stimulus,2.050439514608702,524
GO:0045576,mast cell activation,GO:0002274,myeloid leukocyte activation,2.050439514608702,68
GO:0046883,regulation of hormone secretion,GO:0001508,action potential,2.046572056093514,254
GO:0007200,phospholipase C-activating G protein-coupled receptor signaling pathway,GO:0007186,G protein-coupled receptor signaling pathway,2.0462853123837212,102
GO:0050728,negative regulation of inflammatory response,GO:0050727,regulation of inflammatory response,2.0462853123837212,201
GO:0035113,embryonic appendage morphogenesis,GO:0035108,limb morphogenesis,2.0457282011847324,122
GO:0030326,embryonic limb morphogenesis,GO:0035108,limb morphogenesis,2.0457282011847324,122
GO:1905330,regulation of morphogenesis of an epithelium,GO:0048729,tissue morphogenesis,2.04511769874583,65
GO:0051345,positive regulation of hydrolase activity,GO:0043087,regulation of GTPase activity,2.0203182104252217,482
GO:0050872,white fat cell differentiation,GO:0050872,white fat cell differentiation,2.014006069075982,17
GO:0042730,fibrinolysis,GO:0001508,action potential,2.014006069075982,27
GO:0031348,negative regulation of defense response,GO:0050727,regulation of inflammatory response,2.014006069075982,291
GO:0051147,regulation of muscle cell differentiation,GO:0042692,muscle cell differentiation,2.014006069075982,165
GO:0061061,muscle structure development,GO:0042692,muscle cell differentiation,2.014006069075982,708
GO:0009913,epidermal cell differentiation,GO:0048729,tissue morphogenesis,2.005451132257052,246
GO:0014911,positive regulation of smooth muscle cell migration,GO:0001764,neuron migration,2.0028355384465386,50
GO:0002673,regulation of acute inflammatory response,GO:0050727,regulation of inflammatory response,2.0028355384465386,48
GO:0032368,regulation of lipid transport,GO:1990778,protein localization to cell periphery,1.9982858371774253,156
GO:0002062,chondrocyte differentiation,GO:0048729,tissue morphogenesis,1.9961004008478753,116
GO:0033002,muscle cell proliferation,GO:0050673,epithelial cell proliferation,1.992425229283595,251
GO:0050817,coagulation,GO:0050819,negative regulation of coagulation,1.992425229283595,231
GO:0050807,regulation of synapse organization,GO:0001508,action potential,1.989817644499729,243
GO:0015833,peptide transport,GO:0002791,regulation of peptide secretion,1.989817644499729,271
GO:0050818,regulation of coagulation,GO:0050819,negative regulation of coagulation,1.9838672876131287,74
GO:0030217,T cell differentiation,GO:0002274,myeloid leukocyte activation,1.9814936064725883,310
GO:0098868,bone growth,GO:0048589,developmental growth,1.967885782160752,31
GO:0042102,positive regulation of T cell proliferation,GO:0050673,epithelial cell proliferation,1.9678718599610676,104
GO:0048730,epidermis morphogenesis,GO:0048729,tissue morphogenesis,1.9605727649010565,37
GO:0043542,endothelial cell migration,GO:0090130,tissue migration,1.9581545537905578,286
GO:0030216,keratinocyte differentiation,GO:0048729,tissue morphogenesis,1.9488837206280252,177
GO:0002699,positive regulation of immune effector process,GO:0002250,adaptive immune response,1.9488837206280252,257
GO:0046641,positive regulation of alpha-beta T cell proliferation,GO:0050673,epithelial cell proliferation,1.9488837206280252,24
GO:0043491,phosphatidylinositol 3-kinase/protein kinase B signal transduction,GO:0043410,positive regulation of MAPK cascade,1.9456388403940996,299
GO:0007613,memory,GO:0044057,regulation of system process,1.9456388403940996,126
GO:2000516,"positive regulation of CD4-positive, alpha-beta T cell activation",GO:0002274,myeloid leukocyte activation,1.9446627319067573,46
GO:0033627,cell adhesion mediated by integrin,GO:0007156,homophilic cell adhesion via plasma membrane adhesion molecules,1.944112013204187,88
GO:0042116,macrophage activation,GO:0002274,myeloid leukocyte activation,1.944112013204187,110
GO:0002709,regulation of T cell mediated immunity,GO:0002250,adaptive immune response,1.944112013204187,99
GO:0002675,positive regulation of acute inflammatory response,GO:0050727,regulation of inflammatory response,1.9440255034714924,28
GO:0097529,myeloid leukocyte migration,GO:0001764,neuron migration,1.9440255034714924,239
GO:0045623,negative regulation of T-helper cell differentiation,GO:0002274,myeloid leukocyte activation,1.9440255034714924,17
GO:0014909,smooth muscle cell migration,GO:0001764,neuron migration,1.939533918578324,98
GO:0060411,cardiac septum morphogenesis,GO:0048514,blood vessel morphogenesis,1.939533918578324,72
GO:1902476,chloride transmembrane transport,GO:0071805,potassium ion transmembrane transport,1.939533918578324,109
GO:0002064,epithelial cell development,GO:0048729,tissue morphogenesis,1.9236662355081497,216
GO:0007599,hemostasis,GO:0001508,action potential,1.9236662355081497,233
GO:0002504,antigen processing and presentation of peptide or polysaccharide antigen via MHC class II,GO:0002250,adaptive immune response,1.9211536622551186,37
GO:0014033,neural crest cell differentiation,GO:0048729,tissue morphogenesis,1.9211536622551186,93
GO:0030858,positive regulation of epithelial cell differentiation,GO:0048729,tissue morphogenesis,1.9211536622551186,73
GO:0150104,transport across blood-brain barrier,GO:0044057,regulation of system process,1.9211536622551186,87
GO:0010232,vascular transport,GO:0044057,regulation of system process,1.9211536622551186,87
GO:0035909,aorta morphogenesis,GO:0048514,blood vessel morphogenesis,1.9211536622551186,38
GO:0051149,positive regulation of muscle cell differentiation,GO:0042692,muscle cell differentiation,1.9211536622551186,85
GO:1902895,positive regulation of miRNA transcription,GO:1902895,positive regulation of miRNA transcription,1.9211536622551186,56
GO:0072078,nephron tubule morphogenesis,GO:0072001,renal system development,1.9211536622551186,77
GO:0045123,cellular extravasation,GO:0001764,neuron migration,1.9206067435060155,75
GO:0061041,regulation of wound healing,GO:0050727,regulation of inflammatory response,1.920183237261097,138
GO:0032496,response to lipopolysaccharide,GO:0032102,negative regulation of response to external stimulus,1.920183237261097,348
GO:0071674,mononuclear cell migration,GO:0001764,neuron migration,1.904961565596268,206
GO:0071300,cellular response to retinoic acid,GO:0019221,cytokine-mediated signaling pathway,1.9041023709121665,68
GO:0043616,keratinocyte proliferation,GO:0050673,epithelial cell proliferation,1.901693124400034,59
GO:0097305,response to alcohol,GO:0019221,cytokine-mediated signaling pathway,1.900663501316412,259
GO:0030178,negative regulation of Wnt signaling pathway,GO:0099537,trans-synaptic signaling,1.887549086863846,177
GO:0003151,outflow tract morphogenesis,GO:0048514,blood vessel morphogenesis,1.8859431304010772,81
GO:0030202,heparin metabolic process,GO:0030202,heparin metabolic process,1.8746021973050635,17
GO:0050803,regulation of synapse structure or activity,GO:0001508,action potential,1.8746021973050635,249
GO:0001759,organ induction,GO:0060441,epithelial tube branching involved in lung morphogenesis,1.8746021973050635,22
GO:0061318,renal filtration cell differentiation,GO:0072001,renal system development,1.8746021973050635,22
GO:0072311,glomerular epithelial cell differentiation,GO:0072001,renal system development,1.8746021973050635,23
GO:0072112,podocyte differentiation,GO:0072001,renal system development,1.8746021973050635,22
GO:0001942,hair follicle development,GO:0022405,hair cycle process,1.8708276031824176,94
GO:0120254,olefinic compound metabolic process,GO:0120254,olefinic compound metabolic process,1.8699976905429823,162
GO:1903707,negative regulation of hemopoiesis,GO:0002250,adaptive immune response,1.8699976905429823,119
GO:0043367,"CD4-positive, alpha-beta T cell differentiation",GO:0002274,myeloid leukocyte activation,1.8699976905429823,94
GO:0006936,muscle contraction,GO:0044057,regulation of system process,1.8678112797880313,355
GO:0007160,cell-matrix adhesion,GO:0007156,homophilic cell adhesion via plasma membrane adhesion molecules,1.86549610757771,241
GO:0060041,retina development in camera-type eye,GO:0043010,camera-type eye development,1.8626289507254106,160
GO:0050767,regulation of neurogenesis,GO:0051960,regulation of nervous system development,1.862580221751922,393
GO:0042633,hair cycle,GO:0022405,hair cycle process,1.8624947289222429,118
GO:0042303,molting cycle,GO:0022405,hair cycle process,1.8624947289222429,118
GO:0032733,positive regulation of interleukin-10 production,GO:0001819,positive regulation of cytokine production,1.858333093836979,42
GO:0010842,retina layer formation,GO:0043010,camera-type eye development,1.852216997841438,25
GO:0051216,cartilage development,GO:0048729,tissue morphogenesis,1.849458671275604,209
GO:0050878,regulation of body fluid levels,GO:0001508,action potential,1.8481029851106676,370
GO:0007164,establishment of tissue polarity,GO:0001763,morphogenesis of a branching structure,1.8399941684437917,37
GO:0001736,establishment of planar polarity,GO:0001763,morphogenesis of a branching structure,1.8399941684437917,37
GO:0035850,epithelial cell differentiation involved in kidney development,GO:0072001,renal system development,1.8399941684437917,48
GO:0060291,long-term synaptic potentiation,GO:0099537,trans-synaptic signaling,1.8357611632418669,108
GO:0051153,regulation of striated muscle cell differentiation,GO:0042692,muscle cell differentiation,1.8357611632418669,97
GO:0042093,T-helper cell differentiation,GO:0002250,adaptive immune response,1.8300480832351114,74
GO:0002228,natural killer cell mediated immunity,GO:0002250,adaptive immune response,1.8289423226494648,79
GO:0036152,phosphatidylethanolamine acyl-chain remodeling,GO:0036152,phosphatidylethanolamine acyl-chain remodeling,1.8273372507663517,11
GO:1905962,glutamatergic neuron differentiation,GO:0042063,gliogenesis,1.8273372507663517,17
GO:0031099,regeneration,GO:0042246,tissue regeneration,1.8273372507663517,200
GO:0098664,G protein-coupled serotonin receptor signaling pathway,GO:0007186,G protein-coupled receptor signaling pathway,1.8273372507663517,23
GO:0018212,peptidyl-tyrosine modification,GO:0018212,peptidyl-tyrosine modification,1.8273372507663517,271
GO:0030201,heparan sulfate proteoglycan metabolic process,GO:0006029,proteoglycan metabolic process,1.8273372507663517,16
GO:0030167,proteoglycan catabolic process,GO:0006029,proteoglycan metabolic process,1.8273372507663517,11
GO:0090288,negative regulation of cellular response to growth factor stimulus,GO:0071363,cellular response to growth factor stimulus,1.8273372507663517,137
GO:0060742,epithelial cell differentiation involved in prostate gland development,GO:0060740,prostate gland epithelium morphogenesis,1.8273372507663517,11
GO:0043549,regulation of kinase activity,GO:0043087,regulation of GTPase activity,1.8262395550022437,532
GO:0007565,female pregnancy,GO:0007548,sex differentiation,1.8217230341170003,183
GO:0030856,regulation of epithelial cell differentiation,GO:0048729,tissue morphogenesis,1.8217230341170003,171
GO:0007596,blood coagulation,GO:0050819,negative regulation of coagulation,1.8217230341170003,226
GO:0030072,peptide hormone secretion,GO:0002791,regulation of peptide secretion,1.8217230341170003,242
GO:1902307,positive regulation of sodium ion transmembrane transport,GO:0071805,potassium ion transmembrane transport,1.8215866932913338,18
GO:0060416,response to growth hormone,GO:0019221,cytokine-mediated signaling pathway,1.8215866932913338,39
GO:0010721,negative regulation of cell development,GO:0051960,regulation of nervous system development,1.8215866932913338,288
GO:2000515,"negative regulation of CD4-positive, alpha-beta T cell activation",GO:0002274,myeloid leukocyte activation,1.8215866932913338,33
GO:0060396,growth hormone receptor signaling pathway,GO:0019221,cytokine-mediated signaling pathway,1.8125087094998684,25
GO:0061333,renal tubule morphogenesis,GO:0072001,renal system development,1.8110166957536453,81
GO:0072088,nephron epithelium morphogenesis,GO:0072001,renal system development,1.8110166957536453,79
GO:0016055,Wnt signaling pathway,GO:0099537,trans-synaptic signaling,1.7908078096085216,466
GO:0019886,antigen processing and presentation of exogenous peptide antigen via MHC class II,GO:0002250,adaptive immune response,1.7898819948401945,31
GO:0030279,negative regulation of ossification,GO:0001503,ossification,1.7898819948401945,40
GO:0098773,skin epidermis development,GO:0090596,sensory organ morphogenesis,1.785975527189929,129
GO:0072132,mesenchyme morphogenesis,GO:0048729,tissue morphogenesis,1.7826694262072758,58
GO:0051897,positive regulation of phosphatidylinositol 3-kinase/protein kinase B signal transduction,GO:0043410,positive regulation of MAPK cascade,1.7826694262072758,171
GO:0002715,regulation of natural killer cell mediated immunity,GO:0002250,adaptive immune response,1.7809004062948357,53
GO:1902893,regulation of miRNA transcription,GO:1902895,positive regulation of miRNA transcription,1.7748300336944722,75
GO:0002294,"CD4-positive, alpha-beta T cell differentiation involved in immune response",GO:0002250,adaptive immune response,1.7743548249220753,76
GO:0198738,cell-cell signaling by wnt,GO:0099537,trans-synaptic signaling,1.7737482743282469,468
GO:0042445,hormone metabolic process,GO:0001508,action potential,1.7719857196715116,240
GO:0043300,regulation of leukocyte degranulation,GO:0051046,regulation of secretion,1.7717467010191794,45
GO:0061844,antimicrobial humoral immune response mediated by antimicrobial peptide,GO:0002250,adaptive immune response,1.7710744251653043,82
GO:1902692,regulation of neuroblast proliferation,GO:0050673,epithelial cell proliferation,1.7710744251653043,53
GO:0009914,hormone transport,GO:0001508,action potential,1.7710744251653043,322
GO:0021879,forebrain neuron differentiation,GO:0042063,gliogenesis,1.7710744251653043,44
GO:0070306,lens fiber cell differentiation,GO:0043010,camera-type eye development,1.7710744251653043,37
GO:0048167,regulation of synaptic plasticity,GO:0099537,trans-synaptic signaling,1.7710744251653043,216
GO:0071825,protein-lipid complex organization,GO:0071825,protein-lipid complex organization,1.7710744251653043,53
GO:0034109,homotypic cell-cell adhesion,GO:0007156,homophilic cell adhesion via plasma membrane adhesion molecules,1.766501527629015,98
GO:0007507,heart development,GO:0048514,blood vessel morphogenesis,1.761388368872849,618
GO:0030574,collagen catabolic process,GO:0030574,collagen catabolic process,1.7586346159885928,45
GO:0048745,smooth muscle tissue development,GO:0048729,tissue morphogenesis,1.7586346159885928,27
GO:0051968,"positive regulation of synaptic transmission, glutamatergic",GO:0099537,trans-synaptic signaling,1.7586346159885928,36
GO:1903317,regulation of protein maturation,GO:0018212,peptidyl-tyrosine modification,1.7577017690703685,70
GO:0031069,hair follicle morphogenesis,GO:0048729,tissue morphogenesis,1.7577017690703685,33
GO:0010560,positive regulation of glycoprotein biosynthetic process,GO:0006029,proteoglycan metabolic process,1.7577017690703685,23
GO:0018108,peptidyl-tyrosine phosphorylation,GO:0018212,peptidyl-tyrosine modification,1.7541627061183238,269
GO:0030879,mammary gland development,GO:0090596,sensory organ morphogenesis,1.7423322468728932,135
GO:0060538,skeletal muscle organ development,GO:0042692,muscle cell differentiation,1.7348375205439996,182
GO:0015908,fatty acid transport,GO:0002791,regulation of peptide secretion,1.7319432757510986,115
GO:0021766,hippocampus development,GO:0042063,gliogenesis,1.7319432757510986,94
GO:0008406,gonad development,GO:0007548,sex differentiation,1.7319432757510986,233
GO:0051963,regulation of synapse assembly,GO:0007416,synapse assembly,1.7319432757510986,115
GO:0061614,miRNA transcription,GO:1902895,positive regulation of miRNA transcription,1.7319432757510986,76
GO:0002287,alpha-beta T cell activation involved in immune response,GO:0002250,adaptive immune response,1.7153788863424366,77
GO:0002293,alpha-beta T cell differentiation involved in immune response,GO:0002250,adaptive immune response,1.7153788863424366,77
GO:0050982,detection of mechanical stimulus,GO:0051606,detection of stimulus,1.7153788863424366,53
GO:0002687,positive regulation of leukocyte migration,GO:0001764,neuron migration,1.7153788863424366,149
GO:0010976,positive regulation of neuron projection development,GO:0010975,regulation of neuron projection development,1.7146640332458136,161
GO:0002698,negative regulation of immune effector process,GO:0002250,adaptive immune response,1.7138946579818253,121
GO:0002063,chondrocyte development,GO:0048729,tissue morphogenesis,1.7102640824552129,33
GO:0010719,negative regulation of epithelial to mesenchymal transition,GO:0048729,tissue morphogenesis,1.7102640824552129,51
GO:0002065,columnar/cuboidal epithelial cell differentiation,GO:0048729,tissue morphogenesis,1.7102640824552129,125
GO:0032376,positive regulation of cholesterol transport,GO:1990778,protein localization to cell periphery,1.7102640824552129,39
GO:0032373,positive regulation of sterol transport,GO:1990778,protein localization to cell periphery,1.7102640824552129,39
GO:0010830,regulation of myotube differentiation,GO:0042692,muscle cell differentiation,1.7102640824552129,47
GO:0051155,positive regulation of striated muscle cell differentiation,GO:0042692,muscle cell differentiation,1.7102640824552129,52
GO:0031638,zymogen activation,GO:0018212,peptidyl-tyrosine modification,1.7064392391698973,58
GO:0002067,glandular epithelial cell differentiation,GO:0048729,tissue morphogenesis,1.70284131709575,72
GO:0043406,positive regulation of MAP kinase activity,GO:0043087,regulation of GTPase activity,1.70284131709575,82
GO:0048644,muscle organ morphogenesis,GO:0042692,muscle cell differentiation,1.70284131709575,81
GO:0023019,signal transduction involved in regulation of gene expression,GO:0023019,signal transduction involved in regulation of gene expression,1.693360464680167,22
GO:0019433,triglyceride catabolic process,GO:0036152,phosphatidylethanolamine acyl-chain remodeling,1.693360464680167,28
GO:0050708,regulation of protein secretion,GO:0051046,regulation of secretion,1.6890866811545602,269
GO:0071378,cellular response to growth hormone stimulus,GO:0019221,cytokine-mediated signaling pathway,1.688593616657774,26
GO:0046639,negative regulation of alpha-beta T cell differentiation,GO:0002274,myeloid leukocyte activation,1.688593616657774,26
GO:0031349,positive regulation of defense response,GO:0050727,regulation of inflammatory response,1.6840526044397401,502
GO:1903034,regulation of response to wounding,GO:0050727,regulation of inflammatory response,1.6832367227193434,179
GO:0031424,keratinization,GO:0048729,tissue morphogenesis,1.6816537085069028,83
GO:0002407,dendritic cell chemotaxis,GO:0001764,neuron migration,1.6816537085069028,24
GO:0014812,muscle cell migration,GO:0001764,neuron migration,1.6811815175091487,111
GO:1902105,regulation of leukocyte differentiation,GO:0045165,cell fate commitment,1.6798783528443308,328
GO:0090092,regulation of transmembrane receptor protein serine/threonine kinase signaling pathway,GO:0007169,transmembrane receptor protein tyrosine kinase signaling pathway,1.6728743001981872,317
GO:0016042,lipid catabolic process,GO:0036152,phosphatidylethanolamine acyl-chain remodeling,1.6721955616531687,340
GO:0051251,positive regulation of lymphocyte activation,GO:0002274,myeloid leukocyte activation,1.6721955616531687,328
GO:0006959,humoral immune response,GO:0002250,adaptive immune response,1.6716359347946916,258
GO:0021681,cerebellar granular layer development,GO:0042063,gliogenesis,1.6702258009152036,13
GO:0031645,negative regulation of nervous system process,GO:0044057,regulation of system process,1.6702258009152036,16
GO:0021871,forebrain regionalization,GO:0042063,gliogenesis,1.6702258009152036,24
GO:0090090,negative regulation of canonical Wnt signaling pathway,GO:0099537,trans-synaptic signaling,1.6702258009152036,145
GO:0071900,regulation of protein serine/threonine kinase activity,GO:0043087,regulation of GTPase activity,1.6702258009152036,267
GO:0050730,regulation of peptidyl-tyrosine phosphorylation,GO:0018212,peptidyl-tyrosine modification,1.6696713596456054,225
GO:0002820,negative regulation of adaptive immune response,GO:0002250,adaptive immune response,1.6668536416590183,61
GO:0021885,forebrain cell migration,GO:0042063,gliogenesis,1.666280772180944,63
GO:0032640,tumor necrosis factor production,GO:0001819,positive regulation of cytokine production,1.6652788743120064,189
GO:0032680,regulation of tumor necrosis factor production,GO:0001819,positive regulation of cytokine production,1.6652788743120064,189
GO:0071621,granulocyte chemotaxis,GO:0001764,neuron migration,1.6652788743120064,128
GO:0110110,positive regulation of animal organ morphogenesis,GO:0060441,epithelial tube branching involved in lung morphogenesis,1.664537924386868,34
GO:0046879,hormone secretion,GO:0001508,action potential,1.664537924386868,311
GO:0060603,mammary gland duct morphogenesis,GO:0090596,sensory organ morphogenesis,1.664537924386868,30
GO:0003416,endochondral bone growth,GO:0048589,developmental growth,1.664537924386868,28
GO:0042632,cholesterol homeostasis,GO:0001659,temperature homeostasis,1.6542663285582957,101
GO:0009612,response to mechanical stimulus,GO:0009612,response to mechanical stimulus,1.6479941709716246,216
GO:0097530,granulocyte migration,GO:0001764,neuron migration,1.6479941709716246,154
GO:0001738,morphogenesis of a polarized epithelium,GO:0048729,tissue morphogenesis,1.6469117772073618,61
GO:0045137,development of primary sexual characteristics,GO:0007548,sex differentiation,1.6469117772073618,238
GO:0035914,skeletal muscle cell differentiation,GO:0042692,muscle cell differentiation,1.6469117772073618,77
GO:0051592,response to calcium ion,GO:0019221,cytokine-mediated signaling pathway,1.6467730565889007,146
GO:0045604,regulation of epidermal cell differentiation,GO:0048729,tissue morphogenesis,1.6450912715936665,59
GO:0044344,cellular response to fibroblast growth factor stimulus,GO:0071363,cellular response to growth factor stimulus,1.6450234559977452,116
GO:0071639,positive regulation of monocyte chemotactic protein-1 production,GO:0001819,positive regulation of cytokine production,1.6436819673767538,15
GO:0003198,epithelial to mesenchymal transition involved in endocardial cushion formation,GO:0048729,tissue morphogenesis,1.6436819673767538,15
GO:0002423,natural killer cell mediated immune response to tumor cell,GO:0002423,natural killer cell mediated immune response to tumor cell,1.6436819673767538,11
GO:0035988,chondrocyte proliferation,GO:0050673,epithelial cell proliferation,1.6423898355607964,26
GO:0046942,carboxylic acid transport,GO:0002791,regulation of peptide secretion,1.6423898355607964,358
GO:0060191,regulation of lipase activity,GO:0043087,regulation of GTPase activity,1.6423898355607964,69
GO:0003156,regulation of animal organ formation,GO:0060441,epithelial tube branching involved in lung morphogenesis,1.6423898355607964,28
GO:0046849,bone remodeling,GO:0048771,tissue remodeling,1.6423898355607964,90
GO:0050922,negative regulation of chemotaxis,GO:0040013,negative regulation of locomotion,1.6423898355607964,70
GO:0002495,antigen processing and presentation of peptide antigen via MHC class II,GO:0002250,adaptive immune response,1.6311999651409803,35
GO:0010517,regulation of phospholipase activity,GO:0043087,regulation of GTPase activity,1.6311999651409803,52
GO:0006516,glycoprotein catabolic process,GO:0006029,proteoglycan metabolic process,1.6311999651409803,36
GO:0022617,extracellular matrix disassembly,GO:0045229,external encapsulating structure organization,1.6311999651409803,64
GO:0048638,regulation of developmental growth,GO:0048589,developmental growth,1.6311999651409803,330
GO:0030850,prostate gland development,GO:0060740,prostate gland epithelium morphogenesis,1.6311999651409803,49
GO:0071622,regulation of granulocyte chemotaxis,GO:0001764,neuron migration,1.6247571359818842,51
GO:0042267,natural killer cell mediated cytotoxicity,GO:0002250,adaptive immune response,1.6220987881307816,76
GO:0055092,sterol homeostasis,GO:0001659,temperature homeostasis,1.6220987881307816,102
GO:0032635,interleukin-6 production,GO:0001819,positive regulation of cytokine production,1.6220987881307816,176
GO:0032675,regulation of interleukin-6 production,GO:0001819,positive regulation of cytokine production,1.6220987881307816,176
GO:0030593,neutrophil chemotaxis,GO:0001764,neuron migration,1.6220987881307816,107
GO:0086003,cardiac muscle cell contraction,GO:0007015,actin filament organization,1.621921381281108,83
GO:0002700,regulation of production of molecular mediator of immune response,GO:0002250,adaptive immune response,1.6200175917595594,187
GO:0015849,organic acid transport,GO:0002791,regulation of peptide secretion,1.6172778697142487,359
GO:0090287,regulation of cellular response to growth factor stimulus,GO:0071363,cellular response to growth factor stimulus,1.6172778697142487,373
GO:0015844,monoamine transport,GO:0002791,regulation of peptide secretion,1.614449023924949,87
GO:0070613,regulation of protein processing,GO:0018212,peptidyl-tyrosine modification,1.614449023924949,66
GO:0060415,muscle tissue morphogenesis,GO:0042692,muscle cell differentiation,1.614449023924949,74
GO:0050731,positive regulation of peptidyl-tyrosine phosphorylation,GO:0018212,peptidyl-tyrosine modification,1.6027290958898928,164
GO:0070167,regulation of biomineral tissue development,GO:0048729,tissue morphogenesis,1.59457197967524,103
GO:0098661,inorganic anion transmembrane transport,GO:0071805,potassium ion transmembrane transport,1.59457197967524,130
GO:2000630,positive regulation of miRNA metabolic process,GO:1902895,positive regulation of miRNA transcription,1.59457197967524,67
GO:0021700,developmental maturation,GO:0071695,anatomical structure maturation,1.592839795871179,341
GO:0006821,chloride transport,GO:0071805,potassium ion transmembrane transport,1.5921545587916088,124
GO:0051899,membrane depolarization,GO:0001508,action potential,1.5873943588546158,93
GO:0002367,cytokine production involved in immune response,GO:0002250,adaptive immune response,1.582869816697338,122
GO:0002719,negative regulation of cytokine production involved in immune response,GO:0002250,adaptive immune response,1.582869816697338,35
GO:0002718,regulation of cytokine production involved in immune response,GO:0002250,adaptive immune response,1.582869816697338,120
GO:0009595,detection of biotic stimulus,GO:0051606,detection of stimulus,1.582869816697338,40
GO:0050852,T cell receptor signaling pathway,GO:0002250,adaptive immune response,1.5772561897799693,146
GO:0002823,negative regulation of adaptive immune response based on somatic recombination of immune receptors built from immunoglobulin superfamily domains,GO:0002250,adaptive immune response,1.5662590866779358,56
GO:0007215,glutamate receptor signaling pathway,GO:0007169,transmembrane receptor protein tyrosine kinase signaling pathway,1.5652357670050032,50
GO:1901889,negative regulation of cell junction assembly,GO:0007416,synapse assembly,1.5652357670050032,32
GO:0042269,regulation of natural killer cell mediated cytotoxicity,GO:0002250,adaptive immune response,1.5619708307694928,49
GO:0042886,amide transport,GO:0002791,regulation of peptide secretion,1.561568606736815,312
GO:0031214,biomineral tissue development,GO:0048729,tissue morphogenesis,1.5582556858719314,180
GO:0030857,negative regulation of epithelial cell differentiation,GO:0048729,tissue morphogenesis,1.5582556858719314,55
GO:1903018,regulation of glycoprotein metabolic process,GO:0006029,proteoglycan metabolic process,1.5582556858719314,61
GO:0085029,extracellular matrix assembly,GO:0045229,external encapsulating structure organization,1.5582556858719314,55
GO:0090277,positive regulation of peptide hormone secretion,GO:0002791,regulation of peptide secretion,1.5582556858719314,111
GO:0002793,positive regulation of peptide secretion,GO:0002791,regulation of peptide secretion,1.5582556858719314,113
GO:0120162,positive regulation of cold-induced thermogenesis,GO:0106106,cold-induced thermogenesis,1.5582556858719314,101
GO:0046622,positive regulation of organ growth,GO:0048589,developmental growth,1.5582556858719314,53
GO:0046887,positive regulation of hormone secretion,GO:0051046,regulation of secretion,1.5572912120239464,144
GO:0007519,skeletal muscle tissue development,GO:0042692,muscle cell differentiation,1.5572912120239464,170
GO:0050857,positive regulation of antigen receptor-mediated signaling pathway,GO:0002250,adaptive immune response,1.5572149311899277,28
GO:1902656,calcium ion import into cytosol,GO:0071805,potassium ion transmembrane transport,1.5572149311899277,42
GO:0098703,calcium ion import across plasma membrane,GO:0071805,potassium ion transmembrane transport,1.5572149311899277,42
GO:0090022,regulation of neutrophil chemotaxis,GO:0001764,neuron migration,1.5572149311899277,34
GO:0030195,negative regulation of blood coagulation,GO:0001508,action potential,1.552687273834825,49
GO:1900047,negative regulation of hemostasis,GO:0001508,action potential,1.552687273834825,50
GO:0060560,developmental growth involved in morphogenesis,GO:0048589,developmental growth,1.5526500794945373,243
GO:2000177,regulation of neural precursor cell proliferation,GO:0050673,epithelial cell proliferation,1.5516284561047156,102
GO:0046456,icosanoid biosynthetic process,GO:0006525,arginine metabolic process,1.5503359408874398,60
GO:0051146,striated muscle cell differentiation,GO:0042692,muscle cell differentiation,1.54521298094168,313
GO:0051208,sequestering of calcium ion,GO:0001659,temperature homeostasis,1.544615476283082,136
GO:0021602,cranial nerve morphogenesis,GO:0042063,gliogenesis,1.5399560940900663,31
GO:0033033,negative regulation of myeloid cell apoptotic process,GO:0033033,negative regulation of myeloid cell apoptotic process,1.5399560940900663,21
GO:0002486,"antigen processing and presentation of endogenous peptide antigen via MHC class I via ER pathway, TAP-independent",GO:0002250,adaptive immune response,1.5399560940900663,16
GO:0006977,"DNA damage response, signal transduction by p53 class mediator resulting in cell cycle arrest",GO:0006977,"DNA damage response, signal transduction by p53 class mediator resulting in cell cycle arrest",1.5399560940900663,19
GO:0031639,plasminogen activation,GO:0018212,peptidyl-tyrosine modification,1.5399560940900663,27
GO:0007190,activation of adenylate cyclase activity,GO:0043087,regulation of GTPase activity,1.5399560940900663,25
GO:0106030,neuron projection fasciculation,GO:0097485,neuron projection guidance,1.5399560940900663,20
GO:0003148,outflow tract septum morphogenesis,GO:0048514,blood vessel morphogenesis,1.5399560940900663,24
GO:0007413,axonal fasciculation,GO:0097485,neuron projection guidance,1.5399560940900663,20
GO:0006590,thyroid hormone generation,GO:0018958,phenol-containing compound metabolic process,1.5399560940900663,23
GO:1903020,positive regulation of glycoprotein metabolic process,GO:0006029,proteoglycan metabolic process,1.5399560940900663,26
GO:1905952,regulation of lipid localization,GO:1990778,protein localization to cell periphery,1.5399560940900663,186
GO:0002444,myeloid leukocyte mediated immunity,GO:0002250,adaptive immune response,1.5387772696770035,112
GO:1901615,organic hydroxy compound metabolic process,GO:0018958,phenol-containing compound metabolic process,1.5376326648973617,566
GO:0003205,cardiac chamber development,GO:0048514,blood vessel morphogenesis,1.5372205405254946,168
GO:2000179,positive regulation of neural precursor cell proliferation,GO:0050673,epithelial cell proliferation,1.5300379853449197,64
GO:0051209,release of sequestered calcium ion into cytosol,GO:0001659,temperature homeostasis,1.5300379853449197,129
GO:0071774,response to fibroblast growth factor,GO:0071363,cellular response to growth factor stimulus,1.5300379853449197,124
GO:0032374,regulation of cholesterol transport,GO:1990778,protein localization to cell periphery,1.5300379853449197,83
GO:0032371,regulation of sterol transport,GO:1990778,protein localization to cell periphery,1.5300379853449197,83
GO:1901652,response to peptide,GO:0019221,cytokine-mediated signaling pathway,1.5273628018137648,526
GO:0001818,negative regulation of cytokine production,GO:0001819,positive regulation of cytokine production,1.524367130469222,381
GO:1903035,negative regulation of response to wounding,GO:0050727,regulation of inflammatory response,1.5181606522769655,100
GO:0061045,negative regulation of wound healing,GO:0050727,regulation of inflammatory response,1.5181606522769655,77
GO:0046928,regulation of neurotransmitter secretion,GO:0051046,regulation of secretion,1.5181606522769655,82
GO:0002292,T cell differentiation involved in immune response,GO:0002250,adaptive immune response,1.5160280075353365,85
GO:0032945,negative regulation of mononuclear cell proliferation,GO:0050673,epithelial cell proliferation,1.5153719331454714,90
GO:0050672,negative regulation of lymphocyte proliferation,GO:0050673,epithelial cell proliferation,1.5153719331454714,89
GO:0071706,tumor necrosis factor superfamily cytokine production,GO:0001819,positive regulation of cytokine production,1.5130091390248912,194
GO:1903555,regulation of tumor necrosis factor superfamily cytokine production,GO:0001819,positive regulation of cytokine production,1.5130091390248912,194
GO:0032970,regulation of actin filament-based process,GO:0007015,actin filament organization,1.5118988071466648,385
GO:0090101,negative regulation of transmembrane receptor protein serine/threonine kinase signaling pathway,GO:0007169,transmembrane receptor protein tyrosine kinase signaling pathway,1.5041754255518875,198
GO:0033555,multicellular organismal response to stress,GO:0050727,regulation of inflammatory response,1.50205703027567,95
GO:0048864,stem cell development,GO:0045165,cell fate commitment,1.50205703027567,86
GO:0021954,central nervous system neuron development,GO:0042063,gliogenesis,1.50205703027567,86
GO:0044703,multi-organism reproductive process,GO:0007548,sex differentiation,1.50205703027567,204
GO:0009798,axis specification,GO:0007389,pattern specification process,1.50205703027567,99
GO:0040008,regulation of growth,GO:0048589,developmental growth,1.4986177815509105,618
GO:0002440,production of molecular mediator of immune response,GO:0002250,adaptive immune response,1.4957199870720572,310
GO:0045217,cell-cell junction maintenance,GO:0007416,synapse assembly,1.4957199870720572,17
GO:0098581,detection of external biotic stimulus,GO:0051606,detection of stimulus,1.4957199870720572,26
GO:0001709,cell fate determination,GO:0045165,cell fate commitment,1.4933288939783318,42
GO:0007498,mesoderm development,GO:0048729,tissue morphogenesis,1.4933288939783318,140
GO:0099601,regulation of neurotransmitter receptor activity,GO:0043087,regulation of GTPase activity,1.4933288939783318,46
GO:0036075,replacement ossification,GO:0001503,ossification,1.4933288939783318,32
GO:0001958,endochondral ossification,GO:0001503,ossification,1.4933288939783318,32
GO:0051283,negative regulation of sequestering of calcium ion,GO:0001659,temperature homeostasis,1.4933288939783318,130
GO:0048483,autonomic nervous system development,GO:0042063,gliogenesis,1.4897291836041697,46
GO:0098656,monoatomic anion transmembrane transport,GO:0071805,potassium ion transmembrane transport,1.4897291836041697,146
GO:0099054,presynapse assembly,GO:0007416,synapse assembly,1.4897291836041697,49
GO:0071827,plasma lipoprotein particle organization,GO:0071825,protein-lipid complex organization,1.4897291836041697,50
GO:0032760,positive regulation of tumor necrosis factor production,GO:0001819,positive regulation of cytokine production,1.4871330498792814,109
GO:0032700,negative regulation of interleukin-17 production,GO:0001819,positive regulation of cytokine production,1.4855637310459384,22
GO:0072677,eosinophil migration,GO:0001764,neuron migration,1.4855637310459384,31
GO:2000562,"negative regulation of CD4-positive, alpha-beta T cell proliferation",GO:0050673,epithelial cell proliferation,1.4855637310459384,12
GO:0016358,dendrite development,GO:0097485,neuron projection guidance,1.4855159102133728,235
GO:0051961,negative regulation of nervous system development,GO:0051960,regulation of nervous system development,1.4845250437894657,155
GO:0061436,establishment of skin barrier,GO:0090596,sensory organ morphogenesis,1.4762402293740273,33
GO:0051043,regulation of membrane protein ectodomain proteolysis,GO:0018212,peptidyl-tyrosine modification,1.4762402293740273,27
GO:0002920,regulation of humoral immune response,GO:0002250,adaptive immune response,1.4762402293740273,46
GO:0021952,central nervous system projection neuron axonogenesis,GO:0042063,gliogenesis,1.4762402293740273,29
GO:1902904,negative regulation of supramolecular fiber organization,GO:0010975,regulation of neuron projection development,1.475654920629453,169
GO:0007517,muscle organ development,GO:0042692,muscle cell differentiation,1.4736574794424626,359
GO:0010594,regulation of endothelial cell migration,GO:0090130,tissue migration,1.4736574794424626,234
GO:0099024,plasma membrane invagination,GO:0099024,plasma membrane invagination,1.473588588832094,58
GO:0019730,antimicrobial humoral response,GO:0002250,adaptive immune response,1.473588588832094,132
GO:0099643,signal release from synapse,GO:0051046,regulation of secretion,1.473305256682165,144
GO:0007269,neurotransmitter secretion,GO:0051046,regulation of secretion,1.473305256682165,144
GO:0030282,bone mineralization,GO:0048729,tissue morphogenesis,1.4729044425287718,127
GO:0048741,skeletal muscle fiber development,GO:0042692,muscle cell differentiation,1.4679704544522725,39
GO:1902882,regulation of response to oxidative stress,GO:0050727,regulation of inflammatory response,1.4675655423292817,33
GO:0051588,regulation of neurotransmitter transport,GO:0051046,regulation of secretion,1.4675655423292817,99
GO:0002701,negative regulation of production of molecular mediator of immune response,GO:0002250,adaptive immune response,1.4675655423292817,46
GO:0034113,heterotypic cell-cell adhesion,GO:0007156,homophilic cell adhesion via plasma membrane adhesion molecules,1.4575350073195132,62
GO:0070509,calcium ion import,GO:0071805,potassium ion transmembrane transport,1.4575350073195132,83
GO:0097006,regulation of plasma lipoprotein particle levels,GO:0097006,regulation of plasma lipoprotein particle levels,1.4572644770686123,91
GO:0036293,response to decreased oxygen levels,GO:0009612,response to mechanical stimulus,1.4569780351126242,327
GO:0050680,negative regulation of epithelial cell proliferation,GO:0050673,epithelial cell proliferation,1.4569780351126242,173
GO:1903708,positive regulation of hemopoiesis,GO:0045165,cell fate commitment,1.4508998025206525,190
GO:1902107,positive regulation of leukocyte differentiation,GO:0045165,cell fate commitment,1.4508998025206525,190
GO:0034341,response to type II interferon,GO:0019221,cytokine-mediated signaling pathway,1.4440687779158146,142
GO:0001837,epithelial to mesenchymal transition,GO:0048729,tissue morphogenesis,1.4400546853795695,187
GO:0048596,embryonic camera-type eye morphogenesis,GO:0090596,sensory organ morphogenesis,1.437560924239299,26
GO:2001185,"regulation of CD8-positive, alpha-beta T cell activation",GO:0002274,myeloid leukocyte activation,1.437560924239299,20
GO:0034331,cell junction maintenance,GO:0007416,synapse assembly,1.436559550791955,45
GO:0006909,phagocytosis,GO:0051046,regulation of secretion,1.4360038850527101,237
GO:0072538,T-helper 17 type immune response,GO:0002250,adaptive immune response,1.4360038850527101,47
GO:0002822,regulation of adaptive immune response based on somatic recombination of immune receptors built from immunoglobulin superfamily domains,GO:0002250,adaptive immune response,1.4360038850527101,192
GO:0033628,regulation of cell adhesion mediated by integrin,GO:0007156,homophilic cell adhesion via plasma membrane adhesion molecules,1.4360038850527101,49
GO:0030048,actin filament-based movement,GO:0007015,actin filament organization,1.433684267995771,138
GO:1990266,neutrophil migration,GO:0001764,neuron migration,1.4324663078450204,129
GO:0050769,positive regulation of neurogenesis,GO:0051960,regulation of nervous system development,1.430211248378226,246
GO:0072678,T cell migration,GO:0001764,neuron migration,1.4211263634053741,74
GO:0043502,regulation of muscle adaptation,GO:0044057,regulation of system process,1.419299712265963,94
GO:0001936,regulation of endothelial cell proliferation,GO:0050673,epithelial cell proliferation,1.4191190243426324,181
GO:0097154,GABAergic neuron differentiation,GO:0042063,gliogenesis,1.4157618345784209,19
GO:0002484,antigen processing and presentation of endogenous peptide antigen via MHC class I via ER pathway,GO:0002250,adaptive immune response,1.4157618345784209,17
GO:0002476,antigen processing and presentation of endogenous peptide antigen via MHC class Ib,GO:0002250,adaptive immune response,1.4157618345784209,17
GO:0019934,cGMP-mediated signaling,GO:0043410,positive regulation of MAPK cascade,1.4157618345784209,33
GO:0006837,serotonin transport,GO:0002791,regulation of peptide secretion,1.4157618345784209,23
GO:0006790,sulfur compound metabolic process,GO:0030202,heparin metabolic process,1.4157618345784209,326
GO:0010837,regulation of keratinocyte proliferation,GO:0050673,epithelial cell proliferation,1.4157618345784209,47
GO:0030540,female genitalia development,GO:0007548,sex differentiation,1.4157618345784209,19
GO:0042403,thyroid hormone metabolic process,GO:0018958,phenol-containing compound metabolic process,1.4157618345784209,29
GO:0051282,regulation of sequestering of calcium ion,GO:0001659,temperature homeostasis,1.4157618345784209,132
GO:0071711,basement membrane organization,GO:0045229,external encapsulating structure organization,1.4157618345784209,38
GO:0030193,regulation of blood coagulation,GO:0001508,action potential,1.4147658904800307,69
GO:0021987,cerebral cortex development,GO:0042063,gliogenesis,1.4147658904800307,127
GO:0048546,digestive tract morphogenesis,GO:0001501,skeletal system development,1.4143242316332447,49
GO:0007224,smoothened signaling pathway,GO:0007169,transmembrane receptor protein tyrosine kinase signaling pathway,1.4143242316332447,146
GO:0097553,calcium ion transmembrane import into cytosol,GO:0071805,potassium ion transmembrane transport,1.4143242316332447,187
GO:0036037,"CD8-positive, alpha-beta T cell activation",GO:0002274,myeloid leukocyte activation,1.4143242316332447,28
GO:0050796,regulation of insulin secretion,GO:0002791,regulation of peptide secretion,1.4143242316332447,167
GO:0060760,positive regulation of response to cytokine stimulus,GO:0019221,cytokine-mediated signaling pathway,1.409687114760423,67
GO:0014032,neural crest cell development,GO:0045165,cell fate commitment,1.409687114760423,80
GO:0043371,"negative regulation of CD4-positive, alpha-beta T cell differentiation",GO:0002274,myeloid leukocyte activation,1.4093938237380592,21
GO:0002347,response to tumor cell,GO:0002423,natural killer cell mediated immune response to tumor cell,1.4064359107615838,45
GO:1903115,regulation of actin filament-based movement,GO:0007015,actin filament organization,1.4026098169293555,40
GO:0043068,positive regulation of programmed cell death,GO:0033033,negative regulation of myeloid cell apoptotic process,1.3994289420144272,574
GO:0030111,regulation of Wnt signaling pathway,GO:0099537,trans-synaptic signaling,1.395312154721437,342
GO:0045581,negative regulation of T cell differentiation,GO:0002250,adaptive immune response,1.3952940698061327,49
GO:1901343,negative regulation of vasculature development,GO:0048514,blood vessel morphogenesis,1.3927669373860863,157
GO:2000181,negative regulation of blood vessel morphogenesis,GO:0048514,blood vessel morphogenesis,1.3927669373860863,155
GO:0016525,negative regulation of angiogenesis,GO:0048514,blood vessel morphogenesis,1.3927669373860863,153
GO:0014013,regulation of gliogenesis,GO:0051960,regulation of nervous system development,1.3927669373860863,112
GO:0019233,sensory perception of pain,GO:0044057,regulation of system process,1.392614950947463,81
GO:0035924,cellular response to vascular endothelial growth factor stimulus,GO:0071363,cellular response to growth factor stimulus,1.392614950947463,76
GO:0009410,response to xenobiotic stimulus,GO:0019221,cytokine-mediated signaling pathway,1.3902516018038404,444
GO:0044706,multi-multicellular organism process,GO:0044706,multi-multicellular organism process,1.3854001999052499,212
GO:0071772,response to BMP,GO:0071363,cellular response to growth factor stimulus,1.3844093625515577,180
GO:0060070,canonical Wnt signaling pathway,GO:0099537,trans-synaptic signaling,1.3844093625515577,323
GO:0071773,cellular response to BMP stimulus,GO:0071363,cellular response to growth factor stimulus,1.3844093625515577,180
GO:0044273,sulfur compound catabolic process,GO:0030202,heparin metabolic process,1.379880231149606,48
GO:0098659,inorganic cation import across plasma membrane,GO:0051046,regulation of secretion,1.377779347839498,126
GO:0099587,inorganic ion import across plasma membrane,GO:0051046,regulation of secretion,1.377779347839498,126
GO:0001935,endothelial cell proliferation,GO:0050673,epithelial cell proliferation,1.377779347839498,202
GO:0051048,negative regulation of secretion,GO:0051046,regulation of secretion,1.377779347839498,173
GO:0035249,"synaptic transmission, glutamatergic",GO:0099537,trans-synaptic signaling,1.375798956024415,113
GO:0007260,tyrosine phosphorylation of STAT protein,GO:0007169,transmembrane receptor protein tyrosine kinase signaling pathway,1.37575084259701,82
GO:0032787,monocarboxylic acid metabolic process,GO:0006525,arginine metabolic process,1.3736626542619388,637
GO:0002532,production of molecular mediator involved in inflammatory response,GO:0050727,regulation of inflammatory response,1.3655761114170784,106
GO:1900046,regulation of hemostasis,GO:0001508,action potential,1.3584354388098443,71
GO:0022029,telencephalon cell migration,GO:0042063,gliogenesis,1.3584354388098443,60
GO:0002819,regulation of adaptive immune response,GO:0002250,adaptive immune response,1.356694496210046,207
GO:1901653,cellular response to peptide,GO:0019221,cytokine-mediated signaling pathway,1.356694496210046,376
GO:0010596,negative regulation of endothelial cell migration,GO:0090130,tissue migration,1.356694496210046,101
GO:0045685,regulation of glial cell differentiation,GO:0042063,gliogenesis,1.355091374322945,79
GO:0019935,cyclic-nucleotide-mediated signaling,GO:0043410,positive regulation of MAPK cascade,1.355091374322945,100
GO:1905383,protein localization to presynapse,GO:1990778,protein localization to cell periphery,1.3521109192385805,11
GO:0060397,growth hormone receptor signaling pathway via JAK-STAT,GO:0019221,cytokine-mediated signaling pathway,1.3521109192385805,10
GO:0072672,neutrophil extravasation,GO:0001764,neuron migration,1.3521109192385805,14
GO:0019370,leukotriene biosynthetic process,GO:0006525,arginine metabolic process,1.3521109192385805,21
GO:0045682,regulation of epidermis development,GO:0048729,tissue morphogenesis,1.350195529728581,65
GO:2001222,regulation of neuron migration,GO:0001764,neuron migration,1.3494914446752766,48
GO:0021756,striatum development,GO:0042063,gliogenesis,1.3494914446752766,22
GO:0060443,mammary gland morphogenesis,GO:0090596,sensory organ morphogenesis,1.3494914446752766,44
GO:0002070,epithelial cell maturation,GO:0071695,anatomical structure maturation,1.3494914446752766,25
GO:0010559,regulation of glycoprotein biosynthetic process,GO:0006029,proteoglycan metabolic process,1.3494914446752766,55
GO:0048469,cell maturation,GO:0071695,anatomical structure maturation,1.3494914446752766,205
GO:0046850,regulation of bone remodeling,GO:0048771,tissue remodeling,1.3494914446752766,51
GO:0010977,negative regulation of neuron projection development,GO:0010975,regulation of neuron projection development,1.3494914446752766,146
GO:0072210,metanephric nephron development,GO:0072001,renal system development,1.3494914446752766,41
GO:0035767,endothelial cell chemotaxis,GO:0090130,tissue migration,1.3494914446752766,31
GO:2000628,regulation of miRNA metabolic process,GO:1902895,positive regulation of miRNA transcription,1.3494914446752766,90
GO:0050855,regulation of B cell receptor signaling pathway,GO:0002250,adaptive immune response,1.343043040876554,24
GO:0001780,neutrophil homeostasis,GO:0001659,temperature homeostasis,1.343043040876554,21
GO:0032682,negative regulation of chemokine production,GO:0001819,positive regulation of cytokine production,1.343043040876554,31
GO:0000578,embryonic axis specification,GO:0007389,pattern specification process,1.3349155176205167,42
GO:0060421,positive regulation of heart growth,GO:0048589,developmental growth,1.3349155176205167,41
GO:0010595,positive regulation of endothelial cell migration,GO:0090130,tissue migration,1.3349155176205167,131
GO:1901888,regulation of cell junction assembly,GO:0007416,synapse assembly,1.3327312696008933,215
GO:1902807,negative regulation of cell cycle G1/S phase transition,GO:0006977,"DNA damage response, signal transduction by p53 class mediator resulting in cell cycle arrest",1.3322542936965978,94
GO:0019216,regulation of lipid metabolic process,GO:0036152,phosphatidylethanolamine acyl-chain remodeling,1.3279728403243163,326
GO:0043281,regulation of cysteine-type endopeptidase activity involved in apoptotic process,GO:0043087,regulation of GTPase activity,1.3261345956214905,160
GO:0006636,unsaturated fatty acid biosynthetic process,GO:0006525,arginine metabolic process,1.3250444962203844,51
GO:0086065,cell communication involved in cardiac conduction,GO:0044057,regulation of system process,1.3250444962203844,58
GO:0006692,prostanoid metabolic process,GO:0006525,arginine metabolic process,1.3250444962203844,51
GO:0071902,positive regulation of protein serine/threonine kinase activity,GO:0043087,regulation of GTPase activity,1.3240829990136964,127
GO:1904036,negative regulation of epithelial cell apoptotic process,GO:0033033,negative regulation of myeloid cell apoptotic process,1.321600373185383,65
GO:0045747,positive regulation of Notch signaling pathway,GO:0007169,transmembrane receptor protein tyrosine kinase signaling pathway,1.321600373185383,50
GO:0009566,fertilization,GO:0007548,sex differentiation,1.321600373185383,207
GO:0010469,regulation of signaling receptor activity,GO:0043087,regulation of GTPase activity,1.321600373185383,104
GO:0048708,astrocyte differentiation,GO:0042063,gliogenesis,1.321600373185383,88
GO:0060071,"Wnt signaling pathway, planar cell polarity pathway",GO:0099537,trans-synaptic signaling,1.321600373185383,50
GO:0021872,forebrain generation of neurons,GO:0042063,gliogenesis,1.321600373185383,54
GO:0021795,cerebral cortex cell migration,GO:0042063,gliogenesis,1.321600373185383,48
GO:0007631,feeding behavior,GO:0007610,behavior,1.3192348910032485,107
GO:0031345,negative regulation of cell projection organization,GO:0010975,regulation of neuron projection development,1.3188124311161005,201
GO:0006869,lipid transport,GO:1990778,protein localization to cell periphery,1.316841808621201,456
GO:0051347,positive regulation of transferase activity,GO:0043087,regulation of GTPase activity,1.316841808621201,376
GO:0046660,female sex differentiation,GO:0007548,sex differentiation,1.315966727873239,121
GO:0061180,mammary gland epithelium development,GO:0090596,sensory organ morphogenesis,1.3150269120385067,67
GO:0032615,interleukin-12 production,GO:0001819,positive regulation of cytokine production,1.3150269120385067,63
GO:0032655,regulation of interleukin-12 production,GO:0001819,positive regulation of cytokine production,1.3150269120385067,63
GO:0032370,positive regulation of lipid transport,GO:1990778,protein localization to cell periphery,1.3150269120385067,87
GO:0014015,positive regulation of gliogenesis,GO:0051960,regulation of nervous system development,1.3150269120385067,74
GO:0002428,antigen processing and presentation of peptide antigen via MHC class Ib,GO:0002250,adaptive immune response,1.312662154755214,18
GO:0010755,regulation of plasminogen activation,GO:0018212,peptidyl-tyrosine modification,1.312662154755214,18
GO:0007350,blastoderm segmentation,GO:0007389,pattern specification process,1.312662154755214,25
GO:0034368,protein-lipid complex remodeling,GO:0071825,protein-lipid complex organization,1.312662154755214,33
GO:0034369,plasma lipoprotein particle remodeling,GO:0071825,protein-lipid complex organization,1.312662154755214,33
GO:2001026,regulation of endothelial cell chemotaxis,GO:0090130,tissue migration,1.312662154755214,24
GO:1903557,positive regulation of tumor necrosis factor superfamily cytokine production,GO:0001819,positive regulation of cytokine production,1.3119002565819922,113
GO:0045088,regulation of innate immune response,GO:0032102,negative regulation of response to external stimulus,1.3119002565819922,440
GO:0070232,regulation of T cell apoptotic process,GO:0033033,negative regulation of myeloid cell apoptotic process,1.3116744738606736,39
GO:0002886,regulation of myeloid leukocyte mediated immunity,GO:0002250,adaptive immune response,1.3116744738606736,57
GO:0060914,heart formation,GO:0060441,epithelial tube branching involved in lung morphogenesis,1.3116744738606736,34
GO:0045954,positive regulation of natural killer cell mediated cytotoxicity,GO:0002250,adaptive immune response,1.3116744738606736,29
GO:0036336,dendritic cell migration,GO:0001764,neuron migration,1.3116744738606736,31
GO:0002418,immune response to tumor cell,GO:0002423,natural killer cell mediated immune response to tumor cell,1.3116744738606736,29
GO:0006607,NLS-bearing protein import into nucleus,GO:1990778,protein localization to cell periphery,1.309818952403233,20
GO:0050905,neuromuscular process,GO:0044057,regulation of system process,1.309818952403233,165
GO:0060142,regulation of syncytium formation by plasma membrane fusion,GO:0060142,regulation of syncytium formation by plasma membrane fusion,1.309818952403233,29
GO:0060048,cardiac muscle contraction,GO:0044057,regulation of system process,1.309818952403233,145
GO:0017157,regulation of exocytosis,GO:0051046,regulation of secretion,1.309818952403233,188
GO:0019369,arachidonic acid metabolic process,GO:0006525,arginine metabolic process,1.309818952403233,58
GO:0006816,calcium ion transport,GO:0071805,potassium ion transmembrane transport,1.3075424529027107,428
GO:0003279,cardiac septum development,GO:0048514,blood vessel morphogenesis,1.3071132091238489,108
GO:0140253,cell-cell fusion,GO:0060142,regulation of syncytium formation by plasma membrane fusion,1.3010615949184792,62
GO:0000768,syncytium formation by plasma membrane fusion,GO:0060142,regulation of syncytium formation by plasma membrane fusion,1.3010615949184792,62
GO:1905517,macrophage migration,GO:0001764,neuron migration,1.3010615949184792,60
