ID,Description,GeneRatio,BgRatio,RichFactor,FoldEnrichment,zScore,pvalue,p.adjust,qvalue,geneID,Count,module
GO:0019221,cytokine-mediated signaling pathway,77/1306,350/11952,0.22,2.013353751914242,6.73921252251624,9.955254155560855e-10,4.844226672095912e-6,4.093181340170601e-6,IFITM1/STAT5A/TYK2/PIK3R1/OSM/JAK3/FAS/IL10RA/IFITM2/UGCG/STAT5B/CSF1/IL15/STAT3/STING1/SIGIRR/NFKBIZ/TNFRSF4/IL17REL/IL7R/IL2RA/MST1R/CD44/OAS2/IL1R1/CARD16/STAT4/RBM47/PRLR/IL18R1/TNFRSF18/IL1RL1/EBI3/ACKR3/YAP1/IL1RAP/PADI2/IL6/EDN2/CXCL3/INHBA/SLIT3/CCR10/GPR35/IRAK2/TNF/USP27X/IL1RN/IL18RAP/IL5/TNFRSF1A/CSF2RB/PRKN/CCR6/IL1R2/IL17F/CCL3/IL11/PPBP/CXCL8/PLP2/TNFRSF25/IRS1/SOCS1/TRAF1/IL12RB2/CCL22/CSNK2B/CSF1R/IFIH1/NKIRAS1/MIB2/AIM2/NFKBIA/OASL/IL4R/BIRC3,77,Module 1
GO:0022407,regulation of cell-cell adhesion,78/1306,366/11952,0.21311475409836064,1.9503426806918884,6.467471083013866,3.5960359130113974e-9,8.583339709420886e-6,7.252585048780579e-6,PAG1/TWSG1/TYK2/MAP2K5/CD55/PRKCA/TESPA1/CD80/JAK3/EMILIN1/STAT5B/BCL6/IL15/TIGIT/RASAL3/TNFSF4/SMAD7/NR4A3/NFKBIZ/WNT10B/DPP4/HLA-DPB1/GCNT1/IL7R/ZP3/IL2RA/CBLB/ADAM19/MAD1L1/KLHL25/ICOS/CD44/SDC4/CD274/SLAMF1/CD40LG/ABCA12/CDH1/GCNT2/MAGI1/ADTRP/EMILIN2/CTLA4/EBI3/IL6/CD9/HLA-DQB2/HLA-DOB/ZNF703/TNF/IL1RN/PDCD1LG2/ADORA2A/BMP4/TNFAIP8L2/HLX/TJP1/EGR3/FUT7/SKAP1/RIPOR2/ADAM8/HLA-DOA/AFDN/MAP3K8/LGALS1/ANK3/HHLA2/VCAM1/SOCS1/FUT4/ZAP70/LGALS3/RASGRP1/HLA-DMB/FOXP3/IL4R/ZMIZ1,78,Module 1
GO:0045785,positive regulation of cell adhesion,78/1306,369/11952,0.21138211382113822,1.934486236133418,6.386398948835413,5.291824728372926e-9,8.583339709420886e-6,7.252585048780579e-6,TYK2/CD55/PRKCA/TESPA1/CD80/NEDD9/EMILIN1/STAT5B/CSF1/BCL6/IL15/FN1/RASAL3/SMAD3/PRKCE/TNFSF4/SMAD7/NR4A3/NFKBIZ/WNT10B/DPP4/HLA-DPB1/GCNT1/FERMT2/IL7R/ZP3/IL2RA/ADAM19/KLHL25/LIF/ICOS/CD44/SDC4/CD274/SLAMF1/CD40LG/GCNT2/MAGI1/EMILIN2/TNFRSF18/LAMA2/EBI3/CD36/LAMA1/IL6/HLA-DQB2/HLA-DOB/TNF/CARMIL1/PDCD1LG2/LAMB1/LAMB2/HLX/TJP1/COL16A1/EGR3/FUT7/CDK6/SKAP1/ADAM8/HLA-DOA/AFDN/MAP3K8/LGALS1/ANK3/HHLA2/VCAM1/SOCS1/FUT4/DOCK5/ZAP70/ZFHX3/RASGRP1/HLA-DMB/SAA1/FOXP3/IL4R/ZMIZ1,78,Module 1
GO:0051606,detection of stimulus,35/1306,120/11952,0.2916666666666667,2.669218989280245,6.436582497214761,3.1235575073064516e-8,3.799807707638298e-5,3.210688321983947e-5,COMT/TLR1/SCN11A/ANO3/NR4A1/PGLYRP4/PLCB2/WHRN/RTP4/LY96/YAP1/RYR2/PLEKHB1/ROM1/TMC1/TLR6/PIEZO2/TNF/CST4/PGLYRP3/PRDM12/CACNA1F/EPHB1/ABCA4/BEST1/CACNB4/GRK7/PDZD7/PAK1/PKD1/ELOVL4/TTN/PKD2/UNC119/TMEM107,35,Module 1
GO:0044057,regulation of system process,67/1306,315/11952,0.2126984126984127,1.9465324874206955,5.962807171755703,5.0276534050268055e-8,4.435193405144977e-5,3.747564289375534e-5,DMD/NLGN1/GPR171/PRKCA/TYMP/BIN1/PRKAR1B/SELENON/PTGER3/ATP2A3/SLC9A1/SMAD3/TMEM65/SMAD7/NR4A3/GAA/MYL5/PDE4B/ADM2/RNF207/ACTN3/NR4A1/PDE9A/PTGS2/CACNA1D/ATP1B2/ABCC9/RYR2/SPTBN4/EDN2/KCND2/ZFHX2/KCNJ12/HRH1/ITGAX/INHBA/WASF3/RIMS2/GPR35/P2RX1/TNF/TNFRSF1A/BEGAIN/HCN4/GHRL/ATP2B2/SPP1/SCN1B/CCL3/CACNA1G/STX1B/SGCA/UNC13B/CORIN/CTTN/LMNA/ANK2/ACACB/RGS2/TBXAS1/CACNA2D1/TMIGD3/DOCK5/TRDN/FBXO32/FOXO1/GRIN2D,67,Module 1
GO:0050865,regulation of cell activation,91/1306,478/11952,0.1903765690376569,1.7422517252205783,5.800804405975398,6.103144843472682e-8,4.435193405144977e-5,3.747564289375534e-5,PAG1/TWSG1/TYK2/CD55/PRKCA/SAMSN1/NFATC2/TESPA1/CD80/JAK3/NEDD9/RPS6KA1/EMILIN1/GPR183/STAT5B/ID2/BCL6/IL15/FN1/TIGIT/RASAL3/TNFSF4/SMAD7/NR4A3/NFKBIZ/TNFRSF4/WNT10B/DPP4/HLA-DPB1/IL7R/ZP3/IL2RA/MZB1/CBLB/MAD1L1/KLHL25/ICOS/PLA2G4A/SDC4/CD274/SLAMF1/CD40LG/CLNK/CD22/PRLR/IL13/SIT1/EMILIN2/IL1RL1/CTLA4/EBI3/IL6/CD9/INHBA/LRFN5/HLA-DQB2/HLA-DOB/TLR6/TNF/IL5/PDCD1LG2/ADORA2A/BMP4/CD33/TNFAIP8L2/PGLYRP3/CCL3/HLX/PDGFRA/EGR3/SYT11/CD2/RIPOR2/ADAM8/HLA-DOA/MAP3K8/LGALS1/HHLA2/VCAM1/SOCS1/PDGFA/BATF/ZAP70/TNFRSF9/LGALS3/RASGRP1/HLA-DMB/FOXP3/IL4R/MYO18A/ZMIZ1,91,Module 1
GO:0022409,positive regulation of cell-cell adhesion,57/1306,253/11952,0.22529644268774704,2.0618247189923067,5.9788712621226985,6.442522243388792e-8,4.435193405144977e-5,3.747564289375534e-5,TYK2/CD55/TESPA1/CD80/EMILIN1/STAT5B/BCL6/IL15/RASAL3/TNFSF4/SMAD7/NR4A3/NFKBIZ/WNT10B/DPP4/HLA-DPB1/GCNT1/IL7R/ZP3/IL2RA/ADAM19/KLHL25/ICOS/CD44/CD274/SLAMF1/CD40LG/GCNT2/MAGI1/EMILIN2/EBI3/IL6/HLA-DQB2/HLA-DOB/TNF/PDCD1LG2/HLX/TJP1/EGR3/FUT7/SKAP1/ADAM8/HLA-DOA/AFDN/MAP3K8/LGALS1/ANK3/HHLA2/VCAM1/SOCS1/FUT4/ZAP70/RASGRP1/HLA-DMB/FOXP3/IL4R/ZMIZ1,57,Module 1
GO:1903037,regulation of leukocyte cell-cell adhesion,63/1306,292/11952,0.21575342465753425,1.9744907591936058,5.904734250423747,7.291727751985165e-8,4.435193405144977e-5,3.747564289375534e-5,PAG1/TWSG1/TYK2/CD55/TESPA1/CD80/JAK3/STAT5B/BCL6/IL15/TIGIT/RASAL3/TNFSF4/SMAD7/NR4A3/NFKBIZ/WNT10B/DPP4/HLA-DPB1/GCNT1/IL7R/ZP3/IL2RA/CBLB/MAD1L1/KLHL25/ICOS/CD44/SDC4/CD274/SLAMF1/CD40LG/ADTRP/CTLA4/EBI3/IL6/HLA-DQB2/HLA-DOB/TNF/PDCD1LG2/ADORA2A/BMP4/TNFAIP8L2/HLX/EGR3/FUT7/SKAP1/RIPOR2/ADAM8/HLA-DOA/MAP3K8/LGALS1/HHLA2/VCAM1/SOCS1/FUT4/ZAP70/LGALS3/RASGRP1/HLA-DMB/FOXP3/IL4R/ZMIZ1,63,Module 1
GO:0007159,leukocyte cell-cell adhesion,67/1306,320/11952,0.209375,1.9161179173047476,5.818079486125595,9.490283469791336e-8,5.131079929333849e-5,4.3355610798836206e-5,PAG1/TWSG1/TYK2/CD55/TESPA1/CD80/JAK3/CERCAM/STAT5B/BCL6/IL15/TIGIT/RASAL3/TNFSF4/SMAD7/NR4A3/NFKBIZ/WNT10B/DPP4/HLA-DPB1/GCNT1/IL7R/ZP3/IL2RA/CBLB/MAD1L1/KLHL25/ICOS/CD44/ADD2/SDC4/CD274/SLAMF1/CD40LG/ADTRP/CTLA4/EBI3/IL6/HLA-DQB2/HLA-DOB/TNF/PDCD1LG2/ADORA2A/BMP4/TNFAIP8L2/HLX/EGR3/FUT7/SKAP1/RIPOR2/ADAM8/HLA-DOA/MAP3K8/LGALS1/HHLA2/VCAM1/SOCS1/FUT4/ZAP70/LGALS3/RASGRP1/HLA-DMB/ICAM1/FOXP3/SEMA4D/IL4R/ZMIZ1,67,Module 1
GO:0002694,regulation of leukocyte activation,84/1306,446/11952,0.18834080717488788,1.7236212307459875,5.455028521826907,3.2186313475566285e-7,1.3296746843851197e-4,1.123522901596097e-4,PAG1/TWSG1/TYK2/CD55/SAMSN1/NFATC2/TESPA1/CD80/JAK3/NEDD9/GPR183/STAT5B/ID2/BCL6/IL15/FN1/TIGIT/RASAL3/TNFSF4/SMAD7/NR4A3/NFKBIZ/TNFRSF4/WNT10B/DPP4/HLA-DPB1/IL7R/ZP3/IL2RA/MZB1/CBLB/MAD1L1/KLHL25/ICOS/PLA2G4A/SDC4/CD274/SLAMF1/CD40LG/CLNK/CD22/PRLR/IL13/SIT1/IL1RL1/CTLA4/EBI3/IL6/INHBA/LRFN5/HLA-DQB2/HLA-DOB/TLR6/TNF/IL5/PDCD1LG2/ADORA2A/BMP4/CD33/TNFAIP8L2/PGLYRP3/CCL3/HLX/EGR3/SYT11/CD2/RIPOR2/ADAM8/HLA-DOA/MAP3K8/LGALS1/HHLA2/VCAM1/SOCS1/BATF/ZAP70/TNFRSF9/LGALS3/RASGRP1/HLA-DMB/FOXP3/IL4R/MYO18A/ZMIZ1,84,Module 1
GO:0007162,negative regulation of cell adhesion,48/1306,208/11952,0.23076923076923078,2.111909529979974,5.665960981720782,3.3058288583717906e-7,1.3296746843851197e-4,1.123522901596097e-4,PAG1/TWSG1/PLXNB2/CASK/MAP2K5/PIK3R1/CD80/JAK3/DMTN/BCL6/TIGIT/TNFSF4/SMAD7/GBP1/IL2RA/CBLB/MAD1L1/SDC4/CD274/SPOCK1/ABCA12/CDH1/GCNT2/MUC1/COL1A1/ADTRP/CTLA4/HSPG2/CD9/DSCAM/CLDN7/ZNF703/IL1RN/PDCD1LG2/ADORA2A/BMP4/PLXNB3/TNFAIP8L2/HLX/ACVRL1/PLXNA2/RIPOR2/SOCS1/DLC1/LGALS3/FOXP3/SEMA4D/IL4R,48,Module 1
GO:0050727,regulation of inflammatory response,55/1306,252/11952,0.21825396825396826,1.9973747538831765,5.6046202444404765,3.316713754832135e-7,1.3296746843851197e-4,1.123522901596097e-4,OSM/SOCS3/MAPK13/IL10RA/STAT5B/PTGER3/BCL6/IL15/SMAD3/STAT3/STING1/TNFSF4/NFKBIZ/NLRC3/FURIN/ZP3/IL2RA/WFDC1/IL1R1/CARD16/TLR7/IL13/MGST2/PTGS2/IL1RL1/PTGES/CAMK2N1/GGT1/IL6/TNFAIP6/LRFN5/TNF/ADORA2A/TNFRSF1A/GHRL/TNFAIP8L2/CCL3/AHSG/DAGLA/IL22/FUT7/SYT11/NLRP1/ALOX5AP/ADAM8/LGALS1/CLOCK/RB1/AIM2/NFKBIA/SAA1/FOXP3/NLRX1/RHBDF2/BIRC3,55,Module 1
GO:0042110,T cell activation,84/1306,447/11952,0.18791946308724833,1.719765254838279,5.4322757718290475,3.5523573565570396e-7,1.3296746843851197e-4,1.123522901596097e-4,PAG1/TWSG1/TYK2/CD55/PIK3R1/SOCS3/TESPA1/CD80/JAK3/EIF2AK4/GPR183/STAT5B/BCL6/IL15/TIGIT/RASAL3/SMAD3/STAT3/TNFSF4/SMAD7/NFKBIZ/TNFRSF4/WNT10B/SH2D2A/DPP4/NLRC3/HLA-DPB1/IL7R/ZP3/IL2RA/CBLB/MAD1L1/CD3G/KLHL25/ICOS/CD44/SDC4/CD274/CD3D/SLAMF1/CD40LG/STAT4/SIT1/IL18R1/GPR18/CTLA4/EBI3/SEMA4A/IL6/HLA-DQB2/CD8A/HLA-DOB/JAG2/PDCD1LG2/ADORA2A/BMP4/CCR6/TNFAIP8L2/WDFY4/HLX/EGR3/FUT7/CDK6/CD2/RIPOR2/ADAM8/HLA-DOA/MAP3K8/LGALS1/HHLA2/VCAM1/SOCS1/BATF/PIK3CD/ZAP70/TNFRSF9/LGALS3/RASGRP1/HLA-DMB/ICAM1/FOXP3/STOML2/IL4R/ZMIZ1,84,Module 1
GO:0002250,adaptive immune response,69/1306,346/11952,0.1994219653179191,1.8250316458497464,5.4544109304102975,4.2912616620160315e-7,1.4915199462407148e-4,1.260275793371024e-4,ERAP2/PAG1/TYK2/CD55/SH2D1A/SAMSN1/SOCS3/CD80/JAK3/ORAI1/EIF2AK4/GPR183/SCART1/BCL6/STAT3/BACH2/TNFSF4/SMAD7/NFKBIZ/HLA-DPB1/IL7R/ZP3/C1RL/CD3G/PLA2G4A/CD274/IL1R1/CD3D/SLAMF1/CD40LG/IL9/FCER2/C4BPB/STAT4/SIT1/IL18R1/IL1RL1/CTLA4/CARD9/EBI3/SEMA4A/KDM5D/IL6/HLA-DQB2/CD8A/HLA-DOB/BTNL8/TNF/PDCD1LG2/FCER1A/CSF2RB/CCR6/CFI/IL17F/HLX/FUT7/SKAP1/HLA-DOA/HLA-C/RAPGEF4/BATF/PIK3CD/ZAP70/TAP1/NFKB2/HLA-DMB/ICAM1/FOXP3/IL4R,69,Module 1
GO:0099536,synaptic signaling,88/1306,479/11952,0.1837160751565762,1.6812974963793252,5.33023717233762,5.185526646301034e-7,1.6821848440600552e-4,1.4213801459966204e-4,DMD/CASK/NLGN1/RPS6KA1/ITPR1/DLG3/GIPC1/COMT/EIF2AK4/SYT4/RAPGEF2/PRKAR1B/PRKCE/CACNA1E/MAP1A/TPGS1/NR4A1/ADARB1/APBA1/MPZ/MCTP2/OTOF/KCNQ2/CDH1/NEURL1/PDE9A/PTGS2/NTRK2/SYBU/LAMA2/CNTNAP4/CHRNA4/IL1RAP/ERC2/SLC4A10/PPP1R9A/KCND2/ACHE/HRH1/JPH4/GNA15/RIMS2/GABBR1/HTR3B/PDLIM4/PMCH/P2RX1/ADGRB1/TNF/CADPS2/RPH3AL/CDH8/ADORA2A/BEGAIN/PRKN/GHRL/SYN1/GRIK5/DGKI/EPHB1/CDH11/FBXO2/DCC/CACNA1G/DAGLA/STX1B/UNC13B/EGR3/UNC13A/CACNB4/SYT11/SLC12A4/MCTP1/SLC7A11/KCNC4/KIF5A/MAPK8IP2/RPS6KA2/CPLX1/MYCBPAP/STX2/ATF4/GAD1/ITPKA/SLC17A7/SLC6A4/UNC119/GRIN2D,88,Module 1
GO:0099537,trans-synaptic signaling,85/1306,459/11952,0.18518518518518517,1.6947422154160283,5.3161081720631564,5.763474090137638e-7,0.00017528165576631091,1.4810611707945798e-4,CASK/NLGN1/RPS6KA1/DLG3/GIPC1/COMT/EIF2AK4/SYT4/RAPGEF2/PRKAR1B/PRKCE/CACNA1E/MAP1A/TPGS1/NR4A1/ADARB1/APBA1/MPZ/MCTP2/OTOF/KCNQ2/CDH1/NEURL1/PDE9A/PTGS2/NTRK2/SYBU/LAMA2/CNTNAP4/CHRNA4/IL1RAP/ERC2/SLC4A10/PPP1R9A/KCND2/ACHE/HRH1/JPH4/RIMS2/GABBR1/HTR3B/PDLIM4/PMCH/P2RX1/ADGRB1/TNF/CADPS2/RPH3AL/CDH8/ADORA2A/BEGAIN/PRKN/GHRL/SYN1/GRIK5/DGKI/EPHB1/CDH11/FBXO2/DCC/CACNA1G/DAGLA/STX1B/UNC13B/EGR3/UNC13A/CACNB4/SYT11/SLC12A4/MCTP1/SLC7A11/KCNC4/KIF5A/MAPK8IP2/RPS6KA2/CPLX1/MYCBPAP/STX2/ATF4/GAD1/ITPKA/SLC17A7/SLC6A4/UNC119/GRIN2D,85,Module 1
GO:0051046,regulation of secretion,77/1306,408/11952,0.18872549019607843,1.7271416989460409,5.234213748118671,9.259015911252284e-7,2.6502571425972716e-4,2.2393632290620074e-4,RAB11FIP1/CASK/NLGN1/SEPTIN1/OSM/ORAI1/ITPR1/SYT4/PTGER3/RAB11FIP5/PRKCE/SCAMP5/HYAL3/STXBP6/ZP3/GAB2/LIF/FRMD4A/OAS2/PLA2G4A/ALOX12B/SDC4/MCTP2/OTOF/ABCA12/ITGAM/IL13/ADTRP/SYBU/PTGES/CHRNA4/IL6/ACHE/INHBA/RIMS2/GABBR1/RAB26/P2RX1/FFAR1/TNF/CADPS2/RPH3AL/ANG/ADORA2A/TNFRSF1A/CD33/PRKN/RHBDF1/GHRL/SYN1/SPP1/IL11/STX1B/UNC13B/VEGFC/CACNB4/CORIN/SYT11/IRS1/ADAM8/MCTP1/CLOCK/CPLX1/RAB27B/RAPGEF4/RAB9A/RAB3D/FOXO1/NEO1/TTN/SAA1/SLC6A4/PCK2/C2CD2L/IL4R/MYO18A/RHBDF2,77,Module 1
GO:0050866,negative regulation of cell activation,37/1306,149/11952,0.24832214765100671,2.2725469438934396,5.47458525915612,1.130379080256983e-6,3.055791446961377e-4,2.582023793850161e-4,PAG1/TWSG1/SAMSN1/CD80/JAK3/EMILIN1/ID2/BCL6/FN1/TIGIT/TNFSF4/SMAD7/IL2RA/CBLB/MAD1L1/SDC4/CD274/CLNK/CTLA4/CD9/INHBA/LRFN5/PDCD1LG2/ADORA2A/BMP4/CD33/TNFAIP8L2/PGLYRP3/HLX/PDGFRA/SYT11/RIPOR2/SOCS1/PDGFA/LGALS3/FOXP3/IL4R,37,Module 1
GO:0007268,chemical synaptic transmission,83/1306,455/11952,0.1824175824175824,1.6694141998889318,5.099044873649337,1.4798090550247475e-6,3.600375430875211e-4,3.042175878382455e-4,CASK/NLGN1/RPS6KA1/DLG3/GIPC1/COMT/EIF2AK4/SYT4/RAPGEF2/PRKAR1B/PRKCE/CACNA1E/MAP1A/TPGS1/NR4A1/ADARB1/APBA1/MPZ/MCTP2/OTOF/KCNQ2/CDH1/NEURL1/PDE9A/PTGS2/NTRK2/SYBU/LAMA2/CNTNAP4/CHRNA4/ERC2/SLC4A10/PPP1R9A/KCND2/ACHE/HRH1/JPH4/RIMS2/GABBR1/HTR3B/PDLIM4/PMCH/P2RX1/ADGRB1/TNF/CADPS2/RPH3AL/CDH8/ADORA2A/BEGAIN/PRKN/GHRL/SYN1/GRIK5/DGKI/EPHB1/CDH11/FBXO2/DCC/CACNA1G/STX1B/UNC13B/EGR3/UNC13A/CACNB4/SYT11/SLC12A4/MCTP1/SLC7A11/KCNC4/KIF5A/MAPK8IP2/RPS6KA2/CPLX1/MYCBPAP/STX2/ATF4/GAD1/ITPKA/SLC17A7/SLC6A4/UNC119/GRIN2D,83,Module 1
GO:0098916,anterograde trans-synaptic signaling,83/1306,455/11952,0.1824175824175824,1.6694141998889318,5.099044873649337,1.4798090550247475e-6,3.600375430875211e-4,3.042175878382455e-4,CASK/NLGN1/RPS6KA1/DLG3/GIPC1/COMT/EIF2AK4/SYT4/RAPGEF2/PRKAR1B/PRKCE/CACNA1E/MAP1A/TPGS1/NR4A1/ADARB1/APBA1/MPZ/MCTP2/OTOF/KCNQ2/CDH1/NEURL1/PDE9A/PTGS2/NTRK2/SYBU/LAMA2/CNTNAP4/CHRNA4/ERC2/SLC4A10/PPP1R9A/KCND2/ACHE/HRH1/JPH4/RIMS2/GABBR1/HTR3B/PDLIM4/PMCH/P2RX1/ADGRB1/TNF/CADPS2/RPH3AL/CDH8/ADORA2A/BEGAIN/PRKN/GHRL/SYN1/GRIK5/DGKI/EPHB1/CDH11/FBXO2/DCC/CACNA1G/STX1B/UNC13B/EGR3/UNC13A/CACNB4/SYT11/SLC12A4/MCTP1/SLC7A11/KCNC4/KIF5A/MAPK8IP2/RPS6KA2/CPLX1/MYCBPAP/STX2/ATF4/GAD1/ITPKA/SLC17A7/SLC6A4/UNC119/GRIN2D,83,Module 1
GO:0045055,regulated exocytosis,40/1306,169/11952,0.23668639053254437,2.166061056389717,5.347086200491908,1.5822553740701735e-6,3.6320681836715386e-4,3.068955010150135e-4,RAB11FIP1/CASK/NLGN1/SYNGR3/SYT4/RAB11FIP5/SCAMP5/NR4A3/SCN11A/HYAL3/ZP3/GAB2/OTOF/ABCA12/CLNK/S100A13/ITGAM/IL13/ERC2/RIMS2/RAB26/P2RX1/CADPS2/RPH3AL/FCER1A/SYN1/GRIK5/CCL3/STX1B/UNC13B/UNC13A/CACNB4/SYT11/CPLX1/RAPGEF4/PIK3CD/RAB3D/STX2/RASGRP1/IL4R,40,Module 1
GO:1903530,regulation of secretion by cell,73/1306,386/11952,0.18911917098445596,1.7307445111839341,5.11149689177736,1.642118784232919e-6,3.6320681836715386e-4,3.068955010150135e-4,RAB11FIP1/CASK/NLGN1/SEPTIN1/OSM/ORAI1/ITPR1/SYT4/RAB11FIP5/PRKCE/SCAMP5/HYAL3/STXBP6/ZP3/GAB2/LIF/FRMD4A/PLA2G4A/SDC4/MCTP2/OTOF/ABCA12/ITGAM/IL13/ADTRP/SYBU/PTGES/CHRNA4/IL6/ACHE/INHBA/RIMS2/GABBR1/RAB26/P2RX1/FFAR1/TNF/CADPS2/RPH3AL/ANG/ADORA2A/TNFRSF1A/CD33/PRKN/RHBDF1/GHRL/SYN1/SPP1/IL11/STX1B/UNC13B/VEGFC/CACNB4/SYT11/IRS1/ADAM8/MCTP1/CLOCK/CPLX1/RAB27B/RAPGEF4/RAB9A/RAB3D/FOXO1/NEO1/TTN/SAA1/SLC6A4/PCK2/C2CD2L/IL4R/MYO18A/RHBDF2,73,Module 1
GO:0001819,positive regulation of cytokine production,69/1306,360/11952,0.19166666666666668,1.7540581929555896,5.0881207330892675,1.9362972036001717e-6,4.09653138813845e-4,3.461408181813396e-4,HK1/TYK2/CD55/PIK3R1/OSM/CD80/MAPK13/HSPB1/STAT5B/TRIM16/IL15/TIGIT/SMAD3/STAT3/TLR1/SCAMP5/STING1/TNFSF4/NR4A3/ZNF580/HLA-DPB1/ZP3/PDE4B/OAS2/CD274/IL1R1/SLAMF1/CD40LG/IL9/CLNK/TLR7/S100A13/RBM47/LTB/IL13/IL18R1/PTGS2/GATA6/GBP5/DHX58/IL1RL1/CARD9/EBI3/TRAF3IP3/LY96/CD36/IL1RAP/IL6/TLR6/TNF/GARIN5A/IL17F/CCL3/CD2/NLRP1/ADAM8/HHLA2/IL12RB2/CSF1R/BATF/PIK3CD/IFIH1/RASGRP1/ATF4/AIM2/SAA1/FOXP3/STOML2/IL4R,69,Module 1
GO:0019226,transmission of nerve impulse,15/1306,36/11952,0.4166666666666667,3.8131699846860645,5.92055553127382,2.0945930977661664e-6,4.1933545264101116e-4,3.543219932108486e-4,TYMP/SCN11A/CNTNAP1/NTRK2/OTOA/SPTBN4/KCND2/CNTNAP2/GPR35/NRCAM/P2RX1/GHRL/SCN1B/CACNB4/ANK3,15,Module 1
GO:0002526,acute inflammatory response,20/1306,59/11952,0.3389830508474576,3.102239987541205,5.669477940753714,2.154415601320444e-6,4.1933545264101116e-4,3.543219932108486e-4,OSM/PTGER3/FN1/TNFSF4/SIGIRR/SCN11A/ZP3/PTGS2/PTGES/IL6/TNF/FCER1A/AHSG/IL22/FUT7/ALOX5AP/ADAM8/ACVR1/B4GALT1/SAA1,20,Module 1
GO:1903039,positive regulation of leukocyte cell-cell adhesion,48/1306,225/11952,0.21333333333333335,1.9523430321592652,5.050933908987123,3.620919791205973e-6,6.302656658951617e-4,5.325497417064705e-4,TYK2/CD55/TESPA1/CD80/STAT5B/BCL6/IL15/RASAL3/TNFSF4/NR4A3/NFKBIZ/WNT10B/DPP4/HLA-DPB1/GCNT1/IL7R/ZP3/IL2RA/KLHL25/ICOS/CD44/CD274/SLAMF1/CD40LG/EBI3/IL6/HLA-DQB2/HLA-DOB/TNF/PDCD1LG2/HLX/EGR3/FUT7/SKAP1/ADAM8/HLA-DOA/MAP3K8/LGALS1/HHLA2/VCAM1/SOCS1/FUT4/ZAP70/RASGRP1/HLA-DMB/FOXP3/IL4R/ZMIZ1,48,Module 1
GO:0006935,chemotaxis,58/1306,291/11952,0.19931271477663232,1.8240318277261176,4.98428725806913,3.626682828825427e-6,6.302656658951617e-4,5.325497417064705e-4,MTUS1/HSD3B7/TYMP/NEDD9/HSPB1/GPR183/CSF1/SMAD3/DPP4/ZNF580/MAP2K1/PDE4B/NR4A1/ENPP2/COLEC10/SLAMF1/FLRT3/GPR18/ROBO3/SEMA4A/ACKR3/PADI2/IL6/PLEKHG5/EDN2/CXCL3/DSCAM/TNFAIP6/SLIT3/CCR10/NOVA2/PIK3C2G/BMP4/PLXNB3/CCR6/EPHB1/PGF/CCL3/PPBP/PDGFRA/VEGFC/CXCL8/EGR3/PLP2/CAMK1D/LSP1/RIPOR2/ADAM8/FGF2/VCAM1/PDGFA/CCL22/CSF1R/PIK3CD/LGALS3/SAA1/RHOG/SEMA4D,58,Module 1
GO:0042330,taxis,58/1306,291/11952,0.19931271477663232,1.8240318277261176,4.98428725806913,3.626682828825427e-6,6.302656658951617e-4,5.325497417064705e-4,MTUS1/HSD3B7/TYMP/NEDD9/HSPB1/GPR183/CSF1/SMAD3/DPP4/ZNF580/MAP2K1/PDE4B/NR4A1/ENPP2/COLEC10/SLAMF1/FLRT3/GPR18/ROBO3/SEMA4A/ACKR3/PADI2/IL6/PLEKHG5/EDN2/CXCL3/DSCAM/TNFAIP6/SLIT3/CCR10/NOVA2/PIK3C2G/BMP4/PLXNB3/CCR6/EPHB1/PGF/CCL3/PPBP/PDGFRA/VEGFC/CXCL8/EGR3/PLP2/CAMK1D/LSP1/RIPOR2/ADAM8/FGF2/VCAM1/PDGFA/CCL22/CSF1R/PIK3CD/LGALS3/SAA1/RHOG/SEMA4D,58,Module 1
GO:0001508,action potential,26/1306,93/11952,0.27956989247311825,2.558514054240972,5.284557691712038,4.342112384693721e-6,7.285765125489534e-4,6.156185471729102e-4,DMD/BIN1/SLC9A1/SCN11A/RNF207/CNTNAP1/CACNA1D/NTRK2/ABCC9/CHRNA4/CD36/RYR2/KCND2/GNA15/GPR35/NRCAM/P2RX1/TNF/HCN4/SCN1B/CACNA1G/CACNB4/ANK2/ANK3/CACNA2D1/PTPN3,26,Module 1
GO:0046631,alpha-beta T cell activation,36/1306,152/11952,0.23684210526315788,2.1674860965583944,5.07356219238484,5.111323015528099e-6,8.290565931186575e-4,7.005202701281668e-4,TWSG1/TYK2/CD55/SOCS3/CD80/JAK3/GPR183/BCL6/IL15/RASAL3/STAT3/TNFSF4/SMAD7/NFKBIZ/IL2RA/CBLB/CD3G/KLHL25/CD274/CD3D/STAT4/IL18R1/GPR18/EBI3/SEMA4A/IL6/ADORA2A/WDFY4/HLX/FUT7/SOCS1/BATF/ZAP70/FOXP3/STOML2/IL4R,36,Module 1
GO:1903522,regulation of blood circulation,35/1306,147/11952,0.23809523809523808,2.1789542769634656,5.037361455259552,6.072613339902711e-6,9.239993139482105e-4,7.807431415150692e-4,DMD/BIN1/ATP2A3/SLC9A1/TMEM65/SMAD7/GAA/PDE4B/ADM2/RNF207/PTGS2/CACNA1D/ATP1B2/ABCC9/RYR2/SPTBN4/EDN2/KCND2/KCNJ12/HRH1/P2RX1/TNF/HCN4/GHRL/ATP2B2/SCN1B/CACNA1G/CORIN/ANK2/RGS2/TBXAS1/CACNA2D1/TMIGD3/DOCK5/TRDN,35,Module 1
GO:0002695,negative regulation of leukocyte activation,33/1306,135/11952,0.24444444444444444,2.2370597243491575,5.0627258978662,6.098983622263425e-6,9.239993139482105e-4,7.807431415150692e-4,PAG1/TWSG1/SAMSN1/CD80/JAK3/ID2/BCL6/FN1/TIGIT/TNFSF4/SMAD7/IL2RA/CBLB/MAD1L1/SDC4/CD274/CLNK/CTLA4/INHBA/LRFN5/PDCD1LG2/ADORA2A/BMP4/CD33/TNFAIP8L2/PGLYRP3/HLX/SYT11/RIPOR2/SOCS1/LGALS3/FOXP3/IL4R,33,Module 1
GO:0051249,regulation of lymphocyte activation,73/1306,400/11952,0.1825,1.670168453292496,4.774917439370551,6.266333201868258e-6,9.239993139482105e-4,7.807431415150692e-4,PAG1/TWSG1/TYK2/CD55/SAMSN1/NFATC2/TESPA1/CD80/JAK3/NEDD9/GPR183/STAT5B/ID2/BCL6/IL15/TIGIT/RASAL3/TNFSF4/SMAD7/NFKBIZ/TNFRSF4/WNT10B/DPP4/HLA-DPB1/IL7R/ZP3/IL2RA/MZB1/CBLB/MAD1L1/KLHL25/ICOS/SDC4/CD274/SLAMF1/CD40LG/CLNK/CD22/PRLR/IL13/SIT1/CTLA4/EBI3/IL6/INHBA/HLA-DQB2/HLA-DOB/IL5/PDCD1LG2/ADORA2A/BMP4/TNFAIP8L2/PGLYRP3/HLX/EGR3/CD2/RIPOR2/ADAM8/HLA-DOA/MAP3K8/LGALS1/HHLA2/VCAM1/SOCS1/BATF/ZAP70/TNFRSF9/LGALS3/RASGRP1/HLA-DMB/FOXP3/IL4R/ZMIZ1,73,Module 1
GO:0042391,regulation of membrane potential,53/1306,263/11952,0.20152091254752852,1.8442403880306746,4.848817075647616,6.783194777493565e-6,9.70794876096579e-4,8.202835542071165e-4,PMAIP1/DMD/NLGN1/ABCD1/BIN1/PRKAR1B/SLC9A1/GLRX/SMAD7/SCN11A/KCNH4/MTLN/RNF207/CNTNAP1/CACNA1D/NTRK2/ATP1B2/ABCC9/POPDC3/CHRNA4/CD36/RYR2/KCNH8/KCND2/GNA15/RIMS2/KCNK5/GABBR1/GPR35/HTR3B/PIEZO2/NRCAM/P2RX1/TNF/ADORA2A/PRKN/HCN4/KCNK12/GHRL/GRIK5/SCN1B/CACNA1G/STX1B/UNC13B/CACNB4/ANK2/ANK3/CACNA2D1/MAPK8IP2/TRDN/PTPN3/SLC6A4/GRIN2D,53,Module 1
GO:0050863,regulation of T cell activation,59/1306,304/11952,0.19407894736842105,1.776134440235351,4.800965076898045,7.152902136056698e-6,9.944577655443397e-4,8.402777667199237e-4,PAG1/TWSG1/TYK2/CD55/TESPA1/CD80/JAK3/STAT5B/BCL6/IL15/TIGIT/RASAL3/TNFSF4/SMAD7/NFKBIZ/WNT10B/DPP4/HLA-DPB1/IL7R/ZP3/IL2RA/CBLB/MAD1L1/KLHL25/ICOS/SDC4/CD274/SLAMF1/CD40LG/SIT1/CTLA4/EBI3/IL6/HLA-DQB2/HLA-DOB/PDCD1LG2/ADORA2A/BMP4/TNFAIP8L2/HLX/EGR3/CD2/RIPOR2/ADAM8/HLA-DOA/MAP3K8/LGALS1/HHLA2/VCAM1/SOCS1/BATF/ZAP70/TNFRSF9/LGALS3/RASGRP1/HLA-DMB/FOXP3/IL4R/ZMIZ1,59,Module 1
GO:0097696,receptor signaling pathway via STAT,29/1306,113/11952,0.25663716814159293,2.348642751629647,5.044976119017311,8.012582700398435e-6,0.0010780129940416367,9.10878654190545e-4,STAT5A/TYK2/OSM/SOCS3/JAK3/GADD45A/IL10RA/STAT5B/IL15/STAT3/IL7R/LIF/IL9/STAT4/PRLR/IL13/MGAT5/TNFRSF18/IL6/TNF/IL5/TNFRSF1A/CSF2RB/PKD1/PTK6/SOCS1/CSF1R/PKD2/MST1,29,Module 1
GO:0003015,heart process,36/1306,155/11952,0.23225806451612904,2.1255347527540382,4.939914693485199,8.19697508827385e-6,0.0010780129940416367,9.10878654190545e-4,DMD/BIN1/ATP2A3/SLC9A1/TMEM65/SMAD7/AKAP13/GAA/SCN11A/PDE4B/ADM2/RNF207/CACNA1D/GATA6/ATP1B2/ABCC9/RAMP3/YAP1/RYR2/SPTBN4/EDN2/KCND2/KCNJ12/TNF/HCN4/ATP2B2/SCN1B/CACNA1G/CORIN/ANK2/RGS2/CACNA2D1/TMIGD3/RPS6KA2/TRDN/TTN,36,Module 1
GO:0007259,receptor signaling pathway via JAK-STAT,28/1306,108/11952,0.25925925925925924,2.3726391015824397,5.018795794034377,9.277699550095835e-6,0.0011126221154173672,9.401220029031165e-4,STAT5A/TYK2/OSM/SOCS3/JAK3/GADD45A/IL10RA/STAT5B/IL15/STAT3/IL7R/LIF/IL9/STAT4/PRLR/IL13/TNFRSF18/IL6/TNF/IL5/TNFRSF1A/CSF2RB/PKD1/PTK6/SOCS1/CSF1R/PKD2/MST1,28,Module 1
GO:0007600,sensory perception,54/1306,273/11952,0.1978021978021978,1.8102081685542635,4.743026951814238,9.828061768289366e-6,0.0011126221154173672,9.401220029031165e-4,HEXB/GPR171/RDH10/COMT/REEP2/ZIC2/GJA3/TMPRSS3/SCN11A/WNT10B/PGAP1/PLCB2/OTOF/WHRN/RTP4/COL1A1/CACNA1D/GJB2/PTGES/ANKRD24/CHRNA4/CD36/OTOA/SPTBN4/LAMC3/SLC4A10/KCND2/ZFHX2/ROM1/TMC1/PIEZO2/TNF/ADORA2A/CST4/ATP2B2/PRDM12/USH1G/CACNA1F/EPHB1/ABCA4/CCL3/LAMB2/CABP1/BEST1/CACNB4/GRK7/PDZD7/MYO3B/RIPOR2/FSCN2/EPS8L2/PDE6H/UNC119/GRIN2D,54,Module 1
GO:0007188,adenylate cyclase-modulating G protein-coupled receptor signaling pathway,30/1306,120/11952,0.25,2.2879019908116387,4.966207229502398,9.89634328762438e-6,0.0011126221154173672,9.401220029031165e-4,GPR171/PRKCA/S1PR4/RAPGEF2/ADGRL2/PTGER3/AKAP13/PTH2R/PDE4B/ADM2/APLP1/GNAO1/CACNA1D/PTGIR/RAMP3/GNA15/RIMS2/GABBR1/RXFP1/ADGRB1/ADORA2A/INSL3/S1PR3/ADGRD1/RGS2/GNAI1/RAPGEF4/ADGRE5/GPR65/RGS1,30,Module 1
GO:0009581,detection of external stimulus,22/1306,75/11952,0.29333333333333333,2.6844716692189894,5.125325422484715,1.0060701413556136e-5,0.0011126221154173672,9.401220029031165e-4,COMT/SCN11A/ANO3/WHRN/PLEKHB1/ROM1/TMC1/PIEZO2/TNF/PRDM12/CACNA1F/EPHB1/ABCA4/BEST1/CACNB4/GRK7/PDZD7/PKD1/ELOVL4/TTN/PKD2/UNC119,22,Module 1
GO:0009582,detection of abiotic stimulus,22/1306,75/11952,0.29333333333333333,2.6844716692189894,5.125325422484715,1.0060701413556136e-5,0.0011126221154173672,9.401220029031165e-4,COMT/SCN11A/ANO3/WHRN/PLEKHB1/ROM1/TMC1/PIEZO2/TNF/PRDM12/CACNA1F/EPHB1/ABCA4/BEST1/CACNB4/GRK7/PDZD7/PKD1/ELOVL4/TTN/PKD2/UNC119,22,Module 1
GO:0032612,interleukin-1 production,22/1306,75/11952,0.29333333333333333,2.6844716692189894,5.125325422484715,1.0060701413556136e-5,0.0011126221154173672,9.401220029031165e-4,HK1/HSPB1/TRIM16/SMAD3/STAT3/CARD16/S100A13/GBP5/CD36/IL6/TLR6/FFAR1/TNF/CD33/CARD18/GHRL/S1PR3/IL1R2/CCL3/NLRP1/AIM2/SAA1,22,Module 1
GO:0032652,regulation of interleukin-1 production,22/1306,75/11952,0.29333333333333333,2.6844716692189894,5.125325422484715,1.0060701413556136e-5,0.0011126221154173672,9.401220029031165e-4,HK1/HSPB1/TRIM16/SMAD3/STAT3/CARD16/S100A13/GBP5/CD36/IL6/TLR6/FFAR1/TNF/CD33/CARD18/GHRL/S1PR3/IL1R2/CCL3/NLRP1/AIM2/SAA1,22,Module 1
GO:0002252,immune effector process,78/1306,442/11952,0.17647058823529413,1.6149896405729216,4.614469223825476,1.0909453963908357e-5,0.0011796756219639572,9.967795832286793e-4,HK1/CD59/CD55/SH2D1A/SOCS3/CD80/JAK3/EIF2AK4/GPR183/STAT5B/SCART1/BCL6/STAT3/PRKCE/TNFSF4/SMAD7/NR4A3/NFKBIZ/SCN11A/TNFRSF4/IL7R/ZP3/MZB1/C1RL/GAB2/IL1R1/COLEC10/SLAMF1/CD40LG/IL9/FCER2/CLNK/TLR7/C4BPB/STAT4/S100A13/CD22/ITGAM/IL13/IL18R1/DHX58/CARD9/SEMA4A/CD36/KDM5D/IL6/CD8A/PLPP4/TNF/IL18RAP/IL5/FCER1A/CSF2RB/CCR6/PGLYRP3/CFI/IL17F/CCL3/HLX/GZMB/FUT7/LITAF/PAK1/CD2/LGALS1/CUEDC2/HLA-C/BATF/PIK3CD/LGALS3/RASGRP1/PLD2/HLA-DMB/ICAM1/FOXP3/IL4R/NLRX1/MYO18A,78,Module 1
GO:0007015,actin filament organization,66/1306,357/11952,0.18487394957983194,1.691893909171632,4.64856298552463,1.1265618063994215e-5,0.0011917064673781707,0.0010069451752393915,PIK3R1/NEDD9/BIN1/ARHGAP25/FAT1/SLC9A1/DMTN/SMAD3/PRKCE/RHOC/CYFIP2/PSTPIP1/FERMT2/ERMN/MSRB2/GAS2L1/ADD2/CARMIL3/SDC4/RFLNB/SPIRE2/TPM2/PLEKHH2/RHPN2/SHROOM3/CDC42EP3/MYO5C/CRACD/SPTB/OOEP/VILL/CALD1/SPTBN4/PPP1R9A/CAPG/GAS7/WASF3/CARMIL1/GMFG/ANG/ACTL8/PRKN/GHRL/SPTBN5/IQGAP3/CORO6/TJP1/MTSS1/MYO1C/CTTN/PAK1/FSCN1/DLC1/FSCN2/GAS2L3/WIPF1/RHOF/JMY/GPR65/TLE6/MYO5A/TTN/NAA80/DNAI3/RHOG/INF2,66,Module 1
GO:0051250,negative regulation of lymphocyte activation,29/1306,115/11952,0.25217391304347825,2.3077967907317394,4.93570101966432,1.157137424529586e-5,0.001198006533566163,0.0010122684838102043,PAG1/TWSG1/SAMSN1/CD80/JAK3/ID2/BCL6/TIGIT/TNFSF4/SMAD7/IL2RA/CBLB/MAD1L1/SDC4/CD274/CLNK/CTLA4/INHBA/PDCD1LG2/ADORA2A/BMP4/TNFAIP8L2/PGLYRP3/HLX/RIPOR2/SOCS1/LGALS3/FOXP3/IL4R,29,Module 1
GO:0070374,positive regulation of ERK1 and ERK2 cascade,30/1306,122/11952,0.2459016393442623,2.250395400798333,4.8620048907165,1.4049470067397259e-05,0.0014242650280823972,0.0012034480281415284,PRKCA/RAPGEF2/GPR183/DSTYK/MAP2K1/FERMT2/CD44/GPR55/SLAMF1/GCNT2/DENND2B/CARD9/ACKR3/RAMP3/CD36/INHBA/TNF/BMP4/CCL3/PDGFRA/MTURN/CAVIN3/FGF2/PDGFA/CCL22/CSF1R/RASGRP1/CFLAR/FGFR4/ICAM1,30,Module 1
GO:0032103,positive regulation of response to external stimulus,77/1306,439/11952,0.17539863325740318,1.6051795288610127,4.524834691116354,1.5524437825524407e-5,0.0015416717236530972,0.0013026520761868603,PRKCA/PIK3R1/SH2D1A/OSM/NEDD9/MAPK13/HSPB1/EMILIN1/STAT5B/RNF34/PTGER3/CSF1/IL15/SMAD3/PRKCE/TLR1/STING1/TNFSF4/NFKBIZ/NLRC3/ZNF580/ZP3/CD274/COLEC10/SLAMF1/CLNK/TLR7/RBM47/PYHIN1/MGST2/PTGS2/GBP5/DHX58/EMILIN2/IL1RL1/CARD9/TRAF3IP3/CAMK2N1/LY96/CD36/IL6/EDN2/DSCAM/IRAK2/TLR6/TNF/USP27X/IL18RAP/TNFRSF1A/PYDC5/GHRL/CCR6/IL17F/PGF/CCL3/PDGFRA/VEGFC/CXCL8/PAK1/CAMK1D/NLRP1/ALOX5AP/RIPOR2/ADAM8/LGALS1/CLOCK/FGF2/CSF1R/IFIH1/RASGRP1/AIM2/TRIM3/NFKBIA/OASL/NLRX1/BIRC3/ATAT1,77,Module 1
GO:0008016,regulation of heart contraction,29/1306,117/11952,0.24786324786324787,2.2683472729414538,4.828669266338629,1.651922031682353e-5,0.001607650521233266,0.0013584015696318464,DMD/BIN1/ATP2A3/SLC9A1/TMEM65/SMAD7/GAA/PDE4B/ADM2/RNF207/CACNA1D/ATP1B2/ABCC9/RYR2/SPTBN4/EDN2/KCND2/KCNJ12/TNF/HCN4/ATP2B2/SCN1B/CACNA1G/CORIN/ANK2/RGS2/CACNA2D1/TMIGD3/TRDN,29,Module 1
GO:0034329,cell junction assembly,55/1306,286/11952,0.19230769230769232,1.759924608316645,4.55588779597564,1.9086705036149318e-5,0.001818439086689112,0.0015365096312993862,PLXNB2/NLGN1/PRKCA/RAPGEF2/SLC9A1/DMTN/FN1/SMAD3/CTNNA1/RHOC/SMAD7/LRRN3/FERMT2/ACTN3/ADD2/SDC4/CLDN16/CDH1/CNTNAP1/FLRT3/NTRK2/GJB2/SEMA4A/IL1RAP/ACHE/SIX4/CD9/DSCAM/CLDN7/LRFN5/LRRTM3/CNTNAP2/ZNF703/LSR/NRCAM/ADGRB1/TNF/CDH8/GHRL/LRRC4B/CLDN4/EPHB1/CDH11/GAP43/TJP1/ACVRL1/COL16A1/MYO1C/CTTN/ANK2/AFDN/FSCN1/DLC1/DNM3/SEMA4D,55,Module 1
GO:0070665,positive regulation of leukocyte proliferation,31/1306,130/11952,0.23846153846153847,2.18230651431264,4.7471916150404265,1.964300482358441e-5,0.001818439086689112,0.0015365096312993862,TYK2/CD55/NFATC2/CD80/GPR183/STAT5B/CSF1/BCL6/IL15/RASAL3/TNFSF4/TNFRSF4/HLA-DPB1/ZP3/IL2RA/CD274/SLAMF1/CD40LG/PRLR/IL13/EBI3/IL6/IL5/PDCD1LG2/CSF2RB/HHLA2/VCAM1/CSF1R/ZAP70/HLA-DMB/FOXP3,31,Module 1
GO:0032611,interleukin-1 beta production,19/1306,62/11952,0.3064516129032258,2.804525020994912,4.989399812922423,2.0179965203701613e-5,0.001818439086689112,0.0015365096312993862,HK1/HSPB1/TRIM16/SMAD3/STAT3/CARD16/GBP5/CD36/IL6/TLR6/FFAR1/TNF/CD33/CARD18/GHRL/S1PR3/CCL3/NLRP1/AIM2,19,Module 1
GO:0032651,regulation of interleukin-1 beta production,19/1306,62/11952,0.3064516129032258,2.804525020994912,4.989399812922423,2.0179965203701613e-5,0.001818439086689112,0.0015365096312993862,HK1/HSPB1/TRIM16/SMAD3/STAT3/CARD16/GBP5/CD36/IL6/TLR6/FFAR1/TNF/CD33/CARD18/GHRL/S1PR3/CCL3/NLRP1/AIM2,19,Module 1
GO:0086010,membrane depolarization during action potential,9/1306,17/11952,0.5294117647058824,4.844968921718764,5.5563112218436235,2.3209490552256498e-5,0.0020534069277687293,0.0017350482315237105,SCN11A/CACNA1D/HCN4/SCN1B/CACNA1G/ANK2/ANK3/CACNA2D1/PTPN3,9,Module 1
GO:0050729,positive regulation of inflammatory response,24/1306,90/11952,0.26666666666666666,2.440428790199081,4.804127984914381,2.394654036370463e-5,0.0020807833108890486,0.0017581802003877871,OSM/MAPK13/STAT5B/PTGER3/IL15/TNFSF4/NFKBIZ/ZP3/TLR7/MGST2/PTGS2/IL1RL1/CAMK2N1/IL6/TNF/TNFRSF1A/CCL3/NLRP1/ALOX5AP/ADAM8/LGALS1/CLOCK/AIM2/NFKBIA,24,Module 1
GO:0030198,extracellular matrix organization,40/1306,188/11952,0.2127659574468085,1.9471506304779904,4.584594722733317,2.4495928508526466e-5,0.002091178738991049,0.0017669639289806904,EMILIN1/SMAD3/DPP4/FURIN/MATN4/COLGALT2/APLP1/COL4A2/FKBP10/COL1A1/ADTRP/COL15A1/LAMA2/NID2/LOXL1/LAMA1/IL6/RXFP1/ADAMTS9/ELF3/APBB2/COL1A2/SERPINH1/TNF/TNFRSF1A/COL5A2/PHLDB1/LAMB1/LAMB2/COL16A1/PDGFRA/NOXO1/ADAM8/ADAMTSL5/FSCN1/RB1/NFKB2/B4GALT1/CFLAR/FGFR4,40,Module 1
GO:0061337,cardiac conduction,18/1306,58/11952,0.3103448275862069,2.8401541954903102,4.920222318310648,2.7415560726226922e-5,0.002205493560424319,0.001863555464775432,BIN1/ATP2A3/SLC9A1/TMEM65/RNF207/CACNA1D/ATP1B2/ABCC9/RYR2/SPTBN4/HCN4/ATP2B2/SCN1B/CACNA1G/CORIN/ANK2/CACNA2D1/TRDN,18,Module 1
GO:0032946,positive regulation of mononuclear cell proliferation,29/1306,120/11952,0.24166666666666667,2.2116385911179175,4.672132175959926,2.760188168641822e-5,0.002205493560424319,0.001863555464775432,TYK2/CD55/NFATC2/CD80/GPR183/STAT5B/CSF1/BCL6/IL15/RASAL3/TNFSF4/TNFRSF4/HLA-DPB1/ZP3/IL2RA/CD274/SLAMF1/CD40LG/PRLR/IL13/EBI3/IL6/IL5/PDCD1LG2/HHLA2/VCAM1/ZAP70/HLA-DMB/FOXP3,29,Module 1
GO:0043062,extracellular structure organization,40/1306,189/11952,0.21164021164021163,1.9368482461897467,4.546964698246474,2.786542851072651e-5,0.002205493560424319,0.001863555464775432,EMILIN1/SMAD3/DPP4/FURIN/MATN4/COLGALT2/APLP1/COL4A2/FKBP10/COL1A1/ADTRP/COL15A1/LAMA2/NID2/LOXL1/LAMA1/IL6/RXFP1/ADAMTS9/ELF3/APBB2/COL1A2/SERPINH1/TNF/TNFRSF1A/COL5A2/PHLDB1/LAMB1/LAMB2/COL16A1/PDGFRA/NOXO1/ADAM8/ADAMTSL5/FSCN1/RB1/NFKB2/B4GALT1/CFLAR/FGFR4,40,Module 1
GO:0045229,external encapsulating structure organization,40/1306,189/11952,0.21164021164021163,1.9368482461897467,4.546964698246474,2.786542851072651e-5,0.002205493560424319,0.001863555464775432,EMILIN1/SMAD3/DPP4/FURIN/MATN4/COLGALT2/APLP1/COL4A2/FKBP10/COL1A1/ADTRP/COL15A1/LAMA2/NID2/LOXL1/LAMA1/IL6/RXFP1/ADAMTS9/ELF3/APBB2/COL1A2/SERPINH1/TNF/TNFRSF1A/COL5A2/PHLDB1/LAMB1/LAMB2/COL16A1/PDGFRA/NOXO1/ADAM8/ADAMTSL5/FSCN1/RB1/NFKB2/B4GALT1/CFLAR/FGFR4,40,Module 1
GO:0050906,detection of stimulus involved in sensory perception,16/1306,48/11952,0.3333333333333333,3.0505359877488516,4.98565285792694,2.8284986025500838e-5,0.002205493560424319,0.001863555464775432,COMT/SCN11A/PLCB2/WHRN/RTP4/ROM1/TMC1/PIEZO2/TNF/CST4/PRDM12/CACNA1F/EPHB1/BEST1/CACNB4/PDZD7,16,Module 1
GO:0009617,response to bacterium,71/1306,403/11952,0.1761786600496278,1.6123180282642813,4.379634412699154,2.8554478895752587e-5,0.002205493560424319,0.001863555464775432,CD55/PRKCA/CD80/MTDH/IL10RA/EMILIN1/NAALADL2/CDK19/PRKCE/TLR1/VIM/TNFSF4/GBP1/SIGIRR/NFKBIZ/IL7R/PDE4B/NR4A1/CPS1/PGLYRP4/OAS2/CD274/CARD16/C4BPB/CDH1/PRLR/ITGAM/IL13/MGST2/PTGS2/PTGIR/GBP5/DHX58/EMILIN2/GJB2/CARD9/LY96/CD36/LOXL1/IL6/CXCL3/ADAMTS9/IRAK2/TLR6/ADGRB1/TNF/CUBN/PDCD1LG2/ANG/TNFRSF1A/CSF2RB/UPK1B/PGLYRP3/DMBT1/CYP1A1/IL17F/PPBP/CXCL8/LITAF/SYT11/NLRP1/VCAM1/IL12RB2/TRDN/RGS1/NFKB2/GSDMB/NFKBIA/FOXP3/PCK2/PLSCR3,71,Module 1
GO:0050868,negative regulation of T cell activation,24/1306,91/11952,0.26373626373626374,2.4136108914056846,4.741004926054677,2.9206511293520415e-5,0.002220607561785474,0.0018763262025080713,PAG1/TWSG1/CD80/JAK3/BCL6/TIGIT/TNFSF4/SMAD7/IL2RA/CBLB/MAD1L1/SDC4/CD274/CTLA4/PDCD1LG2/ADORA2A/BMP4/TNFAIP8L2/HLX/RIPOR2/SOCS1/LGALS3/FOXP3/IL4R,24,Module 1
GO:0007186,G protein-coupled receptor signaling pathway,75/1306,433/11952,0.17321016166281755,1.585151494788664,4.343955409356858,3.10970107112338e-5,0.0023279700633979023,0.0019670433010215258,GPR171/PRKCA/S1PR4/ORAI1/ITPR1/GIPC1/CISH/RAPGEF2/ADGRL2/GPR183/PDGFRL/PTGER3/DGKB/RGS12/AKAP13/PTH2R/SCN11A/PDE4B/ADM2/APLP1/CYSLTR2/GPR55/PLCB2/GNAO1/CACNA1D/PTGIR/GPR18/ACKR3/RAMP3/RGS18/TMEM145/PADI2/HCAR1/CXCL3/HRH1/GPR141/SLIT3/GNA15/RIMS2/GABBR1/RXFP1/CCR10/GPR35/CGB2/PMCH/ADGRB1/FFAR1/GPR85/RPH3AL/ADORA2A/INSL3/RGS13/GHRL/S1PR3/CCR6/DGKI/ADGRD1/CCL3/GPR87/GAP43/DAGLA/PPBP/CXCL8/GRK7/GPR153/RGS2/GNAI1/CCL22/RAPGEF4/NPW/ADGRE5/GPR65/RGS1/PDE6H/AKR1C2,75,Module 1
GO:0060047,heart contraction,33/1306,146/11952,0.22602739726027396,2.0685141286790154,4.549731715228882,3.4765782666832626e-5,0.0025260668950323716,0.0021344273459226086,DMD/BIN1/ATP2A3/SLC9A1/TMEM65/SMAD7/GAA/SCN11A/PDE4B/ADM2/RNF207/CACNA1D/GATA6/ATP1B2/ABCC9/RYR2/SPTBN4/EDN2/KCND2/KCNJ12/TNF/HCN4/ATP2B2/SCN1B/CACNA1G/CORIN/ANK2/RGS2/CACNA2D1/TMIGD3/RPS6KA2/TRDN/TTN,33,Module 1
GO:0042088,T-helper 1 type immune response,14/1306,39/11952,0.358974358974359,3.2851926021910707,5.0063939713522085,3.478143895749463e-5,0.0025260668950323716,0.0021344273459226086,CD80/JAK3/TNFSF4/NFKBIZ/PLA2G4A/IL1R1/SLAMF1/STAT4/IL18R1/IL1RL1/EBI3/SEMA4A/HLX/IL4R,14,Module 1
GO:0043410,positive regulation of MAPK cascade,57/1306,306/11952,0.18627450980392157,1.7047112872714172,4.373851447751771,3.53451691182838e-5,0.002529258719552485,0.002137124312322237,MAP2K5/PRKCA/OSM/GADD45A/RAPGEF2/GPR183/PRKCE/DSTYK/AKAP13/ERN1/MAP2K1/FERMT2/MST1R/GADD45G/LIF/CD44/ALOX12B/GPR55/SLAMF1/GCNT2/DENND2B/NTRK2/CARD9/ACKR3/RAMP3/CD36/IL6/PELI2/INHBA/DOK5/TLR6/TNF/IGFBP3/BMP4/GHRL/IQGAP3/CCL3/GDF15/IL11/PDGFRA/KL/PAK1/HIPK2/MAP4K2/MTURN/ADAM8/CAVIN3/FGF2/MAPK8IP2/PDGFA/CCL22/CSF1R/PDE6H/RASGRP1/CFLAR/FGFR4/ICAM1,57,Module 1
GO:0035710,"CD4-positive, alpha-beta T cell activation",26/1306,104/11952,0.25,2.2879019908116387,4.620164535844578,3.7973741302539106e-5,0.0026618691580189415,0.0022491749261734453,TWSG1/CD55/SOCS3/CD80/JAK3/GPR183/BCL6/STAT3/TNFSF4/SMAD7/NFKBIZ/IL2RA/CBLB/KLHL25/CD274/STAT4/IL18R1/SEMA4A/IL6/HLX/FUT7/SOCS1/BATF/FOXP3/STOML2/IL4R,26,Module 1
GO:0032944,regulation of mononuclear cell proliferation,39/1306,185/11952,0.21081081081081082,1.9292578949546793,4.461385256798478,3.832817680629251e-5,0.0026618691580189415,0.0022491749261734453,TWSG1/TYK2/CD55/NFATC2/CD80/GPR183/STAT5B/CSF1/BCL6/IL15/RASAL3/TNFSF4/TNFRSF4/HLA-DPB1/ZP3/IL2RA/MZB1/CBLB/MAD1L1/SDC4/CD274/SLAMF1/CD40LG/CD22/PRLR/IL13/CTLA4/EBI3/IL6/IL5/PDCD1LG2/BMP4/HHLA2/VCAM1/ZAP70/TNFRSF9/LGALS3/HLA-DMB/FOXP3,39,Module 1
GO:0008015,blood circulation,56/1306,300/11952,0.18666666666666668,1.7083001531393567,4.351692562533199,3.883943900931871e-5,0.0026618691580189415,0.0022491749261734453,ERAP2/DMD/BIN1/PTP4A3/COMT/EMILIN1/ID2/ATP2A3/SLC9A1/SMAD3/TMEM65/SMAD7/GAA/SCN11A/SLC4A5/FERMT2/PDE4B/ADM2/RNF207/CPS1/PTGS2/CACNA1D/GATA6/EMILIN2/ATP1B2/ABCC9/RYR2/SPTBN4/EDN2/KCND2/KCNJ12/HRH1/COL1A2/P2RX1/TNF/ADORA2A/HCN4/GHRL/ATP2B2/SCN1B/TJP1/CACNA1G/ACVRL1/VEGFC/KL/CORIN/ANK2/RGS2/TBXAS1/CACNA2D1/TMIGD3/RPS6KA2/DOCK5/TRDN/TTN/SLC6A4,56,Module 1
GO:0060326,cell chemotaxis,41/1306,199/11952,0.20603015075376885,1.885507168307079,4.411890571872333,4.2883919729647906e-5,0.002898238241728704,0.002448897521403578,MTUS1/HSD3B7/NEDD9/HSPB1/GPR183/CSF1/DPP4/ZNF580/PDE4B/NR4A1/SLAMF1/GPR18/ACKR3/PADI2/IL6/PLEKHG5/EDN2/CXCL3/TNFAIP6/CCR10/PLXNB3/CCR6/EPHB1/PGF/CCL3/PPBP/PDGFRA/VEGFC/CXCL8/EGR3/CAMK1D/RIPOR2/ADAM8/FGF2/VCAM1/CCL22/CSF1R/PIK3CD/LGALS3/SAA1/RHOG,41,Module 1
GO:0071417,cellular response to organonitrogen compound,74/1306,430/11952,0.17209302325581396,1.5749278820470816,4.252694094131452,4.376658440773827e-5,0.0029173725990144436,0.002465065302042187,STAT5A/LPIN2/TYK2/PRKCA/PIK3R1/SOCS3/JAK3/SESN3/MAPK13/COMT/RAPGEF2/SELENON/STAT5B/FAT1/SLC9A1/DMTN/STAT3/CTNNA1/VIM/NR4A3/WNT10B/MZB1/APLP1/BCL2L2/NR4A1/CPS1/CDH1/NEURL1/PTGS2/GNAO1/COL1A1/NTRK2/GJB2/CD36/RYR2/FBN1/HRH1/INHBA/GNA15/HTR3B/TLR6/COL1A2/TNF/GRB10/TNS2/COL5A2/PRKN/HCN4/GHRL/AHSG/GDF15/COL16A1/PDGFRA/FUT7/MYO1C/IRS1/CPEB2/RB1/VCAM1/SOCS1/CACNA2D1/TBC1D4/STAMBPL1/SLC2A4/FOXO1/SGCB/MYO5A/PKD2/CFLAR/ICAM1/SLC6A4/PCK2/GRIN2D/SESN2,74,Module 1
GO:1903038,negative regulation of leukocyte cell-cell adhesion,25/1306,99/11952,0.25252525252525254,2.3110121119309484,4.587653828644468,4.4427191993581156e-5,0.0029213880573076474,0.0024684582066419347,PAG1/TWSG1/CD80/JAK3/BCL6/TIGIT/TNFSF4/SMAD7/IL2RA/CBLB/MAD1L1/SDC4/CD274/ADTRP/CTLA4/PDCD1LG2/ADORA2A/BMP4/TNFAIP8L2/HLX/RIPOR2/SOCS1/LGALS3/FOXP3/IL4R,25,Module 1
GO:0050671,positive regulation of lymphocyte proliferation,28/1306,117/11952,0.23931623931623933,2.190128401460714,4.530885631821229,4.555976496884061e-5,0.0029424503424780933,0.002486255010647334,TYK2/CD55/NFATC2/CD80/GPR183/STAT5B/BCL6/IL15/RASAL3/TNFSF4/TNFRSF4/HLA-DPB1/ZP3/IL2RA/CD274/SLAMF1/CD40LG/PRLR/IL13/EBI3/IL6/IL5/PDCD1LG2/HHLA2/VCAM1/ZAP70/HLA-DMB/FOXP3,28,Module 1
GO:0007409,axonogenesis,59/1306,323/11952,0.1826625386996904,1.6716559437509186,4.286051834610121,4.671167349738924e-5,0.0029424503424780933,0.002486255010647334,PLXNB2/FN1/UST/KIFBP/PRDM8/CYFIP2/SCN11A/MAP1A/MAP2K1/APLP1/ADARB1/PTPRM/CDH1/NKX2-8/CNTNAP1/FLRT3/NTRK2/DSCAML1/ROBO3/ULK2/LAMA2/CHODL/SEMA4A/FSTL4/HMCN2/SPTBN4/EDN2/DSCAM/SLIT3/NOVA2/APBB2/NRCAM/ADGRB1/OLFM1/PLXNB3/NOTCH3/SPP1/EPHB1/SCN1B/CDH11/LAMB2/GAP43/DCC/PLXNA2/CTTN/PAK1/KIF5C/TIAM2/RAPH1/FOXD1/ANK3/KIF5A/CRPPA/CSF1R/NEO1/PGRMC1/TTL/SEMA4D/TUBB3,59,Module 1
GO:1901699,cellular response to nitrogen compound,80/1306,475/11952,0.16842105263157894,1.5413234464415249,4.216673095396222,4.701541474340987e-5,0.0029424503424780933,0.002486255010647334,STAT5A/LPIN2/TYK2/PRKCA/PIK3R1/SOCS3/JAK3/SESN3/ITPR1/MAPK13/COMT/RAPGEF2/SELENON/STAT5B/FAT1/SLC9A1/DMTN/STAT3/CTNNA1/VIM/STING1/NR4A3/WNT10B/MZB1/APLP1/BCL2L2/NR4A1/CPS1/CDH1/NEURL1/PTGS2/GNAO1/COL1A1/NTRK2/GJB2/CHRNA4/CD36/RYR2/FBN1/ACHE/HRH1/INHBA/GNA15/HTR3B/TLR6/COL1A2/TNF/GRB10/TNS2/COL5A2/PRKN/HCN4/GHRL/AHSG/GDF15/COL16A1/PDGFRA/FUT7/MYO1C/IRS1/CPEB2/RB1/VCAM1/SOCS1/CACNA2D1/RALB/TBC1D4/IFIH1/STAMBPL1/SLC2A4/FOXO1/SGCB/MYO5A/PKD2/CFLAR/ICAM1/SLC6A4/PCK2/GRIN2D/SESN2,80,Module 1
GO:0002683,negative regulation of immune system process,65/1306,366/11952,0.17759562841530055,1.6252855672432405,4.25532432346127,4.802289777620979e-5,0.0029424503424780933,0.002486255010647334,PAG1/CD59/TWSG1/CD55/PIK3R1/SH2D1A/SAMSN1/CD80/JAK3/EMILIN1/ID2/BCL6/FN1/TIGIT/TNFSF4/SMAD7/GBP1/DPP4/NLRC3/FURIN/IL7R/IL2RA/CBLB/MAD1L1/SDC4/CD274/GPR55/SLAMF1/CLNK/C4BPB/CD22/GCSAM/ADTRP/DHX58/GPR18/IL1RL1/CTLA4/PADI2/FBN1/TNFAIP6/INHBA/LRFN5/HLA-DOB/TLR6/TNF/PDCD1LG2/ADORA2A/PYDC5/BMP4/CD33/TNFAIP8L2/PGLYRP3/CCL3/HLX/CDK6/SYT11/RIPOR2/HLA-DOA/CUEDC2/SOCS1/LGALS3/FOXP3/IL4R/NLRX1/RHBDF2,65,Module 1
GO:0033559,unsaturated fatty acid metabolic process,20/1306,71/11952,0.28169014084507044,2.57791773612579,4.6705445067054034,4.809196906188662e-5,0.0029424503424780933,0.002486255010647334,ABCD1/COMT/FADS3/FADS2/PLA2G4A/ALOX12B/PTGS2/CYP1A2/PTGES/EDN2/AKR1C4/TNFRSF1A/CYP1A1/CYP4Z1/DAGLA/MGST3/TBXAS1/ELOVL4/FADS1/AKR1C2,20,Module 1
GO:0070663,regulation of leukocyte proliferation,41/1306,200/11952,0.205,1.8760796324655435,4.376059022470263,4.837567353026047e-5,0.0029424503424780933,0.002486255010647334,TWSG1/TYK2/CD55/NFATC2/CD80/GPR183/STAT5B/CSF1/BCL6/IL15/RASAL3/TNFSF4/TNFRSF4/HLA-DPB1/ZP3/IL2RA/MZB1/CBLB/MAD1L1/SDC4/CD274/SLAMF1/CD40LG/CD22/PRLR/IL13/CTLA4/EBI3/IL6/IL5/PDCD1LG2/CSF2RB/BMP4/HHLA2/VCAM1/CSF1R/ZAP70/TNFRSF9/LGALS3/HLA-DMB/FOXP3,41,Module 1
GO:0006887,exocytosis,50/1306,262/11952,0.19083969465648856,1.7464900693218615,4.279055362581887,5.5387471428525615e-5,0.003259773087833446,0.0027543802715031132,RAB11FIP1/CASK/NLGN1/SEPTIN1/SYNGR3/SYT4/RAB11FIP5/SCAMP5/NR4A3/SCN11A/HYAL3/STXBP6/ZP3/GAB2/SDC4/OTOF/ABCA12/CLNK/S100A13/ITGAM/IL13/ERC2/RIMS2/RAB26/P2RX1/CADPS2/RPH3AL/FCER1A/ANK1/PRKN/TNFAIP2/SYN1/GRIK5/CCL3/STX1B/UNC13B/UNC13A/CACNB4/SYT11/PAK1/CPLX1/RAB27B/RAPGEF4/PIK3CD/RALB/RAB9A/RAB3D/STX2/RASGRP1/IL4R,50,Module 1
GO:0003012,muscle system process,51/1306,269/11952,0.1895910780669145,1.7350632197976739,4.270749758465719,5.597281214711953e-5,0.003259773087833446,0.0027543802715031132,DMD/PRKCA/BIN1/SELENON/PTGER3/SLC9A1/SMAD3/SMAD7/NR4A3/GAA/SCN11A/MYL5/PDE4B/RNF207/ACTN3/NR4A1/TPM2/PDE9A/PTGS2/GNAO1/CACNA1D/GATA6/SNTB1/ABCC9/RYR2/CALD1/EDN2/KCND2/KCNJ12/APBB2/P2RX1/TNF/TNFRSF1A/HCN4/GHRL/SCN1B/CACNA1G/SGCA/CTTN/GAMT/LMNA/ANK2/ACACB/RGS2/CACNA2D1/DOCK5/TRDN/FBXO32/FOXO1/TTN/CFLAR,51,Module 1
GO:0002697,regulation of immune effector process,52/1306,276/11952,0.18840579710144928,1.724215993075438,4.263400088372447,5.641400836856938e-5,0.003259773087833446,0.0027543802715031132,HK1/CD59/CD55/SH2D1A/CD80/JAK3/STAT5B/BCL6/TNFSF4/SMAD7/NR4A3/NFKBIZ/TNFRSF4/IL7R/ZP3/MZB1/GAB2/IL1R1/COLEC10/SLAMF1/CD40LG/FCER2/CLNK/TLR7/C4BPB/CD22/ITGAM/IL13/IL18R1/DHX58/CARD9/CD36/IL6/TNF/IL18RAP/IL5/PGLYRP3/IL17F/HLX/FUT7/LITAF/CUEDC2/HLA-C/BATF/LGALS3/RASGRP1/HLA-DMB/ICAM1/FOXP3/IL4R/NLRX1/MYO18A,52,Module 1
GO:0002696,positive regulation of leukocyte activation,54/1306,290/11952,0.18620689655172415,1.7040925172941863,4.251309175251641,5.6891461393489165e-5,0.003259773087833446,0.0027543802715031132,TYK2/CD55/NFATC2/TESPA1/CD80/GPR183/STAT5B/BCL6/IL15/RASAL3/TNFSF4/NR4A3/NFKBIZ/TNFRSF4/WNT10B/DPP4/HLA-DPB1/IL7R/ZP3/IL2RA/KLHL25/ICOS/PLA2G4A/CD274/SLAMF1/CD40LG/PRLR/IL13/IL1RL1/EBI3/IL6/HLA-DQB2/HLA-DOB/TLR6/TNF/IL5/PDCD1LG2/CCL3/HLX/EGR3/CD2/ADAM8/HLA-DOA/MAP3K8/LGALS1/HHLA2/VCAM1/SOCS1/ZAP70/RASGRP1/HLA-DMB/FOXP3/IL4R/ZMIZ1,54,Module 1
GO:0050867,positive regulation of cell activation,55/1306,297/11952,0.18518518518518517,1.6947422154160283,4.246452355049824,5.6942193272881814e-5,0.003259773087833446,0.0027543802715031132,TYK2/CD55/NFATC2/TESPA1/CD80/RPS6KA1/GPR183/STAT5B/BCL6/IL15/RASAL3/TNFSF4/NR4A3/NFKBIZ/TNFRSF4/WNT10B/DPP4/HLA-DPB1/IL7R/ZP3/IL2RA/KLHL25/ICOS/PLA2G4A/CD274/SLAMF1/CD40LG/PRLR/IL13/IL1RL1/EBI3/IL6/HLA-DQB2/HLA-DOB/TLR6/TNF/IL5/PDCD1LG2/CCL3/HLX/EGR3/CD2/ADAM8/HLA-DOA/MAP3K8/LGALS1/HHLA2/VCAM1/SOCS1/ZAP70/RASGRP1/HLA-DMB/FOXP3/IL4R/ZMIZ1,55,Module 1
GO:1901890,positive regulation of cell junction assembly,18/1306,61/11952,0.29508196721311475,2.7004744809579995,4.663439292040868,5.8108129993639896e-5,0.0032878390761517644,0.00277809492968369,NLGN1/SMAD3/LRRN3/FERMT2/SDC4/FLRT3/NTRK2/SEMA4A/IL1RAP/LRRTM3/CNTNAP2/ADGRB1/GHRL/LRRC4B/EPHB1/ACVRL1/COL16A1/SEMA4D,18,Module 1
GO:0050670,regulation of lymphocyte proliferation,38/1306,182/11952,0.2087912087912088,1.9107752890295002,4.336498317578739,5.972806483887912e-5,0.003326006962372169,0.0028103452949630506,TWSG1/TYK2/CD55/NFATC2/CD80/GPR183/STAT5B/BCL6/IL15/RASAL3/TNFSF4/TNFRSF4/HLA-DPB1/ZP3/IL2RA/MZB1/CBLB/MAD1L1/SDC4/CD274/SLAMF1/CD40LG/CD22/PRLR/IL13/CTLA4/EBI3/IL6/IL5/PDCD1LG2/BMP4/HHLA2/VCAM1/ZAP70/TNFRSF9/LGALS3/HLA-DMB/FOXP3,38,Module 1
GO:0007043,cell-cell junction assembly,23/1306,89/11952,0.25842696629213485,2.36502228263675,4.527077816841161,6.0149735447749876e-5,0.003326006962372169,0.0028103452949630506,PRKCA/CTNNA1/RHOC/SMAD7/CLDN16/CDH1/CNTNAP1/GJB2/CD9/CLDN7/CNTNAP2/ZNF703/LSR/TNF/CDH8/CLDN4/CDH11/TJP1/ACVRL1/MYO1C/ANK2/AFDN/FSCN1,23,Module 1
GO:0030855,epithelial cell differentiation,77/1306,458/11952,0.16812227074235808,1.5385891117248574,4.116567042108469,6.90997410787225e-5,0.003777970113360266,0.0031922364122234192,PRKX/RAPGEF2/ASCL1/UGCG/STAT5B/TRIM16/ID2/FAT1/FRMD6/TST/SMAD3/VIM/NFKBIZ/TIGAR/SGPP1/WNT10B/SLC4A5/SFN/MAP2K1/RILPL1/LATS2/LIF/CPS1/ABCA12/WHRN/PRLR/IL13/GATA6/MAF/ANKRD24/YAP1/LAMA1/LBH/CSTA/TMC1/ZNF703/DSG4/JAG2/TNF/BFSP1/TNFRSF1A/ACTL8/BMP4/HEY1/UPK1B/OTP/S1PR3/DMBT1/CYP1A1/ONECUT1/LAMB2/TJP1/UPK1A/ACVRL1/PDZD7/MTSS1/CDK6/CD109/SLC7A11/AFDN/CLOCK/ACVR1/FGF2/PTK6/RHCG/KRT7/LGALS3/ATF4/B4GALT1/CFLAR/ETV2/ICAM1/FOXP3/AKR1C2/PCK2/FLNB/KLF5,77,Module 1
GO:0002825,regulation of T-helper 1 type immune response,10/1306,23/11952,0.43478260869565216,3.978959984020241,5.008492743647296,7.030264396358503e-5,0.0038010296169644978,0.003211720787389043,CD80/JAK3/TNFSF4/PLA2G4A/IL1R1/SLAMF1/IL18R1/IL1RL1/HLX/IL4R,10,Module 1
GO:2000147,positive regulation of cell motility,70/1306,407/11952,0.171990171990172,1.5739866275854026,4.126506098716428,7.140206824517857e-5,0.0038051155941033797,0.003215173277644624,STAT5A/PRKCA/PIK3R1/NEDD9/RAPGEF2/HSPB1/FAT1/DMTN/CSF1/BCL6/FN1/RRAS2/SMAD3/STAT3/PRKCE/RHOC/BCAS3/NR4A3/ZNF580/FERMT2/ZP3/ENPP2/CD274/IL1R1/SLAMF1/GCNT2/PTGS2/COL1A1/MGAT5/TNFRSF18/SEMA4A/ACKR3/IL6/EDN2/TNFAIP6/ITGAX/CLDN7/ZNF703/TNF/CARMIL1/INSL3/BMP4/LAMC2/CCR6/CLDN4/PGF/CCL3/ONECUT1/LAMB1/TJP1/PDGFRA/VEGFC/CXCL8/FUT7/MYO1C/PAK1/CAMK1D/RIPOR2/ADAM8/ACVR1/FGF2/FUT4/PDGFA/CSF1R/DOCK5/PIK3CD/LGALS3/ARHGEF39/ICAM1/SEMA4D,70,Module 1
GO:0045063,T-helper 1 cell differentiation,9/1306,19/11952,0.47368421052631576,4.334972193116789,5.095357707774131,7.1942177282677955e-05,0.0038051155941033797,0.003215173277644624,CD80/JAK3/TNFSF4/NFKBIZ/STAT4/IL18R1/SEMA4A/HLX/IL4R,9,Module 1
GO:0048514,blood vessel morphogenesis,75/1306,444/11952,0.16891891891891891,1.5458797235213775,4.10552784607595,7.31728342779713e-5,0.0038285915225441756,0.0032350095154471525,MAP2K5/PRKCA/MTDH/TYMP/GADD45A/PRKX/RAPGEF2/HSPB1/EMILIN1/WARS1/FN1/STAT3/SMAD7/BCAS3/SH2D2A/ADM2/STRA6/COL4A2/NR4A1/STARD13/FKBP10/PTPRM/TNFSF12/PTGS2/ADTRP/GATA6/NTRK2/EMILIN2/COL15A1/SEMA4A/ACKR3/YAP1/HSPG2/LAMA1/CALD1/IL6/EDN2/ARHGAP22/ITGAX/ADAMTS9/NRCAM/ADGRB1/TNF/EGFL7/ANG/BMP4/HEY1/GHRL/TNFAIP2/NOTCH3/EPHB1/IL17F/PGF/TJP1/ACVRL1/PDGFRA/VEGFC/CXCL8/EGR3/THSD7A/HSPB6/HIPK2/ADAM8/ACVR1/FGF2/PDGFA/PIK3CD/HTATIP2/NPRL3/B4GALT1/PKD2/ETV2/ZMIZ1/HK2/KLF5,75,Module 1
GO:0022408,negative regulation of cell-cell adhesion,31/1306,139/11952,0.22302158273381295,2.041006092522613,4.323754730142624,7.763499239106145e-5,0.00401884971249899,0.003395770215895701,PAG1/TWSG1/MAP2K5/CD80/JAK3/BCL6/TIGIT/TNFSF4/SMAD7/IL2RA/CBLB/MAD1L1/SDC4/CD274/ABCA12/CDH1/ADTRP/CTLA4/CD9/ZNF703/IL1RN/PDCD1LG2/ADORA2A/BMP4/TNFAIP8L2/HLX/RIPOR2/SOCS1/LGALS3/FOXP3/IL4R,31,Module 1
GO:0006690,icosanoid metabolic process,19/1306,68/11952,0.27941176470588236,2.5570669309071254,4.509837533741859,8.331604127907726e-5,0.00426753533541042,0.0036058998031698146,COMT/PLA2G4A/ALOX12B/MGST2/PTGS2/CYP1A2/PTGES/GGT1/EDN2/AKR1C4/TNFRSF1A/CYP1A1/CYP4Z1/DAGLA/MGST3/ALOX5AP/TBXAS1/FADS1/AKR1C2,19,Module 1
GO:0040017,positive regulation of locomotion,71/1306,417/11952,0.17026378896882494,1.558187446979629,4.0636825521442885,8.798843299615754e-5,0.0044387536540410446,0.003750572559907483,STAT5A/PRKCA/PIK3R1/NEDD9/RAPGEF2/HSPB1/FAT1/DMTN/CSF1/BCL6/FN1/RRAS2/SMAD3/STAT3/PRKCE/RHOC/BCAS3/NR4A3/ZNF580/FERMT2/ZP3/ENPP2/CD274/IL1R1/SLAMF1/GCNT2/PTGS2/COL1A1/MGAT5/TNFRSF18/SEMA4A/ACKR3/IL6/EDN2/DSCAM/TNFAIP6/ITGAX/CLDN7/ZNF703/TNF/CARMIL1/INSL3/BMP4/LAMC2/CCR6/CLDN4/PGF/CCL3/ONECUT1/LAMB1/TJP1/PDGFRA/VEGFC/CXCL8/FUT7/MYO1C/PAK1/CAMK1D/RIPOR2/ADAM8/ACVR1/FGF2/FUT4/PDGFA/CSF1R/DOCK5/PIK3CD/LGALS3/ARHGEF39/ICAM1/SEMA4D,71,Module 1
GO:0032732,positive regulation of interleukin-1 production,15/1306,47/11952,0.3191489361702128,2.9207259457169856,4.62093769454557,8.848316984011124e-5,0.0044387536540410446,0.003750572559907483,HK1/HSPB1/TRIM16/SMAD3/STAT3/S100A13/GBP5/CD36/IL6/TLR6/TNF/CCL3/NLRP1/AIM2/SAA1,15,Module 1
GO:1903532,positive regulation of secretion by cell,41/1306,206/11952,0.19902912621359223,1.8214365363743141,4.165269521216359,9.710813467591531e-5,0.004821716156459223,0.004074160838282763,NLGN1/ORAI1/ITPR1/SYT4/PRKCE/SCAMP5/HYAL3/ZP3/GAB2/FRMD4A/PLA2G4A/SDC4/ITGAM/IL13/SYBU/PTGES/ACHE/INHBA/GABBR1/FFAR1/CADPS2/RPH3AL/ANG/ADORA2A/CD33/GHRL/SPP1/STX1B/UNC13B/VEGFC/ADAM8/RAB27B/RAPGEF4/RAB9A/RAB3D/TTN/SLC6A4/PCK2/C2CD2L/IL4R/MYO18A,41,Module 1
GO:0051047,positive regulation of secretion,42/1306,213/11952,0.19718309859154928,1.804542415288053,4.149575550429391,9.998168014726405e-5,0.00491425106663219,0.004152349204202163,NLGN1/ORAI1/ITPR1/SYT4/PRKCE/SCAMP5/HYAL3/ZP3/GAB2/FRMD4A/PLA2G4A/ALOX12B/SDC4/ITGAM/IL13/SYBU/PTGES/ACHE/INHBA/GABBR1/FFAR1/CADPS2/RPH3AL/ANG/ADORA2A/CD33/GHRL/SPP1/STX1B/UNC13B/VEGFC/ADAM8/RAB27B/RAPGEF4/RAB9A/RAB3D/TTN/SLC6A4/PCK2/C2CD2L/IL4R/MYO18A,42,Module 1
GO:0006953,acute-phase response,10/1306,24/11952,0.4166666666666667,3.8131699846860645,4.8316810900352944,1.0877176477855722e-4,0.005263100901488072,0.004447113617845071,PTGER3/FN1/SIGIRR/PTGS2/PTGES/IL6/TNF/AHSG/IL22/SAA1,10,Module 1
GO:0007169,transmembrane receptor protein tyrosine kinase signaling pathway,74/1306,442/11952,0.167420814479638,1.532169659005079,3.9930437056548405,1.092423327271466e-4,0.005263100901488072,0.004447113617845071,STAT5A/TYK2/MAP2K5/PIK3R1/SOCS3/JAK3/SESN3/NEDD9/PTP4A3/RAPGEF2/HSPB1/EMILIN1/STAT5B/PDGFRL/CSF1/STAT3/DSTYK/NR4A3/CYFIP2/ARID5B/GPC1/MAP2K1/MZB1/CBLB/MST1R/COL4A2/GAB2/LCP2/CLNK/PRLR/TMEM204/COL1A1/PTGIR/FLRT3/NTRK2/FSTL4/DOCK3/DOK5/CD8A/IGFBP3/SHC3/GRB10/TNS2/RHBDF1/GHRL/SH3TC2/EPHB1/PGF/AHSG/GDF15/PDGFRA/VEGFC/KL/FUT7/MTSS1/MYO1C/PAK1/IRS1/FGF2/PTK6/SOCS1/MVP/PDGFA/SHC4/CSF1R/PIK3CD/ZAP70/RALB/SLC2A4/PDE6H/PTPN3/FOXO1/FGFR4/RHBDF2,74,Module 1
GO:0030335,positive regulation of cell migration,68/1306,398/11952,0.1708542713567839,1.5635913103034313,4.005162336600385,1.1087728129899429e-4,0.005289498537263786,0.004469418583631287,STAT5A/PRKCA/PIK3R1/NEDD9/RAPGEF2/HSPB1/FAT1/DMTN/CSF1/FN1/RRAS2/SMAD3/STAT3/PRKCE/RHOC/BCAS3/NR4A3/ZNF580/FERMT2/ZP3/ENPP2/CD274/IL1R1/SLAMF1/GCNT2/PTGS2/COL1A1/MGAT5/TNFRSF18/SEMA4A/ACKR3/IL6/EDN2/TNFAIP6/ITGAX/ZNF703/TNF/CARMIL1/INSL3/BMP4/LAMC2/CCR6/CLDN4/PGF/CCL3/ONECUT1/LAMB1/TJP1/PDGFRA/VEGFC/CXCL8/FUT7/MYO1C/PAK1/CAMK1D/RIPOR2/ADAM8/ACVR1/FGF2/FUT4/PDGFA/CSF1R/DOCK5/PIK3CD/LGALS3/ARHGEF39/ICAM1/SEMA4D,68,Module 1
GO:0061564,axon development,63/1306,362/11952,0.17403314917127072,1.5926831538246764,4.010658010977049,1.1474039341244353e-4,0.00542064810043641,0.004580234815217215,PLXNB2/TSPAN2/FN1/UST/CTNNA1/KIFBP/PRDM8/CYFIP2/SCN11A/MAP1A/MAP2K1/APLP1/ADARB1/PTPRM/CDH1/NKX2-8/CNTNAP1/FLRT3/NTRK2/DSCAML1/ROBO3/ULK2/LAMA2/CHODL/RTN4RL2/SEMA4A/FSTL4/HMCN2/SPTBN4/EDN2/DSCAM/SLIT3/NOVA2/APBB2/NRCAM/ADGRB1/OLFM1/PLXNB3/NOTCH3/SPP1/EPHB1/SCN1B/CDH11/LAMB2/GAP43/DCC/PLXNA2/CTTN/PAK1/KIF5C/TIAM2/RAPH1/FOXD1/ANK3/KIF5A/CRPPA/CSF1R/NEO1/PGRMC1/TTL/SEMA4D/FIGNL2/TUBB3,63,Module 1
GO:0045620,negative regulation of lymphocyte differentiation,13/1306,38/11952,0.34210526315789475,3.130813250584348,4.607749598858177,1.1704083757972506e-4,0.005471818512724979,0.0046234718045090025,JAK3/ID2/BCL6/TNFSF4/SMAD7/CTLA4/INHBA/BMP4/PGLYRP3/HLX/SOCS1/FOXP3/IL4R,13,Module 1
GO:0002460,adaptive immune response based on somatic recombination of immune receptors built from immunoglobulin superfamily domains,45/1306,235/11952,0.19148936170212766,1.7524355674301912,4.080144210575377,1.1807253264203099e-4,0.005471818512724979,0.0046234718045090025,TYK2/CD55/SOCS3/CD80/JAK3/SCART1/BCL6/STAT3/BACH2/TNFSF4/SMAD7/NFKBIZ/IL7R/ZP3/C1RL/PLA2G4A/CD274/IL1R1/SLAMF1/CD40LG/IL9/FCER2/C4BPB/STAT4/IL18R1/IL1RL1/CARD9/EBI3/SEMA4A/KDM5D/IL6/CD8A/TNF/FCER1A/CSF2RB/CCR6/CFI/HLX/FUT7/HLA-C/BATF/NFKB2/ICAM1/FOXP3/IL4R,45,Module 1
GO:0050870,positive regulation of T cell activation,41/1306,209/11952,0.19617224880382775,1.7952915143210941,4.0624725732195115,1.353730713877277e-4,0.006214390239364934,0.005250915758097959,TYK2/CD55/TESPA1/CD80/STAT5B/BCL6/IL15/RASAL3/TNFSF4/NFKBIZ/WNT10B/DPP4/HLA-DPB1/IL7R/ZP3/IL2RA/KLHL25/ICOS/CD274/SLAMF1/CD40LG/EBI3/IL6/HLA-DQB2/HLA-DOB/PDCD1LG2/HLX/EGR3/ADAM8/HLA-DOA/MAP3K8/LGALS1/HHLA2/VCAM1/SOCS1/ZAP70/RASGRP1/HLA-DMB/FOXP3/IL4R/ZMIZ1,41,Module 1
GO:0090257,regulation of muscle system process,30/1306,137/11952,0.21897810218978103,2.0040017437766178,4.1395999063385895,1.4271400893076585e-4,0.006490152966888847,0.00548392443564753,DMD/PRKCA/BIN1/SELENON/SLC9A1/SMAD3/SMAD7/NR4A3/MYL5/PDE4B/RNF207/ACTN3/NR4A1/PDE9A/PTGS2/RYR2/EDN2/P2RX1/TNFRSF1A/HCN4/GHRL/SGCA/CTTN/LMNA/ANK2/ACACB/RGS2/DOCK5/FBXO32/FOXO1,30,Module 1
GO:0002237,response to molecule of bacterial origin,45/1306,237/11952,0.189873417721519,1.7376470816290928,4.0172803070813385,1.4481895064971334e-4,0.006524898276495418,0.005513282858068034,CD55/PRKCA/CD80/MTDH/IL10RA/CDK19/PRKCE/TLR1/VIM/TNFSF4/SIGIRR/NFKBIZ/PDE4B/NR4A1/CPS1/CD274/CARD16/IL13/MGST2/PTGS2/PTGIR/GBP5/GJB2/CARD9/LY96/CD36/LOXL1/IL6/CXCL3/IRAK2/TLR6/TNF/PDCD1LG2/CSF2RB/CYP1A1/PPBP/CXCL8/LITAF/VCAM1/IL12RB2/NFKB2/NFKBIA/FOXP3/PCK2/PLSCR3,45,Module 1
GO:1903053,regulation of extracellular matrix organization,15/1306,49/11952,0.30612244897959184,2.80151264181017,4.425757541019033,1.502863876008739e-4,0.006660544746841697,0.005627898799654675,EMILIN1/SMAD3/DPP4/ADTRP/LAMA2/LAMA1/IL6/TNFRSF1A/PHLDB1/LAMB1/LAMB2/FSCN1/RB1/CFLAR/FGFR4,15,Module 1
GO:0046636,negative regulation of alpha-beta T cell activation,12/1306,34/11952,0.35294117647058826,3.229979281145843,4.56056948186604,1.5193597757900295e-4,0.006660544746841697,0.005627898799654675,TWSG1/JAK3/BCL6/TNFSF4/SMAD7/CBLB/CD274/ADORA2A/HLX/SOCS1/FOXP3/IL4R,12,Module 1
GO:0051965,positive regulation of synapse assembly,12/1306,34/11952,0.35294117647058826,3.229979281145843,4.56056948186604,1.5193597757900295e-4,0.006660544746841697,0.005627898799654675,NLGN1/LRRN3/FLRT3/NTRK2/SEMA4A/IL1RAP/LRRTM3/ADGRB1/GHRL/LRRC4B/EPHB1/SEMA4D,12,Module 1
GO:0120039,plasma membrane bounded cell projection morphogenesis,78/1306,477/11952,0.16352201257861634,1.4964893524805685,3.875906237030313,1.5781929986206025e-4,0.0067690082061921415,0.005719546164230105,PLXNB2/NLGN1/EIF2AK4/SYT4/RAPGEF2/FN1/UST/KIFBP/PRDM8/CYFIP2/SCN11A/MAP1A/MAP2K1/APLP1/ADARB1/MFSD2A/ENPP2/CD44/MYO16/PTPRM/CDH1/NKX2-8/CNTNAP1/FLRT3/NTRK2/DSCAML1/ROBO3/ULK2/LAMA2/CHODL/SEMA4A/FSTL4/HMCN2/SPTBN4/EDN2/DSCAM/SLIT3/GAS7/RIMS2/CNTNAP2/NOVA2/APBB2/NRCAM/ADGRB1/ADORA2A/OLFM1/PRKN/GRIP1/PLXNB3/NOTCH3/SPP1/EPHB1/SCN1B/CDH11/SPAG6/LAMB2/GAP43/DCC/PLXNA2/UNC13A/CTTN/PAK1/KIF5C/TIAM2/RAPH1/FOXD1/ANK3/KIF5A/MAPK8IP2/CRPPA/CSF1R/NEO1/DNM3/ITPKA/PGRMC1/TTL/SEMA4D/TUBB3,78,Module 1
GO:0032731,positive regulation of interleukin-1 beta production,13/1306,39/11952,0.3333333333333333,3.0505359877488516,4.492308874649615,1.581705368908398e-4,0.0067690082061921415,0.005719546164230105,HK1/HSPB1/TRIM16/SMAD3/STAT3/GBP5/CD36/IL6/TLR6/TNF/CCL3/NLRP1/AIM2,13,Module 1
GO:0032943,mononuclear cell proliferation,44/1306,231/11952,0.19047619047619047,1.743163421570772,3.9947394945246395,1.5858342283310814e-4,0.0067690082061921415,0.005719546164230105,TWSG1/TYK2/CD55/NFATC2/CD80/GPR183/STAT5B/CSF1/BCL6/IL15/RASAL3/TNFSF4/NFKBIZ/TNFRSF4/SH2D2A/HLA-DPB1/IL7R/ZP3/IL2RA/MZB1/CBLB/MAD1L1/SDC4/CD274/SLAMF1/CD40LG/IL9/CD22/PRLR/IL13/CTLA4/EBI3/IL6/IL5/PDCD1LG2/BMP4/HHLA2/VCAM1/ZAP70/TNFRSF9/LGALS3/RASGRP1/HLA-DMB/FOXP3,44,Module 1
GO:0007219,Notch signaling pathway,30/1306,138/11952,0.21739130434782608,1.9894799920101205,4.09476099361154,1.6368582355019663e-4,0.006926045368654408,0.005852236400796962,PTP4A3/ASCL1/GALNT11/SLC35C1/BCL6/STAT3/DTX2/IL2RA/NEURL1/APH1B/YAP1/DLL3/JAG2/EGFL7/HEY1/S1PR3/NOTCH3/TIMP4/ONECUT1/ACVRL1/CDK6/MAML2/TSPAN14/TSPAN15/DTX3/PERP/MIB2/NFKBIA/ETV2/ZMIZ1,30,Module 1
GO:0086012,membrane depolarization during cardiac muscle cell action potential,7/1306,13/11952,0.5384615384615384,4.927788903286606,4.962680541774981,1.7312913374482072e-4,0.007224940655135513,0.006104791182417053,CACNA1D/HCN4/SCN1B/CACNA1G/ANK2/ANK3/CACNA2D1,7,Module 1
GO:0002274,myeloid leukocyte activation,35/1306,171/11952,0.2046783625730994,1.873136132828242,4.027814109108523,1.7371928825541614e-4,0.007224940655135513,0.006104791182417053,CSF1/IL15/FN1/PRKCE/TLR1/NR4A3/SCN11A/GAB2/PLA2G4A/LCP2/SLAMF1/FCER2/CLNK/S100A13/ITGAM/IL13/IL1RL1/IL6/EDN2/LRFN5/TLR6/DHRS2/TNF/IL18RAP/FCER1A/CD33/CCL3/CXCL8/SYT11/CD2/BATF/PIK3CD/RASGRP1/IL4R/MYO18A,35,Module 1
GO:0048812,neuron projection morphogenesis,76/1306,464/11952,0.16379310344827586,1.498970269842108,3.8396525547574956,1.8114021558363053e-4,0.007469731262965645,0.006311629634876547,PLXNB2/NLGN1/EIF2AK4/SYT4/RAPGEF2/FN1/UST/KIFBP/PRDM8/CYFIP2/SCN11A/MAP1A/MAP2K1/APLP1/ADARB1/MFSD2A/MYO16/PTPRM/CDH1/NKX2-8/CNTNAP1/FLRT3/NTRK2/DSCAML1/ROBO3/ULK2/LAMA2/CHODL/SEMA4A/FSTL4/HMCN2/SPTBN4/EDN2/DSCAM/SLIT3/GAS7/RIMS2/CNTNAP2/NOVA2/APBB2/NRCAM/ADGRB1/ADORA2A/OLFM1/PRKN/GRIP1/PLXNB3/NOTCH3/SPP1/EPHB1/SCN1B/CDH11/SPAG6/LAMB2/GAP43/DCC/PLXNA2/UNC13A/CTTN/PAK1/KIF5C/TIAM2/RAPH1/FOXD1/ANK3/KIF5A/MAPK8IP2/CRPPA/CSF1R/NEO1/DNM3/ITPKA/PGRMC1/TTL/SEMA4D/TUBB3,76,Module 1
GO:0003013,circulatory system process,62/1306,361/11952,0.17174515235457063,1.5717443039370813,3.863451595210145,1.8967718076041913e-4,0.0077233217819027925,0.0065259036667125936,ERAP2/DMD/BIN1/PTP4A3/COMT/EMILIN1/ID2/ATP2A3/SLC9A1/SMAD3/TMEM65/SMAD7/AKAP13/GAA/SCN11A/SLC4A5/FERMT2/PDE4B/ADM2/RNF207/MFSD2A/CPS1/PTGS2/CACNA1D/GATA6/EMILIN2/ATP1B2/ABCC9/RAMP3/YAP1/CD36/RYR2/SPTBN4/EDN2/KCND2/KCNJ12/HRH1/COL1A2/P2RX1/TNF/ADORA2A/HCN4/GHRL/ATP2B2/SCN1B/TJP1/CACNA1G/ACVRL1/VEGFC/KL/CORIN/ANK2/RGS2/TBXAS1/CACNA2D1/TMIGD3/RPS6KA2/DOCK5/TRDN/SLC2A4/TTN/SLC6A4,62,Module 1
GO:1902106,negative regulation of leukocyte differentiation,19/1306,72/11952,0.2638888888888889,2.4150076569678407,4.2179099017138295,1.912698610801103e-4,0.0077233217819027925,0.0065259036667125936,PIK3R1/JAK3/ID2/BCL6/TNFSF4/SMAD7/GPR55/CTLA4/FBN1/TNFAIP6/INHBA/BMP4/PGLYRP3/CCL3/HLX/CDK6/SOCS1/FOXP3/IL4R,19,Module 1
GO:0046651,lymphocyte proliferation,43/1306,226/11952,0.1902654867256637,1.7412351434495656,3.9401772335177303,1.9222968713587457e-4,0.0077233217819027925,0.0065259036667125936,TWSG1/TYK2/CD55/NFATC2/CD80/GPR183/STAT5B/BCL6/IL15/RASAL3/TNFSF4/NFKBIZ/TNFRSF4/SH2D2A/HLA-DPB1/IL7R/ZP3/IL2RA/MZB1/CBLB/MAD1L1/SDC4/CD274/SLAMF1/CD40LG/IL9/CD22/PRLR/IL13/CTLA4/EBI3/IL6/IL5/PDCD1LG2/BMP4/HHLA2/VCAM1/ZAP70/TNFRSF9/LGALS3/RASGRP1/HLA-DMB/FOXP3,43,Module 1
GO:0048858,cell projection morphogenesis,78/1306,480/11952,0.1625,1.4871362940275652,3.8153292153562908,1.9363856502099068e-4,0.0077233217819027925,0.0065259036667125936,PLXNB2/NLGN1/EIF2AK4/SYT4/RAPGEF2/FN1/UST/KIFBP/PRDM8/CYFIP2/SCN11A/MAP1A/MAP2K1/APLP1/ADARB1/MFSD2A/ENPP2/CD44/MYO16/PTPRM/CDH1/NKX2-8/CNTNAP1/FLRT3/NTRK2/DSCAML1/ROBO3/ULK2/LAMA2/CHODL/SEMA4A/FSTL4/HMCN2/SPTBN4/EDN2/DSCAM/SLIT3/GAS7/RIMS2/CNTNAP2/NOVA2/APBB2/NRCAM/ADGRB1/ADORA2A/OLFM1/PRKN/GRIP1/PLXNB3/NOTCH3/SPP1/EPHB1/SCN1B/CDH11/SPAG6/LAMB2/GAP43/DCC/PLXNA2/UNC13A/CTTN/PAK1/KIF5C/TIAM2/RAPH1/FOXD1/ANK3/KIF5A/MAPK8IP2/CRPPA/CSF1R/NEO1/DNM3/ITPKA/PGRMC1/TTL/SEMA4D/TUBB3,78,Module 1
GO:0086019,cell-cell signaling involved in cardiac conduction,8/1306,17/11952,0.47058823529411764,4.30663904152779,4.778378183825268,1.9526347156120742e-4,0.00772481343590923,0.006527164055781568,RNF207/CACNA1D/RYR2/HCN4/SCN1B/CACNA1G/ANK2/CACNA2D1,8,Module 1
GO:0050679,positive regulation of epithelial cell proliferation,29/1306,133/11952,0.21804511278195488,1.9954633904823313,4.043348989728063,1.9779075362413466e-4,0.00776169199302451,0.006558324988589728,STAT5A/MAP2K5/PRKCA/STAT3/NR4A3/ZNF580/ST8SIA1/NR4A1/TNFSF12/YAP1/HSPG2/ZNF703/TNF/EGFL7/ANG/BMP4/GHRL/PLXNB3/IQGAP3/PGF/LAMB1/HLX/ACVRL1/VEGFC/EGR3/FGF2/PIK3CD/B4GALT1/CFLAR,29,Module 1
GO:0001525,angiogenesis,64/1306,377/11952,0.16976127320954906,1.5535886197553832,3.8254084218857787,2.1068997667466772e-4,0.008201739411991465,0.00693014778013686,MAP2K5/PRKCA/MTDH/TYMP/GADD45A/PRKX/HSPB1/EMILIN1/WARS1/FN1/STAT3/BCAS3/SH2D2A/ADM2/COL4A2/NR4A1/STARD13/PTPRM/TNFSF12/PTGS2/ADTRP/GATA6/EMILIN2/COL15A1/SEMA4A/ACKR3/HSPG2/CALD1/IL6/EDN2/ARHGAP22/ITGAX/ADAMTS9/NRCAM/ADGRB1/TNF/EGFL7/ANG/BMP4/HEY1/GHRL/TNFAIP2/NOTCH3/EPHB1/IL17F/PGF/TJP1/ACVRL1/PDGFRA/VEGFC/CXCL8/EGR3/THSD7A/HSPB6/HIPK2/ADAM8/ACVR1/FGF2/PDGFA/PIK3CD/HTATIP2/B4GALT1/HK2/KLF5,64,Module 1
GO:0001938,positive regulation of endothelial cell proliferation,18/1306,67/11952,0.26865671641791045,2.4586409453498206,4.193403849152158,2.1934050686570923e-4,0.008470721479432867,0.007157427066144196,STAT5A/PRKCA/STAT3/ZNF580/NR4A1/TNFSF12/HSPG2/EGFL7/ANG/BMP4/GHRL/PLXNB3/PGF/ACVRL1/VEGFC/EGR3/FGF2/PIK3CD,18,Module 1
GO:0045216,cell-cell junction organization,29/1306,134/11952,0.21641791044776118,1.980571872642911,3.9979772511651075,2.2661062694491664e-4,0.008682577249716255,0.007336436873989593,PRKCA/SMAD3/CTNNA1/RHOC/SMAD7/FERMT2/CLDN16/CDH1/WHRN/CNTNAP1/GJB2/CD9/CLDN7/CNTNAP2/ZNF703/LSR/TNF/CDH8/CLDN4/CDH11/TJP1/ACVRL1/MTSS1/MYO1C/ANK2/AFDN/PERP/FSCN1/CSF1R,29,Module 1
GO:0002685,regulation of leukocyte migration,34/1306,167/11952,0.20359281437125748,1.8632016212597775,3.934469384487283,2.3753281056733847e-4,0.009029958251723976,0.00762996018154625,MTUS1/PIK3R1/NEDD9/EMILIN1/CSF1/DPP4/ZNF580/GCNT1/ZP3/IL1R1/SLAMF1/GCSAM/ADTRP/GPR18/TNFRSF18/PADI2/IL6/EDN2/CD9/TNFAIP6/TNF/CCR6/PGF/CCL3/VEGFC/CXCL8/FUT7/CAMK1D/RIPOR2/ADAM8/FUT4/CSF1R/LGALS3/ICAM1,34,Module 1
GO:0050804,modulation of chemical synaptic transmission,54/1306,307/11952,0.1758957654723127,1.609729087997765,3.7906774890284627,2.627551635294601e-4,0.00991136919173917,0.008374717819225387,CASK/NLGN1/GIPC1/EIF2AK4/SYT4/RAPGEF2/PRKAR1B/PRKCE/MAP1A/APBA1/MCTP2/OTOF/CDH1/NEURL1/PDE9A/PTGS2/NTRK2/SYBU/LAMA2/CNTNAP4/ERC2/SLC4A10/PPP1R9A/ACHE/HRH1/JPH4/RIMS2/GABBR1/P2RX1/ADGRB1/TNF/ADORA2A/BEGAIN/PRKN/GHRL/SYN1/GRIK5/DGKI/EPHB1/CDH11/FBXO2/DCC/STX1B/UNC13A/CACNB4/SYT11/MCTP1/SLC7A11/MAPK8IP2/CPLX1/ATF4/ITPKA/SLC6A4/GRIN2D,54,Module 1
GO:0042129,regulation of T cell proliferation,30/1306,142/11952,0.2112676056338028,1.9334383020943422,3.9190907638821124,2.778202794092192e-4,0.010399026766194312,0.008786769322853525,TWSG1/TYK2/CD55/CD80/STAT5B/BCL6/IL15/RASAL3/TNFSF4/HLA-DPB1/ZP3/IL2RA/CBLB/MAD1L1/SDC4/CD274/SLAMF1/CD40LG/CTLA4/EBI3/IL6/PDCD1LG2/BMP4/HHLA2/VCAM1/ZAP70/TNFRSF9/LGALS3/HLA-DMB/FOXP3,30,Module 1
GO:0099177,regulation of trans-synaptic signaling,54/1306,308/11952,0.17532467532467533,1.6045026948549153,3.7644625576559814,2.856621889441164e-4,0.010610932911466184,0.008965821695586329,CASK/NLGN1/GIPC1/EIF2AK4/SYT4/RAPGEF2/PRKAR1B/PRKCE/MAP1A/APBA1/MCTP2/OTOF/CDH1/NEURL1/PDE9A/PTGS2/NTRK2/SYBU/LAMA2/CNTNAP4/ERC2/SLC4A10/PPP1R9A/ACHE/HRH1/JPH4/RIMS2/GABBR1/P2RX1/ADGRB1/TNF/ADORA2A/BEGAIN/PRKN/GHRL/SYN1/GRIK5/DGKI/EPHB1/CDH11/FBXO2/DCC/STX1B/UNC13A/CACNB4/SYT11/MCTP1/SLC7A11/MAPK8IP2/CPLX1/ATF4/ITPKA/SLC6A4/GRIN2D,54,Module 1
GO:0042102,positive regulation of T cell proliferation,21/1306,86/11952,0.2441860465116279,2.2346949677695074,4.024734277244714,2.9209893037401396e-4,0.010767828751514788,0.009098392520262349,TYK2/CD55/CD80/STAT5B/IL15/RASAL3/TNFSF4/HLA-DPB1/ZP3/IL2RA/CD274/SLAMF1/CD40LG/EBI3/IL6/PDCD1LG2/HHLA2/VCAM1/ZAP70/HLA-DMB/FOXP3,21,Module 1
GO:0023061,signal release,56/1306,323/11952,0.17337461300309598,1.5866564889839228,3.743643072453694,2.9829576057662123e-4,0.010913587751622848,0.009221553152451782,RAB11FIP1/CASK/NLGN1/OSM/ORAI1/ITPR1/COMT/SYT4/RAB11FIP5/PRKCE/NR4A1/LIF/PLA2G4A/MCTP2/OTOF/ABCA12/PTGS2/SYBU/PTGES/CHRNA4/ERC2/IL6/INHBA/RIMS2/GABBR1/P2RX1/FFAR1/TNF/CADPS2/IL1RN/RPH3AL/ADORA2A/PRKN/GHRL/SYN1/GRIK5/SPP1/IL11/STX1B/UNC13B/UNC13A/CACNB4/SYT11/IRS1/MCTP1/LTBP4/CLOCK/FOXD1/CPLX1/RAPGEF4/SELENOM/STX2/FOXO1/SLC6A4/PCK2/C2CD2L,56,Module 1
GO:0045623,negative regulation of T-helper cell differentiation,7/1306,14/11952,0.5,4.575803981623277,4.688699665794424,3.136408968118154e-4,0.011375604818588696,0.009611939433968772,JAK3/BCL6/TNFSF4/SMAD7/HLX/FOXP3/IL4R,7,Module 1
GO:0097529,myeloid leukocyte migration,30/1306,143/11952,0.2097902097902098,1.9199177545272492,3.876063997543626,3.1561998138535525e-4,0.011375604818588696,0.009611939433968772,MTUS1/PIK3R1/EMILIN1/STAT5B/CSF1/DPP4/PDE4B/IL1R1/SLAMF1/IL6/EDN2/CD9/CXCL3/TNFAIP6/PGF/CCL3/PPBP/VEGFC/CXCL8/FUT7/CAMK1D/RIPOR2/ADAM8/FUT4/CCL22/CSF1R/PIK3CD/LGALS3/B4GALT1/SAA1,30,Module 1
GO:0002675,positive regulation of acute inflammatory response,8/1306,18/11952,0.4444444444444444,4.0673813169984685,4.561329907018316,3.179371671451012e-4,0.011375604818588696,0.009611939433968772,OSM/PTGER3/ZP3/PTGS2/IL6/TNF/ALOX5AP/ADAM8,8,Module 1
GO:0070371,ERK1 and ERK2 cascade,39/1306,204/11952,0.19117647058823528,1.7495721106206648,3.7820478126474506,3.385956011432492e-4,0.012017572829415757,0.010154377197676239,PRKCA/RAPGEF2/EMILIN1/GPR183/FN1/GBP1/DSTYK/MAP2K1/FERMT2/LIF/DUSP5/CD44/GPR55/SLAMF1/GCNT2/DENND2B/CARD9/ACKR3/RAMP3/CD36/INHBA/TNF/GRB10/BMP4/IQGAP3/EPHB1/CCL3/PDGFRA/MTURN/CAVIN3/FGF2/PDGFA/CCL22/CSF1R/PSCA/RASGRP1/CFLAR/FGFR4/ICAM1,39,Module 1
GO:0050900,leukocyte migration,47/1306,260/11952,0.18076923076923077,1.6543291318176465,3.7361044359347106,3.4198560931773207e-4,0.012017572829415757,0.010154377197676239,MTUS1/PIK3R1/HSD3B7/NEDD9/EMILIN1/GPR183/STAT5B/CSF1/DPP4/ZNF580/GCNT1/ZP3/PDE4B/ADD2/IL1R1/SLAMF1/GCSAM/ADTRP/GPR18/TNFRSF18/PADI2/IL6/EDN2/CD9/CXCL3/TNFAIP6/TNF/CCR6/PGF/CCL3/PPBP/VEGFC/CXCL8/FUT7/CAMK1D/RIPOR2/ADAM8/VCAM1/FUT4/CCL22/CSF1R/PIK3CD/ZAP70/LGALS3/B4GALT1/ICAM1/SAA1,47,Module 1
GO:0061041,regulation of wound healing,20/1306,81/11952,0.24691358024691357,2.2596562872213712,3.9841106945986424,3.4502640862081515e-4,0.012017572829415757,0.010154377197676239,CASK/EMILIN1/DMTN/SMAD3/PRKCE/FERMT2/WFDC1/ADTRP/EMILIN2/CD36/CD9/TNF/INSL3/CLDN4/PDGFRA/CD109/FGF2/PDGFA/TSPAN8/FIGNL2,20,Module 1
GO:0032496,response to lipopolysaccharide,42/1306,225/11952,0.18666666666666668,1.7083001531393567,3.7566056981808775,3.4682085644629357e-4,0.012017572829415757,0.010154377197676239,CD55/PRKCA/CD80/MTDH/IL10RA/CDK19/PRKCE/VIM/TNFSF4/SIGIRR/NFKBIZ/PDE4B/NR4A1/CPS1/CD274/CARD16/IL13/MGST2/PTGS2/PTGIR/GBP5/GJB2/LY96/CD36/LOXL1/IL6/CXCL3/IRAK2/TNF/PDCD1LG2/CSF2RB/CYP1A1/PPBP/CXCL8/LITAF/VCAM1/IL12RB2/NFKB2/NFKBIA/FOXP3/PCK2/PLSCR3,42,Module 1
GO:0048667,cell morphogenesis involved in neuron differentiation,69/1306,421/11952,0.16389548693586697,1.4999072433824518,3.657442204729485,3.482280659571767e-4,0.012017572829415757,0.010154377197676239,PLXNB2/NLGN1/RAPGEF2/FN1/UST/KIFBP/PRDM8/CYFIP2/SCN11A/MAP1A/MAP2K1/APLP1/ADARB1/MFSD2A/PTPRM/CDH1/WHRN/NKX2-8/CNTNAP1/FLRT3/NTRK2/DSCAML1/ROBO3/ULK2/LAMA2/CHODL/SEMA4A/ANKRD24/FSTL4/HMCN2/SPTBN4/EDN2/DSCAM/SLIT3/NOVA2/APBB2/NRCAM/ADGRB1/OLFM1/PLXNB3/NOTCH3/SPP1/EPHB1/SCN1B/CDH11/LAMB2/GAP43/DCC/PLXNA2/PDZD7/CTTN/PAK1/KIF5C/TIAM2/RAPH1/FOXD1/ANK3/RB1/KIF5A/MAPK8IP2/CRPPA/CSF1R/NEO1/DNM3/ITPKA/PGRMC1/TTL/SEMA4D/TUBB3,69,Module 1
GO:0070661,leukocyte proliferation,46/1306,254/11952,0.18110236220472442,1.657377820115518,3.7089978149116676,3.772556541003977e-4,0.012927647977834755,0.010923354966020411,TWSG1/TYK2/CD55/NFATC2/CD80/GPR183/STAT5B/CSF1/BCL6/IL15/RASAL3/TNFSF4/NFKBIZ/TNFRSF4/SH2D2A/HLA-DPB1/IL7R/ZP3/IL2RA/MZB1/CBLB/MAD1L1/SDC4/CD274/SLAMF1/CD40LG/IL9/CD22/PRLR/IL13/CTLA4/EBI3/IL6/IL5/PDCD1LG2/CSF2RB/BMP4/HHLA2/VCAM1/CSF1R/ZAP70/TNFRSF9/LGALS3/RASGRP1/HLA-DMB/FOXP3,46,Module 1
GO:0050673,epithelial cell proliferation,51/1306,290/11952,0.17586206896551723,1.6094207107778422,3.6796810016881727,3.866714854407672e-4,0.01315764649059282,0.011117694678922612,STAT5A/CASK/MAP2K5/PRKCA/RPS6KA1/PRKX/ID2/SMAD3/STAT3/NR4A3/NFKBIZ/WNT10B/NLRC3/ZNF580/ERN1/SFN/MAP2K1/ST8SIA1/BCL2L2/NR4A1/PTPRM/TNFSF12/NKX2-8/YAP1/HSPG2/IL6/SIX4/ZNF703/TNF/EGFL7/IGFBP3/ANG/BMP4/GHRL/PLXNB3/IQGAP3/PGF/LAMB1/HLX/ACVRL1/VEGFC/EGR3/MTSS1/CDK6/CD109/RB1/FGF2/PIK3CD/B4GALT1/CFLAR/FMC1,51,Module 1
GO:0070372,regulation of ERK1 and ERK2 cascade,36/1306,185/11952,0.1945945945945946,1.780853441496627,3.748892584639604,3.9727420049975816e-4,0.013424557358554327,0.011343223882690464,PRKCA/RAPGEF2/EMILIN1/GPR183/FN1/GBP1/DSTYK/MAP2K1/FERMT2/LIF/CD44/GPR55/SLAMF1/GCNT2/DENND2B/CARD9/ACKR3/RAMP3/CD36/INHBA/TNF/BMP4/EPHB1/CCL3/PDGFRA/MTURN/CAVIN3/FGF2/PDGFA/CCL22/CSF1R/PSCA/RASGRP1/CFLAR/FGFR4/ICAM1,36,Module 1
GO:0048565,digestive tract development,19/1306,76/11952,0.25,2.2879019908116387,3.9448909008975948,4.0625061789750425e-4,0.01348970056019383,0.011398267330373397,ASCL1/ID2/SMAD3/TIGAR/STRA6/CPS1/GATA6/YAP1/TNF/CYP1A1/CCDC40/HLX/PDGFRA/CXCL8/PKD1/RB1/PTK6/CCDC103/KLF5,19,Module 1
GO:1903707,negative regulation of hemopoiesis,19/1306,76/11952,0.25,2.2879019908116387,3.9448909008975948,4.0625061789750425e-4,0.01348970056019383,0.011398267330373397,PIK3R1/JAK3/ID2/BCL6/TNFSF4/SMAD7/GPR55/CTLA4/FBN1/TNFAIP6/INHBA/BMP4/PGLYRP3/CCL3/HLX/CDK6/SOCS1/FOXP3/IL4R,19,Module 1
GO:0043367,"CD4-positive, alpha-beta T cell differentiation",20/1306,82/11952,0.24390243902439024,2.232099503230867,3.9210992024168214,4.1029093360227844e-4,0.01348970056019383,0.011398267330373397,SOCS3/CD80/JAK3/GPR183/BCL6/STAT3/TNFSF4/SMAD7/NFKBIZ/KLHL25/STAT4/IL18R1/SEMA4A/IL6/HLX/FUT7/SOCS1/BATF/FOXP3/IL4R,20,Module 1
GO:0120254,olefinic compound metabolic process,20/1306,82/11952,0.24390243902439024,2.232099503230867,3.9210992024168214,4.1029093360227844e-4,0.01348970056019383,0.011398267330373397,RDH10/DHRS7/ABCD1/STAT5B/FADS2/PLA2G4A/ALOX12B/PTGS2/CYP1A2/AKR1C4/CYP1A1/ABCA4/CYP4Z1/DAGLA/MGST3/DHRS4L2/TBXAS1/FADS1/AKR1C2/DHRS4,20,Module 1
GO:0006936,muscle contraction,39/1306,206/11952,0.18932038834951456,1.7325859736243476,3.71473375298908,4.1514793691395244e-4,0.013557784302169749,0.011455795419186846,DMD/BIN1/PTGER3/SLC9A1/SMAD7/GAA/SCN11A/MYL5/PDE4B/RNF207/ACTN3/NR4A1/TPM2/PTGS2/GNAO1/CACNA1D/SNTB1/ABCC9/RYR2/CALD1/EDN2/KCND2/KCNJ12/APBB2/P2RX1/TNF/HCN4/GHRL/SCN1B/CACNA1G/SGCA/CTTN/GAMT/ANK2/RGS2/CACNA2D1/DOCK5/TRDN/TTN,39,Module 1
GO:0002521,leukocyte differentiation,77/1306,485/11952,0.15876288659793814,1.4529356972577003,3.5666705343686975,4.404593580799383e-4,0.014288501576113197,0.01207322282568589,STAT5A/PRKCA/PIK3R1/SOCS3/TESPA1/TSPAN2/CD80/JAK3/NEDD9/GPR183/STAT5B/ID2/CSF1/BCL6/IL15/STAT3/DHRS7B/TNFSF4/SMAD7/NFKBIZ/WNT10B/IL7R/IL2RA/CD3G/GAB2/KLHL25/LIF/GPR55/CD3D/SLAMF1/CD40LG/IL9/STAT4/IL18R1/GPR18/IL1RL1/CTLA4/SEMA4A/FBN1/IL6/TNFAIP6/INHBA/CD8A/JAG2/DHRS2/TNF/IL5/BMP4/CCR6/PGLYRP3/CCL3/ONECUT1/HLX/IL11/EGR3/FUT7/CDK6/TESC/CD2/ADAM8/HLA-DOA/CD109/LGALS1/RB1/VCAM1/SOCS1/LYL1/CSF1R/FARP2/BATF/PIK3CD/ZAP70/TNFRSF9/RASGRP1/FOXP3/IL4R/ZMIZ1,77,Module 1
GO:0042093,T-helper cell differentiation,17/1306,65/11952,0.26153846153846155,2.3934974673106373,3.9455469118785946,4.589408962897707e-4,0.014789446366529962,0.012496501505108712,SOCS3/CD80/JAK3/GPR183/BCL6/STAT3/TNFSF4/SMAD7/NFKBIZ/STAT4/IL18R1/SEMA4A/IL6/HLX/BATF/FOXP3/IL4R,17,Module 1
GO:1902307,positive regulation of sodium ion transmembrane transport,6/1306,11/11952,0.5454545454545454,4.991786161770848,4.638993269613629,4.78106228743635e-4,0.015080415472290724,0.012742358975223909,DMD/SLC9A1/ATP1B2/SCN1B/TESC/ANK3,6,Module 1
GO:0010721,negative regulation of cell development,35/1306,180/11952,0.19444444444444445,1.77947932618683,3.690593458666605,4.82330661178142e-4,0.015080415472290724,0.012742358975223909,PIK3R1/JAK3/SYT4/RAPGEF2/ID2/BCL6/CTNNA1/TNFSF4/SMAD7/RFLNB/GPR55/CDH1/ULK2/CTLA4/SEMA4A/FSTL4/FBN1/IL6/DLL3/TNFAIP6/INHBA/TNF/BMP4/S1PR3/PGLYRP3/SPP1/CCL3/DCC/HLX/CDK6/RB1/SOCS1/FOXP3/SEMA4D/IL4R,35,Module 1
GO:0002673,regulation of acute inflammatory response,10/1306,28/11952,0.35714285714285715,3.268431415445198,4.2089538700841915,4.8346584744705153e-4,0.015080415472290724,0.012742358975223909,OSM/PTGER3/ZP3/PTGS2/PTGES/IL6/TNF/FUT7/ALOX5AP/ADAM8,10,Module 1
GO:0060416,response to growth hormone,10/1306,28/11952,0.35714285714285715,3.268431415445198,4.2089538700841915,4.8346584744705153e-4,0.015080415472290724,0.012742358975223909,STAT5A/TYK2/PIK3R1/JAK3/STAT5B/TRIM16/STAT3/CPS1/GHRL/GDF15,10,Module 1
GO:2000515,"negative regulation of CD4-positive, alpha-beta T cell activation",10/1306,28/11952,0.35714285714285715,3.268431415445198,4.2089538700841915,4.8346584744705153e-4,0.015080415472290724,0.012742358975223909,TWSG1/JAK3/BCL6/TNFSF4/SMAD7/CBLB/CD274/HLX/FOXP3/IL4R,10,Module 1
GO:0060396,growth hormone receptor signaling pathway,8/1306,19/11952,0.42105263157894735,3.8533086161038117,4.359445059161176,4.968426143177717e-4,0.015398956441211956,0.013011513587162026,STAT5A/TYK2/PIK3R1/JAK3/STAT5B/STAT3/GHRL/GDF15,8,Module 1
GO:0002699,positive regulation of immune effector process,36/1306,188/11952,0.19148936170212766,1.7524355674301912,3.642094531359197,5.452303912386532e-4,0.016791715720046115,0.014188340494191733,HK1/CD55/SH2D1A/CD80/STAT5B/TNFSF4/NR4A3/NFKBIZ/TNFRSF4/ZP3/MZB1/GAB2/IL1R1/COLEC10/SLAMF1/FCER2/CLNK/TLR7/ITGAM/IL13/IL18R1/DHX58/CARD9/CD36/IL6/TNF/IL18RAP/IL5/IL17F/HLX/HLA-C/RASGRP1/HLA-DMB/FOXP3/IL4R/MYO18A,36,Module 1
GO:0046634,regulation of alpha-beta T cell activation,22/1306,96/11952,0.22916666666666666,2.0972434915773355,3.7805067290195176,5.487839864203652e-4,0.0167948608674308,0.014190998020244597,TWSG1/TYK2/CD55/CD80/JAK3/BCL6/RASAL3/TNFSF4/SMAD7/NFKBIZ/IL2RA/CBLB/KLHL25/CD274/EBI3/ADORA2A/HLX/SOCS1/BATF/ZAP70/FOXP3/IL4R,22,Module 1
GO:0002294,"CD4-positive, alpha-beta T cell differentiation involved in immune response",17/1306,66/11952,0.25757575757575757,2.3572323541695672,3.8724764873386643,5.562870455796021e-4,0.016812998532859277,0.014206323635396702,SOCS3/CD80/JAK3/GPR183/BCL6/STAT3/TNFSF4/SMAD7/NFKBIZ/STAT4/IL18R1/SEMA4A/IL6/HLX/BATF/FOXP3/IL4R,17,Module 1
GO:2000514,"regulation of CD4-positive, alpha-beta T cell activation",17/1306,66/11952,0.25757575757575757,2.3572323541695672,3.8724764873386643,5.562870455796021e-4,0.016812998532859277,0.014206323635396702,TWSG1/CD55/CD80/JAK3/BCL6/TNFSF4/SMAD7/NFKBIZ/IL2RA/CBLB/KLHL25/CD274/HLX/SOCS1/BATF/FOXP3/IL4R,17,Module 1
GO:0002286,T cell activation involved in immune response,21/1306,90/11952,0.23333333333333334,2.1353751914241963,3.786711129083056,5.638034241170713e-4,0.016934984331812772,0.01430939684601222,SOCS3/CD80/JAK3/EIF2AK4/GPR183/BCL6/STAT3/TNFSF4/SMAD7/NFKBIZ/STAT4/IL18R1/SEMA4A/IL6/HLX/BATF/LGALS3/HLA-DMB/ICAM1/FOXP3/IL4R,21,Module 1
GO:0007507,heart development,68/1306,421/11952,0.16152019002375298,1.4781694572464743,3.498403308007032,5.802660088154323e-4,0.017322542324514686,0.014636868133245582,MAP2K5/ASCL1/ARL13B/GALNT11/EMILIN1/ID2/LUZP1/SLC9A1/FN1/SMAD3/TMEM65/SMAD7/AKAP13/GAA/MAP2K1/RNF207/STRA6/IFT140/GATA6/ALPK3/FLRT3/ABCC9/FREM2/POPDC3/YAP1/RYR2/FBN1/INHBA/SLIT3/SIK1/ADAMTS9/LDB3/GREB1L/PDLIM4/TNFRSF1A/DYNC2H1/BMP4/HEY1/OLFM1/HCN4/DNAH5/CCDC40/CDH11/ODAD2/UTY/CACNA1G/ACVRL1/ADAP2/PDGFRA/LMNA/PKD1/ANK2/ACACB/RGS2/ACVR1/RB1/FGF2/ALPK2/VCAM1/RPS6KA2/DLC1/CRIP1/SGCB/NPRL3/TTN/PKD2/CCDC103/ZMIZ1,68,Module 1
GO:0018108,peptidyl-tyrosine phosphorylation,35/1306,182/11952,0.19230769230769232,1.759924608316645,3.618249007352102,5.962630835148521e-4,0.017613160550938266,0.014882429124097362,SAMSN1/OSM/SOCS3/CD80/JAK3/NEDD9/DLG3/DMTN/IL15/PRKCE/CBLB/LIF/ENPP2/CD44/IL9/PRLR/IL13/TNFRSF18/CD36/IL6/TNF/IL5/TNFRSF1A/IL11/PDGFRA/ACVR1/PTK6/SOCS1/MVP/PDGFA/CSF1R/ZAP70/FGFR4/SEMA4D/UNC119,35,Module 1
GO:0098742,cell-cell adhesion via plasma-membrane adhesion molecules,28/1306,135/11952,0.2074074074074074,1.898111281265952,3.6755632354154466,5.972403392734924e-4,0.017613160550938266,0.014882429124097362,PLXNB2/MAP2K5/NLGN1/FAT1/MPZ/PTPRM/CLDN16/CDH1/ITGAM/FLRT3/DSCAML1/ROBO3/IL1RAP/HMCN2/DSCAM/CLDN7/LRFN5/DSG4/IL1RN/CDH8/PLXNB3/LRRC4B/CLDN4/CDH11/PKD1/ACVR1/VCAM1/ICAM1,28,Module 1
GO:0050808,synapse organization,55/1306,325/11952,0.16923076923076924,1.5487336553186477,3.5127716771729047,6.187450542018599e-4,0.01813743032377259,0.015325416497859637,PLXNB2/NLGN1/NEDD9/IL10RA/LRRN3/ADD2/CDH1/NEURL1/ITGAM/CNTNAP1/FLRT3/PPFIBP2/NTRK2/SYBU/SPTB/SEMA4A/IL1RAP/HMCN2/ERC2/SPTBN4/ACHE/SIX4/ARHGAP22/DSCAM/LRFN5/WASF3/LRRTM3/APBB2/NRCAM/ADGRB1/TNF/SEZ6L2/CDH8/GHRL/SYN1/LRRC4B/CAMK1/EPHB1/LAMB2/GAP43/ZNF804A/UNC13B/UNC13A/CACNB4/PPFIA4/CTTN/SEPTIN11/SLC7A11/ANK3/CBLN3/ELFN1/DNM3/ITPKA/PGRMC1/SEMA4D,55,Module 1
GO:0050982,detection of mechanical stimulus,10/1306,29/11952,0.3448275862068966,3.1557268838781223,4.070806370912128,6.66387315945101e-4,0.019258440389954445,0.016272625989824575,SCN11A/ANO3/WHRN/TMC1/PIEZO2/TNF/PDZD7/PKD1/TTN/PKD2,10,Module 1
GO:0002287,alpha-beta T cell activation involved in immune response,17/1306,67/11952,0.2537313432835821,2.322049781719275,3.800721939903317,6.708488687423268e-4,0.019258440389954445,0.016272625989824575,SOCS3/CD80/JAK3/GPR183/BCL6/STAT3/TNFSF4/SMAD7/NFKBIZ/STAT4/IL18R1/SEMA4A/IL6/HLX/BATF/FOXP3/IL4R,17,Module 1
GO:0002293,alpha-beta T cell differentiation involved in immune response,17/1306,67/11952,0.2537313432835821,2.322049781719275,3.800721939903317,6.708488687423268e-4,0.019258440389954445,0.016272625989824575,SOCS3/CD80/JAK3/GPR183/BCL6/STAT3/TNFSF4/SMAD7/NFKBIZ/STAT4/IL18R1/SEMA4A/IL6/HLX/BATF/FOXP3/IL4R,17,Module 1
GO:0002687,positive regulation of leukocyte migration,24/1306,110/11952,0.21818181818181817,1.996714464708339,3.6781975934971185,6.728190176670451e-4,0.019258440389954445,0.016272625989824575,PIK3R1/NEDD9/CSF1/ZNF580/ZP3/IL1R1/SLAMF1/TNFRSF18/IL6/EDN2/TNF/CCR6/PGF/CCL3/VEGFC/CXCL8/FUT7/CAMK1D/RIPOR2/ADAM8/FUT4/CSF1R/LGALS3/ICAM1,24,Module 1
GO:0030336,negative regulation of cell migration,40/1306,218/11952,0.1834862385321101,1.6791941216966155,3.544700970183304,6.767762652450083e-4,0.019258440389954445,0.016272625989824575,IFITM1/MAP2K5/GADD45A/NEDD9/EMILIN1/NAV3/STAT3/SMAD7/DPP4/ADARB1/STARD13/PTPRM/CDH1/GCSAM/ADTRP/EMILIN2/ATP1B2/GPR18/PADI2/BMERB1/TNFAIP6/ADAMTS9/ADGRB1/TNF/IGFBP3/BMP4/DNAJA4/PLXNB3/CDH11/ACVRL1/MIIP/RIPOR2/MCTP1/AFDN/FGF2/TMIGD3/DLC1/CSNK2B/DNAI3/FIGNL2,40,Module 1
GO:0002698,negative regulation of immune effector process,19/1306,79/11952,0.24050632911392406,2.2010196367301837,3.751145419962136,6.830644518991611e-4,0.01932436990082162,0.01632833383793221,CD59/CD55/CD80/JAK3/BCL6/TNFSF4/SMAD7/IL7R/SLAMF1/C4BPB/CD22/TNF/PGLYRP3/HLX/CUEDC2/LGALS3/FOXP3/IL4R/NLRX1,19,Module 1
GO:0040013,negative regulation of locomotion,44/1306,247/11952,0.17813765182186234,1.6302459529669975,3.5055269799159903,7.168039132879696e-4,0.02016166382693214,0.017035814331018004,IFITM1/MAP2K5/GADD45A/NEDD9/EMILIN1/NAV3/STAT3/CTNNA1/SMAD7/DPP4/ADARB1/STARD13/PTPRM/CDH1/GCSAM/ADTRP/EMILIN2/ATP1B2/GPR18/SEMA4A/PADI2/BMERB1/TNFAIP6/ADAMTS9/ADGRB1/TNF/IGFBP3/BMP4/GHRL/DNAJA4/PLXNB3/CDH11/ACVRL1/MIIP/RIPOR2/MCTP1/AFDN/FGF2/TMIGD3/DLC1/CSNK2B/DNAI3/SEMA4D/FIGNL2,44,Module 1
GO:0071805,potassium ion transmembrane transport,25/1306,117/11952,0.21367521367521367,1.9554717870184946,3.637534728269028,7.275184115667487e-4,0.0203454286820908,0.017191088418510105,BIN1/SLC9A1/KCNA3/KCNH4/RNF207/KCNQ2/KCNC3/CACNA1D/ATP1B2/ABCC9/KCNH8/KCND2/KCNJ12/KCNJ18/KCNK5/KCNJ16/HCN4/KCNK12/SLC9A7/ANK2/SLC12A4/KCNC4/ANK3/PKD2/SLC17A7,25,Module 1
GO:0018212,peptidyl-tyrosine modification,35/1306,184/11952,0.19021739130434784,1.7407949930088555,3.546795107388119,7.333472920299504e-4,0.020391245274387078,0.017229801640114204,SAMSN1/OSM/SOCS3/CD80/JAK3/NEDD9/DLG3/DMTN/IL15/PRKCE/CBLB/LIF/ENPP2/CD44/IL9/PRLR/IL13/TNFRSF18/CD36/IL6/TNF/IL5/TNFRSF1A/IL11/PDGFRA/ACVR1/PTK6/SOCS1/MVP/PDGFA/CSF1R/ZAP70/FGFR4/SEMA4D/UNC119,35,Module 1
GO:0050708,regulation of protein secretion,36/1306,191/11952,0.18848167539267016,1.7249104014496122,3.5371979993304627,7.400377636515482e-4,0.02046036226095701,0.01728820278004155,RAB11FIP1/ORAI1/ITPR1/SYT4/RAB11FIP5/PRKCE/FRMD4A/ABCA12/IL13/ADTRP/SYBU/IL6/ACHE/FFAR1/TNF/RPH3AL/ANG/ADORA2A/CD33/PRKN/RHBDF1/GHRL/UNC13B/VEGFC/IRS1/ADAM8/CLOCK/RAPGEF4/FOXO1/NEO1/TTN/SAA1/PCK2/C2CD2L/MYO18A/RHBDF2,36,Module 1
GO:0046639,negative regulation of alpha-beta T cell differentiation,8/1306,20/11952,0.4,3.660643185298622,4.170858844401495,7.492974956199446e-4,0.020483604571273316,0.01730784161970138,JAK3/BCL6/TNFSF4/SMAD7/HLX/SOCS1/FOXP3/IL4R,8,Module 1
GO:0071378,cellular response to growth hormone stimulus,8/1306,20/11952,0.4,3.660643185298622,4.170858844401495,7.492974956199446e-4,0.020483604571273316,0.01730784161970138,STAT5A/TYK2/PIK3R1/JAK3/STAT5B/STAT3/GHRL/GDF15,8,Module 1
GO:0031349,positive regulation of defense response,58/1306,350/11952,0.1657142857142857,1.5165521767665717,3.4352810078635865,7.614270863064142e-4,0.020698906156240288,0.01748976300566218,PIK3R1/SH2D1A/OSM/MAPK13/EMILIN1/STAT5B/RNF34/PTGER3/IL15/PRKCE/TLR1/STING1/TNFSF4/NFKBIZ/NLRC3/ZP3/CD274/COLEC10/CLNK/TLR7/RBM47/PYHIN1/MGST2/PTGS2/GBP5/DHX58/EMILIN2/IL1RL1/CARD9/TRAF3IP3/CAMK2N1/LY96/CD36/IL6/IRAK2/TLR6/TNF/USP27X/IL18RAP/TNFRSF1A/PYDC5/IL17F/CCL3/PAK1/NLRP1/ALOX5AP/ADAM8/LGALS1/CLOCK/IFIH1/RASGRP1/AIM2/TRIM3/NFKBIA/OASL/NLRX1/BIRC3/ATAT1,58,Module 1
GO:0030217,T cell differentiation,45/1306,255/11952,0.17647058823529413,1.6149896405729216,3.476811345876439,7.701114009537782e-4,0.020737828437980093,0.017522650805535778,PIK3R1/SOCS3/TESPA1/CD80/JAK3/GPR183/STAT5B/BCL6/IL15/STAT3/TNFSF4/SMAD7/NFKBIZ/WNT10B/IL7R/IL2RA/CD3G/KLHL25/CD3D/STAT4/IL18R1/GPR18/CTLA4/SEMA4A/IL6/CD8A/JAG2/BMP4/CCR6/HLX/EGR3/FUT7/CDK6/CD2/ADAM8/HLA-DOA/SOCS1/BATF/PIK3CD/ZAP70/TNFRSF9/RASGRP1/FOXP3/IL4R/ZMIZ1,45,Module 1
GO:1903034,regulation of response to wounding,24/1306,111/11952,0.21621621621621623,1.978726046107363,3.628347928393637,7.713824388151247e-4,0.020737828437980093,0.017522650805535778,CASK/EMILIN1/DMTN/SMAD3/STAT3/PRKCE/MAP2K1/FERMT2/WFDC1/ADTRP/EMILIN2/CD36/CD9/TNF/INSL3/SPP1/CLDN4/PDGFRA/CD109/FGF2/PDGFA/TSPAN8/NEO1/FIGNL2,24,Module 1
GO:1902105,regulation of leukocyte differentiation,44/1306,248/11952,0.1774193548387097,1.6236723805760016,3.476127330633562,7.816654755502937e-4,0.020898814307844665,0.0176586775448204,PRKCA/PIK3R1/TESPA1/CD80/JAK3/NEDD9/STAT5B/ID2/CSF1/BCL6/IL15/TNFSF4/SMAD7/NFKBIZ/WNT10B/IL7R/IL2RA/KLHL25/LIF/GPR55/CTLA4/FBN1/TNFAIP6/INHBA/TNF/IL5/BMP4/PGLYRP3/CCL3/HLX/EGR3/CDK6/TESC/CD2/ADAM8/HLA-DOA/RB1/SOCS1/BATF/ZAP70/RASGRP1/FOXP3/IL4R/ZMIZ1,44,Module 1
GO:0042098,T cell proliferation,33/1306,171/11952,0.19298245614035087,1.7660997823809141,3.5340508729877698,7.9122485054982e-4,0.021038798485111608,0.01777695867844462,TWSG1/TYK2/CD55/CD80/STAT5B/BCL6/IL15/RASAL3/TNFSF4/TNFRSF4/SH2D2A/HLA-DPB1/ZP3/IL2RA/CBLB/MAD1L1/SDC4/CD274/SLAMF1/CD40LG/CTLA4/EBI3/IL6/PDCD1LG2/BMP4/HHLA2/VCAM1/ZAP70/TNFRSF9/LGALS3/RASGRP1/HLA-DMB/FOXP3,33,Module 1
GO:0051251,positive regulation of lymphocyte activation,47/1306,270/11952,0.17407407407407408,1.593057682491067,3.4522377563233175,8.080669036493397e-4,0.021271809663420682,0.01797384397545183,TYK2/CD55/NFATC2/TESPA1/CD80/GPR183/STAT5B/BCL6/IL15/RASAL3/TNFSF4/NFKBIZ/TNFRSF4/WNT10B/DPP4/HLA-DPB1/IL7R/ZP3/IL2RA/KLHL25/ICOS/CD274/SLAMF1/CD40LG/PRLR/IL13/EBI3/IL6/HLA-DQB2/HLA-DOB/IL5/PDCD1LG2/HLX/EGR3/ADAM8/HLA-DOA/MAP3K8/LGALS1/HHLA2/VCAM1/SOCS1/ZAP70/RASGRP1/HLA-DMB/FOXP3/IL4R/ZMIZ1,47,Module 1
GO:0016042,lipid catabolic process,41/1306,227/11952,0.18061674008810572,1.6529335968859415,3.478612070410334,8.087309469241319e-4,0.021271809663420682,0.01797384397545183,HEXB/LPIN2/ACAA2/ABCD1/IAH1/GALC/NUDT8/PRKCE/MTLN/AIG1/PHYH/MFSD2A/ENPP2/CPS1/PLA2G4A/PLCB2/MGST2/ADTRP/CYP1A2/CRAT/HCAR1/HSD17B14/TNF/ABHD1/ECHDC2/SPP1/PLA1A/DAGLA/ACACB/IRS1/SRD5A3/PLCXD2/PLD6/ACADS/AUH/PLD2/PCK2/HSD17B11/SESN2/FMC1/PNPLA7,41,Module 1
GO:0006959,humoral immune response,23/1306,105/11952,0.21904761904761905,2.004637934806388,3.6214334525054053,8.141508953638722e-4,0.021299237940003234,0.01799701979225402,CD59/CD55/SH2D1A/GPR183/ZP3/C1RL/PGLYRP4/COLEC10/FCER2/C4BPB/GATA6/EBI3/IL6/CXCL3/TNF/ANG/CCR6/PGLYRP3/DMBT1/CFI/IL17F/PPBP/CXCL8,23,Module 1
GO:0050730,regulation of peptidyl-tyrosine phosphorylation,30/1306,151/11952,0.1986754966887417,1.8182002575986531,3.5437996515982184,8.222391327941271e-4,0.02139580545548782,0.018078615551330487,SAMSN1/OSM/SOCS3/CD80/NEDD9/DLG3/DMTN/IL15/PRKCE/CBLB/LIF/ENPP2/CD44/IL9/IL13/TNFRSF18/CD36/IL6/TNF/IL5/TNFRSF1A/IL11/ACVR1/PTK6/SOCS1/MVP/PDGFA/CSF1R/SEMA4D/UNC119,30,Module 1
GO:0002820,negative regulation of adaptive immune response,12/1306,40/11952,0.3,2.7454823889739663,3.872876118081565,8.320168141765864e-4,0.021535073498847177,0.01819629157992019,SAMSN1/CD80/JAK3/BCL6/TNFSF4/SMAD7/IL7R/SLAMF1/C4BPB/IL1RL1/FOXP3/IL4R,12,Module 1
GO:0001656,metanephros development,14/1306,51/11952,0.27450980392156865,2.512206107557878,3.790398128769447,8.490087873003559e-4,0.02185860719049488,0.01846966484653406,RDH10/LIF/HOXA11/YAP1/FBN1/SIX4/GREB1L/BMP4/LAMB2/PDGFRA/PKD1/FOXD1/PDGFA/PKD2,14,Module 1
GO:0009611,response to wounding,62/1306,382/11952,0.16230366492146597,1.4853395123593884,3.376689537371035,8.79788773728984e-4,0.02249084792475586,0.019003883443462995,CD59/CASK/PRKCA/COMT/HSPB1/EMILIN1/DGKB/DMTN/FN1/SMAD3/STAT3/PRKCE/CTNNA1/RHOC/NFKBIZ/MAP2K1/FERMT2/CD44/WFDC1/PLA2G4A/SDC4/FKBP10/CD40LG/C4BPB/ADTRP/FLRT3/EMILIN2/RTN4RL2/YAP1/CD36/IL6/CD9/TMPRSS4/P2RX1/TNF/ADORA2A/INSL3/SPP1/DGKI/CLDN4/LAMB2/GAP43/ACVRL1/PDGFRA/SYT11/PAK1/CD109/SLC7A11/FGF2/TMIGD3/PDGFA/TSPAN8/ENTPD1/ITPK1/FUT10/NEO1/B4GALT1/CFLAR/SAA1/SLC6A4/MORN4/FIGNL2,62,Module 1
GO:2000146,negative regulation of cell motility,41/1306,228/11952,0.17982456140350878,1.64568388812767,3.4477038106200637,8.846541215096232e-4,0.02249084792475586,0.019003883443462995,IFITM1/MAP2K5/GADD45A/NEDD9/EMILIN1/NAV3/STAT3/CTNNA1/SMAD7/DPP4/ADARB1/STARD13/PTPRM/CDH1/GCSAM/ADTRP/EMILIN2/ATP1B2/GPR18/PADI2/BMERB1/TNFAIP6/ADAMTS9/ADGRB1/TNF/IGFBP3/BMP4/DNAJA4/PLXNB3/CDH11/ACVRL1/MIIP/RIPOR2/MCTP1/AFDN/FGF2/TMIGD3/DLC1/CSNK2B/DNAI3/FIGNL2,41,Module 1
GO:0097530,granulocyte migration,21/1306,93/11952,0.22580645161290322,2.066492120733093,3.61622606124984,8.915891748820115e-4,0.02249084792475586,0.019003883443462995,CSF1/DPP4/PDE4B/IL1R1/SLAMF1/EDN2/CXCL3/TNFAIP6/CCL3/PPBP/CXCL8/FUT7/CAMK1D/RIPOR2/ADAM8/FUT4/CCL22/CSF1R/PIK3CD/LGALS3/SAA1,21,Module 1
GO:0009612,response to mechanical stimulus,29/1306,145/11952,0.2,1.830321592649311,3.5232302995936347,8.920537709572299e-4,0.02249084792475586,0.019003883443462995,DMD/GADD45A/FAS/SLC9A1/SCN11A/ANO3/STRA6/TLR7/WHRN/ITGAM/IL13/PTGS2/COL1A1/RYR2/CNTNAP2/TMC1/PIEZO2/TNF/TNFRSF1A/PDZD7/HABP4/PKD1/FGF2/MAP3K14/TNFRSF10B/TTN/PKD2/NFKBIA/ATAT1,29,Module 1
GO:0007189,adenylate cyclase-activating G protein-coupled receptor signaling pathway,19/1306,81/11952,0.2345679012345679,2.1466734728603027,3.6267623896934014,9.470117824008779e-4,0.023753398624549855,0.020070689213553063,PRKCA/S1PR4/RAPGEF2/ADGRL2/PTGER3/AKAP13/PDE4B/ADM2/APLP1/PTGIR/RAMP3/RXFP1/ADGRB1/ADORA2A/S1PR3/ADGRD1/RAPGEF4/ADGRE5/GPR65,19,Module 1
GO:0086003,cardiac muscle cell contraction,13/1306,46/11952,0.2826086956521739,2.5863239896131565,3.775446752341807,9.57064319437775e-4,0.02388243578658571,0.020179720549117135,BIN1/SLC9A1/SCN11A/PDE4B/RNF207/CACNA1D/ABCC9/RYR2/HCN4/SCN1B/CACNA1G/ANK2/CACNA2D1,13,Module 1
GO:0002700,regulation of production of molecular mediator of immune response,28/1306,139/11952,0.2014388489208633,1.8434893738913922,3.503381196694318,9.661985357804132e-4,0.023987357526058628,0.02026837529945378,HK1/CD55/JAK3/BCL6/TNFSF4/SMAD7/NR4A3/TNFRSF4/MZB1/IL1R1/SLAMF1/CD40LG/CLNK/TLR7/CD22/IL13/IL18R1/CARD9/CD36/IL6/TNF/IL5/IL17F/LITAF/CUEDC2/FOXP3/IL4R/NLRX1,28,Module 1
GO:0051899,membrane depolarization,14/1306,52/11952,0.2692307692307692,2.463894451643303,3.7052578549134925,0.0010468868935556899,0.02585863768549232,0.021849533562535533,ABCD1/SMAD7/SCN11A/CACNA1D/CHRNA4/ADORA2A/HCN4/SCN1B/CACNA1G/ANK2/ANK3/CACNA2D1/PTPN3/SLC6A4,14,Module 1
GO:0046633,alpha-beta T cell proliferation,12/1306,41/11952,0.2926829268292683,2.6785194038770404,3.7707232856519615,0.0010610257038889766,0.026075510480423027,0.02203278255922564,TWSG1/TYK2/CD55/IL15/RASAL3/TNFSF4/IL2RA/CBLB/CD274/EBI3/ZAP70/FOXP3,12,Module 1
GO:0002367,cytokine production involved in immune response,20/1306,88/11952,0.22727272727272727,2.0799109007378536,3.56118202671948,0.0010743824680720885,0.026129444883769812,0.022078355012439675,HK1/CD55/JAK3/BCL6/TNFSF4/SMAD7/NR4A3/IL1R1/SLAMF1/CLNK/TLR7/IL18R1/CARD9/CD36/IL6/TNF/LITAF/CUEDC2/FOXP3/NLRX1,20,Module 1
GO:0002718,regulation of cytokine production involved in immune response,20/1306,88/11952,0.22727272727272727,2.0799109007378536,3.56118202671948,0.0010743824680720885,0.026129444883769812,0.022078355012439675,HK1/CD55/JAK3/BCL6/TNFSF4/SMAD7/NR4A3/IL1R1/SLAMF1/CLNK/TLR7/IL18R1/CARD9/CD36/IL6/TNF/LITAF/CUEDC2/FOXP3/NLRX1,20,Module 1
GO:0007411,axon guidance,28/1306,140/11952,0.2,1.830321592649311,3.461219257809407,0.001084784228827251,0.026129444883769812,0.022078355012439675,CYFIP2/PTPRM/FLRT3/DSCAML1/ROBO3/LAMA2/SEMA4A/HMCN2/DSCAM/SLIT3/NOVA2/APBB2/NRCAM/NOTCH3/EPHB1/SCN1B/LAMB2/GAP43/DCC/KIF5C/FOXD1/KIF5A/CRPPA/CSF1R/NEO1/PGRMC1/SEMA4D/TUBB3,28,Module 1
GO:0097485,neuron projection guidance,28/1306,140/11952,0.2,1.830321592649311,3.461219257809407,0.001084784228827251,0.026129444883769812,0.022078355012439675,CYFIP2/PTPRM/FLRT3/DSCAML1/ROBO3/LAMA2/SEMA4A/HMCN2/DSCAM/SLIT3/NOVA2/APBB2/NRCAM/NOTCH3/EPHB1/SCN1B/LAMB2/GAP43/DCC/KIF5C/FOXD1/KIF5A/CRPPA/CSF1R/NEO1/PGRMC1/SEMA4D/TUBB3,28,Module 1
GO:0002719,negative regulation of cytokine production involved in immune response,8/1306,21/11952,0.38095238095238093,3.486326843141544,3.994017137773004,0.0010954391196648257,0.026129444883769812,0.022078355012439675,JAK3/BCL6/SMAD7/SLAMF1/TNF/CUEDC2/FOXP3/NLRX1,8,Module 1
GO:0009595,detection of biotic stimulus,8/1306,21/11952,0.38095238095238093,3.486326843141544,3.994017137773004,0.0010954391196648257,0.026129444883769812,0.022078355012439675,TLR1/NR4A1/PGLYRP4/LY96/YAP1/TLR6/PGLYRP3/PAK1,8,Module 1
GO:0055123,digestive system development,19/1306,82/11952,0.23170731707317074,2.1204945280693237,3.5659215743566324,0.0011088799748956875,0.02632102418459715,0.022240231999705033,ASCL1/ID2/SMAD3/TIGAR/STRA6/CPS1/GATA6/YAP1/TNF/CYP1A1/CCDC40/HLX/PDGFRA/CXCL8/PKD1/RB1/PTK6/CCDC103/KLF5,19,Module 1
GO:0002823,negative regulation of adaptive immune response based on somatic recombination of immune receptors built from immunoglobulin superfamily domains,11/1306,36/11952,0.3055555555555556,2.7963246554364476,3.780518039294606,0.0011493069398214322,0.0271481920833548,0.02293915639725352,CD80/JAK3/BCL6/TNFSF4/SMAD7/IL7R/SLAMF1/C4BPB/IL1RL1/FOXP3/IL4R,11,Module 1
GO:0002443,leukocyte mediated immunity,48/1306,282/11952,0.1702127659574468,1.5577205043823923,3.319603534649062,0.0011768968310539585,0.027665603767674213,0.02337634895548824,CD55/SH2D1A/CD80/JAK3/STAT5B/SCART1/BCL6/TNFSF4/SMAD7/NR4A3/NFKBIZ/SCN11A/IL7R/ZP3/C1RL/GAB2/IL1R1/SLAMF1/CD40LG/IL9/FCER2/CLNK/C4BPB/S100A13/ITGAM/IL13/IL18R1/CARD9/KDM5D/IL6/CD8A/TNF/IL18RAP/FCER1A/CSF2RB/CCR6/CFI/CCL3/GZMB/FUT7/CD2/HLA-C/BATF/PIK3CD/RASGRP1/ICAM1/FOXP3/IL4R,48,Module 1
GO:0046456,icosanoid biosynthetic process,10/1306,31/11952,0.3225806451612903,2.9521316010472756,3.8116593057732606,0.001203802634625282,0.028162036635031838,0.02379581523707668,PLA2G4A/MGST2/PTGS2/PTGES/GGT1/EDN2/MGST3/ALOX5AP/TBXAS1/FADS1,10,Module 1
GO:0006813,potassium ion transport,26/1306,128/11952,0.203125,1.8589203675344563,3.4218120891120947,0.001270537244161382,0.029581025024350647,0.024994804712638423,BIN1/SLC9A1/KCNA3/KCNH4/RNF207/KCNQ2/KCNC3/CACNA1D/ATP1B2/ABCC9/KCNH8/KCND2/KCNJ12/KCNJ18/KCNK5/KCNJ16/HCN4/KCNK12/SLC9A7/ANK2/SLC12A4/KCNC4/ANK3/ATF4/PKD2/SLC17A7,26,Module 1
GO:1901652,response to peptide,59/1306,365/11952,0.16164383561643836,1.4793010132371143,3.257239978603276,0.0012813990223989901,0.0296918459190166,0.025088444017496016,STAT5A/LPIN2/TYK2/PRKCA/PIK3R1/SOCS3/JAK3/SESN3/COMT/STAT5B/TRIM16/FAT1/SLC9A1/SMAD3/STAT3/VIM/NR4A3/GCNT1/MZB1/BCL2L2/NR4A1/CPS1/STAT4/PTGS2/COL1A1/GJB2/CARD9/RAMP3/CD36/FBN1/INHBA/TLR6/TNF/GRB10/TNS2/GHRL/AHSG/GDF15/KL/FUT7/MYO1C/NLRP1/IRS1/CPEB2/RB1/VCAM1/SOCS1/GNAI1/CACNA2D1/TBC1D4/SLC2A4/FOXO1/SGCB/MYO5A/CFLAR/NFKBIA/ICAM1/PCK2/SESN2,59,Module 1
GO:0002449,lymphocyte mediated immunity,39/1306,218/11952,0.17889908256880735,1.6372142686542004,3.3256089299932516,0.001289040752186767,0.029727356872705255,0.02511844937910458,CD55/SH2D1A/CD80/STAT5B/SCART1/BCL6/TNFSF4/SMAD7/NFKBIZ/IL7R/ZP3/C1RL/IL1R1/SLAMF1/CD40LG/IL9/FCER2/CLNK/C4BPB/IL18R1/CARD9/KDM5D/IL6/CD8A/TNF/IL18RAP/FCER1A/CSF2RB/CCR6/CFI/GZMB/FUT7/CD2/HLA-C/BATF/RASGRP1/ICAM1/FOXP3/IL4R,39,Module 1
GO:0001818,negative regulation of cytokine production,38/1306,211/11952,0.18009478672985782,1.6481568843761565,3.326973200983039,0.001302556666230393,0.02989736197111836,0.025262097012392827,TWSG1/MAP2K5/JAK3/ABCD1/NAV3/BCL6/FN1/TIGIT/TNFSF4/SMAD7/GBP1/SIGIRR/NLRC3/FURIN/CD274/SLAMF1/CARD16/IL13/GATA6/DHX58/GPR18/IL1RL1/REL/IL6/INHBA/TLR6/FFAR1/TNF/PDCD1LG2/CD33/CARD18/GHRL/PGLYRP3/IL1R2/SYT11/CUEDC2/FOXP3/NLRX1,38,Module 1
GO:0046928,regulation of neurotransmitter secretion,15/1306,59/11952,0.2542372881355932,2.3266799906559035,3.5778897680755692,0.0013343927213738424,0.03032769108253802,0.025625708215630153,CASK/NLGN1/SYT4/MCTP2/OTOF/RIMS2/P2RX1/ADORA2A/PRKN/SYN1/STX1B/CACNB4/SYT11/MCTP1/CPLX1,15,Module 1
GO:1903035,negative regulation of response to wounding,15/1306,59/11952,0.2542372881355932,2.3266799906559035,3.5778897680755692,0.0013343927213738424,0.03032769108253802,0.025625708215630153,CASK/SMAD3/STAT3/WFDC1/ADTRP/CD9/TNF/SPP1/PDGFRA/CD109/FGF2/PDGFA/TSPAN8/NEO1/FIGNL2,15,Module 1
GO:0061045,negative regulation of wound healing,12/1306,42/11952,0.2857142857142857,2.614745132356158,3.6715819762619013,0.0013400027913575163,0.03032769108253802,0.025625708215630153,CASK/SMAD3/WFDC1/ADTRP/CD9/TNF/PDGFRA/CD109/FGF2/PDGFA/TSPAN8/FIGNL2,12,Module 1
GO:0002292,T cell differentiation involved in immune response,17/1306,71/11952,0.23943661971830985,2.191230075706921,3.525971575663747,0.0013528624385832724,0.030476984380306497,0.025751855190576326,SOCS3/CD80/JAK3/GPR183/BCL6/STAT3/TNFSF4/SMAD7/NFKBIZ/STAT4/IL18R1/SEMA4A/IL6/HLX/BATF/FOXP3/IL4R,17,Module 1
GO:0032970,regulation of actin filament-based process,48/1306,284/11952,0.16901408450704225,1.546750641675474,3.2661095082538263,0.001372109660692016,0.03076813644666981,0.025997867255217143,PIK3R1/NEDD9/BIN1/FRMD6/SLC9A1/DMTN/SMAD3/PRKCE/RHOC/BCAS3/CYFIP2/AKAP13/FERMT2/PDE4B/ADD2/CARMIL3/SDC4/PLEKHH2/RHPN2/CDC42EP3/CRACD/SPTB/VILL/RYR2/SPTBN4/CAPG/WASF3/CARMIL1/GMFG/PRKN/HCN4/SPTBN5/TJP1/PDGFRA/MTSS1/CTTN/PAK1/ANK2/MYO3B/FSCN1/PDGFA/DLC1/CSF1R/RHOF/GPR65/NAA80/DNAI3/RHOG,48,Module 1
GO:0030595,leukocyte chemotaxis,29/1306,149/11952,0.19463087248322147,1.7811854425110742,3.3607139828993193,0.0013932156642230524,0.03109810744086868,0.02627667978974043,MTUS1/HSD3B7/NEDD9/GPR183/CSF1/DPP4/ZNF580/PDE4B/SLAMF1/GPR18/PADI2/IL6/EDN2/CXCL3/TNFAIP6/CCR6/PGF/CCL3/PPBP/VEGFC/CXCL8/CAMK1D/RIPOR2/ADAM8/CCL22/CSF1R/PIK3CD/LGALS3/SAA1,29,Module 1
GO:0030098,lymphocyte differentiation,56/1306,344/11952,0.16279069767441862,1.4897966451796718,3.2284703962445014,0.0014248319237933158,0.031658594251955594,0.02675026913884495,PIK3R1/SOCS3/TESPA1/CD80/JAK3/GPR183/STAT5B/ID2/BCL6/IL15/STAT3/TNFSF4/SMAD7/NFKBIZ/WNT10B/IL7R/IL2RA/CD3G/KLHL25/CD3D/SLAMF1/CD40LG/IL9/STAT4/IL18R1/GPR18/CTLA4/SEMA4A/IL6/INHBA/CD8A/JAG2/BMP4/CCR6/PGLYRP3/ONECUT1/HLX/IL11/EGR3/FUT7/CDK6/CD2/ADAM8/HLA-DOA/LGALS1/VCAM1/SOCS1/LYL1/BATF/PIK3CD/ZAP70/TNFRSF9/RASGRP1/FOXP3/IL4R/ZMIZ1,56,Module 1
GO:0002440,production of molecular mediator of immune response,32/1306,170/11952,0.18823529411764706,1.7226556166111162,3.323738247305961,0.0014501540242785214,0.03193596274117574,0.026984634621981186,HK1/CD55/JAK3/BCL6/TNFSF4/SMAD7/NR4A3/NFKBIZ/TNFRSF4/MZB1/IL1R1/SLAMF1/CD40LG/CLNK/TLR7/CD22/IL13/IL18R1/CARD9/CD36/IL6/TNF/IL5/CCR6/IL17F/LITAF/CUEDC2/BATF/FOXP3/IL4R/NLRX1/VPREB3,32,Module 1
GO:0050678,regulation of epithelial cell proliferation,42/1306,241/11952,0.17427385892116182,1.594886035088611,3.267576662150796,0.0014592327058850596,0.03193596274117574,0.026984634621981186,STAT5A/CASK/MAP2K5/PRKCA/SMAD3/STAT3/NR4A3/WNT10B/NLRC3/ZNF580/SFN/ST8SIA1/NR4A1/PTPRM/TNFSF12/NKX2-8/YAP1/HSPG2/SIX4/ZNF703/TNF/EGFL7/ANG/BMP4/GHRL/PLXNB3/IQGAP3/PGF/LAMB1/HLX/ACVRL1/VEGFC/EGR3/MTSS1/CDK6/CD109/RB1/FGF2/PIK3CD/B4GALT1/CFLAR/FMC1,42,Module 1
GO:0045217,cell-cell junction maintenance,6/1306,13/11952,0.46153846153846156,4.223819059959948,4.073229115159281,0.0014635675485577865,0.03193596274117574,0.026984634621981186,FERMT2/WHRN/CNTNAP1/TJP1/MTSS1/CSF1R,6,Module 1
GO:0098581,detection of external biotic stimulus,6/1306,13/11952,0.46153846153846156,4.223819059959948,4.073229115159281,0.0014635675485577865,0.03193596274117574,0.026984634621981186,TLR1/NR4A1/PGLYRP4/LY96/TLR6/PGLYRP3,6,Module 1
GO:0002920,regulation of humoral immune response,8/1306,22/11952,0.36363636363636365,3.3278574411805653,3.827612637161295,0.0015581652811520305,0.03340102316337348,0.02822255315641007,CD59/CD55/ZP3/FCER2/C4BPB/GATA6/TNF/IL17F,8,Module 1
GO:0021952,central nervous system projection neuron axonogenesis,8/1306,22/11952,0.36363636363636365,3.3278574411805653,3.827612637161295,0.0015581652811520305,0.03340102316337348,0.02822255315641007,KIFBP/PRDM8/ADARB1/SPTBN4/EPHB1/SCN1B/CDH11/DCC,8,Module 1
GO:0051043,regulation of membrane protein ectodomain proteolysis,8/1306,22/11952,0.36363636363636365,3.3278574411805653,3.827612637161295,0.0015581652811520305,0.03340102316337348,0.02822255315641007,FURIN/SH3D19/TNF/TIMP4/ADAM8/TSPAN15/PTPN3/TSPAN17,8,Module 1
GO:0061436,establishment of skin barrier,8/1306,22/11952,0.36363636363636365,3.3278574411805653,3.827612637161295,0.0015581652811520305,0.03340102316337348,0.02822255315641007,UGCG/NFKBIZ/SFN/ALOX12B/ABCA12/LSR/CYSRT1/CLDN4,8,Module 1
GO:0007269,neurotransmitter secretion,23/1306,110/11952,0.20909090909090908,1.913518028678825,3.3711759322023345,0.0015825524808280654,0.03362751254021557,0.028413927787241663,CASK/NLGN1/SYT4/NR4A1/MCTP2/OTOF/ERC2/RIMS2/P2RX1/CADPS2/RPH3AL/ADORA2A/PRKN/SYN1/GRIK5/STX1B/UNC13B/UNC13A/CACNB4/SYT11/MCTP1/CPLX1/STX2,23,Module 1
GO:0099643,signal release from synapse,23/1306,110/11952,0.20909090909090908,1.913518028678825,3.3711759322023345,0.0015825524808280654,0.03362751254021557,0.028413927787241663,CASK/NLGN1/SYT4/NR4A1/MCTP2/OTOF/ERC2/RIMS2/P2RX1/CADPS2/RPH3AL/ADORA2A/PRKN/SYN1/GRIK5/STX1B/UNC13B/UNC13A/CACNB4/SYT11/MCTP1/CPLX1/STX2,23,Module 1
GO:0051588,regulation of neurotransmitter transport,16/1306,66/11952,0.24242424242424243,2.21857162745371,3.4768475426890273,0.001611854355744049,0.0340748896190009,0.028791943853552583,CASK/NLGN1/SYNGR3/SYT4/MCTP2/OTOF/RIMS2/P2RX1/ADORA2A/PRKN/SYN1/STX1B/CACNB4/SYT11/MCTP1/CPLX1,16,Module 1
GO:0002701,negative regulation of production of molecular mediator of immune response,9/1306,27/11952,0.3333333333333333,3.0505359877488516,3.735945780413174,0.001624614548213771,0.0340748896190009,0.028791943853552583,JAK3/BCL6/SMAD7/SLAMF1/CD22/TNF/CUEDC2/FOXP3/NLRX1,9,Module 1
GO:1902882,regulation of response to oxidative stress,9/1306,27/11952,0.3333333333333333,3.0505359877488516,3.735945780413174,0.001624614548213771,0.0340748896190009,0.028791943853552583,SESN3/ABCD1/SELENON/CD36/PRKN/MCTP1/SLC7A11/AIFM2/SESN2,9,Module 1
GO:0034113,heterotypic cell-cell adhesion,12/1306,43/11952,0.27906976744186046,2.5539371060222944,3.575283611041967,0.001676906103683229,0.034871047438130735,0.02946466595135714,MAP2K5/CD44/GCNT2/ITGAM/ITGAX/NRCAM/TNF/IL1RN/SKAP1/CD2/PERP/VCAM1,12,Module 1
GO:0070509,calcium ion import,12/1306,43/11952,0.27906976744186046,2.5539371060222944,3.575283611041967,0.001676906103683229,0.034871047438130735,0.02946466595135714,CASK/ORAI1/CACNA1E/CACNA1D/PLPP4/P2RX1/CACNA1F/CCL3/CACNA1G/CACNA2D1/LGALS3/PKD2,12,Module 1
GO:0050920,regulation of chemotaxis,29/1306,151/11952,0.19205298013245034,1.757593582345365,3.2812992274630752,0.0017245525750586269,0.03540790223727965,0.029918287178232274,MTUS1/NEDD9/HSPB1/GPR183/CSF1/SMAD3/DPP4/ZNF580/SLAMF1/GPR18/ROBO3/SEMA4A/PADI2/IL6/EDN2/DSCAM/TNFAIP6/NOVA2/CCR6/PGF/CCL3/PDGFRA/VEGFC/CXCL8/CAMK1D/RIPOR2/FGF2/CSF1R/SEMA4D,29,Module 1
GO:1902107,positive regulation of leukocyte differentiation,29/1306,151/11952,0.19205298013245034,1.757593582345365,3.2812992274630752,0.0017245525750586269,0.03540790223727965,0.029918287178232274,PRKCA/TESPA1/CD80/NEDD9/STAT5B/ID2/CSF1/BCL6/IL15/TNFSF4/NFKBIZ/WNT10B/IL7R/IL2RA/KLHL25/LIF/TNF/IL5/HLX/EGR3/TESC/ADAM8/RB1/SOCS1/ZAP70/RASGRP1/FOXP3/IL4R/ZMIZ1,29,Module 1
GO:1903708,positive regulation of hemopoiesis,29/1306,151/11952,0.19205298013245034,1.757593582345365,3.2812992274630752,0.0017245525750586269,0.03540790223727965,0.029918287178232274,PRKCA/TESPA1/CD80/NEDD9/STAT5B/ID2/CSF1/BCL6/IL15/TNFSF4/NFKBIZ/WNT10B/IL7R/IL2RA/KLHL25/LIF/TNF/IL5/HLX/EGR3/TESC/ADAM8/RB1/SOCS1/ZAP70/RASGRP1/FOXP3/IL4R/ZMIZ1,29,Module 1
GO:0048732,gland development,51/1306,310/11952,0.16451612903225807,1.5055871165341106,3.15895565103572,0.0018083186939164284,0.036943130337756196,0.03121549464582943,STAT5A/TWSG1/ORAI1/RPS6KA1/IGSF3/ASCL1/STAT5B/ID2/CSF1/SMAD3/ARID5B/MAP2K1/STRA6/MAD1L1/CPS1/OAS2/CDH1/NEURL1/PRLR/NKX2-8/GATA6/HOXA11/LAMA1/IL6/LBH/SIX4/RXFP1/ELF3/ZNF703/LSR/TNF/BMP4/OTP/CYP1A1/IQGAP3/CCDC40/ONECUT1/HLX/PDGFRA/CACNB4/HIPK2/PKD1/FGF2/PDGFA/CSF1R/CRIP1/PTPN3/PKD2/CFLAR/PCK2/HK2,51,Module 1
GO:1990266,neutrophil migration,18/1306,79/11952,0.22784810126582278,2.0851764979549112,3.3893324685653003,0.0018145105118626656,0.036943130337756196,0.03121549464582943,DPP4/PDE4B/IL1R1/EDN2/CXCL3/TNFAIP6/CCL3/PPBP/CXCL8/FUT7/CAMK1D/RIPOR2/ADAM8/FUT4/CCL22/PIK3CD/LGALS3/SAA1,18,Module 1
GO:0046640,regulation of alpha-beta T cell proliferation,11/1306,38/11952,0.2894736842105263,2.649149673571371,3.566182416395097,0.0018759552892632662,0.03803499348981272,0.032138076139747014,TWSG1/TYK2/CD55/RASAL3/TNFSF4/IL2RA/CBLB/CD274/EBI3/ZAP70/FOXP3,11,Module 1
GO:0043502,regulation of muscle adaptation,14/1306,55/11952,0.2545454545454545,2.3295002088263956,3.4612383308739703,0.0018860153614641236,0.03808029356383579,0.032176352923690185,PRKCA/SELENON/SLC9A1/SMAD3/NR4A3/ACTN3/PDE9A/TNFRSF1A/SGCA/LMNA/ACACB/RGS2/FBXO32/FOXO1,14,Module 1
GO:0001936,regulation of endothelial cell proliferation,20/1306,92/11952,0.21739130434782608,1.9894799920101205,3.336868304615796,0.0019102873395455194,0.038096140140280725,0.0321897426586057,STAT5A/PRKCA/STAT3/ZNF580/NR4A1/PTPRM/TNFSF12/HSPG2/TNF/EGFL7/ANG/BMP4/GHRL/PLXNB3/PGF/ACVRL1/VEGFC/EGR3/FGF2/PIK3CD,20,Module 1
GO:0032609,type II interferon production,20/1306,92/11952,0.21739130434782608,1.9894799920101205,3.336868304615796,0.0019102873395455194,0.038096140140280725,0.0321897426586057,TYK2/TNFSF4/HLA-DPB1/ZP3/PDE4B/CD274/IL1R1/SLAMF1/TLR7/IL18R1/IL1RL1/EBI3/INHBA/TNF/PDCD1LG2/PGLYRP3/CD2/IL12RB2/RASGRP1/FOXP3,20,Module 1
GO:0032649,regulation of type II interferon production,20/1306,92/11952,0.21739130434782608,1.9894799920101205,3.336868304615796,0.0019102873395455194,0.038096140140280725,0.0321897426586057,TYK2/TNFSF4/HLA-DPB1/ZP3/PDE4B/CD274/IL1R1/SLAMF1/TLR7/IL18R1/IL1RL1/EBI3/INHBA/TNF/PDCD1LG2/PGLYRP3/CD2/IL12RB2/RASGRP1/FOXP3,20,Module 1
GO:0043371,"negative regulation of CD4-positive, alpha-beta T cell differentiation",7/1306,18/11952,0.3888888888888889,3.55895865237366,3.805283212495061,0.0019615534924404504,0.038958854262102986,0.032918702219000645,JAK3/BCL6/TNFSF4/SMAD7/HLX/FOXP3/IL4R,7,Module 1
GO:0042060,wound healing,48/1306,289/11952,0.16608996539792387,1.5199902499509848,3.1341477405099605,0.0019894969692016966,0.039353220537136004,0.03325192623749177,CD59/CASK/PRKCA/HSPB1/EMILIN1/DGKB/DMTN/FN1/SMAD3/PRKCE/RHOC/FERMT2/CD44/WFDC1/PLA2G4A/SDC4/FKBP10/CD40LG/C4BPB/ADTRP/EMILIN2/YAP1/CD36/IL6/CD9/P2RX1/TNF/ADORA2A/INSL3/DGKI/CLDN4/ACVRL1/PDGFRA/SYT11/PAK1/CD109/SLC7A11/FGF2/PDGFA/TSPAN8/ENTPD1/ITPK1/FUT10/B4GALT1/CFLAR/SAA1/SLC6A4/FIGNL2,48,Module 1
GO:0045581,negative regulation of T cell differentiation,10/1306,33/11952,0.30303030303030304,2.773214534317138,3.5725541744089204,0.0020506215361453233,0.04024444385649118,0.03400497495045202,JAK3/BCL6/TNFSF4/SMAD7/CTLA4/BMP4/HLX/SOCS1/FOXP3/IL4R,10,Module 1
GO:0042692,muscle cell differentiation,47/1306,282/11952,0.16666666666666666,1.5252679938744258,3.1264432191433973,0.002051093727170122,0.04024444385649118,0.03400497495045202,DMD/NFATC2/BIN1/SELENON/ID2/SLC9A1/AKAP13/WNT10B/MTLN/ACTN3/CNTNAP1/TMEM204/GATA6/ALPK3/POPDC3/LAMA2/LAMA1/SIX4/CD9/SIK1/LDB3/LBX2/ADGRB1/ACTL8/BMP4/HEY1/MYBPC2/CAMK1/LAMB1/LAMB2/GDF15/PDGFRA/CACNB4/LMNA/ANK2/RIPOR2/RGS2/ACVR1/RB1/ALPK2/DOCK5/SGCB/NEO1/TTN/CFLAR/IL4R/KLF5,47,Module 1
GO:0019233,sensory perception of pain,12/1306,44/11952,0.2727272727272727,2.495893080885424,3.481672838058482,0.002080429259475352,0.04049347510642825,0.03421539657899253,GPR171/COMT/SCN11A/PTGES/CHRNA4/KCND2/ZFHX2/TNF/PRDM12/EPHB1/CCL3/GRIN2D,12,Module 1
GO:0035924,cellular response to vascular endothelial growth factor stimulus,12/1306,44/11952,0.2727272727272727,2.495893080885424,3.481672838058482,0.002080429259475352,0.04049347510642825,0.03421539657899253,PTP4A3/HSPB1/EMILIN1/ERN1/NR4A1/PGF/PDGFRA/VEGFC/EGR3/MYO1C/VCAM1/PIK3CD,12,Module 1
GO:0001935,endothelial cell proliferation,22/1306,106/11952,0.20754716981132076,1.899390331994568,3.257585056090776,0.0021843354819192336,0.041900639578370834,0.035404395308611086,STAT5A/PRKCA/PRKX/STAT3/ZNF580/ERN1/NR4A1/PTPRM/TNFSF12/HSPG2/TNF/EGFL7/ANG/BMP4/GHRL/PLXNB3/PGF/ACVRL1/VEGFC/EGR3/FGF2/PIK3CD,22,Module 1
GO:0051048,negative regulation of secretion,22/1306,106/11952,0.20754716981132076,1.899390331994568,3.257585056090776,0.0021843354819192336,0.041900639578370834,0.035404395308611086,RAB11FIP1/OSM/SYT4/PTGER3/RAB11FIP5/STXBP6/LIF/FRMD4A/ADTRP/INHBA/GABBR1/TNF/TNFRSF1A/PRKN/RHBDF1/GHRL/IL11/SYT11/IRS1/FOXO1/NEO1/RHBDF2,22,Module 1
GO:0098659,inorganic cation import across plasma membrane,17/1306,74/11952,0.22972972972972974,2.1023964239890733,3.3316738179157643,0.002187168609310767,0.041900639578370834,0.035404395308611086,SLC9A1/CACNA1E/CACNA1D/ATP1B2/ABCC9/KCNJ12/KCNJ18/KCNK5/KCNJ16/P2RX1/HCN4/CACNA1F/CACNA1G/SLC9A7/SLC12A4/CACNA2D1/SLC39A11,17,Module 1
GO:0099587,inorganic ion import across plasma membrane,17/1306,74/11952,0.22972972972972974,2.1023964239890733,3.3316738179157643,0.002187168609310767,0.041900639578370834,0.035404395308611086,SLC9A1/CACNA1E/CACNA1D/ATP1B2/ABCC9/KCNJ12/KCNJ18/KCNK5/KCNJ16/P2RX1/HCN4/CACNA1F/CACNA1G/SLC9A7/SLC12A4/CACNA2D1/SLC39A11,17,Module 1
GO:0007260,tyrosine phosphorylation of STAT protein,13/1306,50/11952,0.26,2.379418070444104,3.423350927512241,0.0022060595586741553,0.042096807107876236,0.03557014916896285,OSM/SOCS3/JAK3/IL15/LIF/IL13/TNFRSF18/IL6/TNF/TNFRSF1A/PTK6/SOCS1/CSF1R,13,Module 1
GO:0032787,monocarboxylic acid metabolic process,67/1306,435/11952,0.15402298850574714,1.409558008132228,3.0476904064375296,0.00222538525648586,0.04229970569554764,0.03574159050918491,HEXB/HK1/LPIN2/RDH10/HSD3B7/ACAA2/ABCD1/COMT/NUDT8/STAT3/BPGM/PRKCE/UST/KYNU/CHST14/NR4A3/TIGAR/MTLN/FADS3/ACTN3/AIG1/STARD4/PHYH/FADS2/MFSD2A/KLHL25/OSBPL6/PLA2G4A/ALOX12B/GPAT2/PTGS2/ADTRP/CYP1A2/OLAH/PTGES/GGT1/CD36/CRAT/EDN2/CRYL1/AKR1C4/ABHD1/TNFRSF1A/ECHDC2/CYP1A1/CYP4Z1/DAGLA/ENO2/GAMT/MGST3/ALOX5AP/ACACB/IRS1/TBXAS1/ELOVL4/GRHPR/ACADS/SLC2A6/IDH2/FADS1/AUH/GAD1/FGFR4/AKR1C2/PCK2/HK2/SESN2,67,Module 1
GO:0002532,production of molecular mediator involved in inflammatory response,15/1306,62/11952,0.24193548387096775,2.2140987007854567,3.3569076405648777,0.0022760662934986704,0.043094702662118796,0.03641333173215567,ABCD1/STAT3/NLRC3/GBP5/CARD9/CD36/IL6/TLR6/P2RX1/TNF/IL1R2/IL17F/ALOX5AP/CUEDC2/IL4R,15,Module 1
GO:1901653,cellular response to peptide,45/1306,269/11952,0.16728624535315986,1.5309381351155946,3.0847740047846433,0.0023434301542972157,0.0439850919092686,0.03716567568685037,STAT5A/LPIN2/TYK2/PRKCA/PIK3R1/SOCS3/JAK3/SESN3/STAT5B/FAT1/SLC9A1/STAT3/VIM/NR4A3/MZB1/BCL2L2/NR4A1/CPS1/GJB2/CD36/FBN1/INHBA/TLR6/TNF/GRB10/TNS2/GHRL/AHSG/GDF15/FUT7/MYO1C/IRS1/CPEB2/RB1/VCAM1/SOCS1/CACNA2D1/TBC1D4/SLC2A4/FOXO1/SGCB/MYO5A/CFLAR/ICAM1/PCK2,45,Module 1
GO:0002819,regulation of adaptive immune response,30/1306,161/11952,0.18633540372670807,1.7052685645801031,3.1555322702130586,0.0023588508216654184,0.0439850919092686,0.03716567568685037,TYK2/CD55/SAMSN1/CD80/JAK3/EIF2AK4/BCL6/TNFSF4/SMAD7/NFKBIZ/IL7R/ZP3/PLA2G4A/CD274/IL1R1/SLAMF1/FCER2/C4BPB/IL18R1/IL1RL1/CARD9/IL6/TNF/HLX/FUT7/SKAP1/HLA-C/BATF/FOXP3/IL4R,30,Module 1
GO:0010596,negative regulation of endothelial cell migration,11/1306,39/11952,0.28205128205128205,2.5812227588644125,3.46413868124443,0.0023592496893380817,0.0439850919092686,0.03716567568685037,MAP2K5/GADD45A/STARD13/PTPRM/ADAMTS9/ADGRB1/TNF/DNAJA4/ACVRL1/FGF2/CSNK2B,11,Module 1
GO:1905330,regulation of morphogenesis of an epithelium,11/1306,39/11952,0.28205128205128205,2.5812227588644125,3.46413868124443,0.0023592496893380817,0.0439850919092686,0.03716567568685037,HOXB7/RNF207/LIF/SIX4/ITGAX/LBX2/TNF/BMP4/FGF2/PDGFA/PIK3CD,11,Module 1
GO:0071363,cellular response to growth factor stimulus,74/1306,491/11952,0.15071283095723015,1.3792647439516192,3.005747147108635,0.0024225052660883147,0.04445177227056495,0.03756000226898278,TWSG1/CASK/MAP2K5/PTP4A3/GIPC1/RAPGEF2/HSPB1/EMILIN1/STAT5B/SMAD3/STAT3/SMAD7/APAF1/DSTYK/NFKBIZ/CYFIP2/GPC1/ERN1/FAM83G/FURIN/FERMT2/GPR155/LATS2/COL4A2/NR4A1/CD44/CPS1/GCNT2/USP9Y/TMEM204/COL1A1/GATA6/FLRT3/NTRK2/TGIF1/CHST11/FSTL4/FBN1/DOCK3/TNFAIP6/DOK5/ZNF703/DSG4/COL1A2/GRB10/BMP4/IL17F/PGF/ONECUT1/GDF15/ACVRL1/PDGFRA/VEGFC/CXCL8/EGR3/KL/MYO1C/HIPK2/RGMB/LTBP4/CD109/FOXD1/ACVR1/JUN/FGF2/VCAM1/FBXL15/PIK3CD/NEO1/CFLAR/FGFR4/ETV2/ZMIZ1/PBLD,74,Module 1
GO:0019370,leukotriene biosynthetic process,5/1306,10/11952,0.5,4.575803981623277,3.96201076270457,0.0024299571360399254,0.04445177227056495,0.03756000226898278,PLA2G4A/MGST2/GGT1/MGST3/ALOX5AP,5,Module 1
GO:0060397,growth hormone receptor signaling pathway via JAK-STAT,5/1306,10/11952,0.5,4.575803981623277,3.96201076270457,0.0024299571360399254,0.04445177227056495,0.03756000226898278,STAT5A/TYK2/JAK3/STAT5B/STAT3,5,Module 1
GO:0072672,neutrophil extravasation,5/1306,10/11952,0.5,4.575803981623277,3.96201076270457,0.0024299571360399254,0.04445177227056495,0.03756000226898278,IL1R1/FUT7/RIPOR2/ADAM8/PIK3CD,5,Module 1
GO:1905383,protein localization to presynapse,5/1306,10/11952,0.5,4.575803981623277,3.96201076270457,0.0024299571360399254,0.04445177227056495,0.03756000226898278,HSPB1/MAP1A/KIF5C/KIF5A/RAB27B,5,Module 1
GO:1901888,regulation of cell junction assembly,27/1306,141/11952,0.19148936170212766,1.7524355674301912,3.147864418908192,0.002550397577312722,0.04648027944271051,0.039274011184638254,NLGN1/RAPGEF2/SLC9A1/DMTN/SMAD3/LRRN3/FERMT2/SDC4/FLRT3/NTRK2/SEMA4A/IL1RAP/SIX4/LRFN5/LRRTM3/CNTNAP2/ADGRB1/TNF/GHRL/LRRC4B/EPHB1/TJP1/ACVRL1/COL16A1/MYO1C/DLC1/SEMA4D,27,Module 1
GO:0006636,unsaturated fatty acid biosynthetic process,10/1306,34/11952,0.29411764705882354,2.6916494009548693,3.45962166430872,0.002625107926580444,0.04731027841014978,0.03997532772406712,ABCD1/FADS3/FADS2/PLA2G4A/PTGS2/PTGES/EDN2/TBXAS1/ELOVL4/FADS1,10,Module 1
GO:0006692,prostanoid metabolic process,10/1306,34/11952,0.29411764705882354,2.6916494009548693,3.45962166430872,0.002625107926580444,0.04731027841014978,0.03997532772406712,COMT/PLA2G4A/PTGS2/PTGES/EDN2/AKR1C4/TNFRSF1A/MGST3/TBXAS1/AKR1C2,10,Module 1
GO:0086065,cell communication involved in cardiac conduction,10/1306,34/11952,0.29411764705882354,2.6916494009548693,3.45962166430872,0.002625107926580444,0.04731027841014978,0.03997532772406712,RNF207/CACNA1D/ATP1B2/RYR2/HCN4/SCN1B/CACNA1G/ANK2/CACNA2D1/TRDN,10,Module 1
GO:0007631,feeding behavior,13/1306,51/11952,0.2549019607843137,2.3327628141608865,3.3406171629918373,0.0026703137699336144,0.04794740518264563,0.04051367483146513,GPR171/EIF2AK4/STAT3/NR4A3/ADM2/STRA6/NTRK2/PMCH/ADORA2A/GHRL/GDF15/BBS12/NPW,13,Module 1
GO:0002366,leukocyte activation involved in immune response,39/1306,227/11952,0.17180616740088106,1.5723026897207737,3.0490375344228946,0.002746896252269619,0.04899830397014358,0.04140164304570507,SOCS3/CD80/JAK3/EIF2AK4/GPR183/BCL6/STAT3/PRKCE/TNFSF4/SMAD7/NR4A3/NFKBIZ/SCN11A/GAB2/SLAMF1/CD40LG/CLNK/STAT4/S100A13/ITGAM/IL13/IL18R1/SEMA4A/IL6/TNF/FCER1A/CCR6/PGLYRP3/CCL3/HLX/LGALS1/BATF/PIK3CD/LGALS3/RASGRP1/HLA-DMB/ICAM1/FOXP3/IL4R,39,Module 1
GO:0046632,alpha-beta T cell differentiation,22/1306,108/11952,0.2037037037037037,1.8642164369576313,3.1598442838602456,0.002792692530085254,0.04899830397014358,0.04140164304570507,SOCS3/CD80/JAK3/GPR183/BCL6/STAT3/TNFSF4/SMAD7/NFKBIZ/KLHL25/STAT4/IL18R1/GPR18/SEMA4A/IL6/HLX/FUT7/SOCS1/BATF/ZAP70/FOXP3/IL4R,22,Module 1
GO:0050905,neuromuscular process,22/1306,108/11952,0.2037037037037037,1.8642164369576313,3.1598442838602456,0.002792692530085254,0.04899830397014358,0.04140164304570507,HEXB/DMD/ITPR1/COMT/ASCL1/GAA/MAP1A/STRA6/ACTN3/NR4A1/ADARB1/CNTNAP1/NPAS1/SPTBN4/JPH4/CNTNAP2/TNF/ADORA2A/PRKN/USH1G/HIPK2/GRIN2D,22,Module 1
GO:0030324,lung development,26/1306,135/11952,0.1925925925925926,1.76253190403267,3.120698170435145,0.0027927139199050463,0.04899830397014358,0.04140164304570507,RDH10/ASCL1/SELENON/ABCA3/MAP2K1/STRA6/LIF/ABCA12/IL13/NKX2-8/GATA6/CYP1A2/YAP1/LAMA1/EDN2/RXFP1/TNF/BMP4/CCDC40/PDGFRA/HIPK2/PKD1/SLC7A11/FGF2/PDGFA/NKIRAS1,26,Module 1
GO:0060048,cardiac muscle contraction,18/1306,82/11952,0.21951219512195122,2.00888955290778,3.210743946296443,0.0028129534979953936,0.04899830397014358,0.04140164304570507,DMD/BIN1/SLC9A1/SMAD7/GAA/SCN11A/PDE4B/RNF207/CACNA1D/ABCC9/RYR2/HCN4/SCN1B/CACNA1G/ANK2/RGS2/CACNA2D1/TTN,18,Module 1
GO:0006607,NLS-bearing protein import into nucleus,7/1306,19/11952,0.3684210526315789,3.371645039090836,3.6235324105482225,0.0028159681713453458,0.04899830397014358,0.04140164304570507,RGPD4/RGPD8/RGPD1/CBLB/RGPD3/RGPD5/RGPD6,7,Module 1
GO:0060142,regulation of syncytium formation by plasma membrane fusion,7/1306,19/11952,0.3684210526315789,3.371645039090836,3.6235324105482225,0.0028159681713453458,0.04899830397014358,0.04140164304570507,NFATC2/ADGRB1/CAMK1/GDF15/RIPOR2/CFLAR/IL4R,7,Module 1
GO:0072210,metanephric nephron development,7/1306,19/11952,0.3684210526315789,3.371645039090836,3.6235324105482225,0.0028159681713453458,0.04899830397014358,0.04140164304570507,LIF/BMP4/LAMB2/PDGFRA/PKD1/FOXD1/PKD2,7,Module 1
GO:0017157,regulation of exocytosis,27/1306,142/11952,0.19014084507042253,1.7400944718849083,3.1073263253249284,0.0028298048265639904,0.04899830397014358,0.04140164304570507,CASK/NLGN1/SEPTIN1/SYT4/SCAMP5/HYAL3/STXBP6/ZP3/GAB2/SDC4/ITGAM/IL13/RIMS2/RAB26/P2RX1/CADPS2/RPH3AL/PRKN/SYN1/CACNB4/SYT11/CPLX1/RAB27B/RAPGEF4/RAB9A/RAB3D/IL4R,27,Module 1
GO:0043408,regulation of MAPK cascade,68/1306,447/11952,0.15212527964205816,1.3921909205833685,2.9599778837546893,0.0028300001985176824,0.04899830397014358,0.04140164304570507,MAP2K5/PRKCA/OSM/GADD45A/FAS/RAPGEF2/EMILIN1/GPR183/FN1/PRKCE/GBP1/DSTYK/AKAP13/ERN1/MAP2K1/FERMT2/MST1R/GADD45G/LIF/DUSP5/CD44/ALOX12B/GPR55/SLAMF1/GCNT2/DENND2B/NTRK2/CARD9/ACKR3/RAMP3/CD36/IL6/LBH/PELI2/INHBA/DOK5/TLR6/TNF/IGFBP3/BMP4/PRKN/GHRL/IQGAP3/EPHB1/CCL3/GDF15/IL11/PDGFRA/KL/PAK1/HIPK2/MAP4K2/MTURN/ADAM8/RGS2/CAVIN3/FGF2/MAPK8IP2/PDGFA/CCL22/CSF1R/PSCA/PDE6H/FOXO1/RASGRP1/CFLAR/FGFR4/ICAM1,68,Module 1
GO:0019369,arachidonic acid metabolic process,9/1306,29/11952,0.3103448275862069,2.8401541954903102,3.4748889010404653,0.0028396057787876054,0.04899830397014358,0.04140164304570507,PLA2G4A/ALOX12B/PTGS2/CYP1A2/CYP1A1/CYP4Z1/DAGLA/MGST3/TBXAS1,9,Module 1
GO:0043542,endothelial cell migration,30/1306,163/11952,0.18404907975460122,1.6843450239104085,3.0811363157374925,0.002862570952327944,0.049220036233313696,0.0415889981022613,STAT5A/MAP2K5/PRKCA/GADD45A/PTP4A3/GIPC1/PRKX/HSPB1/BCAS3/DPP4/ZNF580/NR4A1/STARD13/PTPRM/TNFSF12/PTGS2/ADTRP/SEMA4A/PLEKHG5/EDN2/ADAMTS9/ADGRB1/TNF/DNAJA4/ACVRL1/VEGFC/EGR3/FGF2/CSNK2B/PIK3CD,30,Module 1
GO:0000768,syncytium formation by plasma membrane fusion,11/1306,40/11952,0.275,2.5166921898928027,3.3652364514370787,0.0029385449178476316,0.04999636213372928,0.042244963007408355,NFATC2/CD9/ADGRB1/CAMK1/GDF15/RIPOR2/CD109/DOCK5/NEO1/CFLAR/IL4R,11,Module 1
GO:0140253,cell-cell fusion,11/1306,40/11952,0.275,2.5166921898928027,3.3652364514370787,0.0029385449178476316,0.04999636213372928,0.042244963007408355,NFATC2/CD9/ADGRB1/CAMK1/GDF15/RIPOR2/CD109/DOCK5/NEO1/CFLAR/IL4R,11,Module 1
GO:1905517,macrophage migration,11/1306,40/11952,0.275,2.5166921898928027,3.3652364514370787,0.0029385449178476316,0.04999636213372928,0.042244963007408355,MTUS1/EMILIN1/CSF1/SLAMF1/EDN2/CD9/CCL3/CSF1R/LGALS3/B4GALT1/SAA1,11,Module 1
GO:0007156,homophilic cell adhesion via plasma membrane adhesion molecules,29/1076,72/11952,0.4027777777777778,4.473977695167286,9.299481033582785,8.513083595136396e-13,2.944443019483171e-9,2.303539018396929e-9,ROBO1/CDHR3/NECTIN4/PCDHB9/PCDHB10/PALLD/TENM3/ESAM/PECAM1/FAT2/FAT4/PCDH10/CADM2/CELSR1/AMIGO1/ROBO2/PCDH18/PCDHB14/PCDH7/HMCN1/PCDHGA10/FAT3/DSC3/PCDHB7/RET/PCDHB11/PCDHGA1/PCDHB15/CELSR3,29,Module 2
GO:0007389,pattern specification process,69/1076,313/11952,0.22044728434504793,2.4486858201598634,8.16887411177474,1.238461837847811e-12,2.944443019483171e-9,2.303539018396929e-9,TP53/BASP1/CHSY1/ACVR2B/PCGF2/ROBO1/BTG2/HOXA5/SMAD6/HOXC10/SP8/HOXA3/MEIS3/TBX2/TLL2/HOXB2/EGR2/GREM2/FOXN4/SMAD1/GRHL3/FST/TP63/AR/ERBB4/PTCH1/TBX1/NR2F2/LHX1/SPRY1/BMP2/HOXC11/DNAAF4/NKX2-1/NOTCH1/ADGRG1/LFNG/TULP3/DISP1/MID1/SIX3/FGFR2/PAX2/PCSK5/GSC/DMRT2/SOX1/PITX2/TBX3/ROBO2/CYP26B1/HEY2/PCSK6/LRP4/EYA1/FOXA1/DNAI1/HES4/DZIP1L/FOXF1/VANGL2/DNAI2/CAPRIN2/KIF3B/EXT1/TDRKH/HOXB9/CFAP53/LAMA5,69,Module 2
GO:0072001,renal system development,54/1076,218/11952,0.24770642201834864,2.7514750520105045,8.208859450584452,3.1409453265627134e-12,4.9783983426019005e-9,3.894772204937765e-9,PRDM1/BASP1/ACVR2B/LZTS2/BCL2/TP73/DLG5/SMAD6/ITGB3/ADAMTS16/PROM1/CD24/SMAD1/POU3F3/ERBB4/PTCH1/DDC/LGR4/HS3ST3A1/PECAM1/LHX1/EGR1/SPRY1/BMP2/HPGD/HOXC11/NOTCH1/WFS1/FGFR2/PAX2/NID1/PCSK5/ADAMTS1/MAGI2/SULF2/ROBO2/GFRA1/EPHA4/CYP26B1/RARB/ANGPT1/LRP4/ITGA8/EYA1/SOX9/COL4A3/FOXF1/PROX1/RET/VANGL2/ASXL1/ARL3/EXT1/LAMA5,54,Module 2
GO:0001822,kidney development,53/1076,214/11952,0.24766355140186916,2.7509988534899072,8.129603325345377,5.0429774430608135e-12,5.994839435438542e-9,4.689969022046556e-9,PRDM1/BASP1/ACVR2B/LZTS2/BCL2/TP73/DLG5/SMAD6/ITGB3/ADAMTS16/PROM1/CD24/SMAD1/POU3F3/ERBB4/PTCH1/DDC/LGR4/HS3ST3A1/PECAM1/LHX1/EGR1/SPRY1/BMP2/HPGD/HOXC11/NOTCH1/WFS1/FGFR2/PAX2/NID1/PCSK5/ADAMTS1/MAGI2/SULF2/ROBO2/GFRA1/EPHA4/CYP26B1/RARB/ANGPT1/LRP4/ITGA8/EYA1/SOX9/COL4A3/PROX1/RET/VANGL2/ASXL1/ARL3/EXT1/LAMA5,53,Module 2
GO:0003002,regionalization,62/1076,285/11952,0.21754385964912282,2.4164351398943458,7.612252455829666,3.2163734309115184e-11,3.058771132796854e-8,2.39298183259817e-8,TP53/BASP1/CHSY1/ACVR2B/PCGF2/ROBO1/BTG2/HOXA5/SMAD6/HOXC10/SP8/HOXA3/TBX2/TLL2/HOXB2/EGR2/GREM2/FOXN4/TP63/AR/PTCH1/TBX1/NR2F2/LHX1/SPRY1/BMP2/HOXC11/DNAAF4/NKX2-1/NOTCH1/ADGRG1/LFNG/TULP3/DISP1/SIX3/FGFR2/PAX2/PCSK5/GSC/DMRT2/SOX1/PITX2/TBX3/ROBO2/CYP26B1/HEY2/PCSK6/LRP4/FOXA1/DNAI1/HES4/DZIP1L/FOXF1/VANGL2/DNAI2/CAPRIN2/KIF3B/EXT1/TDRKH/HOXB9/CFAP53/LAMA5,62,Module 2
GO:0001763,morphogenesis of a branching structure,37/1076,128/11952,0.2890625,3.210850371747212,7.909623011421817,7.46140294487801e-11,5.913161833815823e-8,4.6260698258243666e-8,PRDM1/BCL2/KDM5B/DLG5/HOXA5/TBX2/HGF/ADAMTS16/DRD2/DDR1/TP63/MDK/AR/SPRY2/PTCH1/LGR4/HS3ST3A1/LHX1/SPRY1/BMP2/NKX2-1/NOTCH1/KRAS/SHOX2/FGFR2/PAX2/CELSR1/NTN4/MMP14/TBX3/EYA1/FOXA1/SOX9/FOXF1/PROX1/EXT1/LAMA5,37,Module 2
GO:0098742,cell-cell adhesion via plasma-membrane adhesion molecules,38/1076,135/11952,0.2814814814814815,3.1266418835192074,7.8159412956546355,9.858364858020022e-11,6.696646414269315e-8,5.239016753119212e-8,ADGRL1/ROBO1/TENM2/CDHR3/NECTIN4/SPARCL1/TENM1/PCDHB9/PCDHB10/PALLD/TENM3/ESAM/PECAM1/BMP2/FAT2/KLF4/FAT4/PCDH10/CADM2/CELSR1/AMIGO1/ROBO2/PCDH18/PCDHB14/ADGRL3/CRB1/PCDH7/HMCN1/PCDHGA10/FAT3/DSC3/PCDHB7/CBLN1/RET/PCDHB11/PCDHGA1/PCDHB15/CELSR3,38,Module 2
GO:0001501,skeletal system development,71/1076,362/11952,0.19613259668508287,2.178602969869991,7.162320612924125,1.8209387553114217e-10,1.0823204726882262e-7,8.467365212198111e-8,TP53/COL9A2/DDR2/CHSY1/ACVR2B/RUNX1/PCGF2/COL3A1/FGF18/LARGE1/HOXA5/HOXC10/FGFR3/HOXA3/CBS/HOXB2/TRIM45/NDST1/SMAD1/LILRB1/FST/TP63/WNT5B/CSGALNACT1/MDK/LEPR/PLXNB1/TBX1/FBN2/LHX1/BMP2/TNN/HOXC11/PTHLH/TSKU/TULP3/TWIST1/SHOX2/FGFR2/PCSK5/CCN3/GSC/PDGFC/DMRT2/PITX2/MMP14/TBX3/PAX1/SULF2/CYP26B1/RARB/BCAN/LRRK1/EYA1/PAPSS2/PITX1/SOX9/BBS1/LOX/PTGER4/IRX5/ASXL1/ASH1L/ANXA2/NAB1/GNAS/SRD5A1/EXT1/HOXB9/GPLD1/LAMA5,71,Module 2
GO:0043410,positive regulation of MAPK cascade,63/1076,306/11952,0.20588235294117646,2.286901377651432,7.172841687093899,2.544829032009268e-10,1.2490773642113466e-7,9.771961713703908e-8,LAPTM5/DUSP22/TNFRSF11A/TGFA/TP73/IGFBP4/ROBO1/F2R/IL1A/FGF18/TNFRSF19/SASH1/GSDME/FGFR3/ITGB3/GPNMB/HGF/ADRB2/DRD2/THBS1/NEK10/NDST1/FGG/MAPK8IP1/NTRK1/TENM1/CD24/TPD52L1/PLCB1/SH3RF1/CCL1/CCR7/PIK3R6/FZD7/AR/SPRY2/ERBB4/TBX1/BMP2/MAP4K1/NOTCH1/MID1/LPAR2/FGFR2/PDGFC/FFAR4/APOE/GAS6/IGF2/GPR37/ADRA2C/ANGPT1/BANK1/EDA2R/SYK/AKAP12/TLR4/HTR2C/LPAR3/RET/CD74/DOK1/MAPKBP1,63,Module 2
GO:0007186,G protein-coupled receptor signaling pathway,80/1076,433/11952,0.18475750577367206,2.052250658928372,7.015028258434054,2.6268714284150295e-10,1.2490773642113466e-7,9.771961713703908e-8,GNG4/PPARG/ADGRL1/RASGRP4/TYRO3/KCTD16/ROBO1/F2R/CXCL10/PARD3/GNAZ/PICK1/GPR157/CNR1/HOMER3/GNAL/ADGRB2/ITGB3/ADRB2/DRD2/CHRM2/RXFP2/TENM1/PLCB1/ARHGEF11/CCL1/TSHR/AGRN/S1PR1/CCR7/PIK3R6/FZD7/AR/ATRNL1/HOMER2/CCR3/FZD1/HRH4/LGR4/TAS1R3/HPGD/PTHLH/ADGRG1/TULP3/LPAR2/PDE3A/ADCY1/ACTN2/OPRD1/CCR5/CXCL11/GIPR/CXCL13/FFAR4/APOE/PRKD1/CELSR1/RGS20/HTR7/ABCA1/GPR37/ADGRL3/ADRA2C/OR2L13/AKAP12/SNCA/HTR2C/GPR15LG/CPE/CXCL9/LPAR3/CX3CR1/MTNR1B/ADCY5/CELSR3/PTGER4/LMBRD2/GNAS/GPR19/NPB,80,Module 2
GO:0061138,morphogenesis of a branching epithelium,34/1076,117/11952,0.2905982905982906,3.22790963683157,7.616931170964634,3.7521938251686504e-10,1.6219710580615394e-7,1.2689237299661256e-7,BCL2/KDM5B/DLG5/HOXA5/TBX2/HGF/ADAMTS16/DDR1/TP63/MDK/AR/SPRY2/PTCH1/LGR4/HS3ST3A1/LHX1/SPRY1/BMP2/NKX2-1/NOTCH1/KRAS/FGFR2/PAX2/CELSR1/NTN4/MMP14/TBX3/EYA1/FOXA1/SOX9/FOXF1/PROX1/EXT1/LAMA5,34,Module 2
GO:0007188,adenylate cyclase-modulating G protein-coupled receptor signaling pathway,34/1076,120/11952,0.2833333333333333,3.1472118959107807,7.435498776444007,7.892381408710615e-10,3.127356133201581e-7,2.44663823670029e-7,ADGRL1/CXCL10/GNAZ/GPR157/CNR1/GNAL/ADGRB2/ITGB3/ADRB2/DRD2/CHRM2/RXFP2/TSHR/S1PR1/CCR3/HRH4/LGR4/PTHLH/ADGRG1/LPAR2/ADCY1/OPRD1/CXCL11/GIPR/ABCA1/GPR37/ADGRL3/ADRA2C/AKAP12/CXCL9/LPAR3/ADCY5/PTGER4/GNAS,34,Module 2
GO:0048754,branching morphogenesis of an epithelial tube,30/1076,98/11952,0.30612244897959184,3.4003489871785146,7.504618580084411,1.0195207956923906e-9,3.7290933719363983e-7,2.917397969212072e-7,BCL2/KDM5B/DLG5/HOXA5/TBX2/ADAMTS16/DDR1/MDK/AR/SPRY2/PTCH1/LGR4/HS3ST3A1/LHX1/SPRY1/BMP2/NKX2-1/NOTCH1/KRAS/FGFR2/PAX2/CELSR1/MMP14/TBX3/EYA1/FOXA1/SOX9/FOXF1/EXT1/LAMA5,30,Module 2
GO:0048729,tissue morphogenesis,76/1076,415/11952,0.18313253012048192,2.0342007434944236,6.744598585277557,1.1399036723463214e-9,3.871601401433399e-7,3.0288869008059396e-7,MDM2/LZTS2/BCL2/ARHGAP12/COL3A1/KDM5B/ROBO1/CXCL10/DLG5/HOXA5/TBX2/ITGB3/HGF/HOXB2/BRSK2/ADAMTS16/RIPK4/RHOB/TMEFF2/FOXN4/SMAD1/GRHL3/FST/DDR1/TP63/WNT5B/S1PR1/MDK/AR/SPRY2/FZD1/ERBB4/PTCH1/NTN1/LGR4/TBX1/HS3ST3A1/LHX1/PHLDB2/SPRY1/BMP2/NKX2-1/NOTCH1/KRAS/TULP3/ASTN2/TWIST1/SHOX2/SIX3/KLF4/FGFR2/PAX2/CELSR1/NTN4/CYP7B1/MMP14/ALDH1A3/TBX3/CTHRC1/ROBO2/MYLK/EPHA4/HEY2/ITGA8/TLX2/EYA1/FOXA1/SOX9/ARTN/FOXF1/PROX1/ITGB5/RET/VANGL2/EXT1/LAMA5,76,Module 2
GO:0032835,glomerulus development,19/1076,44/11952,0.4318181818181818,4.796552889489693,7.935422216896798,1.8464288811537782e-9,5.853179553257476e-7,4.5791436252613695e-7,BASP1/BCL2/ITGB3/PROM1/CD24/LGR4/PECAM1/LHX1/EGR1/NOTCH1/PAX2/NID1/MAGI2/SULF2/ANGPT1/COL4A3/RET/ASXL1/EXT1,19,Module 2
GO:0048514,blood vessel morphogenesis,79/1076,444/11952,0.17792792792792791,1.976389028433638,6.594594689354468,2.1223184019072515e-9,6.150461509997247e-7,4.811717522016774e-7,PRDM1/CYP1B1/RUNX1/PPARG/IL12A/TGFA/COL3A1/ROBO1/IL1A/CXCL10/FGF18/LRP1/HOXA5/SASH1/GAB1/ADGRB2/HOXA3/TBX2/ITGB3/GPNMB/RHOB/THBS1/SMAD1/EPN2/NINJ1/S1PR1/PIK3R6/MDK/LEPR/GATA2/MINAR1/SPRY2/CCR3/GJC1/TBX1/SPARC/NR2F2/HMOX1/HPGD/TNN/SLC12A6/NOTCH1/ADGRG1/TWIST1/CUL7/ELK3/SPINK5/E2F7/MFGE8/RIN2/KLF4/PLK2/FGFR2/CCN3/CXCL13/AMOTL1/APOE/ADAMTS1/NDNF/PRKD1/RAPGEF3/MMP14/HPSE/MYLK/HEY2/UNC5B/ANGPT1/EYA1/SYK/SLC1A1/COL4A3/LOX/CX3CR1/FOXF1/PROX1/PTPRB/JUNB/ANXA2/GPLD1,79,Module 2
GO:0060348,bone development,38/1076,149/11952,0.2550335570469799,2.832863451510691,7.081099570541021,2.1989031686635795e-9,6.150461509997247e-7,4.811717522016774e-7,TP53/DDR2/CHSY1/COL3A1/FGF18/LARGE1/FGFR3/CBS/TRIM45/SMAD1/LILRB1/CSGALNACT1/LEPR/PLXNB1/BMP2/TNN/TSKU/TULP3/TWIST1/SHOX2/FGFR2/PDGFC/PITX2/MMP14/SULF2/CYP26B1/RARB/LRRK1/PAPSS2/SOX9/LOX/PTGER4/ASXL1/ANXA2/NAB1/GNAS/SRD5A1/EXT1,38,Module 2
GO:0090596,sensory organ morphogenesis,42/1076,175/11952,0.24,2.6658736059479553,6.982603688874112,2.3354171636172297e-9,6.169393673888849e-7,4.826528804808942e-7,LRIG1/PRDM1/BCL2/ZHX2/BCR/LARGE1/MYO6/TBX2/PROM1/FOXN4/GRHL3/TENM3/GATA2/SPRY2/RP1/NTN1/TBX1/FBN2/PITX3/LHX1/TSKU/NOTCH1/TWIST1/SIX3/FGFR2/PAX2/SAMD11/GSC/SOX1/PITX2/ALDH1A3/TBX3/CTHRC1/CYP26B1/RARB/ITGA8/CRB1/FAT3/EYA1/SOX9/SLC1A1/PROX1,42,Module 2
GO:0045229,external encapsulating structure organization,44/1076,189/11952,0.2328042328042328,2.5859444149406974,6.912473427651678,2.6923264499226165e-9,6.492092171050003e-7,5.078986935080128e-7,COL9A2/DDR2/CYP1B1/RUNX1/PPARG/COL3A1/LRP1/LARGE1/CTSV/ITGB3/TLL2/THSD4/ADAMTS16/MMP15/DDR1/VWA1/CSGALNACT1/LAMC1/CST3/PHLDB2/BMP2/ZNF469/NOTCH1/SPINK5/WASHC1/NID1/ADAMTS1/PRDM5/GAS6/NDNF/NTN4/FBLN1/MMP14/SULF2/ABI3BP/ITGA8/HMCN1/SOX9/COL4A3/LOX/FOXF1/ANXA2/EXT1/TGM1,44,Module 2
GO:0072073,kidney epithelium development,29/1076,96/11952,0.3020833333333333,3.3554832713754648,7.288198707238439,2.730638137139854e-9,6.492092171050003e-7,5.078986935080128e-7,BASP1/LZTS2/BCL2/SMAD6/ADAMTS16/PROM1/CD24/SMAD1/POU3F3/PTCH1/LGR4/HS3ST3A1/PECAM1/LHX1/SPRY1/BMP2/NOTCH1/FGFR2/PAX2/MAGI2/ROBO2/EPHA4/RARB/EYA1/SOX9/RET/ASXL1/EXT1/LAMA5,29,Module 2
GO:0072006,nephron development,29/1076,97/11952,0.29896907216494845,3.320890660330357,7.218773713764322,3.565564975080322e-9,8.073457836431871e-7,6.316143670142285e-7,BASP1/LZTS2/BCL2/ITGB3/ADAMTS16/PROM1/CD24/POU3F3/ERBB4/PTCH1/LGR4/HS3ST3A1/PECAM1/LHX1/EGR1/BMP2/NOTCH1/PAX2/NID1/MAGI2/SULF2/ANGPT1/EYA1/SOX9/COL4A3/RET/ASXL1/EXT1/LAMA5,29,Module 2
GO:0007189,adenylate cyclase-activating G protein-coupled receptor signaling pathway,26/1076,81/11952,0.32098765432098764,3.565468814539446,7.286840377540648,4.3131432365376145e-9,9.322270949880162e-7,7.293133109054512e-7,ADGRL1/CXCL10/GPR157/CNR1/GNAL/ADGRB2/ADRB2/DRD2/RXFP2/TSHR/S1PR1/LGR4/PTHLH/ADGRG1/LPAR2/ADCY1/CXCL11/GIPR/ABCA1/ADGRL3/ADRA2C/CXCL9/LPAR3/ADCY5/PTGER4/GNAS,26,Module 2
GO:0045165,cell fate commitment,41/1076,173/11952,0.23699421965317918,2.6324859788985107,6.8028666810541045,5.381957710702386e-9,1.1126612571473845e-6,8.704731601657774e-7,TP53/PRDM1/BCL2/PPARG/GAS1/HOXC10/TBX2/ARX/FOXN4/ZNF521/SMAD1/IRF4/WNT5B/FZD7/AR/GATA2/SPRY2/ERBB4/PTCH1/TBX1/NR2F2/BMP2/NKX2-1/NOTCH1/KLF4/FGFR2/PAX2/GSC/SOX1/OLIG1/TBX3/CTSL/CYP26B1/HEY2/EYA1/FOXA1/PITX1/SOX9/MYT1L/PROX1/EXT1,41,Module 2
GO:0030198,extracellular matrix organization,43/1076,188/11952,0.22872340425531915,2.5406153602784145,6.6968303890872045,7.211344004994981e-9,1.4287475309896305e-6,1.1177583207742221e-6,COL9A2/DDR2/CYP1B1/RUNX1/PPARG/COL3A1/LRP1/LARGE1/CTSV/ITGB3/TLL2/THSD4/ADAMTS16/MMP15/DDR1/VWA1/CSGALNACT1/LAMC1/CST3/PHLDB2/BMP2/ZNF469/NOTCH1/SPINK5/WASHC1/NID1/ADAMTS1/PRDM5/GAS6/NDNF/NTN4/FBLN1/MMP14/SULF2/ABI3BP/ITGA8/HMCN1/SOX9/COL4A3/LOX/FOXF1/ANXA2/EXT1,43,Module 2
GO:0007423,sensory organ development,66/1076,355/11952,0.18591549295774648,2.065113356720247,6.407827887555857,7.882936102830936e-9,1.4993344467584439e-6,1.1729808921012433e-6,LRIG1/PRDM1/TMOD1/CYP1B1/ACVR2B/BCL2/ZHX2/BCR/KDM5B/PLAAT3/LARGE1/GSDME/MYO6/MEIS3/TBX2/PROM1/CEBPA/DRD2/GPM6A/FOXN4/GRHL3/DDR1/WNT5B/TENM3/CRYBG3/GATA2/SPRY2/RP1/NTN1/TBX1/FBN2/PITX3/LHX1/SPRY1/BMP2/TSKU/NOTCH1/TULP3/TWIST1/SIX3/KLF4/FGFR2/PAX2/SAMD11/GSC/SOX1/OLIG1/PITX2/ALDH1A3/TBX3/CTHRC1/EPHA4/CYP26B1/HEY2/RARB/ITGA8/CRB1/GABRB2/FAT3/EYA1/SOX9/SLC1A1/MCOLN3/PROX1/MTNR1B/RET,66,Module 2
GO:0043062,extracellular structure organization,43/1076,189/11952,0.2275132275132275,2.5271729509647725,6.6563130104198045,8.542287531488908e-9,1.5622529697011447e-6,1.2222042160437975e-6,COL9A2/DDR2/CYP1B1/RUNX1/PPARG/COL3A1/LRP1/LARGE1/CTSV/ITGB3/TLL2/THSD4/ADAMTS16/MMP15/DDR1/VWA1/CSGALNACT1/LAMC1/CST3/PHLDB2/BMP2/ZNF469/NOTCH1/SPINK5/WASHC1/NID1/ADAMTS1/PRDM5/GAS6/NDNF/NTN4/FBLN1/MMP14/SULF2/ABI3BP/ITGA8/HMCN1/SOX9/COL4A3/LOX/FOXF1/ANXA2/EXT1,43,Module 2
GO:0060441,epithelial tube branching involved in lung morphogenesis,13/1076,23/11952,0.5652173913043478,6.278325521254242,7.969511989791354,1.1546250709292392e-8,2.033423041580938e-6,1.5908167643913963e-6,DLG5/HOXA5/TBX2/SPRY2/SPRY1/NKX2-1/KRAS/FGFR2/CELSR1/FOXA1/SOX9/FOXF1/EXT1,13,Module 2
GO:0007411,axon guidance,35/1076,140/11952,0.25,2.7769516728624537,6.651989801492726,1.6473864997081663e-8,2.7011457952111484e-6,2.1131992341084066e-6,PLEKHG4/EPHA10/SEMA4F/ROBO1/ARX/CDK5R2/CYFIP1/EGR2/NTRK1/PALLD/ARHGEF40/PTCH1/NTN1/LHX1/NKX2-1/ARHGEF25/NOTCH1/UNC5C/SEMA6C/ENAH/CNTN1/NTN4/ROBO2/EPHA4/UNC5B/SEMA3B/ARTN/FEZ1/RET/NRXN1/VANGL2/CELSR3/TRIO/EXT1/PLXNA3,35,Module 2
GO:0097485,neuron projection guidance,35/1076,140/11952,0.25,2.7769516728624537,6.651989801492726,1.6473864997081663e-8,2.7011457952111484e-6,2.1131992341084066e-6,PLEKHG4/EPHA10/SEMA4F/ROBO1/ARX/CDK5R2/CYFIP1/EGR2/NTRK1/PALLD/ARHGEF40/PTCH1/NTN1/LHX1/NKX2-1/ARHGEF25/NOTCH1/UNC5C/SEMA6C/ENAH/CNTN1/NTN4/ROBO2/EPHA4/UNC5B/SEMA3B/ARTN/FEZ1/RET/NRXN1/VANGL2/CELSR3/TRIO/EXT1/PLXNA3,35,Module 2
GO:0043408,regulation of MAPK cascade,76/1076,447/11952,0.17002237136465326,1.8885756343404607,6.0225235892659414,3.306793295990023e-8,5.241267374144187e-6,4.100423687027629e-6,LAPTM5/DUSP22/PPARG/TNFRSF11A/TGFA/TP73/IGFBP4/ROBO1/F2R/IL1A/FGF18/TNFRSF19/SASH1/GSDME/FGFR3/ITGB3/GPNMB/HGF/ADRB2/DRD2/THBS1/NEK10/NDST1/FGG/MAPK8IP1/NTRK1/TENM1/CD24/TPD52L1/PLCB1/SH3RF1/CCL1/SMPD1/CCR7/PIK3R6/FZD7/CNKSR3/AR/ATF3/DUSP4/SPRY2/HRH4/ERBB4/TBX1/PTPRR/SPRY1/BMP2/MAP4K1/NOTCH1/MID1/LPAR2/UCHL1/FGFR2/PDGFC/FFAR4/APOE/GAS6/IGF2/FBLN1/GPR37/EPHA4/ADRA2C/ANGPT1/BANK1/EDA2R/SYK/AKAP12/TLR4/HTR2C/LPAR3/RET/CD74/PHLPP1/DOK1/ASH1L/MAPKBP1,76,Module 2
GO:0061564,axon development,65/1076,362/11952,0.17955801104972377,1.9944956766415411,6.043508345358527,4.140166693276098e-8,6.350481492428338e-6,4.968200031931318e-6,PLEKHG4/TRPV2/EPHA10/BCL2/SEMA4F/ROBO1/PARD3/CAMSAP2/CNR1/ARX/BRSK2/CDK5R2/DRD2/CYFIP1/NCAM2/EGR2/NTRK1/DDR1/PALLD/KREMEN1/AUTS2/ARHGEF40/PLXNB1/PTCH1/NTN1/LHX1/TNFRSF21/TNN/NKX2-1/ARHGEF25/TSKU/NOTCH1/TRIM32/SHOX2/UCHL1/UNC5C/ADCY1/KLF4/FGFR2/PAX2/SEMA6C/APOE/ENAH/CNTN1/OLIG1/NLGN3/NTN4/AMIGO1/ROBO2/EPHA4/UNC5B/LRP4/SEMA3B/MAP2/ARTN/FEZ1/CSPG5/LPAR3/RET/NRXN1/VANGL2/CELSR3/TRIO/EXT1/PLXNA3,65,Module 2
GO:0030855,epithelial cell differentiation,77/1076,458/11952,0.16812227074235808,1.8674696839337024,5.954223166662987,4.3821990991180614e-8,6.511673973845745e-6,5.0943064527247466e-6,CTSB/PRDM1/BASP1/TMOD1/ACVR2B/PPARG/CDKN1A/TP73/BCR/KDM5B/IL1A/POF1B/PLAAT3/DLG5/HOXA5/GSDME/MYO6/ARX/PROM1/CEBPA/KRT75/CDKN2B/NTRK1/CD24/PLCB1/FST/TP63/PALLD/WNT5B/S1PR1/FZD7/AR/GATA2/SPRY2/FZD1/ERBB4/PTCH1/TBX1/NR2F2/PECAM1/PITX3/LHX1/SPRY1/BMP2/NKX2-1/NOTCH1/KRAS/MACROH2A2/IL6ST/SPINK5/E2F7/POU3F1/SIX3/KLF4/FGFR2/PAX2/PITX2/MAGI2/RAPGEF3/TBX3/HPSE/CYP26B1/HEY2/RARB/DMRT1/FOXA1/TCHH/SOX9/FSTL1/FOXF1/MCOLN3/PROX1/EHF/NCOA3/ASXL1/EXT1/TGM1,77,Module 2
GO:0002009,morphogenesis of an epithelium,62/1076,344/11952,0.18023255813953487,2.001988415319443,5.931122328163895,7.424376573027002e-8,1.0697851698407089e-5,8.369297227775892e-6,LZTS2/BCL2/ARHGAP12/KDM5B/CXCL10/DLG5/HOXA5/TBX2/ITGB3/HGF/HOXB2/BRSK2/ADAMTS16/RIPK4/RHOB/TMEFF2/FOXN4/GRHL3/FST/DDR1/TP63/WNT5B/MDK/AR/SPRY2/FZD1/ERBB4/PTCH1/NTN1/LGR4/HS3ST3A1/LHX1/PHLDB2/SPRY1/BMP2/NKX2-1/NOTCH1/KRAS/TULP3/ASTN2/TWIST1/KLF4/FGFR2/PAX2/CELSR1/NTN4/CYP7B1/MMP14/ALDH1A3/TBX3/CTHRC1/EPHA4/EYA1/FOXA1/SOX9/FOXF1/PROX1/ITGB5/RET/VANGL2/EXT1/LAMA5,62,Module 2
GO:0007610,behavior,70/1076,408/11952,0.1715686274509804,1.9057511480428602,5.855102133409696,8.137003879102169e-8,1.1155739146279353e-5,8.727518322641262e-6,TP53/TMOD1/BCL2/ACSS2/BTG2/ZNF385A/LARGE1/GPR157/CNR1/DRD2/FOXO6/TTBK1/THBS1/EGR2/C1QL1/NTRK1/GRID1/PLCB1/VWA1/SGSH/MDK/LEPR/SCN3A/HOMER2/TBX1/PITX3/CIART/EGR1/SCN2A/LRRC66/DNAAF4/NKX2-1/GM2A/KRAS/NCSTN/ABL2/WFS1/UCHL1/CPEB3/ADCY1/PLK2/OPRD1/APOE/CNTN1/DMBX1/C3orf70/NLGN3/RAPGEF3/SGIP1/ALDH1A3/GPR37/EPHA4/FOSL1/ITGA8/NETO1/SNCA/HTR2C/BBS1/SLC1A1/CX3CR1/MCOLN3/SELENOP/MTNR1B/ADCY5/NRXN1/NLGN2/ABCA2/MAN2B1/EXT1/NPB,70,Module 2
GO:0001764,neuron migration,32/1076,129/11952,0.24806201550387597,2.7554249157084807,6.305026670682548,8.211374765925917e-8,1.1155739146279353e-5,8.727518322641262e-6,LRP12/COL3A1/TYRO3/LARGE1/ARX/CDK5R2/DRD2/GPM6A/SH3RF1/AUTS2/MDK/GATA2/NTN1/NR2F2/LHX1/TNN/DNAAF4/NKX2-1/SRGAP2/ADGRG1/ASTN2/TWIST1/UNC5C/SOX1/GAS6/NDNF/CELSR1/ADGRL3/FAT3/BBS1/SRGAP2C/PLXNA3,32,Module 2
GO:0040013,negative regulation of locomotion,48/1076,247/11952,0.19433198380566802,2.158602110079316,5.787229992036683,2.2739821342592984e-7,3.0035514023341567e-5,2.3497815387346088e-5,DUSP22/CYP1B1/BCL2/PPARG/PFN2/SEMA4F/BCR/COL3A1/ROBO1/PTPRG/LRP1/DLG5/PTPRU/DRD2/RHOB/THBS1/TMEFF2/PLCB1/ZEB2/LDLRAD4/SRGAP1/PTPRK/NR2F2/PTPRR/ACVR1C/HMOX1/PHLDB2/TNN/NKX2-1/NOTCH1/SRGAP2/ADGRG1/TP53INP1/KLF4/SEMA6C/CCN3/CXCL13/APOE/MAGI2/FBLN1/ROBO2/EPHA4/SEMA3B/FRMD5/CX3CR1/PTGER4/CD74/PLXNA3,48,Module 2
GO:0001657,ureteric bud development,20/1076,63/11952,0.31746031746031744,3.5262878385554965,6.323450190757213,3.2240243963370763e-7,4.143307028265621e-5,3.2414515552361956e-5,BASP1/LZTS2/BCL2/SMAD6/ADAMTS16/SMAD1/PTCH1/LGR4/HS3ST3A1/LHX1/SPRY1/BMP2/FGFR2/PAX2/ROBO2/RARB/EYA1/SOX9/RET/LAMA5,20,Module 2
GO:0042063,gliogenesis,47/1076,243/11952,0.1934156378600823,2.1484235164532564,5.688777792175931,3.509383222989364e-7,4.3913466382406386e-5,3.4355014709264296e-5,TP53/TP73/COL3A1/PARD3/LRP1/PICK1/LARGE1/GPR157/CDK5R2/TTBK1/CDKN2B/EGR2/TPPP/ZEB2/MDK/LEPR/ETV5/NTN1/ZNF365/PITX3/TNFRSF21/BMP2/NKX2-1/NOTCH1/KRAS/SRGAP2/NCSTN/ADGRG1/IL6ST/POU3F1/PAX2/CNTN1/SOX1/OLIG1/MMP14/EPHA4/BCAN/CRB1/PLPP3/TLR4/SOX9/CSPG5/CX3CR1/PTPRB/ABCA2/NAB1/SRGAP2C,47,Module 2
GO:0072163,mesonephric epithelium development,20/1076,64/11952,0.3125,3.471189591078067,6.234696456466944,4.2971226489858915e-7,5.1082045489819786e-5,3.996324063556879e-5,BASP1/LZTS2/BCL2/SMAD6/ADAMTS16/SMAD1/PTCH1/LGR4/HS3ST3A1/LHX1/SPRY1/BMP2/FGFR2/PAX2/ROBO2/RARB/EYA1/SOX9/RET/LAMA5,20,Module 2
GO:0072164,mesonephric tubule development,20/1076,64/11952,0.3125,3.471189591078067,6.234696456466944,4.2971226489858915e-7,5.1082045489819786e-5,3.996324063556879e-5,BASP1/LZTS2/BCL2/SMAD6/ADAMTS16/SMAD1/PTCH1/LGR4/HS3ST3A1/LHX1/SPRY1/BMP2/FGFR2/PAX2/ROBO2/RARB/EYA1/SOX9/RET/LAMA5,20,Module 2
GO:0099537,trans-synaptic signaling,74/1076,459/11952,0.16122004357298475,1.7908010787958306,5.434136608435018,4.493305756289114e-7,5.156512178403917e-5,4.034116783104642e-5,NQO1/PFN2/SNPH/BCR/UNC13C/F2R/PICK1/LARGE1/GRIN2C/CNR1/TSHZ3/CDHR3/ADRB2/DRD2/CYFIP1/SLC12A7/CHRM2/SLC6A9/EGR2/NTRK1/SYT7/GRID1/PCDHB9/PLCB1/RAPSN/PCDHB10/RIMS3/CD38/HRH4/GJC1/PLAT/KCNIP2/SV2A/FABP5/SLC12A6/KRAS/SQSTM1/NCSTN/CACNA1A/HIP1/FARP1/CBLN2/CPEB3/ADCY1/PLK2/DOC2B/CTBP2/APOE/NLGN3/HTR7/EPHA4/SYT8/PCDHB14/NETO1/GABRB2/AKAP12/SNCA/CHRNB3/HTR2C/SYN3/DLGAP1/CSPG5/SLC1A1/LPAR3/CX3CR1/MTNR1B/CBLN1/NRXN1/PCDHB11/NLGN2/LIN7B/KMO/TRIO/EXT1,74,Module 2
GO:0030900,forebrain development,52/1076,283/11952,0.18374558303886926,2.0410104168034997,5.5744898947200605,4.554647980924596e-7,5.156512178403917e-5,4.034116783104642e-5,FOXP2/COL3A1/TYRO3/ROBO1/BTG2/LARGE1/ARX/CDK5R2/DRD2/NDST1/PLCB1/CCDC85C/ZSWIM6/MDK/GATA2/POU3F3/ERBB4/NR2F2/LHX1/BMP2/SCN2A/DCLK2/NKX2-1/TSKU/NOTCH1/KRAS/SRGAP2/ADGRG1/SLC2A1/POU3F1/SIX3/FGFR2/GSC/SOX1/FAT4/PITX2/NDNF/ALDH1A3/TBX3/ROBO2/RARB/BCAN/PITX1/BTBD3/FEZ1/BBS1/PROX1/SRD5A1/EXT1/SRGAP2C/PLXNA3/TAL2,52,Module 2
GO:0001503,ossification,53/1076,292/11952,0.1815068493150685,2.016142995365891,5.529306160084298,5.269874809726877e-7,5.8275010977328604e-5,4.5590544865544145e-5,DDR2/CHSY1/ACVR2B/BCL2/RUNX1/PPARG/TNFRSF11A/MRC2/FGF18/SMAD6/FGFR3/CBS/HGF/CEBPA/ADRB2/EGR2/SMAD1/TP63/KREMEN1/CSGALNACT1/S1PR1/MDK/PLXNB1/FZD1/PTCH1/LGR4/FBN2/BMP2/TNN/PTHLH/NOTCH1/TENT5A/TWIST1/IL6ST/SHOX2/FGFR2/FFAR4/PRKD1/IGF2/MMP14/CTHRC1/LRP4/NELL1/SOX9/LOX/SLC8A1/CRIM1/CLEC11A/JUNB/PTGER4/NAB1/EXT1/GPLD1,53,Module 2
GO:0048592,eye morphogenesis,27/1076,107/11952,0.2523364485981308,2.8029044922349993,5.89210851388615,5.794379789101404e-7,6.261880885722086e-5,4.8988847307857326e-5,PRDM1/BCL2/ZHX2/LARGE1/TBX2/PROM1/FOXN4/TENM3/RP1/FBN2/PITX3/LHX1/TSKU/NOTCH1/TWIST1/SIX3/PAX2/SAMD11/SOX1/PITX2/ALDH1A3/RARB/CRB1/FAT3/SOX9/SLC1A1/PROX1,27,Module 2
GO:0048667,cell morphogenesis involved in neuron differentiation,69/1076,421/11952,0.16389548693586697,1.8205193864846487,5.391009136784807,5.982400525549042e-7,6.321403221996821e-5,4.945451101120541e-5,PLEKHG4/TRPV2/EPHA10/BCL2/SEMA4F/ROBO1/PARD3/TANC2/NEDD4/CTNND2/ARX/BRSK2/KNDC1/CDK5R2/DRD2/CYFIP1/EGR2/NTRK1/PALLD/AUTS2/ARHGEF40/PLXNB1/PTCH1/NTN1/ZNF365/LHX1/TNN/NKX2-1/ARHGEF25/TSKU/NOTCH1/CUL7/SHOX2/FARP1/UCHL1/UNC5C/ADCY1/FGFR2/PAX2/SEMA6C/APOE/ENAH/CNTN1/HECW2/NLGN3/NTN4/AMIGO1/ROBO2/EPHA4/UNC5B/LRP4/SEMA3B/MAP2/TLX2/FAT3/BTBD3/ARTN/FEZ1/BBS1/LPAR3/RET/NRXN1/VANGL2/CELSR3/CAPRIN2/TRIO/EXT1/ARHGAP33/PLXNA3,69,Module 2
GO:0001823,mesonephros development,20/1076,66/11952,0.30303030303030304,3.366002027712065,6.062376112753199,7.478172562292179e-7,7.730154463847676e-5,6.047565637331937e-5,BASP1/LZTS2/BCL2/SMAD6/ADAMTS16/SMAD1/PTCH1/LGR4/HS3ST3A1/LHX1/SPRY1/BMP2/FGFR2/PAX2/ROBO2/RARB/EYA1/SOX9/RET/LAMA5,20,Module 2
GO:0048593,camera-type eye morphogenesis,24/1076,90/11952,0.26666666666666666,2.962081784386617,5.8766937646834405,8.286119218671473e-7,8.38308444357082e-5,6.558375211374017e-5,PRDM1/ZHX2/LARGE1/TBX2/PROM1/FOXN4/TENM3/RP1/PITX3/LHX1/TSKU/NOTCH1/TWIST1/SIX3/PAX2/SAMD11/SOX1/PITX2/ALDH1A3/CRB1/FAT3/SOX9/SLC1A1/PROX1,24,Module 2
GO:0048598,embryonic morphogenesis,69/1076,425/11952,0.1623529411764706,1.8033850863765581,5.304369183611699,8.541999667230236e-7,8.461918420349952e-5,6.620049742103433e-5,TP53/LRIG1/ACVR2B/PCGF2/BCR/HOXA5/HOXC10/MYO6/SP8/HOXA3/TBX2/ITGB3/HOXB2/NDST1/GREM2/FOXN4/MMP15/SMAD1/GRHL3/TP63/WNT5B/FZD7/AR/GATA2/DUSP4/SPRY2/FZD1/PTCH1/NTN1/TBX1/FBN2/LHX1/PHLDB2/SP9/HOXC11/NOTCH1/TULP3/TWIST1/SHOX2/SIX3/KLF4/FGFR2/PAX2/AFF3/GSC/CELSR1/IGF2/MMP14/ALDH1A3/TBX3/CTHRC1/CYP26B1/RARB/LRP4/ITGA8/PLPP3/TLX2/EYA1/PITX1/SOX9/FOXF1/PROX1/ITGB5/RET/VANGL2/IRX5/EXT1/HOXB9/LAMA5,69,Module 2
GO:0010562,positive regulation of phosphorus metabolic process,76/1076,485/11952,0.15670103092783505,1.7406047598972905,5.237283958516637,9.815670273979714e-7,9.334702430554708e-5,7.302858683840908e-5,CD86/TP53/CHP1/DDR2/BCL2/PFN2/IL12A/CDKN1A/TNFRSF11A/TGFA/TYRO3/ROBO1/SLCO3A1/FGF18/SASH1/MAPRE3/FGFR3/SNX9/ITGB3/GPNMB/HGF/KNDC1/HSPA2/ADRB2/TTBK1/THBS1/NEK10/NTRK1/TENM1/CD24/TPD52L1/DDR1/NIBAN1/SMPD1/CCR7/PIK3R6/PRR5/LEPR/FZD7/EEF1A2/AR/SPRY2/FZD1/ERBB4/TBX1/ZBTB20/PECAM1/TSLP/BMP2/KRAS/SQSTM1/IL6ST/FGFR2/OPRD1/PDGFC/GAS6/MAGI2/PRKD1/GFRA1/EPHA4/ADRA2C/ANGPT1/LRP4/BANK1/LRRK1/PLPP3/SYK/TLR4/SNCA/HTR2C/SOX9/CX3CR1/PROX1/RET/CD74/GPLD1,76,Module 2
GO:0045937,positive regulation of phosphate metabolic process,76/1076,485/11952,0.15670103092783505,1.7406047598972905,5.237283958516637,9.815670273979714e-7,9.334702430554708e-5,7.302858683840908e-5,CD86/TP53/CHP1/DDR2/BCL2/PFN2/IL12A/CDKN1A/TNFRSF11A/TGFA/TYRO3/ROBO1/SLCO3A1/FGF18/SASH1/MAPRE3/FGFR3/SNX9/ITGB3/GPNMB/HGF/KNDC1/HSPA2/ADRB2/TTBK1/THBS1/NEK10/NTRK1/TENM1/CD24/TPD52L1/DDR1/NIBAN1/SMPD1/CCR7/PIK3R6/PRR5/LEPR/FZD7/EEF1A2/AR/SPRY2/FZD1/ERBB4/TBX1/ZBTB20/PECAM1/TSLP/BMP2/KRAS/SQSTM1/IL6ST/FGFR2/OPRD1/PDGFC/GAS6/MAGI2/PRKD1/GFRA1/EPHA4/ADRA2C/ANGPT1/LRP4/BANK1/LRRK1/PLPP3/SYK/TLR4/SNCA/HTR2C/SOX9/CX3CR1/PROX1/RET/CD74/GPLD1,76,Module 2
GO:0072009,nephron epithelium development,21/1076,73/11952,0.2876712328767123,3.195396445485563,5.91777031542941,1.0360936979309528e-6,9.660050066003295e-5,7.557389326084598e-5,BASP1/LZTS2/BCL2/ADAMTS16/PROM1/CD24/POU3F3/PTCH1/LGR4/HS3ST3A1/PECAM1/LHX1/BMP2/NOTCH1/PAX2/MAGI2/EYA1/SOX9/ASXL1/EXT1/LAMA5,21,Module 2
GO:0042327,positive regulation of phosphorylation,70/1076,436/11952,0.16055045871559634,1.783363459636438,5.241183748830736,1.0828032895746557e-6,9.901403157552862e-5,7.746208148495615e-5,CD86/TP53/DDR2/BCL2/PFN2/IL12A/CDKN1A/TNFRSF11A/TGFA/TYRO3/ROBO1/SLCO3A1/FGF18/SASH1/MAPRE3/FGFR3/SNX9/ITGB3/GPNMB/HGF/KNDC1/HSPA2/ADRB2/TTBK1/THBS1/NEK10/NTRK1/TENM1/CD24/TPD52L1/DDR1/NIBAN1/CCR7/PIK3R6/PRR5/LEPR/FZD7/EEF1A2/AR/SPRY2/FZD1/ERBB4/TBX1/PECAM1/TSLP/BMP2/KRAS/SQSTM1/IL6ST/FGFR2/OPRD1/PDGFC/GAS6/PRKD1/GFRA1/EPHA4/ADRA2C/ANGPT1/LRP4/BANK1/LRRK1/PLPP3/SYK/TLR4/SNCA/SOX9/CX3CR1/PROX1/RET/CD74,70,Module 2
GO:0051960,regulation of nervous system development,56/1076,323/11952,0.17337461300309598,1.9258116864433115,5.305500916059916,1.1665923999183197e-6,1.0466314833229454e-4,8.188157976785188e-5,TP53/TRPV2/SEMA4F/JAM2/TP73/ROBO1/BTG2/PARD3/DLG5/DRD2/CYFIP1/TTBK1/CDKN2B/EGR2/TPPP/NTRK1/AGRN/MDK/ETV5/GATA2/PLXNB1/NTN1/ZNF365/PITX3/TNFRSF21/BMP2/NOTCH1/KRAS/TRIM32/CUL7/IL6ST/SHOX2/CBLN2/PTPN13/SEMA6C/NLGN3/AMIGO1/ROBO2/EPHA4/HEY2/RARB/LRP4/BCAN/SEMA3B/MAP2/TLX2/LPAR3/CX3CR1/PROX1/CBLN1/NRXN1/CAPRIN2/NLGN2/ANXA2/CTSC/PLXNA3,56,Module 2
GO:0099536,synaptic signaling,75/1076,479/11952,0.15657620041753653,1.7392181667196995,5.193684340174764,1.1954230847245817e-6,1.049965322178078e-4,8.214239744484648e-5,NQO1/PFN2/SNPH/BCR/UNC13C/F2R/PICK1/LARGE1/GRIN2C/CNR1/TSHZ3/CDHR3/ADRB2/DRD2/CYFIP1/SLC12A7/CHRM2/SLC6A9/EGR2/NTRK1/SYT7/GRID1/PCDHB9/PLCB1/RAPSN/PCDHB10/AGRN/RIMS3/CD38/HRH4/GJC1/PLAT/KCNIP2/SV2A/FABP5/SLC12A6/KRAS/SQSTM1/NCSTN/CACNA1A/HIP1/FARP1/CBLN2/CPEB3/ADCY1/PLK2/DOC2B/CTBP2/APOE/NLGN3/HTR7/EPHA4/SYT8/PCDHB14/NETO1/GABRB2/AKAP12/SNCA/CHRNB3/HTR2C/SYN3/DLGAP1/CSPG5/SLC1A1/LPAR3/CX3CR1/MTNR1B/CBLN1/NRXN1/PCDHB11/NLGN2/LIN7B/KMO/TRIO/EXT1,75,Module 2
GO:0007416,synapse assembly,29/1076,124/11952,0.23387096774193547,2.5977935004197144,5.625349294491487,1.2353242664661442e-6,1.049965322178078e-4,8.214239744484648e-5,DLG5/LARGE1/DRD2/GPM6A/NTRK1/PCDHB9/PCDHB10/AGRN/PLXNB1/FZD1/ERBB4/NTN1/SRGAP2/FARP1/CBLN2/PTPN13/NLGN3/AMIGO1/ROBO2/PCDHB14/ADGRL3/LRP4/GABRB2/SNCA/CBLN1/NRXN1/PCDHB11/NLGN2/SRGAP2C,29,Module 2
GO:0048589,developmental growth,74/1076,471/11952,0.15711252653927812,1.7451755736035799,5.189826807918617,1.2365522195998395e-6,1.049965322178078e-4,8.214239744484648e-5,TP53/WDR11/BASP1/DDR2/ACVR2B/TRPV2/LZTS2/BCL2/RUNX1/SEMA4F/CDKN1A/TP73/COL3A1/KDM5B/PTGFRN/LARGE1/HOXA5/GAS1/FGFR3/TBX2/TLL2/ARX/ADRB2/DRD2/CYFIP1/TXK/SOCS2/SYT3/SMAD1/PLCB1/DDR1/AGRN/NINJ1/S1PR1/AUTS2/MDK/LEPR/FZD7/AR/SPRY2/ERBB4/PTCH1/NTN1/ACVR1C/CPQ/LHX1/SPRY1/TNN/TSKU/NOTCH1/BCL9/FGFR2/SEMA6C/CCN3/APOE/DMBX1/MAGI2/NLGN3/IGF2/HEY2/RARB/LRP4/RASAL2/SEMA3B/MAP2/SOX9/MSTN/LPAR3/PROX1/ATN1/GNAS/EXT1/PLXNA3/TAL2,74,Module 2
GO:0007268,chemical synaptic transmission,72/1076,455/11952,0.15824175824175823,1.7577188610645857,5.183166856296196,1.3184558952571022e-6,1.0809065141288829e-4,8.456303328200725e-5,NQO1/PFN2/SNPH/BCR/UNC13C/F2R/PICK1/LARGE1/GRIN2C/CNR1/TSHZ3/CDHR3/ADRB2/DRD2/CYFIP1/SLC12A7/CHRM2/SLC6A9/EGR2/NTRK1/SYT7/GRID1/PCDHB9/PLCB1/RAPSN/PCDHB10/RIMS3/CD38/HRH4/GJC1/PLAT/KCNIP2/SV2A/SLC12A6/KRAS/SQSTM1/NCSTN/CACNA1A/HIP1/CBLN2/CPEB3/ADCY1/PLK2/DOC2B/CTBP2/APOE/NLGN3/HTR7/EPHA4/SYT8/PCDHB14/NETO1/GABRB2/AKAP12/SNCA/CHRNB3/HTR2C/SYN3/DLGAP1/CSPG5/SLC1A1/LPAR3/CX3CR1/MTNR1B/CBLN1/NRXN1/PCDHB11/NLGN2/LIN7B/KMO/TRIO/EXT1,72,Module 2
GO:0098916,anterograde trans-synaptic signaling,72/1076,455/11952,0.15824175824175823,1.7577188610645857,5.183166856296196,1.3184558952571022e-6,1.0809065141288829e-4,8.456303328200725e-5,NQO1/PFN2/SNPH/BCR/UNC13C/F2R/PICK1/LARGE1/GRIN2C/CNR1/TSHZ3/CDHR3/ADRB2/DRD2/CYFIP1/SLC12A7/CHRM2/SLC6A9/EGR2/NTRK1/SYT7/GRID1/PCDHB9/PLCB1/RAPSN/PCDHB10/RIMS3/CD38/HRH4/GJC1/PLAT/KCNIP2/SV2A/SLC12A6/KRAS/SQSTM1/NCSTN/CACNA1A/HIP1/CBLN2/CPEB3/ADCY1/PLK2/DOC2B/CTBP2/APOE/NLGN3/HTR7/EPHA4/SYT8/PCDHB14/NETO1/GABRB2/AKAP12/SNCA/CHRNB3/HTR2C/SYN3/DLGAP1/CSPG5/SLC1A1/LPAR3/CX3CR1/MTNR1B/CBLN1/NRXN1/PCDHB11/NLGN2/LIN7B/KMO/TRIO/EXT1,72,Module 2
GO:0043583,ear development,31/1076,138/11952,0.2246376811594203,2.4952319379343786,5.556781041874408,1.3570573808997964e-6,1.0936962451150053e-4,8.556361791436005e-5,LRIG1/BCL2/BCR/GSDME/MYO6/TBX2/CEBPA/GRHL3/DDR1/GATA2/SPRY2/NTN1/TBX1/BMP2/TSKU/NOTCH1/TWIST1/FGFR2/PAX2/GSC/ALDH1A3/TBX3/CTHRC1/EPHA4/HEY2/ITGA8/GABRB2/EYA1/SOX9/MCOLN3/PROX1,31,Module 2
GO:0050808,synapse organization,56/1076,325/11952,0.1723076923076923,1.9139605376036604,5.254228407046651,1.4266347289454777e-6,1.1306080226892911e-4,8.845135319461963e-5,ADGRL1/PFN2/UNC13C/F2R/TANC2/NEDD4/DLG5/PICK1/LARGE1/CTNND2/ITGB3/DRD2/CYFIP1/RHOB/GPM6A/SPARCL1/C1QL1/NTRK1/GRID1/PCDHB9/RAPSN/PCDHB10/AGRN/PLXNB1/FZD1/ERBB4/NTN1/ZNF365/SRGAP2/FARP1/CBLN2/PTPN13/CTBP2/APOE/NLGN3/AMIGO1/ROBO2/EPHA4/PDZRN3/PCDHB14/ADGRL3/LRP4/BCAN/GABRB2/SNCA/SLC1A1/CX3CR1/CBLN1/NRXN1/PCDHB11/CAPRIN2/NLGN2/STK38L/SRGAP2C/ARHGAP33/LAMA5,56,Module 2
GO:0045667,regulation of osteoblast differentiation,24/1076,93/11952,0.25806451612903225,2.866530759083823,5.683635920575174,1.5770900830107739e-6,1.2189600308567734e-4,9.536343459068766e-5,DDR2/ACVR2B/PPARG/SMAD6/HGF/CEBPA/SMAD1/TP63/FZD1/PTCH1/FBN2/BMP2/TNN/NOTCH1/TENT5A/TWIST1/IL6ST/FGFR2/FFAR4/PRKD1/CTHRC1/NELL1/SOX9/CRIM1,24,Module 2
GO:0071363,cellular response to growth factor stimulus,76/1076,491/11952,0.15478615071283094,1.719334640631743,5.119577528121661,1.5893905765114608e-6,1.2189600308567734e-4,9.536343459068766e-5,TP53/MDM2/DUSP22/DDR2/ACVR2B/PPARG/IL12A/LTBP1/COL3A1/KDM5B/ROBO1/FGF18/NEDD4/GAS1/SMAD6/FGFR3/GAB1/TBX2/ITGB3/HGF/CYFIP1/CDKN2B/THBS1/NDST1/GREM2/NTRK1/SMAD1/FST/ZEB2/EPN2/LDLRAD4/PTPRK/SPRY2/FZD1/ERBB4/TBX1/FBN2/ACVR1C/PITX3/LHX1/EGR1/SPRY1/STMN2/BMP2/SMAD9/HPGD/NKX2-1/NOTCH1/TWIST1/PDE3A/FSTL5/KLF4/FGFR2/PAX2/OPRD1/CXCL13/GAS6/MAGI2/NDNF/PRKD1/ZNF423/SULF2/GFRA1/PCSK6/ITGA8/TLR4/SOX9/FEZ1/MSTN/LOX/FSTL1/CRIM1/CX3CR1/ITGB5/SRD5A1/EXT1,76,Module 2
GO:0048562,embryonic organ morphogenesis,39/1076,196/11952,0.1989795918367347,2.2102268416660342,5.373270290224932,1.666461749287328e-6,1.2577818441049596e-4,9.840059852934698e-5,LRIG1/PCGF2/BCR/HOXA5/MYO6/HOXA3/TBX2/HOXB2/NDST1/FOXN4/GRHL3/GATA2/SPRY2/NTN1/TBX1/FBN2/LHX1/HOXC11/NOTCH1/TULP3/TWIST1/SHOX2/SIX3/FGFR2/PAX2/GSC/MMP14/ALDH1A3/TBX3/CTHRC1/RARB/ITGA8/EYA1/SOX9/FOXF1/PROX1/VANGL2/IRX5/HOXB9,39,Module 2
GO:0060562,epithelial tube morphogenesis,44/1076,235/11952,0.18723404255319148,2.0797595507395394,5.258070802038207,2.0669516499188746e-6,1.5356804836506638e-4,1.2014156465153458e-4,LZTS2/BCL2/KDM5B/CXCL10/DLG5/HOXA5/TBX2/ADAMTS16/RHOB/FOXN4/GRHL3/DDR1/MDK/AR/SPRY2/FZD1/PTCH1/NTN1/LGR4/HS3ST3A1/LHX1/SPRY1/BMP2/NKX2-1/NOTCH1/KRAS/TULP3/TWIST1/FGFR2/PAX2/CELSR1/MMP14/TBX3/CTHRC1/EPHA4/EYA1/FOXA1/SOX9/FOXF1/PROX1/RET/VANGL2/EXT1/LAMA5,44,Module 2
GO:0001659,temperature homeostasis,31/1076,141/11952,0.2198581560283688,2.4421418967017323,5.418110711815434,2.2065068283888497e-6,1.5934394162119404e-4,1.2466024454907296e-4,ACVR2B/TRPV2/TNFRSF11A/ACOT11/PCTP/IL1A/CNR1/HOXC10/ADRB2/DRD2/ELOVL3/TSHR/IRF4/LEPR/LGR4/EGR1/ZNF516/FABP5/NOTCH1/SQSTM1/SFXN5/PDGFC/FFAR4/IGF2BP2/ZNF423/NOVA1/SYK/TLR4/OXT/ZBTB7B/GNAS,31,Module 2
GO:2000146,negative regulation of cell motility,43/1076,228/11952,0.18859649122807018,2.094893367247114,5.2501897877462795,2.2117140161932298e-6,1.5934394162119404e-4,1.2466024454907296e-4,DUSP22/CYP1B1/BCL2/PPARG/PFN2/BCR/COL3A1/ROBO1/PTPRG/LRP1/DLG5/PTPRU/DRD2/RHOB/THBS1/TMEFF2/PLCB1/ZEB2/LDLRAD4/SRGAP1/PTPRK/NR2F2/PTPRR/ACVR1C/HMOX1/PHLDB2/TNN/NKX2-1/NOTCH1/SRGAP2/ADGRG1/TP53INP1/KLF4/CCN3/CXCL13/APOE/MAGI2/FBLN1/EPHA4/FRMD5/CX3CR1/PTGER4/CD74,43,Module 2
GO:0050673,epithelial cell proliferation,51/1076,290/11952,0.17586206896551723,1.9534418664273812,5.169878755013631,2.2784309653028885e-6,1.6170058567186918e-4,1.2650392822278724e-4,PPARG/IL12A/CDKN1A/TGFA/IGFBP4/KDM5B/ROBO1/HOXA5/TBX2/ITGB3/HGF/ARX/DRD2/CDKN2B/THBS1/FST/TP63/ZEB2/MDK/FZD7/PTPRK/AR/GATA2/LAMC1/CCR3/PTCH1/LGR4/TBX1/SPARC/NR2F2/HMOX1/NOTCH1/NCSTN/TWIST1/EAF2/FGFR2/PAX2/CCN3/APOE/PRKD1/IGF2/CYP7B1/MMP14/SULF2/EYA1/GPR15LG/SOX9/COL4A3/PROX1/TGM1/LAMA5,51,Module 2
GO:0048771,tissue remodeling,28/1076,121/11952,0.23140495867768596,2.570401548434668,5.460926511337895,2.3489773693230527e-6,1.6425569692839876e-4,1.2850287961590817e-4,TP53/MDM2/DDR2/ACVR2B/RUNX1/PPARG/TNFRSF11A/BCR/F2R/IL1A/HOXA3/ITGB3/GPNMB/CBS/ADRB2/SYT7/S1PR1/MDK/LEPR/CD38/LGR4/CST3/MMP14/CTHRC1/CRB1/LRRK1/SYK/EXT1,28,Module 2
GO:0007409,axonogenesis,55/1076,323/11952,0.17027863777089783,1.891422192042538,5.1084268277568485,2.5777914512559015e-6,1.7764345435828714e-4,1.3897658258944863e-4,PLEKHG4/TRPV2/EPHA10/BCL2/SEMA4F/ROBO1/PARD3/ARX/BRSK2/CDK5R2/DRD2/CYFIP1/EGR2/NTRK1/PALLD/AUTS2/ARHGEF40/PLXNB1/PTCH1/NTN1/LHX1/TNN/NKX2-1/ARHGEF25/TSKU/NOTCH1/SHOX2/UCHL1/UNC5C/ADCY1/FGFR2/PAX2/SEMA6C/APOE/ENAH/CNTN1/NLGN3/NTN4/AMIGO1/ROBO2/EPHA4/UNC5B/LRP4/SEMA3B/MAP2/ARTN/FEZ1/LPAR3/RET/NRXN1/VANGL2/CELSR3/TRIO/EXT1/PLXNA3,55,Module 2
GO:0034329,cell junction assembly,50/1076,286/11952,0.17482517482517482,1.9419242467569606,5.07121083254384,3.406609551149593e-6,2.314061202245188e-4,1.810369647182355e-4,DUSP22/BCL2/ILDR1/BCR/POF1B/PARD3/DLG5/LARGE1/CDHR3/ITGB3/DRD2/SORBS1/GPM6A/THBS1/NTRK1/PCDHB9/PCDHB10/AGRN/PTPRK/ESAM/PLXNB1/LAMC1/FZD1/GJC1/ERBB4/NTN1/PECAM1/PHLDB2/SRGAP2/THSD1/FARP1/CBLN2/PTPN13/ACTN2/MICALL2/GJD3/NLGN3/AMIGO1/MMP14/ROBO2/PCDHB14/ADGRL3/LRP4/GABRB2/SNCA/CBLN1/NRXN1/PCDHB11/NLGN2/SRGAP2C,50,Module 2
GO:0060485,mesenchyme development,41/1076,217/11952,0.1889400921658986,2.098710020043513,5.137419911186796,3.6162378631826737e-6,2.421860709779382e-4,1.8947049085971194e-4,MDM2/BASP1/BCL2/SEMA4F/NRTN/ROBO1/DLG5/HOXA5/TBX2/HGF/DACT3/LDLRAD4/MDK/SPRY2/ERBB4/TBX1/PHLDB2/SPRY1/BMP2/NKX2-1/NOTCH1/USF3/TWIST1/CUL7/FGFR2/PAX2/SEMA6C/GSC/PITX2/TBX3/ROBO2/EPHA4/HEY2/SEMA3B/FOXA1/SOX9/FOXF1/RET/EXT1/FBXL17/LAMA5,41,Module 2
GO:0035107,appendage morphogenesis,25/1076,104/11952,0.2403846153846154,2.670145839290821,5.380494629666761,3.905146316389964e-6,2.5436946211553806e-4,1.9900197667083104e-4,COL3A1/LARGE1/HOXC10/SP8/TBX2/CIBAR1/TP63/PTCH1/FBN2/SP9/HOXC11/NOTCH1/TULP3/TWIST1/SHOX2/FGFR2/PCSK5/AFF3/TBX3/CYP26B1/RARB/LRP4/PITX1/SOX9/EXT1,25,Module 2
GO:0035108,limb morphogenesis,25/1076,104/11952,0.2403846153846154,2.670145839290821,5.380494629666761,3.905146316389964e-6,2.5436946211553806e-4,1.9900197667083104e-4,COL3A1/LARGE1/HOXC10/SP8/TBX2/CIBAR1/TP63/PTCH1/FBN2/SP9/HOXC11/NOTCH1/TULP3/TWIST1/SHOX2/FGFR2/PCSK5/AFF3/TBX3/CYP26B1/RARB/LRP4/PITX1/SOX9/EXT1,25,Module 2
GO:0030336,negative regulation of cell migration,41/1076,218/11952,0.18807339449541285,2.089082909859828,5.10434249509324,4.076223623001401e-6,2.59996846009012e-4,2.03404472587492e-4,DUSP22/CYP1B1/BCL2/PPARG/PFN2/BCR/COL3A1/ROBO1/PTPRG/LRP1/DLG5/PTPRU/DRD2/RHOB/THBS1/TMEFF2/PLCB1/ZEB2/LDLRAD4/SRGAP1/PTPRK/NR2F2/PTPRR/ACVR1C/HMOX1/PHLDB2/TNN/NKX2-1/NOTCH1/SRGAP2/ADGRG1/TP53INP1/KLF4/CCN3/CXCL13/APOE/MAGI2/EPHA4/CX3CR1/PTGER4/CD74,41,Module 2
GO:0001525,angiogenesis,61/1076,377/11952,0.16180371352785147,1.7972843718260973,4.9476285383753735,4.152123496878897e-6,2.59996846009012e-4,2.03404472587492e-4,CYP1B1/RUNX1/PPARG/IL12A/TGFA/ROBO1/IL1A/CXCL10/FGF18/HOXA5/SASH1/GAB1/ADGRB2/HOXA3/ITGB3/GPNMB/RHOB/THBS1/SMAD1/EPN2/NINJ1/S1PR1/PIK3R6/MDK/LEPR/GATA2/MINAR1/SPRY2/CCR3/TBX1/SPARC/HMOX1/TNN/SLC12A6/NOTCH1/ADGRG1/TWIST1/ELK3/SPINK5/E2F7/MFGE8/KLF4/PLK2/FGFR2/CCN3/CXCL13/AMOTL1/ADAMTS1/NDNF/PRKD1/RAPGEF3/MMP14/HPSE/UNC5B/ANGPT1/SYK/COL4A3/CX3CR1/PTPRB/ANXA2/GPLD1,61,Module 2
GO:0001934,positive regulation of protein phosphorylation,64/1076,402/11952,0.15920398009950248,1.7684070354546968,4.929320158210579,4.194246766319014e-6,2.59996846009012e-4,2.03404472587492e-4,CD86/TP53/DDR2/BCL2/PFN2/IL12A/CDKN1A/TNFRSF11A/TGFA/ROBO1/SLCO3A1/FGF18/SASH1/MAPRE3/FGFR3/SNX9/ITGB3/GPNMB/HGF/KNDC1/HSPA2/ADRB2/TTBK1/THBS1/NEK10/NTRK1/TENM1/CD24/TPD52L1/NIBAN1/CCR7/PIK3R6/PRR5/LEPR/SPRY2/FZD1/ERBB4/TBX1/PECAM1/TSLP/BMP2/KRAS/SQSTM1/IL6ST/OPRD1/PDGFC/GAS6/PRKD1/GFRA1/EPHA4/ADRA2C/ANGPT1/LRP4/BANK1/LRRK1/PLPP3/SYK/TLR4/SNCA/SOX9/CX3CR1/PROX1/RET/CD74,64,Module 2
GO:0048568,embryonic organ development,53/1076,312/11952,0.16987179487179488,1.8869030597655134,4.992874150581852,4.2102538680744314e-6,2.59996846009012e-4,2.03404472587492e-4,TP53/LRIG1/PRDM1/PCGF2/BCR/HOXA5/MYO6/HOXA3/TBX2/HOXB2/CEBPA/NDST1/FOXN4/GRHL3/GATA2/SPRY2/PTCH1/NTN1/KRT8/TBX1/NR2F2/FBN2/LHX1/HOXC11/NOTCH1/TULP3/TWIST1/E2F7/SHOX2/SIX3/FGFR2/PAX2/PCSK5/GSC/TEAD1/TPO/PITX2/IGF2/MMP14/ALDH1A3/TBX3/CTHRC1/HEY2/RARB/ITGA8/EYA1/SOX9/FOXF1/PROX1/VANGL2/JUNB/IRX5/HOXB9,53,Module 2
GO:0048858,cell projection morphogenesis,73/1076,480/11952,0.15208333333333332,1.6893122676579924,4.848313749456998,4.9127968740824325e-6,2.9949165559310214e-4,2.3430262014854678e-4,PLEKHG4/TRPV2/EPHA10/BCL2/SEMA4F/ROBO1/PARD3/TANC2/NEDD4/CTNND2/ARX/BRSK2/KNDC1/CDK5R2/DRD2/CYFIP1/GPM6A/EGR2/NTRK1/SYT3/DDR1/PALLD/AUTS2/MDK/ARHGEF40/PLXNB1/PTCH1/NTN1/ZNF365/LHX1/TNN/NKX2-1/ARHGEF25/TSKU/NOTCH1/SRGAP2/CUL7/SHOX2/FARP1/UCHL1/UNC5C/ADCY1/FGFR2/PAX2/SEMA6C/APOE/ENAH/CNTN1/HECW2/NLGN3/NTN4/AMIGO1/ROBO2/EPHA4/UNC5B/LRP4/SEMA3B/MAP2/TLX2/BTBD3/ARTN/FEZ1/CSPG5/LPAR3/RET/NRXN1/VANGL2/CELSR3/CAPRIN2/TRIO/EXT1/ARHGAP33/PLXNA3,73,Module 2
GO:0032102,negative regulation of response to external stimulus,49/1076,282/11952,0.17375886524822695,1.9300798861029818,4.971449565981225,5.082030095524447e-6,3.0560213938210685e-4,2.3908306172480286e-4,PPARG/TFPI/SEMA4F/BCR/TYRO3/ROBO1/AOAH/PROS1/HGF/DRD2/TRIM45/THBS1/FGG/LILRB1/NT5E/KREMEN1/MDK/HLA-B/PLAT/PHLDB2/NOTCH1/HLA-A/SELENOS/LPCAT3/DTX4/SPINK5/KLF4/PLK2/SEMA6C/CCN3/CXCL13/FFAR4/APOE/C1QTNF3/ROBO2/EPHA4/SEMA3B/SYK/FOXF1/IL22RA2/PTGER4/HLA-F/F12/MICB/ASH1L/ANXA2/MAPKBP1/PLXNA3/IL20RB,49,Module 2
GO:0043010,camera-type eye development,41/1076,220/11952,0.18636363636363637,2.07009124704292,5.038714882778412,5.162896777224013e-6,3.0560213938210685e-4,2.3908306172480286e-4,PRDM1/TMOD1/CYP1B1/ACVR2B/ZHX2/KDM5B/PLAAT3/LARGE1/TBX2/PROM1/DRD2/GPM6A/FOXN4/GRHL3/WNT5B/TENM3/CRYBG3/SPRY2/RP1/FBN2/PITX3/LHX1/SPRY1/TSKU/NOTCH1/TULP3/TWIST1/SIX3/KLF4/PAX2/SAMD11/SOX1/PITX2/ALDH1A3/CRB1/FAT3/SOX9/SLC1A1/PROX1/MTNR1B/RET,41,Module 2
GO:0060840,artery development,21/1076,80/11952,0.2625,2.915799256505576,5.40762676998089,5.233692762990912e-6,3.0560213938210685e-4,2.3908306172480286e-4,PRDM1/ACVR2B/COL3A1/ROBO1/LRP1/SMAD6/TBX2/EGR2/NDST1/MDK/TBX1/HPGD/NOTCH1/APOE/ROBO2/MYLK/HEY2/EYA1/LOX/FOXF1/PROX1,21,Module 2
GO:0048839,inner ear development,27/1076,119/11952,0.226890756302521,2.520258661085252,5.242243551743515,5.270110500385439e-6,3.0560213938210685e-4,2.3908306172480286e-4,LRIG1/BCR/GSDME/MYO6/TBX2/CEBPA/GRHL3/GATA2/SPRY2/NTN1/TBX1/BMP2/TSKU/NOTCH1/FGFR2/PAX2/ALDH1A3/TBX3/CTHRC1/EPHA4/HEY2/ITGA8/GABRB2/EYA1/SOX9/MCOLN3/PROX1,27,Module 2
GO:0048812,neuron projection morphogenesis,71/1076,464/11952,0.15301724137931033,1.6996859377002946,4.835190415414374,5.335203893552157e-6,3.0564933149205425e-4,2.391199817351087e-4,PLEKHG4/TRPV2/EPHA10/BCL2/SEMA4F/ROBO1/PARD3/TANC2/NEDD4/CTNND2/ARX/BRSK2/KNDC1/CDK5R2/DRD2/CYFIP1/GPM6A/EGR2/NTRK1/SYT3/DDR1/PALLD/AUTS2/ARHGEF40/PLXNB1/PTCH1/NTN1/ZNF365/LHX1/TNN/NKX2-1/ARHGEF25/TSKU/NOTCH1/SRGAP2/CUL7/SHOX2/FARP1/UCHL1/UNC5C/ADCY1/FGFR2/PAX2/SEMA6C/APOE/ENAH/CNTN1/HECW2/NLGN3/NTN4/AMIGO1/ROBO2/EPHA4/UNC5B/LRP4/SEMA3B/MAP2/TLX2/BTBD3/ARTN/FEZ1/LPAR3/RET/NRXN1/VANGL2/CELSR3/CAPRIN2/TRIO/EXT1/ARHGAP33/PLXNA3,71,Module 2
GO:0032526,response to retinoic acid,19/1076,68/11952,0.27941176470588236,3.1036518696698008,5.4716796751930685,5.410219491530262e-6,3.0625706764555235e-4,2.395954346249116e-4,TBX2/WNT5B/FZD7/CD38/PTCH1/TBX1/ABL2/KLF4/FGFR2/PAX2/IGFBP7/ABCA1/CYP26B1/TRIML2/SOX9/RET/ACER2/MICB/ASXL1,19,Module 2
GO:0001656,metanephros development,16/1076,51/11952,0.3137254901960784,3.484802099278373,5.593180374974825,5.769669718097204e-6,3.227621118770848e-4,2.525078982508424e-4,BASP1/BCL2/DLG5/POU3F3/PTCH1/LGR4/LHX1/EGR1/SPRY1/HOXC11/PAX2/ROBO2/ITGA8/EYA1/SOX9/RET,16,Module 2
GO:0048705,skeletal system morphogenesis,32/1076,155/11952,0.2064516129032258,2.2932246072670583,5.097153100817563,6.293618905534024e-6,3.47978580183887e-4,2.7223560847193686e-4,CHSY1/ACVR2B/PCGF2/COL3A1/FGF18/HOXA5/FGFR3/HOXA3/CBS/HOXB2/NDST1/CSGALNACT1/TBX1/FBN2/LHX1/HOXC11/TSKU/TULP3/TWIST1/SHOX2/FGFR2/GSC/MMP14/CYP26B1/RARB/EYA1/SOX9/IRX5/NAB1/EXT1/HOXB9/LAMA5,32,Module 2
GO:0009611,response to wounding,61/1076,382/11952,0.15968586387434555,1.7737597072733995,4.834424385981065,6.387663680226473e-6,3.491188597641021e-4,2.731276883958906e-4,DDR2/BCL2/PPARG/TFPI/CDKN1A/COL3A1/TYRO3/F2R/IL1A/GRIN2C/PROS1/ITGB3/DRD2/TXK/THBS1/TMEFF2/FGG/NTRK1/SYT7/GRHL3/DDR1/ANXA5/KREMEN1/SMPD1/MDK/FZD7/F5/GATA2/PLAT/HMOX1/PHLDB2/TSKU/ELK3/IL6ST/KLF4/GIPR/APOE/GAS6/NDNF/FBLN1/SULF2/HPSE/MYLK/EPHA4/FOSL1/ADRA2C/PLPP3/SYK/PAPSS2/TLR4/CSPG5/SLC1A1/FCER1G/CX3CR1/FOXF1/ITGB5/F12/ANXA2/GNAS/GGCX/EXT1,61,Module 2
GO:0007169,transmembrane receptor protein tyrosine kinase signaling pathway,68/1076,442/11952,0.15384615384615385,1.7088933371461255,4.77670066422951,7.013392061431334e-6,3.789622642284772e-4,2.964752098695973e-4,DDR2/EPHA10/RHOQ/IL12A/ZFYVE28/NRTN/TGFA/IGFBP4/RASGRP4/TYRO3/ROBO1/PTPRG/PDK2/FGF18/LRP1/NEDD4/FGFR3/GAB1/TBX2/ITGB3/HGF/ADRB2/CYFIP1/SORBS1/SOCS2/NRG4/THBS1/NDST1/NTRK1/PLCB1/DDR1/EPN2/AR/SPRY2/ERBB4/PLAT/PTPRR/SPRY1/BMP2/SAMD12/C2CD5/ABL2/HIP1/SOS2/FGFR2/PDGFC/PRKD1/IGF2/SULF2/GFRA1/EPHA4/ANGPT1/ANKS1B/BLNK/SYK/DNAI1/SNCA/SOX9/MSTN/COL4A3/LOX/CRIM1/RET/ZBTB7B/DOK1/EXT1/GPLD1/GKAP1,68,Module 2
GO:0035904,aorta development,16/1076,52/11952,0.3076923076923077,3.417786674292251,5.495659668035254,7.64460466620572e-6,4.084280358180696e-4,3.195272961605088e-4,PRDM1/COL3A1/ROBO1/LRP1/SMAD6/TBX2/EGR2/NDST1/TBX1/NOTCH1/ROBO2/MYLK/HEY2/EYA1/LOX/PROX1,16,Module 2
GO:0001654,eye development,44/1076,247/11952,0.17813765182186234,1.9787186009060396,4.888709930400403,7.974041888565926e-6,4.167953246416808e-4,3.260733139152582e-4,PRDM1/TMOD1/CYP1B1/ACVR2B/BCL2/ZHX2/KDM5B/PLAAT3/LARGE1/MEIS3/TBX2/PROM1/DRD2/GPM6A/FOXN4/GRHL3/WNT5B/TENM3/CRYBG3/SPRY2/RP1/FBN2/PITX3/LHX1/SPRY1/TSKU/NOTCH1/TULP3/TWIST1/SIX3/KLF4/PAX2/SAMD11/SOX1/PITX2/ALDH1A3/RARB/CRB1/FAT3/SOX9/SLC1A1/PROX1/MTNR1B/RET,44,Module 2
GO:0022612,gland morphogenesis,21/1076,82/11952,0.25609756097560976,2.844682201468855,5.272016776468221,7.97652461459368e-6,4.167953246416808e-4,3.260733139152582e-4,BCL2/TGFA/KDM5B/TBX2/HGF/DDR1/TP63/MDK/AR/PTCH1/NTN1/NOTCH1/FGFR2/NTN4/CYP7B1/TBX3/SULF2/FOXA1/SOX9/PROX1/LAMA5,21,Module 2
GO:0031644,regulation of nervous system process,20/1076,76/11952,0.2631578947368421,2.9231070240657404,5.28991647974617,8.380316274853383e-6,4.331348248579112e-4,3.3885626676581073e-4,JAM2/F2R/PARD3/GRIN2C/ADRB2/EGR2/TPPP/TNFRSF21/FABP5/CCN3/NLGN3/NETO1/HTR2C/DLGAP1/MTNR1B/CBLN1/NRXN1/NLGN2/CTSC/ATPSCKMT,20,Module 2
GO:0042472,inner ear morphogenesis,18/1076,64/11952,0.28125,3.1240706319702602,5.358931459667243,8.607042093900255e-6,4.4006973286554534e-4,3.4428168375601025e-4,LRIG1/BCR/MYO6/TBX2/GRHL3/GATA2/SPRY2/NTN1/TBX1/FGFR2/PAX2/ALDH1A3/TBX3/CTHRC1/ITGA8/EYA1/SOX9/PROX1,18,Module 2
GO:0045669,positive regulation of osteoblast differentiation,15/1076,47/11952,0.3191489361702128,3.545044688760579,5.498614855663122,8.909568928831908e-6,4.5069149209144385e-4,3.525914512261138e-4,DDR2/ACVR2B/HGF/CEBPA/SMAD1/TP63/FZD1/FBN2/BMP2/TENT5A/IL6ST/FFAR4/PRKD1/CTHRC1/NELL1,15,Module 2
GO:0048608,reproductive structure development,37/1076,195/11952,0.18974358974358974,2.1076351158135544,4.905004632671962,9.657617915238307e-6,4.8338919144166474e-4,3.7817198573354216e-4,MAMLD1/BASP1/CYP1B1/BCL2/TYRO3/KDM5B/IL1A/NRIP1/RXFP2/NTRK1/FST/TP63/AR/PTCH1/LGR4/NR2F2/LHX1/NKX2-1/NOTCH1/ADGRG1/LFNG/EAF2/FGFR2/ADAMTS1/CYP7B1/MMP14/TBX3/ROBO2/GFRA1/DMRT1/FOXA1/SOX9/IRX5/ATN1/ASH1L/SRD5A1/REC8,37,Module 2
GO:0150063,visual system development,44/1076,249/11952,0.17670682730923695,1.962825278810409,4.829166892010238,9.861647433202859e-6,4.884597244258291e-4,3.8213883803661083e-4,PRDM1/TMOD1/CYP1B1/ACVR2B/BCL2/ZHX2/KDM5B/PLAAT3/LARGE1/MEIS3/TBX2/PROM1/DRD2/GPM6A/FOXN4/GRHL3/WNT5B/TENM3/CRYBG3/SPRY2/RP1/FBN2/PITX3/LHX1/SPRY1/TSKU/NOTCH1/TULP3/TWIST1/SIX3/KLF4/PAX2/SAMD11/SOX1/PITX2/ALDH1A3/RARB/CRB1/FAT3/SOX9/SLC1A1/PROX1/MTNR1B/RET,44,Module 2
GO:0048762,mesenchymal cell differentiation,34/1076,173/11952,0.19653179190751446,2.1830371532329114,4.929931488665856,1.0080501729060012e-5,4.94152430120416e-4,3.8659243744436334e-4,BCL2/SEMA4F/NRTN/DLG5/HGF/DACT3/LDLRAD4/MDK/SPRY2/ERBB4/TBX1/PHLDB2/SPRY1/BMP2/NKX2-1/NOTCH1/USF3/TWIST1/CUL7/FGFR2/PAX2/SEMA6C/GSC/PITX2/TBX3/EPHA4/HEY2/SEMA3B/FOXA1/SOX9/RET/EXT1/FBXL17/LAMA5,34,Module 2
GO:0009953,dorsal/ventral pattern formation,17/1076,59/11952,0.288135593220339,3.200554470417743,5.329495243305651,1.0696036217701363e-5,5.189760430119386e-4,4.060128033658068e-4,SMAD6/SP8/TLL2/HOXB2/GREM2/FOXN4/PTCH1/LHX1/NKX2-1/TULP3/DISP1/SIX3/GSC/SOX1/LRP4/FOXA1/CAPRIN2,17,Module 2
GO:0048880,sensory system development,44/1076,250/11952,0.176,1.954973977695167,4.799601212895892,1.0952845537426934e-5,5.260684902067179e-4,4.115614686790727e-4,PRDM1/TMOD1/CYP1B1/ACVR2B/BCL2/ZHX2/KDM5B/PLAAT3/LARGE1/MEIS3/TBX2/PROM1/DRD2/GPM6A/FOXN4/GRHL3/WNT5B/TENM3/CRYBG3/SPRY2/RP1/FBN2/PITX3/LHX1/SPRY1/TSKU/NOTCH1/TULP3/TWIST1/SIX3/KLF4/PAX2/SAMD11/SOX1/PITX2/ALDH1A3/RARB/CRB1/FAT3/SOX9/SLC1A1/PROX1/MTNR1B/RET,44,Module 2
GO:0023061,signal release,53/1076,323/11952,0.16408668730650156,1.8226432032409912,4.714278651150714,1.17832081950425e-5,5.602915496742708e-4,4.3833534485558103e-4,ACVR2B/PPARG/PFN2/SNPH/TNFRSF11A/ILDR1/UNC13C/KDM5B/F2R/IL1A/GNAZ/PICK1/CNR1/PFKFB2/SLC30A8/BRSK2/DRD2/FGG/SYT7/SYT3/PLCB1/LILRB1/TM7SF3/RIMS3/CD38/ACVR1C/SV2A/MYRIP/DOC2B/PCSK5/CTBP2/CCN3/GIPR/FFAR4/PRKD1/C1QTNF3/TBX3/ABCA1/SYT8/ADRA2C/SYK/SNCA/HTR2C/SYN3/CPE/CSPG5/MTNR1B/ADCY5/NRXN1/NLGN2/LIN7B/KMO/GPLD1,53,Module 2
GO:0060042,retina morphogenesis in camera-type eye,14/1076,43/11952,0.32558139534883723,3.6164952018673815,5.406176025237072,1.3677130415333214e-5,6.439084665832617e-4,5.037517341093025e-4,PRDM1/ZHX2/LARGE1/PROM1/FOXN4/RP1/LHX1/NOTCH1/SAMD11/CRB1/FAT3/SOX9/SLC1A1/PROX1,14,Module 2
GO:0061458,reproductive system development,37/1076,198/11952,0.18686868686868688,2.07570125042244,4.80070571978036,1.3826027432207315e-5,6.445368670602527e-4,5.042433534099138e-4,MAMLD1/BASP1/CYP1B1/BCL2/TYRO3/KDM5B/IL1A/NRIP1/RXFP2/NTRK1/FST/TP63/AR/PTCH1/LGR4/NR2F2/LHX1/NKX2-1/NOTCH1/ADGRG1/LFNG/EAF2/FGFR2/ADAMTS1/CYP7B1/MMP14/TBX3/ROBO2/GFRA1/DMRT1/FOXA1/SOX9/IRX5/ATN1/ASH1L/SRD5A1/REC8,37,Module 2
GO:0120039,plasma membrane bounded cell projection morphogenesis,71/1076,477/11952,0.1488469601677149,1.6533632601529074,4.5804823229983915,1.4064577924919791e-5,6.492919226504234e-4,5.079633969000157e-4,PLEKHG4/TRPV2/EPHA10/BCL2/SEMA4F/ROBO1/PARD3/TANC2/NEDD4/CTNND2/ARX/BRSK2/KNDC1/CDK5R2/DRD2/CYFIP1/GPM6A/EGR2/NTRK1/SYT3/DDR1/PALLD/AUTS2/ARHGEF40/PLXNB1/PTCH1/NTN1/ZNF365/LHX1/TNN/NKX2-1/ARHGEF25/TSKU/NOTCH1/SRGAP2/CUL7/SHOX2/FARP1/UCHL1/UNC5C/ADCY1/FGFR2/PAX2/SEMA6C/APOE/ENAH/CNTN1/HECW2/NLGN3/NTN4/AMIGO1/ROBO2/EPHA4/UNC5B/LRP4/SEMA3B/MAP2/TLX2/BTBD3/ARTN/FEZ1/LPAR3/RET/NRXN1/VANGL2/CELSR3/CAPRIN2/TRIO/EXT1/ARHGAP33/PLXNA3,71,Module 2
GO:0042471,ear morphogenesis,20/1076,79/11952,0.25316455696202533,2.8121029598607126,5.082645744912233,1.5699095924808224e-5,7.05420215491756e-4,5.518744903531717e-4,LRIG1/BCR/MYO6/TBX2/GRHL3/GATA2/SPRY2/NTN1/TBX1/TWIST1/FGFR2/PAX2/GSC/ALDH1A3/TBX3/CTHRC1/ITGA8/EYA1/SOX9/PROX1,20,Module 2
GO:0034103,regulation of tissue remodeling,15/1076,49/11952,0.30612244897959184,3.4003489871785146,5.295632893272556,1.572545590791296e-5,7.05420215491756e-4,5.518744903531717e-4,TP53/DDR2/RUNX1/PPARG/TNFRSF11A/BCR/ITGB3/GPNMB/SYT7/S1PR1/MDK/LEPR/CD38/CST3/SYK,15,Module 2
GO:1903053,regulation of extracellular matrix organization,15/1076,49/11952,0.30612244897959184,3.4003489871785146,5.295632893272556,1.572545590791296e-5,7.05420215491756e-4,5.518744903531717e-4,DDR2/RUNX1/PPARG/LRP1/ITGB3/DDR1/LAMC1/CST3/PHLDB2/BMP2/ZNF469/NOTCH1/NID1/PRDM5/SOX9,15,Module 2
GO:0030278,regulation of ossification,20/1076,80/11952,0.25,2.7769516728624537,5.01570892801177,1.918756364541404e-5,8.526809825602221e-4,6.670816519714041e-4,DDR2/CHSY1/ACVR2B/BCL2/SMAD6/ADRB2/EGR2/KREMEN1/S1PR1/MDK/FBN2/BMP2/NOTCH1/TENT5A/TWIST1/LRP4/NELL1/SOX9/SLC8A1/PTGER4,20,Module 2
GO:0021537,telencephalon development,37/1076,201/11952,0.18407960199004975,2.044720634744493,4.698231882783017,1.9590311133485018e-5,8.625178651826043e-4,6.747773834867061e-4,FOXP2/COL3A1/ROBO1/BTG2/LARGE1/ARX/CDK5R2/DRD2/PLCB1/CCDC85C/ZSWIM6/MDK/POU3F3/ERBB4/LHX1/BMP2/SCN2A/DCLK2/NKX2-1/TSKU/SRGAP2/ADGRG1/SLC2A1/SIX3/FAT4/ALDH1A3/ROBO2/RARB/BCAN/BTBD3/FEZ1/BBS1/PROX1/SRD5A1/EXT1/SRGAP2C/PLXNA3,37,Module 2
GO:0010817,regulation of hormone levels,51/1076,314/11952,0.1624203821656051,1.8041342078469442,4.5417983102901625,2.2813587764465327e-5,9.952166038535103e-4,7.785921695762478e-4,CTSB/CYP1B1/ACVR2B/PPARG/ILDR1/KDM5B/GNAZ/PICK1/CNR1/PFKFB2/SLC30A8/BRSK2/DRD2/ALDH8A1/FGG/SYT7/PLCB1/AKR1B15/TM7SF3/CD38/ACVR1C/CPQ/EGR1/BMP2/SLC26A7/DISP1/MYRIP/DOC2B/PCSK5/CCN3/GIPR/FFAR4/TPO/PRKD1/C1QTNF3/ALDH1A3/TBX3/CTSL/CYP26B1/SLCO1C1/PCSK6/FOXA1/PAPSS2/HTR2C/BBS1/CPE/MTNR1B/ADCY5/NLGN2/SRD5A1/GPLD1,51,Module 2
GO:0009954,proximal/distal pattern formation,9/1076,20/11952,0.45,4.998513011152417,5.628990924307468,2.5270013497659516e-5,0.0010728474480479555,8.393254483151197e-4,CHSY1/HOXC10/SP8/TP63/HOXC11/SIX3/CYP26B1/LRP4/HOXB9,9,Module 2
GO:0033688,regulation of osteoblast proliferation,9/1076,20/11952,0.45,4.998513011152417,5.628990924307468,2.5270013497659516e-5,0.0010728474480479555,8.393254483151197e-4,BCL2/ITGB3/PLXNB1/BMP2/TNN/FGFR2/CTHRC1/HPSE/NELL1,9,Module 2
GO:0035137,hindlimb morphogenesis,9/1076,20/11952,0.45,4.998513011152417,5.628990924307468,2.5270013497659516e-5,0.0010728474480479555,8.393254483151197e-4,LARGE1/TP63/PTCH1/NOTCH1/TWIST1/AFF3/TBX3/RARB/PITX1,9,Module 2
GO:0045596,negative regulation of cell differentiation,67/1076,451/11952,0.14855875831485588,1.6501619696832317,4.427062885395307,2.6143189373741955e-5,0.0011000961546207345,8.606430484099122e-4,TP53/RUNX1/PPARG/ZHX2/SEMA4F/ABCA5/TP73/BTG2/IL1A/CXCL10/HOXA5/SMAD6/ITGB3/CEBPA/CDKN2B/SMAD1/DACT3/LILRB1/FST/TP63/LDLRAD4/MDK/FZD7/GATA2/SPRY2/PTCH1/NTN1/TBX1/PITX3/SPRY1/BMP2/TNN/PTHLH/NKX2-1/TSKU/NOTCH1/KRAS/HDAC4/USF3/TWIST1/TP53INP1/SIX3/SEMA6C/CCN3/IGF2/TBX3/ABCA1/EPHA4/HEY2/RARB/LRP4/SEMA3B/MAP2/TLX2/FOXA1/TLR4/SOX9/MSTN/CRIM1/PROX1/CD74/ZBTB7B/TRIO/ASXL1/PIAS3/PLXNA3/DISP3,67,Module 2
GO:0099177,regulation of trans-synaptic signaling,50/1076,308/11952,0.16233766233766234,1.8032153719886062,4.491898463081985,2.7763216046073194e-5,0.0011580183535006845,9.059575762402831e-4,PFN2/BCR/UNC13C/F2R/PICK1/LARGE1/GRIN2C/CNR1/TSHZ3/ADRB2/DRD2/CYFIP1/CHRM2/SLC6A9/EGR2/NTRK1/SYT7/GRID1/PLCB1/RAPSN/RIMS3/CD38/PLAT/FABP5/KRAS/SQSTM1/NCSTN/CACNA1A/HIP1/CBLN2/CPEB3/ADCY1/PLK2/APOE/NLGN3/EPHA4/NETO1/AKAP12/SNCA/CHRNB3/SYN3/DLGAP1/CSPG5/SLC1A1/CX3CR1/CBLN1/NRXN1/NLGN2/KMO/TRIO,50,Module 2
GO:0055123,digestive system development,20/1076,82/11952,0.24390243902439024,2.7092211442560523,4.884875313502209,2.8316670161935763e-5,0.0011618421942521753,9.089490983423958e-4,PRDM1/ACVR2B/BCL2/CDKN1A/COL3A1/HOXA5/TP63/LGR4/NOTCH1/IL6ST/SHOX2/FGFR2/PCSK5/PDGFC/IGF2/RARB/SOX9/FOXF1/RET/EXT1,20,Module 2
GO:0048663,neuron fate commitment,13/1076,40/11952,0.325,3.6100371747211897,5.200654534651546,2.8343574034332773e-5,0.0011618421942521753,9.089490983423958e-4,HOXC10/FOXN4/ZNF521/GATA2/NKX2-1/NOTCH1/SOX1/OLIG1/EYA1/FOXA1/SOX9/MYT1L/PROX1,13,Module 2
GO:0019221,cytokine-mediated signaling pathway,55/1076,350/11952,0.15714285714285714,1.7455124800849708,4.452420452810161,2.8883594991531702e-5,0.0011672616372574527,9.13188914952203e-4,TP53/LAPTM5/PPARG/IL12A/TNFRSF11A/ROBO1/IL1A/CXCL10/TNFRSF19/CEBPA/TXK/TICAM2/GREM2/CD24/PLCB1/LILRB1/CCL1/RFFL/CCR7/LEPR/TBKBP1/CCR3/KRT8/MX1/TSLP/EGR1/ZBP1/NOTCH1/TRIM32/HDAC4/IFNAR2/IL6ST/CCR5/CXCL11/CXCL13/GAS6/LIFR/IRF7/FOSL1/ANGPT1/EDA2R/IL13RA1/SYK/SLC1A1/CXCL9/FCER1G/CX3CR1/IL22RA2/C1QTNF4/CD74/DOK1/SPPL2A/PIAS3/EXT1/IL20RB,55,Module 2
GO:0048736,appendage development,27/1076,130/11952,0.2076923076923077,2.307006005147269,4.712782977226663,2.9212226042825843e-5,0.0011672616372574527,9.13188914952203e-4,COL3A1/LARGE1/HOXC10/SP8/TBX2/CIBAR1/TP63/KREMEN1/PTCH1/FBN2/SP9/HOXC11/NOTCH1/TULP3/TWIST1/SHOX2/FGFR2/PCSK5/AFF3/PITX2/TBX3/CYP26B1/RARB/LRP4/PITX1/SOX9/EXT1,27,Module 2
GO:0060173,limb development,27/1076,130/11952,0.2076923076923077,2.307006005147269,4.712782977226663,2.9212226042825843e-5,0.0011672616372574527,9.13188914952203e-4,COL3A1/LARGE1/HOXC10/SP8/TBX2/CIBAR1/TP63/KREMEN1/PTCH1/FBN2/SP9/HOXC11/NOTCH1/TULP3/TWIST1/SHOX2/FGFR2/PCSK5/AFF3/PITX2/TBX3/CYP26B1/RARB/LRP4/PITX1/SOX9/EXT1,27,Module 2
GO:0045765,regulation of angiogenesis,36/1076,197/11952,0.18274111675126903,2.029852999452758,4.584275336904436,2.9736406851576004e-5,0.0011783051214936991,9.218286123988561e-4,CYP1B1/RUNX1/PPARG/IL1A/CXCL10/FGF18/HOXA5/SASH1/GAB1/ADGRB2/ITGB3/GPNMB/RHOB/THBS1/SMAD1/EPN2/NINJ1/PIK3R6/MDK/GATA2/MINAR1/SPRY2/CCR3/SPARC/HMOX1/TNN/TWIST1/SPINK5/KLF4/PLK2/CXCL13/ADAMTS1/PRKD1/RAPGEF3/COL4A3/CX3CR1,36,Module 2
GO:0048565,digestive tract development,19/1076,76/11952,0.25,2.7769516728624537,4.887884980064576,3.080875020104067e-5,0.0012107074975698212,9.471781053543081e-4,PRDM1/ACVR2B/BCL2/CDKN1A/COL3A1/HOXA5/TP63/LGR4/NOTCH1/IL6ST/SHOX2/FGFR2/PCSK5/PDGFC/RARB/SOX9/FOXF1/RET/EXT1,19,Module 2
GO:0033687,osteoblast proliferation,10/1076,25/11952,0.4,4.443122676579926,5.420390192018835,3.111820623905018e-5,0.0012128448415301934,9.48850223026776e-4,BCL2/ITGB3/PLXNB1/BMP2/TNN/FGFR2/CTHRC1/HPSE/NELL1/JUNB,10,Module 2
GO:0008544,epidermis development,39/1076,221/11952,0.17647058823529413,1.9602011808440851,4.5317350904170794,3.20971700179405e-5,0.0012408296214252608,9.707436785913713e-4,BCL2/CDKN1A/EMP1/BCR/ALDH3A2/IL1A/TNFRSF19/GSDME/MYO6/KRT75/GRHL3/FST/TP63/PALLD/PTCH1/LGR4/PTHLH/FABP5/NOTCH1/MACROH2A2/SPINK5/POU3F1/KLF4/FGFR2/PITX2/HPSE/CYP26B1/HEY2/LRP4/SOX21/EDA2R/TCHH/SOX9/MCOLN3/NCOA3/NAB1/EXT1/TGM1/LAMA5,39,Module 2
GO:0008038,neuron recognition,11/1076,30/11952,0.36666666666666664,4.072862453531598,5.300329258295044,3.275900863024143e-5,0.0012562023067483707,9.827702589072426e-4,ROBO1/CNR1/NCAM2/OPCML/PALLD/TNFRSF21/TNN/AMIGO1/ROBO2/EPHA4/EXT1,11,Module 2
GO:0048732,gland development,50/1076,310/11952,0.16129032258064516,1.7915817244273893,4.441569557170826,3.3072414927081054e-5,0.0012580746638261632,9.842350682299323e-4,CYP1B1/BCL2/ATP7B/TNFRSF11A/TGFA/KDM5B/ROBO1/HOXA5/HOXA3/TBX2/HGF/CEBPA/DRD2/SOCS2/CDKN2B/DDR1/TP63/MDK/AR/GATA2/ERBB4/PTCH1/NTN1/TBX1/BMP2/NKX2-1/NOTCH1/EAF2/E2F7/SIX3/FGFR2/PITX2/IGF2/NTN4/CYP7B1/ALDH1A3/TBX3/SULF2/FOXA1/PITX1/SOX9/FOXF1/PROX1/ZBTB7B/ASXL1/ASH1L/SRD5A1/EXT1/HOXB9/LAMA5,50,Module 2
GO:0010975,regulation of neuron projection development,53/1076,336/11952,0.15773809523809523,1.7521242697822623,4.39850003009414,3.620203598411267e-5,0.001366195881781395,0.001068822014769041,MDM2/DDR2/TRPV2/SEMA4F/ROBO1/PTPRG/TANC2/NEDD4/CAMSAP2/CNR1/ENC1/BRSK2/KNDC1/CYFIP1/NTRK1/DDR1/KREMEN1/TENM3/MDK/CD38/MINAR1/PLXNB1/FZD1/NTN1/ZNF365/STMN2/TNN/TSKU/ABL2/CUL7/SHOX2/KLF4/SEMA6C/APOE/CNTN1/HECW2/MAGI2/NDNF/PRKD1/AMIGO1/ROBO2/EPHA4/LRP4/SEMA3B/MAP2/TLX2/FAT3/FEZ1/LPAR3/RET/CAPRIN2/ARHGAP33/PLXNA3,53,Module 2
GO:0010001,glial cell differentiation,33/1076,176/11952,0.1875,2.08271375464684,4.551397313709723,3.702155106231177e-5,0.0013861218527660825,0.0010844107870220457,TP73/PARD3/LRP1/PICK1/LARGE1/GPR157/TTBK1/EGR2/TPPP/ZEB2/MDK/ZNF365/TNFRSF21/BMP2/NKX2-1/NOTCH1/KRAS/NCSTN/IL6ST/POU3F1/PAX2/CNTN1/SOX1/OLIG1/EPHA4/BCAN/CRB1/PLPP3/TLR4/SOX9/CSPG5/ABCA2/NAB1,33,Module 2
GO:0030323,respiratory tube development,28/1076,139/11952,0.2014388489208633,2.237543793961114,4.615954658166022,3.75912319390146e-5,0.0013964555302344876,0.0010924951782276119,ACVR2B/TP73/COL3A1/FGF18/DLG5/HOXA5/TBX2/CEBPA/SPRY2/SPRY1/BMP2/NKX2-1/NOTCH1/KRAS/TULP3/FGFR2/PCSK5/CELSR1/MMP14/FOXA1/SOX9/LOX/FOXF1/PROX1/ASXL1/ANXA2/EXT1/LAMA5,28,Module 2
GO:0060425,lung morphogenesis,13/1076,41/11952,0.3170731707317073,3.5219874875328676,5.087851218855191,3.811410886325845e-5,0.001404903780192201,0.0010991045346614066,DLG5/HOXA5/TBX2/SPRY2/SPRY1/NKX2-1/KRAS/FGFR2/CELSR1/FOXA1/SOX9/FOXF1/EXT1,13,Module 2
GO:0007187,"G protein-coupled receptor signaling pathway, coupled to cyclic nucleotide second messenger",9/1076,21/11952,0.42857142857142855,4.76048858204992,5.4248677884480125,4.0700712877257754e-5,0.0014887068440873894,0.001164666553103068,CNR1/CHRM2/TSHR/HRH4/OPRD1/HTR7/HTR2C/LPAR3/MTNR1B,9,Module 2
GO:1901342,regulation of vasculature development,36/1076,200/11952,0.18,1.9994052044609667,4.483058154265223,4.151681740380179e-5,0.0014896216211624238,0.0011653822146633474,CYP1B1/RUNX1/PPARG/IL1A/CXCL10/FGF18/HOXA5/SASH1/GAB1/ADGRB2/ITGB3/GPNMB/RHOB/THBS1/SMAD1/EPN2/NINJ1/PIK3R6/MDK/GATA2/MINAR1/SPRY2/CCR3/SPARC/HMOX1/TNN/TWIST1/SPINK5/KLF4/PLK2/CXCL13/ADAMTS1/PRKD1/RAPGEF3/COL4A3/CX3CR1,36,Module 2
GO:0001894,tissue homeostasis,33/1076,177/11952,0.1864406779661017,2.0709470102703045,4.514896692399445,4.166554692210355e-5,0.0014896216211624238,0.0011653822146633474,BCL2/JAM2/TNFRSF11A/ILDR1/COL3A1/F2R/ITGB3/PROM1/ADRB2/NT5E/ZEB2/S1PR1/GATA2/CD38/ESAM/LAMC1/RP1/PECAM1/NOTCH1/KRAS/TRIM32/SLC2A1/ANGPT1/CRB1/LRRK1/SYK/TLR4/SOX9/BBS1/SLC1A1/EXT1/NANOS1/IL20RB,33,Module 2
GO:0060249,anatomical structure homeostasis,33/1076,177/11952,0.1864406779661017,2.0709470102703045,4.514896692399445,4.166554692210355e-5,0.0014896216211624238,0.0011653822146633474,BCL2/JAM2/TNFRSF11A/ILDR1/COL3A1/F2R/ITGB3/PROM1/ADRB2/NT5E/ZEB2/S1PR1/GATA2/CD38/ESAM/LAMC1/RP1/PECAM1/NOTCH1/KRAS/TRIM32/SLC2A1/ANGPT1/CRB1/LRRK1/SYK/TLR4/SOX9/BBS1/SLC1A1/EXT1/NANOS1/IL20RB,33,Module 2
GO:0061005,cell differentiation involved in kidney development,12/1076,36/11952,0.3333333333333333,3.7026022304832713,5.107893026784077,4.3284263441734804e-5,0.0015319219590767845,0.001198475223504866,BASP1/PROM1/CD24/POU3F3/PTCH1/LGR4/LHX1/NOTCH1/PAX2/MAGI2/ASXL1/EXT1,12,Module 2
GO:0070372,regulation of ERK1 and ERK2 cascade,34/1076,185/11952,0.1837837837837838,2.0414347432934794,4.490127869225008,4.3493052465902396e-5,0.0015319219590767845,0.001198475223504866,F2R/IL1A/FGF18/FGFR3/ITGB3/GPNMB/DRD2/NEK10/FGG/NTRK1/CCL1/CCR7/CNKSR3/ATF3/DUSP4/SPRY2/ERBB4/PTPRR/SPRY1/BMP2/NOTCH1/FGFR2/PDGFC/FFAR4/APOE/GAS6/FBLN1/EPHA4/ANGPT1/SYK/AKAP12/TLR4/HTR2C/CD74,34,Module 2
GO:0048706,embryonic skeletal system development,21/1076,91/11952,0.23076923076923078,2.563340005719188,4.708549540863696,4.3871620878407064e-5,0.0015338938035060704,0.0012000178652034873,PCGF2/HOXA5/HOXA3/HOXB2/NDST1/TBX1/LHX1/HOXC11/TULP3/TWIST1/SHOX2/FGFR2/PCSK5/GSC/DMRT2/MMP14/SULF2/EYA1/IRX5/EXT1/HOXB9,21,Module 2
GO:0030335,positive regulation of cell migration,60/1076,398/11952,0.1507537688442211,1.6745437223291177,4.304860857812165,4.465483541000066e-5,0.0015498813312011179,0.001212525457848193,MDM2/DDR2/CYP1B1/S100A11/BCL2/SEMA4F/IL12A/JAM2/F2R/IL1A/CXCL10/FGF18/SASH1/GAB1/ITGB3/GPNMB/HGF/RHOB/THBS1/CCL1/WNT5B/S1PR1/CCR7/MDK/GATA2/SPRY2/SPARC/PECAM1/HMOX1/BMP2/NOTCH1/TRIM32/ABL2/TWIST1/RIN2/PLK2/WASHC1/SEMA6C/CXCL13/PDGFC/ADAMTS1/GAS6/PRKD1/MMP14/MYLK/EPHA4/ANGPT1/SEMA3B/PLPP3/AKAP12/TLR4/SOX9/MSTN/CX3CR1/FOXF1/PROX1/RET/CD74/SRGAP2C/GPLD1,60,Module 2
GO:2000147,positive regulation of cell motility,61/1076,407/11952,0.14987714987714987,1.664806408300832,4.292092692882764,4.6014722821972385e-5,0.001585507297235353,0.00124039687607056,MDM2/DDR2/CYP1B1/S100A11/BCL2/SEMA4F/IL12A/JAM2/F2R/IL1A/CXCL10/FGF18/SASH1/GAB1/ITGB3/GPNMB/HGF/RHOB/THBS1/CCL1/WNT5B/S1PR1/CCR7/MDK/GATA2/SPRY2/NTN1/SPARC/PECAM1/HMOX1/BMP2/NOTCH1/TRIM32/ABL2/TWIST1/RIN2/PLK2/WASHC1/SEMA6C/CXCL13/PDGFC/ADAMTS1/GAS6/PRKD1/MMP14/MYLK/EPHA4/ANGPT1/SEMA3B/PLPP3/AKAP12/TLR4/SOX9/MSTN/CX3CR1/FOXF1/PROX1/RET/CD74/SRGAP2C/GPLD1,61,Module 2
GO:0090102,cochlea development,11/1076,31/11952,0.3548387096774194,3.941479793740257,5.157794464338849,4.6673938226465207e-5,0.0015966516278190076,0.0012491154690823783,TBX2/GRHL3/GATA2/TBX1/PAX2/CTHRC1/EPHA4/HEY2/GABRB2/EYA1/SOX9,11,Module 2
GO:0007264,small GTPase-mediated signal transduction,62/1076,416/11952,0.14903846153846154,1.655490420360309,4.280150598983368,4.730083446415008e-5,0.001606539056264526,0.0012568507443331308,TP53/PLEKHG4/CHP1/ITSN1/RHOQ/RHOU/CDKN1A/HACD3/ARHGAP12/RASGRP4/BCR/COL3A1/ROBO1/RAB4A/F2R/CYTH3/CHN2/CDC42EP4/KNDC1/CYFIP1/RHOB/PLEKHG6/ARFGEF3/NTRK1/ARHGEF11/DNMBP/AUTS2/ARHGEF40/SPRY2/PLXNB1/RAB4B/NTN1/ARHGAP32/RASL10A/RALGPS2/SPRY1/ARHGEF25/NOTCH1/KRAS/SRGAP2/SQSTM1/ADGRG1/ABL2/RGL1/LPAR2/FARP1/SOS2/RIN2/PLK2/APOE/RRAD/CELSR1/RAPGEF3/ABCA1/ARHGAP20/LRP4/ARHGAP21/TRIO/DOK1/ARL3/ARHGAP33/ARHGAP23,62,Module 2
GO:0060749,mammary gland alveolus development,8/1076,17/11952,0.47058823529411764,5.227203148917559,5.485800729101847,4.87689585484497e-5,0.0016245416076381362,0.0012709347592878794,TNFRSF11A/TGFA/HOXA5/SOCS2/DDR1/AR/ERBB4/FOXF1,8,Module 2
GO:0061377,mammary gland lobule development,8/1076,17/11952,0.47058823529411764,5.227203148917559,5.485800729101847,4.87689585484497e-5,0.0016245416076381362,0.0012709347592878794,TNFRSF11A/TGFA/HOXA5/SOCS2/DDR1/AR/ERBB4/FOXF1,8,Module 2
GO:0050678,regulation of epithelial cell proliferation,41/1076,241/11952,0.17012448132780084,1.889709852072375,4.388676709917814,4.885582542423837e-5,0.0016245416076381362,0.0012709347592878794,PPARG/IL12A/TGFA/KDM5B/ROBO1/HOXA5/ITGB3/ARX/DRD2/CDKN2B/THBS1/TP63/MDK/FZD7/PTPRK/AR/GATA2/LAMC1/CCR3/PTCH1/TBX1/SPARC/NR2F2/HMOX1/NOTCH1/TWIST1/EAF2/FGFR2/PAX2/APOE/PRKD1/IGF2/CYP7B1/SULF2/EYA1/GPR15LG/SOX9/COL4A3/PROX1/TGM1/LAMA5,41,Module 2
GO:0044057,regulation of system process,50/1076,315/11952,0.15873015873015872,1.7631439192777483,4.317326237765354,5.0677644089558506e-5,0.0016671845295101978,0.0013042957833392082,MDM2/PPARG/JAM2/KDM5B/F2R/PARD3/GRIN2C/TSHZ3/TBX2/ADRB2/DRD2/CHRM2/EGR2/TPPP/FGG/FOXN4/CD38/GJC1/KCNIP2/KCNE5/TNFRSF21/TNNT1/FABP5/NOTCH1/HDAC4/LPCAT3/IL6ST/SHOX2/KCND3/CCN3/APOE/GAS6/GJD3/PRKD1/NLGN3/CASQ1/HEY2/ADRA2C/NETO1/HTR2C/DLGAP1/SLC1A1/MSTN/SLC8A1/MTNR1B/CBLN1/NRXN1/NLGN2/CTSC/ATPSCKMT,50,Module 2
GO:0040017,positive regulation of locomotion,62/1076,417/11952,0.1486810551558753,1.6515204193522506,4.259522522867326,5.083948617854441e-5,0.0016671845295101978,0.0013042957833392082,MDM2/DDR2/CYP1B1/S100A11/BCL2/SEMA4F/IL12A/JAM2/F2R/IL1A/CXCL10/FGF18/SASH1/GAB1/ITGB3/GPNMB/HGF/RHOB/THBS1/CCL1/WNT5B/S1PR1/CCR7/MDK/GATA2/SPRY2/NTN1/SPARC/PECAM1/HMOX1/BMP2/NOTCH1/TRIM32/ABL2/TWIST1/RIN2/PLK2/WASHC1/SEMA6C/CXCL13/PDGFC/ADAMTS1/GAS6/PRKD1/MMP14/MYLK/EPHA4/ANGPT1/SEMA3B/PLPP3/AKAP12/TLR4/SOX9/ARTN/MSTN/CX3CR1/FOXF1/PROX1/RET/CD74/SRGAP2C/GPLD1,62,Module 2
GO:0050804,modulation of chemical synaptic transmission,49/1076,307/11952,0.15960912052117263,1.772907256941501,4.315195594066856,5.205547228646121e-5,0.0016953682926172811,0.0013263449103125733,PFN2/BCR/UNC13C/F2R/PICK1/LARGE1/GRIN2C/CNR1/TSHZ3/ADRB2/DRD2/CYFIP1/CHRM2/SLC6A9/EGR2/NTRK1/SYT7/GRID1/PLCB1/RAPSN/RIMS3/CD38/PLAT/KRAS/SQSTM1/NCSTN/CACNA1A/HIP1/CBLN2/CPEB3/ADCY1/PLK2/APOE/NLGN3/EPHA4/NETO1/AKAP12/SNCA/CHRNB3/SYN3/DLGAP1/CSPG5/SLC1A1/CX3CR1/CBLN1/NRXN1/NLGN2/KMO/TRIO,49,Module 2
GO:2000027,regulation of animal organ morphogenesis,15/1076,54/11952,0.2777777777777778,3.0855018587360594,4.831078988340791,5.622696396129873e-5,0.0018187701607889487,0.0014228864349389884,ROBO1/HGF/GRHL3/AR/FZD1/LGR4/TBX1/LHX1/SPRY1/BMP2/HOXC11/PAX2/NTN4/ROBO2/SOX9,15,Module 2
GO:0060541,respiratory system development,30/1076,157/11952,0.1910828025477707,2.122510832761111,4.453126720762688,5.721812186980347e-5,0.0018383254695332127,0.0014381852253761414,BASP1/ACVR2B/TP73/COL3A1/FGF18/DLG5/HOXA5/TBX2/CEBPA/SPRY2/SPRY1/BMP2/NKX2-1/NOTCH1/KRAS/TULP3/DISP1/FGFR2/CELSR1/MMP14/ALDH1A3/FOXA1/SOX9/LOX/FOXF1/PROX1/ASXL1/ANXA2/EXT1/LAMA5,30,Module 2
GO:0001649,osteoblast differentiation,31/1076,165/11952,0.18787878787878787,2.0869212571814804,4.421932126533571,6.0595872502383004e-5,0.0019337810318713503,0.0015128633940192267,DDR2/ACVR2B/PPARG/MRC2/SMAD6/HGF/CEBPA/SMAD1/TP63/FZD1/PTCH1/LGR4/FBN2/BMP2/TNN/PTHLH/NOTCH1/TENT5A/TWIST1/IL6ST/SHOX2/FGFR2/FFAR4/PRKD1/IGF2/CTHRC1/NELL1/SOX9/LOX/CRIM1/JUNB,31,Module 2
GO:0106106,cold-induced thermogenesis,25/1076,121/11952,0.2066115702479339,2.295001382530953,4.50324784073958,6.239485015079953e-5,0.001977916749780345,0.0015473922837398284,ACVR2B/TRPV2/ACOT11/PCTP/HOXC10/ADRB2/ELOVL3/TSHR/IRF4/LEPR/LGR4/ZNF516/FABP5/NOTCH1/SFXN5/PDGFC/FFAR4/IGF2BP2/ZNF423/NOVA1/SYK/TLR4/OXT/ZBTB7B/GNAS,25,Module 2
GO:0070371,ERK1 and ERK2 cascade,36/1076,204/11952,0.17647058823529413,1.9602011808440851,4.350798898582423,6.381341111426597e-5,0.0020094885420419515,0.001572091982417678,F2R/IL1A/FGF18/FGFR3/ITGB3/GPNMB/DRD2/NEK10/FGG/NTRK1/CCL1/CCR7/CNKSR3/ATF3/DUSP4/SPRY2/ERBB4/PTPRR/SPRY1/BMP2/NOTCH1/FGFR2/PDGFC/FFAR4/APOE/GAS6/FBLN1/EPHA4/ANGPT1/SYK/AKAP12/TLR4/HTR2C/SOX9/PTGER4/CD74,36,Module 2
GO:0048704,embryonic skeletal system morphogenesis,17/1076,67/11952,0.2537313432835821,2.818398712755923,4.69462149596754,6.510322920507165e-5,0.0020319054268089745,0.001589629482172321,PCGF2/HOXA5/HOXA3/HOXB2/NDST1/TBX1/LHX1/HOXC11/TULP3/TWIST1/SHOX2/FGFR2/GSC/MMP14/EYA1/IRX5/HOXB9,17,Module 2
GO:0007193,adenylate cyclase-inhibiting G protein-coupled receptor signaling pathway,11/1076,32/11952,0.34375,3.818308550185874,5.021102176141335,6.537992225063578e-5,0.0020319054268089745,0.001589629482172321,GNAZ/ITGB3/DRD2/CHRM2/RXFP2/S1PR1/HRH4/OPRD1/GPR37/AKAP12/ADCY5,11,Module 2
GO:0042246,tissue regeneration,14/1076,49/11952,0.2857142857142857,3.1736590546999466,4.795511173714466,7.052669436947843e-5,0.002176847001339681,0.0017030222597231575,RUNX1/CDKN1A/PTGFRN/LARGE1/TXK/NINJ1/MDK/FZD7/ERBB4/CPQ/NOTCH1/BCL9/CCN3/MSTN,14,Module 2
GO:0003407,neural retina development,15/1076,55/11952,0.2727272727272727,3.0294018249408583,4.744651515551544,7.095926082179822e-5,0.002176847001339681,0.0017030222597231575,PRDM1/ZHX2/LARGE1/PROM1/GPM6A/FOXN4/RP1/LHX1/NOTCH1/SIX3/SAMD11/CRB1/FAT3/SOX9/SLC1A1,15,Module 2
GO:0070374,positive regulation of ERK1 and ERK2 cascade,25/1076,122/11952,0.20491803278688525,2.2761898957888964,4.45632138577112,7.190142059624905e-5,0.0021916106085587447,0.0017145723372951694,F2R/IL1A/FGF18/FGFR3/ITGB3/GPNMB/DRD2/FGG/NTRK1/CCL1/CCR7/SPRY2/ERBB4/BMP2/NOTCH1/FGFR2/PDGFC/FFAR4/APOE/GAS6/ANGPT1/AKAP12/TLR4/HTR2C/CD74,25,Module 2
GO:0007158,neuron cell-cell adhesion,6/1076,10/11952,0.6,6.664684014869889,5.636516922468498,8.026487131079202e-5,0.0024309519941580642,0.001901817332969085,NCAM2/ASTN2/NLGN3/RET/NRXN1/NLGN2,6,Module 2
GO:0120035,regulation of plasma membrane bounded cell projection organization,70/1076,494/11952,0.1417004048582996,1.573980705266168,4.098076096323829,8.08832482335439e-5,0.0024341762363955777,0.0019043397685366032,MDM2/DDR2/TRPV2/RHOQ/PFN2/SEMA4F/MYO10/ROBO1/TENM2/PTPRG/TANC2/NEDD4/CAMSAP2/CNR1/ENC1/CDC42EP4/BRSK2/KNDC1/ADAMTS16/CYFIP1/GPM6A/NTRK1/TENM1/DDR1/AGRN/KREMEN1/AUTS2/CCR7/TENM3/MDK/CD38/MINAR1/PLXNB1/FZD1/RP1/NTN1/ZNF365/STMN2/TNN/DZIP1/TSKU/TRIM32/ABL2/CUL7/SHOX2/KLF4/WASHC1/SEMA6C/APOE/CNTN1/HECW2/MAGI2/NDNF/PRKD1/AMIGO1/ROBO2/EPHA4/LRP4/SEMA3B/MAP2/TLX2/FAT3/FEZ1/MSTN/LPAR3/RET/CAPRIN2/SRGAP2C/ARHGAP33/PLXNA3,70,Module 2
GO:0072080,nephron tubule development,16/1076,62/11952,0.25806451612903225,2.866530759083823,4.634615695031516,8.519797841602018e-5,0.0025479018073470187,0.0019933111931295286,LZTS2/BCL2/ADAMTS16/PROM1/CD24/POU3F3/PTCH1/LGR4/HS3ST3A1/LHX1/BMP2/NOTCH1/PAX2/EYA1/SOX9/LAMA5,16,Module 2
GO:0009880,embryonic pattern specification,13/1076,44/11952,0.29545454545454547,3.2818519770192633,4.769447285783086,8.700018551541733e-5,0.002585536763286309,0.002022754313233453,BASP1/SMAD6/MEIS3/SMAD1/ERBB4/PTCH1/LHX1/DISP1/FGFR2/TBX3/PCSK6/TDRKH/LAMA5,13,Module 2
GO:0042060,wound healing,46/1076,289/11952,0.15916955017301038,1.7680245944868216,4.15712009157197,9.360837207801388e-5,0.0027646447778320246,0.002162876671616221,DDR2/PPARG/TFPI/CDKN1A/COL3A1/TYRO3/F2R/IL1A/PROS1/ITGB3/TXK/THBS1/TMEFF2/FGG/SYT7/GRHL3/DDR1/ANXA5/SMPD1/FZD7/F5/GATA2/PLAT/HMOX1/PHLDB2/TSKU/ELK3/IL6ST/APOE/GAS6/NDNF/FBLN1/HPSE/MYLK/ADRA2C/PLPP3/SYK/PAPSS2/TLR4/FCER1G/ITGB5/F12/ANXA2/GNAS/GGCX/EXT1,46,Module 2
GO:0021761,limbic system development,19/1076,82/11952,0.23170731707317074,2.5737600870432495,4.497733850536196,9.437915126267175e-5,0.002770202865765458,0.0021672249549206106,BTG2/LARGE1/CDK5R2/DRD2/MDK/SCN2A/DCLK2/NKX2-1/TSKU/FGFR2/NDNF/ALDH1A3/TBX3/BCAN/FEZ1/BBS1/PROX1/SRD5A1/PLXNA3,19,Module 2
GO:0051962,positive regulation of nervous system development,35/1076,200/11952,0.175,1.9438661710037173,4.233925254307171,9.55236922665233e-5,0.00278659605354183,0.002180049909395501,TRPV2/TP73/ROBO1/DLG5/DRD2/CYFIP1/TTBK1/EGR2/NTRK1/AGRN/MDK/ETV5/PLXNB1/NTN1/ZNF365/BMP2/NOTCH1/KRAS/TRIM32/CUL7/IL6ST/SHOX2/CBLN2/NLGN3/AMIGO1/ROBO2/EPHA4/BCAN/LPAR3/CX3CR1/CBLN1/NRXN1/CAPRIN2/NLGN2/PLXNA3,35,Module 2
GO:0007204,positive regulation of cytosolic calcium ion concentration,21/1076,96/11952,0.21875,2.4298327137546467,4.4241048376746255,1.005683780407454e-4,0.002915869741364295,0.00228118516043642,BCL2/F2R/CD24/CCL1/CCR7/GATA2/CD38/CCR3/HRH4/ABL2/CACNA1A/LPAR2/CCR5/GIPR/CXCL13/FFAR4/SLC8A1/LPAR3/CX3CR1/ADCY5/PTGER4,21,Module 2
GO:0061448,connective tissue development,34/1076,193/11952,0.17616580310880828,1.956815686576651,4.214978905741061,1.0453466996085693e-4,0.003012499125235604,0.0023567816500265925,CHSY1/RUNX1/PPARG/COL3A1/PLAAT3/FGF18/LARGE1/HOXA5/FGFR3/HOXA3/ITGB3/CBS/SMAD1/WNT5B/CSGALNACT1/MDK/EGR1/BMP2/ZNF516/PTHLH/TSKU/NOTCH1/SHOX2/CCN3/SULF2/RARB/RASAL2/FOXA1/PITX1/SOX9/BBS1/LOX/EXT1/GPLD1,34,Module 2
GO:0001667,ameboidal-type cell migration,49/1076,316/11952,0.1550632911392405,1.7224130629146863,4.0935578750831105,1.0909599140039851e-4,0.0031250086693306923,0.0024448017349968827,DDR2/CYP1B1/PPARG/PFN2/SEMA4F/NRTN/ROBO1/PTPRG/FGF18/SASH1/ITGB3/RHOB/THBS1/RFFL/ZEB2/GATA2/ERBB4/TBX1/SPARC/PDLIM1/NR2F2/PTPRR/ACVR1C/HMOX1/FAT2/NOTCH1/SRGAP2/TWIST1/RIN2/KLF4/PLK2/SEMA6C/CCN3/CXCL13/AMOTL1/APOE/PITX2/PRKD1/ANGPT1/SEMA3B/PLPP3/AKAP12/SOX9/FSTL1/PROX1/RET/GPLD1/NANOS1/LAMA5,49,Module 2
GO:0007611,learning or memory,32/1076,178/11952,0.1797752808988764,1.996909068125809,4.214802134191467,1.1157989022113838e-4,0.00317702022755397,0.0024854921654049985,ACSS2/BTG2/ZNF385A/LARGE1/CNR1/DRD2/FOXO6/TTBK1/EGR2/C1QL1/NTRK1/PLCB1/MDK/SCN2A/LRRC66/DNAAF4/GM2A/KRAS/NCSTN/CPEB3/ADCY1/PLK2/APOE/NLGN3/RAPGEF3/FOSL1/ITGA8/NETO1/SLC1A1/CX3CR1/NRXN1/MAN2B1,32,Module 2
GO:0009952,anterior/posterior pattern specification,26/1076,133/11952,0.19548872180451127,2.1714509321631215,4.273003178368136,1.1848990960965725e-4,0.0033536876202019056,0.002623705141356696,TP53/BASP1/ACVR2B/PCGF2/BTG2/HOXA5/HOXC10/HOXA3/HOXB2/TBX1/NR2F2/LHX1/BMP2/HOXC11/NOTCH1/LFNG/TULP3/PCSK5/DMRT2/TBX3/HEY2/PCSK6/HES4/FOXF1/TDRKH/HOXB9,26,Module 2
GO:0061326,renal tubule development,16/1076,64/11952,0.25,2.7769516728624537,4.483166462867543,1.2822524463250857e-4,0.003607757622648392,0.0028224728404315494,LZTS2/BCL2/ADAMTS16/PROM1/CD24/POU3F3/PTCH1/LGR4/HS3ST3A1/LHX1/BMP2/NOTCH1/PAX2/EYA1/SOX9/LAMA5,16,Module 2
GO:0035265,organ growth,24/1076,119/11952,0.20168067226890757,2.2402299209646683,4.276632307567437,1.29287599978664e-4,0.0036162502229326312,0.0028291168936507654,BASP1/DDR2/ACVR2B/BCL2/RUNX1/TP73/FGFR3/TBX2/ARX/SMAD1/S1PR1/LEPR/AR/SPRY2/ERBB4/TSKU/NOTCH1/FGFR2/IGF2/HEY2/RARB/SOX9/PROX1/EXT1,24,Module 2
GO:0003013,circulatory system process,54/1076,361/11952,0.14958448753462603,1.6615555715742103,4.014515497881012,1.3070047975199467e-4,0.003634390533454589,0.002843308682324095,MDM2/SLC44A1/PPARG/BCR/F2R/ATP1A4/CXCL10/SLCO3A1/LRP1/CNR1/TBX2/CBS/ADAMTS16/ADRB2/DRD2/CHRM2/SLC6A9/FGG/FOXN4/ZEB2/LEPR/F5/AR/SCN3A/CD38/GJC1/ABCC2/NR2F2/KCNIP2/KCNE5/SCN2A/FABP5/SLC2A1/SHOX2/PDE3A/KCND3/PCSK5/APOE/GAS6/GJD3/SLC6A13/HTR7/GSN/SLCO1C1/HEY2/ADRA2C/ANGPT1/AKAP12/SLC1A1/COL4A3/SLC8A1/MTNR1B/ABCA2/EXT1,54,Module 2
GO:0002791,regulation of peptide secretion,26/1076,134/11952,0.19402985074626866,2.155246074460412,4.229885068844631,1.3469660910105853e-4,0.003723734745787984,0.002913205731720568,ILDR1/GNAZ/PICK1/CNR1/PFKFB2/SLC30A8/BRSK2/DRD2/FGG/SYT7/PLCB1/TM7SF3/CD38/ACVR1C/MYRIP/DOC2B/CCN3/GIPR/FFAR4/PRKD1/HTR2C/MTNR1B/ADCY5/NLGN2/CD74/GPLD1,26,Module 2
GO:0043405,regulation of MAP kinase activity,20/1076,91/11952,0.21978021978021978,2.4412761959230362,4.340911347336279,1.363903726800902e-4,0.0037487642895597047,0.002932787204450495,PPARG/TNFRSF11A/ROBO1/FGF18/SASH1/THBS1/NEK10/MAPK8IP1/TENM1/CD24/TPD52L1/SMPD1/PIK3R6/SPRY2/SPRY1/BMP2/UCHL1/PDGFC/APOE/TLR4,20,Module 2
GO:0021675,nerve development,15/1076,58/11952,0.25862068965517243,2.8727086270990903,4.496699854665503,1.3721183846648153e-4,0.0037496683442995384,0.0029334944775592604,LRIG1/NRTN/LARGE1/HOXA3/HOXB2/EGR2/NTRK1/TBX1/SCN2A/PAX2/SULF2/GABRB2/RET/EXT1/PLXNA3,15,Module 2
GO:0010092,specification of animal organ identity,9/1076,24/11952,0.375,4.16542750929368,4.882337948129937,1.4121931625500042e-4,0.0038371305645287256,0.0030019191798205808,ROBO1/AR/SPRY1/BMP2/HOXC11/FGFR2/PAX2/ROBO2/EXT1,9,Module 2
GO:0048645,animal organ formation,13/1076,46/11952,0.2826086956521739,3.139162760627121,4.572076261612723,1.4389095356388322e-4,0.003887508432933322,0.00304133151850935,ROBO1/HOXA3/TP63/AR/SPRY1/BMP2/HOXC11/NOTCH1/FGFR2/PAX2/ROBO2/EYA1/EXT1,13,Module 2
GO:0120161,regulation of cold-induced thermogenesis,24/1076,120/11952,0.2,2.221561338289963,4.230098507512986,1.4810178215902248e-4,0.0039786665207127226,0.003112647625037083,ACVR2B/TRPV2/ACOT11/PCTP/HOXC10/ADRB2/ELOVL3/TSHR/IRF4/LEPR/LGR4/ZNF516/FABP5/NOTCH1/SFXN5/PDGFC/FFAR4/ZNF423/NOVA1/SYK/TLR4/OXT/ZBTB7B/GNAS,24,Module 2
GO:0030324,lung development,26/1076,135/11952,0.1925925925925926,2.139281288723668,4.187143938483202,1.5285025839092525e-4,0.004083162801398031,0.0031943986585069774,ACVR2B/TP73/COL3A1/FGF18/DLG5/HOXA5/TBX2/CEBPA/SPRY2/SPRY1/BMP2/NKX2-1/NOTCH1/KRAS/FGFR2/CELSR1/MMP14/FOXA1/SOX9/LOX/FOXF1/PROX1/ASXL1/ANXA2/EXT1/LAMA5,26,Module 2
GO:0045766,positive regulation of angiogenesis,22/1076,106/11952,0.20754716981132076,2.30539384162166,4.2460224629476855,1.575021318093572e-4,0.004144660840907922,0.0032425106894169234,CYP1B1/RUNX1/IL1A/FGF18/SASH1/GAB1/ITGB3/RHOB/THBS1/SMAD1/NINJ1/PIK3R6/MDK/GATA2/CCR3/HMOX1/TNN/TWIST1/KLF4/PRKD1/RAPGEF3/CX3CR1,22,Module 2
GO:0060740,prostate gland epithelium morphogenesis,7/1076,15/11952,0.4666666666666667,5.18364312267658,5.099485048851996,1.5829609608446722e-4,0.004144660840907922,0.0032425106894169234,TP63/AR/NOTCH1/FGFR2/CYP7B1/FOXA1/SOX9,7,Module 2
GO:0090103,cochlea morphogenesis,7/1076,15/11952,0.4666666666666667,5.18364312267658,5.099485048851996,1.5829609608446722e-4,0.004144660840907922,0.0032425106894169234,TBX2/GRHL3/TBX1/PAX2/CTHRC1/EYA1/SOX9,7,Module 2
GO:0060537,muscle tissue development,45/1076,287/11952,0.156794425087108,1.7416421641646047,4.000061317562798,1.586389638370645e-4,0.004144660840907922,0.0032425106894169234,BCL2/RUNX1/SVIL/TP73/COL3A1/BTG2/LARGE1/TBX2/TLL2/EGR2/SMAD1/S1PR1/FZD7/ATF3/GJC1/ERBB4/PTCH1/TBX1/NR2F2/EGR1/BMP2/TNN/NOTCH1/KRAS/BCL9/TWIST1/SHOX2/FGFR2/ACTN2/HLF/CASQ1/IGF2/TBX3/MYLK/CYP26B1/HEY2/RARB/ITGA8/EYA1/PITX1/SOX9/MSTN/LOX/SLC8A1/PROX1,45,Module 2
GO:0007626,locomotory behavior,25/1076,128/11952,0.1953125,2.169493494423792,4.184024741526112,1.6140439550636345e-4,0.00419257304137613,0.003279994051297414,TMOD1/ZNF385A/LARGE1/DRD2/C1QL1/PITX3/CIART/EGR1/NKX2-1/UCHL1/OPRD1/APOE/CNTN1/DMBX1/ALDH1A3/GPR37/EPHA4/SNCA/HTR2C/SLC1A1/MCOLN3/SELENOP/ADCY5/NLGN2/ABCA2,25,Module 2
GO:0021543,pallium development,27/1076,143/11952,0.1888111888111888,2.097278186497517,4.15194758734932,1.6254296435928668e-4,0.00419257304137613,0.003279994051297414,FOXP2/COL3A1/ROBO1/BTG2/LARGE1/ARX/CDK5R2/PLCB1/CCDC85C/MDK/POU3F3/SCN2A/DCLK2/NKX2-1/TSKU/SRGAP2/ADGRG1/SLC2A1/FAT4/BCAN/BTBD3/FEZ1/BBS1/PROX1/SRD5A1/SRGAP2C/PLXNA3,27,Module 2
GO:0072189,ureter development,6/1076,11/11952,0.5454545454545454,6.058803649881717,5.279556914907026,1.6311798373387675e-4,0.00419257304137613,0.003279994051297414,LZTS2/LHX1/PAX2/SOX9/FOXF1/RET,6,Module 2
GO:0090087,regulation of peptide transport,26/1076,136/11952,0.19117647058823528,2.1235512792477587,4.1447731984581315,1.7315009311058265e-4,0.004426498348068928,0.0034630018622116526,ILDR1/GNAZ/PICK1/CNR1/PFKFB2/SLC30A8/BRSK2/DRD2/FGG/SYT7/PLCB1/TM7SF3/CD38/ACVR1C/MYRIP/DOC2B/CCN3/GIPR/FFAR4/PRKD1/HTR2C/MTNR1B/ADCY5/NLGN2/CD74/GPLD1,26,Module 2
GO:0060675,ureteric bud morphogenesis,12/1076,41/11952,0.2926829268292683,3.2510653731072625,4.541293626119642,1.789496427883151e-4,0.0045260933588214805,0.003540918463683682,LZTS2/BCL2/ADAMTS16/PTCH1/LGR4/HS3ST3A1/LHX1/BMP2/PAX2/EYA1/SOX9/LAMA5,12,Module 2
GO:0072171,mesonephric tubule morphogenesis,12/1076,41/11952,0.2926829268292683,3.2510653731072625,4.541293626119642,1.789496427883151e-4,0.0045260933588214805,0.003540918463683682,LZTS2/BCL2/ADAMTS16/PTCH1/LGR4/HS3ST3A1/LHX1/BMP2/PAX2/EYA1/SOX9/LAMA5,12,Module 2
GO:0019882,antigen processing and presentation,19/1076,86/11952,0.22093023255813954,2.4540503155528657,4.256475598515884,1.849645385842002e-4,0.004653472915173925,0.003640571870546163,UNC93B1/RAB4A/ULBP1/CTSV/THBS1/CCR7/HLA-DPA1/HLA-B/CTSF/HLA-A/MR1/CTSL/FCER1G/HLA-F/CD74/MICB/RELB/EXT1/HLA-DMA,19,Module 2
GO:0051896,regulation of phosphatidylinositol 3-kinase/protein kinase B signal transduction,31/1076,175/11952,0.17714285714285713,1.9676686139139667,4.056037870459218,1.8721610071465564e-4,0.004685329257358882,0.0036654941824132577,F2R/NEDD4/FGFR3/MEIS3/HGF/DRD2/THBS1/NTRK1/CCR7/PRR5/SPRY2/PLXNB1/ERBB4/TWIST1/HIP1/PTPN13/PHLDA3/GAS6/MAGI2/PRKD1/IGF2/RAPGEF3/HPSE/UNC5B/ANGPT1/BANK1/SOX9/MSTN/CX3CR1/RET/PHLPP1,31,Module 2
GO:0050819,negative regulation of coagulation,10/1076,30/11952,0.3333333333333333,3.7026022304832713,4.661673567360872,1.883817015441072e-4,0.004689816705980261,0.0036690048677700464,TFPI/PROS1/THBS1/FGG/ANXA5/PLAT/APOE/HS3ST5/F12/ANXA2,10,Module 2
GO:0031128,developmental induction,8/1076,20/11952,0.4,4.443122676579926,4.847128480934899,1.9766617922552877e-4,0.004895326469882236,0.0038297822224946207,ROBO1/AR/SPRY1/BMP2/HOXC11/NKX2-1/ROBO2/SOX9,8,Module 2
GO:0031346,positive regulation of cell projection organization,43/1076,273/11952,0.1575091575091575,1.7495812737448424,3.9406773896431875,1.9876238026587608e-4,0.00489696952416705,0.0038310676403578185,DDR2/TRPV2/RHOQ/ROBO1/TENM2/CNR1/ENC1/CDC42EP4/CYFIP1/GPM6A/NTRK1/TENM1/DDR1/AGRN/AUTS2/CCR7/TENM3/MDK/PLXNB1/FZD1/RP1/NTN1/STMN2/TNN/DZIP1/ABL2/CUL7/SHOX2/WASHC1/APOE/CNTN1/MAGI2/NDNF/PRKD1/AMIGO1/ROBO2/EPHA4/FEZ1/MSTN/LPAR3/RET/CAPRIN2/PLXNA3,43,Module 2
GO:0007548,sex differentiation,31/1076,176/11952,0.17613636363636365,1.956488678607638,4.02078571896276,2.0812756756864248e-4,0.005075981445822752,0.003971114821968588,MAMLD1/BASP1/CYP1B1/BCL2/TYRO3/IL1A/NRIP1/RXFP2/NTRK1/FST/TP63/AR/LGR4/NR2F2/LHX1/NKX2-1/NOTCH1/ADGRG1/LFNG/DMRT2/ADAMTS1/MMP14/TBX3/ROBO2/GFRA1/DMRT1/SOX9/IRX5/ATN1/SRD5A1/REC8,31,Module 2
GO:0042692,muscle cell differentiation,44/1076,282/11952,0.15602836879432624,1.7331329589496165,3.918731697174928,2.0903841975147185e-4,0.005075981445822752,0.003971114821968588,MDM2/TMOD1/BCL2/JAM2/PTGFRN/CXCL10/LARGE1/TBX2/SMAD1/NINJ1/WNT5B/FZD7/LAMC1/KRT8/TBX1/BMP2/TNNT1/NOTCH1/KRAS/TRIM32/HDAC4/BCL9/SHOX2/UCHL1/FGFR2/ACTN2/NID1/CCN3/KCNH1/PRKD1/CASQ1/IGF2/MMP14/TBX3/CYP26B1/HEY2/RARB/ITGA8/SOX9/CXCL9/LOX/SLC8A1/FOXF1/PROX1,44,Module 2
GO:1904018,positive regulation of vasculature development,22/1076,108/11952,0.2037037037037037,2.26270136307311,4.146073406859638,2.09230780942431e-4,0.005075981445822752,0.003971114821968588,CYP1B1/RUNX1/IL1A/FGF18/SASH1/GAB1/ITGB3/RHOB/THBS1/SMAD1/NINJ1/PIK3R6/MDK/GATA2/CCR3/HMOX1/TNN/TWIST1/KLF4/PRKD1/RAPGEF3/CX3CR1,22,Module 2
GO:0033674,positive regulation of kinase activity,36/1076,216/11952,0.16666666666666666,1.8513011152416357,3.971217621337823,2.103809797805525e-4,0.005077977456124504,0.003972676369460179,CD86/DDR2/CDKN1A/TNFRSF11A/TYRO3/ROBO1/FGF18/SASH1/MAPRE3/FGFR3/SNX9/ITGB3/ADRB2/TTBK1/THBS1/NEK10/NTRK1/TENM1/CD24/TPD52L1/DDR1/CCR7/PIK3R6/EEF1A2/ERBB4/FGFR2/PDGFC/GAS6/EPHA4/ADRA2C/ANGPT1/TLR4/SNCA/PROX1/RET/CD74,36,Module 2
GO:0050890,cognition,35/1076,208/11952,0.16826923076923078,1.8691020875035746,3.977114539204055,2.1191934436926808e-4,0.005089275164019544,0.0039815149548165524,CBR3/ACSS2/BTG2/ZNF385A/LARGE1/CNR1/DRD2/CYFIP1/FOXO6/TTBK1/EGR2/C1QL1/NTRK1/PLCB1/MDK/SCN2A/LRRC66/DNAAF4/GM2A/KRAS/NCSTN/CPEB3/ADCY1/PLK2/TUSC3/APOE/NLGN3/RAPGEF3/FOSL1/ITGA8/NETO1/SLC1A1/CX3CR1/NRXN1/MAN2B1,35,Module 2
GO:0001658,branching involved in ureteric bud morphogenesis,11/1076,36/11952,0.3055555555555556,3.394052044609666,4.5247360512365145,2.1754210269162426e-4,0.005172063491493366,0.0040462831100642116,BCL2/ADAMTS16/PTCH1/LGR4/HS3ST3A1/LHX1/BMP2/PAX2/EYA1/SOX9/LAMA5,11,Module 2
GO:0019884,antigen processing and presentation of exogenous antigen,11/1076,36/11952,0.3055555555555556,3.394052044609666,4.5247360512365145,2.1754210269162426e-4,0.005172063491493366,0.0040462831100642116,UNC93B1/CTSV/HLA-DPA1/CTSF/HLA-A/MR1/CTSL/FCER1G/HLA-F/CD74/HLA-DMA,11,Module 2
GO:0048002,antigen processing and presentation of peptide antigen,14/1076,54/11952,0.25925925925925924,2.879801734820322,4.354573277072478,2.2127862878825315e-4,0.00523472577058778,0.004095305965633342,UNC93B1/ULBP1/CTSV/HLA-DPA1/HLA-B/CTSF/HLA-A/MR1/CTSL/FCER1G/HLA-F/CD74/MICB/HLA-DMA,14,Module 2
GO:0060349,bone morphogenesis,16/1076,67/11952,0.23880597014925373,2.6526105531820448,4.2666005937019245,2.28002838054975e-4,0.00536689313339299,0.004198705038111867,CHSY1/COL3A1/FGF18/FGFR3/CBS/CSGALNACT1/TSKU/TWIST1/SHOX2/FGFR2/MMP14/CYP26B1/RARB/SOX9/NAB1/EXT1,16,Module 2
GO:0001655,urogenital system development,13/1076,48/11952,0.2708333333333333,3.008364312267658,4.385209179559914,2.3020959348568314e-4,0.00536689313339299,0.004198705038111867,TP63/AR/GATA2/PTCH1/LHX1/NOTCH1/EAF2/FGFR2/PAX2/CYP7B1/FOXA1/SOX9/SRD5A1,13,Module 2
GO:0021536,diencephalon development,12/1076,42/11952,0.2857142857142857,3.1736590546999466,4.4384757201138925,2.302515666061346e-4,0.00536689313339299,0.004198705038111867,ARX/DRD2/GATA2/BMP2/NKX2-1/SIX3/PITX2/NDNF/PITX1/SRD5A1/PLXNA3/TAL2,12,Module 2
GO:0060993,kidney morphogenesis,15/1076,61/11952,0.2459016393442623,2.7314278749466756,4.264162950806266,2.5168749587153785e-4,0.005837922160337378,0.004567207242156686,BASP1/LZTS2/BCL2/ADAMTS16/ERBB4/PTCH1/LGR4/HS3ST3A1/LHX1/BMP2/PAX2/EYA1/SOX9/ASXL1/LAMA5,15,Module 2
GO:0003203,endocardial cushion morphogenesis,10/1076,31/11952,0.3225806451612903,3.5831634488547786,4.529497760052311,2.5586158883822256e-4,0.0058774002653417794,0.004598092321150667,MDM2/ROBO1/TBX2/BMP2/NOTCH1/TWIST1/TBX3/ROBO2/HEY2/SOX9,10,Module 2
GO:0007157,heterophilic cell-cell adhesion via plasma membrane cell adhesion molecules,10/1076,31/11952,0.3225806451612903,3.5831634488547786,4.529497760052311,2.5586158883822256e-4,0.0058774002653417794,0.004598092321150667,ADGRL1/TENM2/NECTIN4/TENM1/TENM3/FAT4/AMIGO1/CRB1/HMCN1/CBLN1,10,Module 2
GO:0060512,prostate gland morphogenesis,7/1076,16/11952,0.4375,4.859665427509293,4.859078389914821,2.5961597424444715e-4,0.00590657395948491,0.00462091590521217,TP63/AR/NOTCH1/FGFR2/CYP7B1/FOXA1/SOX9,7,Module 2
GO:0072010,glomerular epithelium development,7/1076,16/11952,0.4375,4.859665427509293,4.859078389914821,2.5961597424444715e-4,0.00590657395948491,0.00462091590521217,BASP1/PROM1/CD24/PECAM1/MAGI2/ASXL1/EXT1,7,Module 2
GO:1990845,adaptive thermogenesis,25/1076,132/11952,0.1893939393939394,2.1037512673200403,4.010727002876313,2.664841147647641e-4,0.006033961741459301,0.004720575747261535,ACVR2B/TRPV2/ACOT11/PCTP/HOXC10/ADRB2/ELOVL3/TSHR/IRF4/LEPR/LGR4/ZNF516/FABP5/NOTCH1/SFXN5/PDGFC/FFAR4/IGF2BP2/ZNF423/NOVA1/SYK/TLR4/OXT/ZBTB7B/GNAS,25,Module 2
GO:0031589,cell-substrate adhesion,41/1076,260/11952,0.1576923076923077,1.7516156705747783,3.8540004076702927,2.7031890553174423e-4,0.006091783866367032,0.00476581198378241,DUSP22/BCL2/BCR/COL3A1/TYRO3/SMAD6/ITGB3/SORBS1/THBS1/FGG/DDR1/CCR7/MDK/FZD7/PTPRK/LAMC1/PHLDB2/TNN/FAT2/NOTCH1/SRGAP2/THSD1/RIN2/ACTN2/NID1/MICALL2/GAS6/NDNF/NTN4/FBLN1/MMP14/HPSE/ANGPT1/ABI3BP/ITGA8/CSPG5/FOXF1/ITGB5/ACER2/ANXA2/LAMA5,41,Module 2
GO:0048844,artery morphogenesis,14/1076,55/11952,0.2545454545454545,2.8274417032781343,4.27247770277992,2.726071934597235e-4,0.006114373608023515,0.004783484715425337,PRDM1/COL3A1/LRP1/TBX2/MDK/TBX1/HPGD/NOTCH1/APOE/MYLK/HEY2/EYA1/FOXF1/PROX1,14,Module 2
GO:0002790,peptide secretion,29/1076,163/11952,0.17791411042944785,1.9762355463315622,3.947149672141191,2.760570628688585e-4,0.0061626823189738136,0.004821278281089924,ACVR2B/ILDR1/GNAZ/PICK1/CNR1/PFKFB2/SLC30A8/BRSK2/DRD2/FGG/SYT7/PLCB1/TM7SF3/CD38/ACVR1C/MYRIP/DOC2B/CCN3/GIPR/FFAR4/PRKD1/ABCA1/HTR2C/CPE/MTNR1B/ADCY5/NLGN2/CD74/GPLD1,29,Module 2
GO:0003197,endocardial cushion development,11/1076,37/11952,0.2972972972972973,3.302320908268864,4.411571837410993,2.846774021942519e-4,0.006297726975159265,0.004926928359115136,MDM2/ROBO1/TBX2/BMP2/NOTCH1/TWIST1/TBX3/ROBO2/HEY2/SOX9/FOXF1,11,Module 2
GO:0141091,transforming growth factor beta receptor superfamily signaling pathway,39/1076,244/11952,0.1598360655737705,1.7754281187153391,3.8491847908886045,2.8543211495928337e-4,0.006297726975159265,0.004926928359115136,TP53/DUSP22/ACVR2B/PPARG/LTBP1/COL3A1/SMAD6/CDKN2B/THBS1/GREM2/SMAD1/FST/ZEB2/LDLRAD4/PTPRK/SPRY2/FZD1/FBN2/ACVR1C/EGR1/SPRY1/BMP2/SMAD9/HPGD/NKX2-1/NOTCH1/FSTL5/IGSF1/MAGI2/ZNF423/PCSK6/ITGA8/DMRT1/MSTN/LOX/FSTL1/CRIM1/ITGB5/EXT1,39,Module 2
GO:0050919,negative chemotaxis,9/1076,26/11952,0.34615384615384615,3.845010008578782,4.567691134888342,2.860797111744272e-4,0.006297726975159265,0.004926928359115136,SEMA4F/ROBO1/ITGB3/NTN1/UNC5C/SEMA6C/ROBO2/SEMA3B/PLXNA3,9,Module 2
GO:0015718,monocarboxylic acid transport,20/1076,96/11952,0.20833333333333334,2.3141263940520447,4.066093103979148,2.92586771935334e-4,0.006331256946994199,0.004953160009004925,SLC27A2/PPARG/TNFRSF11A/IL1A/SLCO3A1/SLC6A8/SLC27A3/DRD2/THBS1/ABCD2/ABCC2/SLC26A7/FABP5/PLA2G2F/SLC2A1/APOE/SLC6A13/SLCO1C1/SYK/SLC51A,20,Module 2
GO:0050806,positive regulation of synaptic transmission,20/1076,96/11952,0.20833333333333334,2.3141263940520447,4.066093103979148,2.92586771935334e-4,0.006331256946994199,0.004953160009004925,LARGE1/GRIN2C/TSHZ3/DRD2/NTRK1/RAPSN/RIMS3/SQSTM1/NCSTN/ADCY1/PLK2/APOE/NLGN3/EPHA4/SNCA/SLC1A1/CX3CR1/NRXN1/NLGN2/KMO,20,Module 2
GO:0060350,endochondral bone morphogenesis,12/1076,43/11952,0.27906976744186046,3.0998530301720413,4.338695175185305,2.935479777558274e-4,0.006331256946994199,0.004953160009004925,COL3A1/FGF18/FGFR3/CBS/CSGALNACT1/TSKU/SHOX2/MMP14/RARB/SOX9/NAB1/EXT1,12,Module 2
GO:0021983,pituitary gland development,8/1076,21/11952,0.38095238095238093,4.231545406266596,4.661816197247021,2.94260312362927e-4,0.006331256946994199,0.004953160009004925,DRD2/GATA2/BMP2/NKX2-1/SIX3/PITX2/PITX1/SRD5A1,8,Module 2
GO:0048333,mesodermal cell differentiation,8/1076,21/11952,0.38095238095238093,4.231545406266596,4.661816197247021,2.94260312362927e-4,0.006331256946994199,0.004953160009004925,ITGB3/SMAD1/KLF4/FGFR2/PAX2/ITGA8/EYA1/FOXF1,8,Module 2
GO:0090276,regulation of peptide hormone secretion,25/1076,133/11952,0.18796992481203006,2.0879335886183856,3.968363978707809,3.0074203262474405e-4,0.006441569212300261,0.005039461087225441,ILDR1/GNAZ/PICK1/CNR1/PFKFB2/SLC30A8/BRSK2/DRD2/FGG/SYT7/PLCB1/TM7SF3/CD38/ACVR1C/MYRIP/DOC2B/CCN3/GIPR/FFAR4/PRKD1/HTR2C/MTNR1B/ADCY5/NLGN2/GPLD1,25,Module 2
GO:0006029,proteoglycan metabolic process,15/1076,62/11952,0.24193548387096775,2.687372586641084,4.189764050420075,3.048224482509606e-4,0.006499689423467792,0.005084930526877011,CHSY1/IDUA/NDST1/SGSH/CSGALNACT1/HS3ST3A1/BMP2/GUSB/SULF2/CHST3/HPSE/HS3ST5/HS3ST1/HGSNAT/EXT1,15,Module 2
GO:0003018,vascular process in circulatory system,29/1076,164/11952,0.17682926829268292,1.964185329585638,3.910533755972894,3.072134852568794e-4,0.0065214291178413465,0.005101938237301747,SLC44A1/BCR/F2R/ATP1A4/SLCO3A1/LRP1/CBS/ADRB2/SLC6A9/FGG/ZEB2/LEPR/CD38/ABCC2/FABP5/SLC2A1/PDE3A/APOE/SLC6A13/HTR7/SLCO1C1/ADRA2C/ANGPT1/AKAP12/SLC1A1/SLC8A1/MTNR1B/ABCA2/EXT1,29,Module 2
GO:0007178,transmembrane receptor protein serine/threonine kinase signaling pathway,41/1076,262/11952,0.15648854961832062,1.738244558585658,3.8002949456136634,3.1862806293115193e-4,0.006733673063278344,0.005267983973795046,TP53/DUSP22/ACVR2B/PPARG/LTBP1/COL3A1/LRP1/SMAD6/CDKN2B/THBS1/GREM2/SMAD1/FST/ZEB2/LDLRAD4/PTPRK/SPRY2/FZD1/FBN2/ACVR1C/EGR1/SPRY1/BMP2/SMAD9/HPGD/NKX2-1/NOTCH1/FSTL5/CCN3/IGSF1/MAGI2/ZNF423/PCSK6/ITGA8/DMRT1/MSTN/LOX/FSTL1/CRIM1/ITGB5/EXT1,41,Module 2
GO:0001755,neural crest cell migration,10/1076,32/11952,0.3125,3.471189591078067,4.402674587422856,3.4244416455985426e-4,0.007141763168781171,0.005587246895450254,SEMA4F/NRTN/ERBB4/TBX1/TWIST1/SEMA6C/PITX2/SEMA3B/RET/LAMA5,10,Module 2
GO:0002478,antigen processing and presentation of exogenous peptide antigen,10/1076,32/11952,0.3125,3.471189591078067,4.402674587422856,3.4244416455985426e-4,0.007141763168781171,0.005587246895450254,UNC93B1/CTSV/HLA-DPA1/CTSF/HLA-A/CTSL/FCER1G/HLA-F/CD74/HLA-DMA,10,Module 2
GO:0060688,regulation of morphogenesis of a branching structure,10/1076,32/11952,0.3125,3.471189591078067,4.402674587422856,3.4244416455985426e-4,0.007141763168781171,0.005587246895450254,HGF/MDK/AR/LGR4/LHX1/SHOX2/FGFR2/PAX2/NTN4/SOX9,10,Module 2
GO:0003206,cardiac chamber morphogenesis,18/1076,83/11952,0.21686746987951808,2.408921933085502,4.051282897479247,3.453808827502954e-4,0.007171555010819452,0.00561055407786506,TP53/MDM2/ROBO1/SMAD6/TBX2/FZD1/TBX1/BMP2/NOTCH1/SHOX2/FGFR2/ADAMTS1/TBX3/ROBO2/HEY2/CPE/FOXF1/PROX1,18,Module 2
GO:0015850,organic hydroxy compound transport,31/1076,181/11952,0.1712707182320442,1.9024420300273164,3.847915981940246,3.4723236628298127e-4,0.007178651746415548,0.0056161060981421325,SLC44A1/PPARG/ABCA5/KDM5B/LRP1/CNR1/ITGB3/SLC49A4/OSBPL10/DRD2/APOC1/SYT7/SYT3/LILRB1/LIMA1/MFSD10/OSBP2/PTCH1/ABCC2/TSKU/LPCAT3/APOE/ABCA1/SLCO1C1/SYT8/ADRA2C/SYK/SLC51A/SNCA/ABCA2/ANXA2,31,Module 2
GO:0072028,nephron morphogenesis,13/1076,50/11952,0.26,2.8880297397769517,4.207823546244664,3.5741795124089715e-4,0.007357239645673013,0.005755821552450811,LZTS2/BCL2/ADAMTS16/ERBB4/PTCH1/LGR4/HS3ST3A1/LHX1/BMP2/PAX2/EYA1/SOX9/LAMA5,13,Module 2
GO:0022404,molting cycle process,15/1076,63/11952,0.23809523809523808,2.6447158789166223,4.116822627869474,3.67330684790136e-4,0.007487181531905769,0.005857479558084009,LRIG1/BCL2/TNFRSF19/FST/TP63/LGR4/NOTCH1/SPINK5/FGFR2/HPSE/LRP4/SOX21/SOX9/EXT1/LAMA5,15,Module 2
GO:0022405,hair cycle process,15/1076,63/11952,0.23809523809523808,2.6447158789166223,4.116822627869474,3.67330684790136e-4,0.007487181531905769,0.005857479558084009,LRIG1/BCL2/TNFRSF19/FST/TP63/LGR4/NOTCH1/SPINK5/FGFR2/HPSE/LRP4/SOX21/SOX9/EXT1/LAMA5,15,Module 2
GO:0015909,long-chain fatty acid transport,11/1076,38/11952,0.2894736842105263,3.2154177264723147,4.302216744036666,3.684543592988328e-4,0.007487181531905769,0.005857479558084009,SLC27A2/PPARG/SLC27A3/DRD2/THBS1/ABCD2/FABP5/PLA2G2F/SLC2A1/APOE/SYK,11,Module 2
GO:0035116,embryonic hindlimb morphogenesis,7/1076,17/11952,0.4117647058823529,4.573802755302864,4.637858430278387,4.072088852316448e-4,0.008239481911814771,0.0064460300130285905,TP63/NOTCH1/TWIST1/AFF3/TBX3/RARB/PITX1,7,Module 2
GO:0071695,anatomical structure maturation,29/1076,167/11952,0.17365269461077845,1.9289005631858962,3.8022119962279977,4.2019209275762423e-4,0.008427780730398121,0.006593342653434494,BCL2/PPARG/CDKN1A/PICK1/HOXA5/FGFR3/CDK5R2/CEBPA/C1QL1/RXFP2/FGG/AGRN/S1PR1/GATA2/PLXNB1/KCNIP2/BMP2/L3MBTL3/SPINK5/SIX3/PAX2/NTN4/CATSPER2/FOXA1/CX3CR1/RET/EXT1/TDRKH/REC8,29,Module 2
GO:0006935,chemotaxis,44/1076,291/11952,0.15120274914089346,1.679530908672824,3.6911481085823206,4.2183213750468e-4,0.008427780730398121,0.006593342653434494,SEMA4F/IL12A/TNFRSF11A/ROBO1/CXCL10/FGF18/GAB1/ITGB3/GPNMB/HGF/THBS1/CCL1/NINJ1/S1PR1/CCR7/MDK/CCR3/NTN1/NOTCH1/UNC5C/CCR5/SEMA6C/CCN3/CXCL11/CXCL13/GAS6/PRKD1/CYP7B1/ROBO2/FOSL1/ANGPT1/SEMA3B/SYK/GPR15LG/ARTN/CXCL9/MSTN/LOX/FCER1G/CX3CR1/CD74/LYST/PLXNA3/HOXB9,44,Module 2
GO:0042330,taxis,44/1076,291/11952,0.15120274914089346,1.679530908672824,3.6911481085823206,4.2183213750468e-4,0.008427780730398121,0.006593342653434494,SEMA4F/IL12A/TNFRSF11A/ROBO1/CXCL10/FGF18/GAB1/ITGB3/GPNMB/HGF/THBS1/CCL1/NINJ1/S1PR1/CCR7/MDK/CCR3/NTN1/NOTCH1/UNC5C/CCR5/SEMA6C/CCN3/CXCL11/CXCL13/GAS6/PRKD1/CYP7B1/ROBO2/FOSL1/ANGPT1/SEMA3B/SYK/GPR15LG/ARTN/CXCL9/MSTN/LOX/FCER1G/CX3CR1/CD74/LYST/PLXNA3/HOXB9,44,Module 2
GO:0048048,embryonic eye morphogenesis,8/1076,22/11952,0.36363636363636365,4.039202433254478,4.487706089809531,4.261816184066216e-4,0.008479052700935087,0.00663345447896499,TBX2/FBN2/TWIST1/SIX3/PAX2/ALDH1A3/RARB/PROX1,8,Module 2
GO:0021953,central nervous system neuron differentiation,23/1076,121/11952,0.19008264462809918,2.1114012719284774,3.8647953936740365,4.3732617023665613e-4,0.008655794267323371,0.006771725483584216,BTG2/HOXC10/ARX/KNDC1/DRD2/FOXN4/ZSWIM6/GATA2/PTCH1/LHX1/DCLK2/NKX2-1/TSKU/TULP3/FGFR2/SOX1/NDNF/EPHA4/MAP2/AGBL4/PROX1/CBLN1/PLXNA3,23,Module 2
GO:0001708,cell fate specification,15/1076,64/11952,0.234375,2.60339219330855,4.045283964467693,4.405262276955323e-4,0.008655794267323371,0.006771725483584216,HOXC10/TBX2/FZD7/AR/PTCH1/TBX1/NOTCH1/PAX2/GSC/SOX1/TBX3/EYA1/FOXA1/SOX9/MYT1L,15,Module 2
GO:0018958,phenol-containing compound metabolic process,15/1076,64/11952,0.234375,2.60339219330855,4.045283964467693,4.405262276955323e-4,0.008655794267323371,0.006771725483584216,CTSB/BCL2/CYP2E1/DRD2/ZEB2/DDC/CPQ/SLC26A7/TPO/GPR37/SLCO1C1/SNCA/SLC1A1/ALDH2/SRD5A1,15,Module 2
GO:0090497,mesenchymal cell migration,10/1076,33/11952,0.30303030303030304,3.366002027712065,4.280808811916181,4.5213395468329446e-4,0.008847312570037305,0.006921556837126977,SEMA4F/NRTN/ERBB4/TBX1/TWIST1/SEMA6C/PITX2/SEMA3B/RET/LAMA5,10,Module 2
GO:0046883,regulation of hormone secretion,28/1076,160/11952,0.175,1.9438661710037173,3.7805095227629133,4.6096425414694623e-4,0.00898313536257676,0.007027815677978033,PPARG/ILDR1/KDM5B/GNAZ/PICK1/CNR1/PFKFB2/SLC30A8/BRSK2/DRD2/FGG/SYT7/PLCB1/TM7SF3/CD38/ACVR1C/MYRIP/DOC2B/CCN3/GIPR/FFAR4/PRKD1/C1QTNF3/HTR2C/MTNR1B/ADCY5/NLGN2/GPLD1,28,Module 2
GO:0050728,negative regulation of inflammatory response,22/1076,114/11952,0.19298245614035087,2.14361181764821,3.8589180147659734,4.646402243839812e-4,0.008989068452245808,0.007032457338034577,PPARG/BCR/TYRO3/AOAH/HGF/TRIM45/NT5E/MDK/SELENOS/LPCAT3/KLF4/PLK2/CCN3/FFAR4/APOE/C1QTNF3/SYK/FOXF1/IL22RA2/PTGER4/ASH1L/IL20RB,22,Module 2
GO:0007200,phospholipase C-activating G protein-coupled receptor signaling pathway,12/1076,45/11952,0.26666666666666666,2.962081784386617,4.147590254574473,4.65049598160351e-4,0.008989068452245808,0.007032457338034577,F2R/GPR157/DRD2/CHRM2/PLCB1/S1PR1/ACTN2/OPRD1/FFAR4/PRKD1/HTR2C/CX3CR1,12,Module 2
GO:0030326,embryonic limb morphogenesis,18/1076,85/11952,0.21176470588235294,2.352241417012902,3.9352006803623136,4.694322889619273e-4,0.00900060699199179,0.00704148433442891,HOXC10/SP8/TBX2/TP63/PTCH1/FBN2/SP9/HOXC11/NOTCH1/TULP3/TWIST1/SHOX2/AFF3/TBX3/CYP26B1/RARB/LRP4/PITX1,18,Module 2
GO:0035113,embryonic appendage morphogenesis,18/1076,85/11952,0.21176470588235294,2.352241417012902,3.9352006803623136,4.694322889619273e-4,0.00900060699199179,0.00704148433442891,HOXC10/SP8/TBX2/TP63/PTCH1/FBN2/SP9/HOXC11/NOTCH1/TULP3/TWIST1/SHOX2/AFF3/TBX3/CYP26B1/RARB/LRP4/PITX1,18,Module 2
GO:1905330,regulation of morphogenesis of an epithelium,11/1076,39/11952,0.28205128205128205,3.1329711181012296,4.19643370813744,4.719881847198567e-4,0.00901326834675871,0.0070513897476219565,CXCL10/TBX2/HGF/WNT5B/MDK/AR/LGR4/LHX1/PAX2/NTN4/SOX9,11,Module 2
GO:0031348,negative regulation of defense response,31/1076,185/11952,0.16756756756756758,1.861308148296996,3.713515172759209,5.124586118699895e-4,0.0096826432509503485,0.007575064751532134,PPARG/BCR/TYRO3/AOAH/HGF/DRD2/TRIM45/LILRB1/NT5E/MDK/HLA-B/HLA-A/SELENOS/LPCAT3/DTX4/SPINK5/KLF4/PLK2/CCN3/FFAR4/APOE/C1QTNF3/SYK/FOXF1/IL22RA2/PTGER4/HLA-F/MICB/ASH1L/MAPKBP1/IL20RB,31,Module 2
GO:0051147,regulation of muscle cell differentiation,20/1076,100/11952,0.2,2.221561338289963,3.8582744508416096,5.132011982521218e-4,0.0096826432509503485,0.007575064751532134,MDM2/BCL2/SMAD1/FZD7/LAMC1/TBX1/BMP2/NOTCH1/TRIM32/HDAC4/SHOX2/FGFR2/NID1/CCN3/PRKD1/IGF2/MMP14/CYP26B1/HEY2/PROX1,20,Module 2
GO:0061061,muscle structure development,66/1076,489/11952,0.13496932515337423,1.4992131730791158,3.5453978713604264,5.169186139309416e-4,0.0096826432509503485,0.007575064751532134,MDM2/BASP1/TMOD1/BCL2/JAM2/SVIL/COL3A1/BTG2/PTGFRN/CXCL10/LARGE1/TBX2/TLL2/EGR2/SMAD1/PLCB1/NINJ1/WNT5B/S1PR1/FZD7/ATF3/LAMC1/FZD1/KRT8/TBX1/PDLIM1/NR2F2/EGR1/BMP2/TNNT1/NOTCH1/KRAS/TRIM32/HDAC4/BCL9/DISP1/TWIST1/SHOX2/UCHL1/FGFR2/ACTN2/NID1/CCN3/GSC/KCNH1/HLF/PRKD1/CASQ1/IGF2/MMP14/TBX3/MYLK/CYP26B1/HEY2/RARB/ITGA8/PITX1/SOX9/CXCL9/MSTN/LOX/SLC8A1/FOXF1/PROX1/FOXK1/LAMA5,66,Module 2
GO:0042730,fibrinolysis,6/1076,13/11952,0.46153846153846156,5.126680011438376,4.682331458846954,5.172221631422479e-4,0.0096826432509503485,0.007575064751532134,PROS1/THBS1/FGG/PLAT/F12/ANXA2,6,Module 2
GO:0050872,white fat cell differentiation,6/1076,13/11952,0.46153846153846156,5.126680011438376,4.682331458846954,5.172221631422479e-4,0.0096826432509503485,0.007575064751532134,PPARG/CEBPA/PNPLA3/RETREG1/CTBP2/FFAR4,6,Module 2
GO:0002673,regulation of acute inflammatory response,9/1076,28/11952,0.32142857142857145,3.5703664365374403,4.282888153172716,5.362724939194095e-4,0.00993492199498465,0.007772431087558968,CREB3L3/TNFRSF11A/CNR1/CCR7/SELENOS/IL6ST/F12/ASH1L/IL20RB,9,Module 2
GO:0014911,positive regulation of smooth muscle cell migration,9/1076,28/11952,0.32142857142857145,3.5703664365374403,4.282888153172716,5.362724939194095e-4,0.00993492199498465,0.007772431087558968,MDM2/DDR2/CYP1B1/S100A11/BCL2/ITGB3/MDK/ADAMTS1/TLR4,9,Module 2
GO:0007219,Notch signaling pathway,25/1076,138/11952,0.18115942028985507,2.0122838209148215,3.761984614123815,5.369663412641545e-4,0.00993492199498465,0.007772431087558968,ROBO1/PSEN2/ENHO/TBX2/CEBPA/TP63/EPN2/GATA2/BMP2/NOTCH1/NCSTN/LFNG/IL6ST/DTX4/CCN3/CFAP58/CNTN1/ZNF423/MMP14/ROBO2/HEY2/FOXA1/SOX9/NEURL1B/CHAC1,25,Module 2
GO:0032368,regulation of lipid transport,18/1076,86/11952,0.20930232558139536,2.3248897726290307,3.878380911306018,5.447325758266175e-4,0.010039548054478941,0.007854283651453554,PPARG/ABCA5/TNFRSF11A/KDM5B/IL1A/LRP1/ITGB3/THBS1/APOC1/PTCH1/LPCAT3/DENND5B/APOE/ABCA1/SYK/ABCA2/ANXA2/DISP3,18,Module 2
GO:0002062,chondrocyte differentiation,17/1076,79/11952,0.21518987341772153,2.3902875158816057,3.899523969291124,5.496026802213031e-4,0.01009019592452624,0.007893907221711379,CHSY1/RUNX1/COL3A1/FGF18/FGFR3/WNT5B/MDK/BMP2/PTHLH/TSKU/SHOX2/CCN3/SULF2/RARB/SOX9/EXT1/GPLD1,17,Module 2
GO:0050727,regulation of inflammatory response,39/1076,252/11952,0.15476190476190477,1.7190653212958047,3.6286856165282013,5.523650505530628e-4,0.010101906982230053,0.00790306918483613,CREB3L3/PPARG/TNFRSF11A/BCR/TYRO3/CNR1/AOAH/HGF/CEBPA/NLRP11/TTBK1/TRIM45/NT5E/CCL1/NINJ1/CCR7/MDK/TSLP/ZBP1/SELENOS/LPCAT3/IL6ST/KLF4/PLK2/CCN3/FFAR4/APOE/NLRP2/C1QTNF3/SYK/TLR4/SNCA/FOXF1/IL22RA2/PTGER4/F12/ASH1L/CTSC/IL20RB,39,Module 2
GO:0033002,muscle cell proliferation,27/1076,154/11952,0.17532467532467533,1.9474726017476947,3.7221723970517484,5.606935249406801e-4,0.010175945462186772,0.007960992033508894,MDM2/DDR2/RUNX1/PPARG/IL12A/CDKN1A/TP73/TBX2/ITGB3/HGF/THBS1/SMAD1/S1PR1/ERBB4/HMOX1/BMP2/HPGD/NOTCH1/KLF4/FGFR2/CCN3/APOE/ADAMTS1/HEY2/ANGPT1/TLR4/MSTN,27,Module 2
GO:0050817,coagulation,27/1076,154/11952,0.17532467532467533,1.9474726017476947,3.7221723970517484,5.606935249406801e-4,0.010175945462186772,0.007960992033508894,TFPI/COL3A1/TYRO3/F2R/PROS1/ITGB3/TXK/THBS1/FGG/ANXA5/F5/PLAT/IL6ST/APOE/GAS6/FBLN1/HPSE/ADRA2C/HS3ST5/SYK/PAPSS2/TLR4/FCER1G/F12/ANXA2/GNAS/GGCX,27,Module 2
GO:0015833,peptide transport,30/1076,178/11952,0.16853932584269662,1.8721022513679462,3.6871351137463293,5.672369633793564e-4,0.0102372275202925,0.008008935094739874,ACVR2B/ILDR1/GNAZ/PICK1/CNR1/PFKFB2/SLC30A8/BRSK2/DRD2/FGG/SYT7/PLCB1/TM7SF3/CD38/ACVR1C/DISP1/MYRIP/DOC2B/CCN3/GIPR/FFAR4/PRKD1/ABCA1/HTR2C/CPE/MTNR1B/ADCY5/NLGN2/CD74/GPLD1,30,Module 2
GO:0050807,regulation of synapse organization,29/1076,170/11952,0.17058823529411765,1.8948611414826155,3.6961046618434676,5.683760389815395e-4,0.0102372275202925,0.008008935094739874,ADGRL1/TANC2/NEDD4/DLG5/DRD2/CYFIP1/RHOB/GPM6A/C1QL1/NTRK1/GRID1/AGRN/FZD1/NTN1/FARP1/CBLN2/PTPN13/APOE/NLGN3/AMIGO1/ROBO2/EPHA4/LRP4/SNCA/CBLN1/NRXN1/CAPRIN2/NLGN2/ARHGAP33,29,Module 2
GO:0050818,regulation of coagulation,12/1076,46/11952,0.2608695652173913,2.897688702117343,4.055968824147712,5.783997080179291e-4,0.0103784551382085,0.008119422316327157,TFPI/F2R/PROS1/THBS1/FGG/ANXA5/PLAT/APOE/HPSE/HS3ST5/F12/ANXA2,12,Module 2
GO:0098868,bone growth,8/1076,23/11952,0.34782608695652173,3.863584936156457,4.3236011857529295,6.023450326420272e-4,0.01076748357222872,0.008423772636948651,DDR2/FGFR3/LEPR/TSKU/FGFR2/RARB/SOX9/EXT1,8,Module 2
GO:0048730,epidermis morphogenesis,7/1076,18/11952,0.3888888888888889,4.319702602230484,4.433187235419136,6.148766134822226e-4,0.010950330700778908,0.008566820232786022,BCL2/FST/TP63/NOTCH1/KLF4/FGFR2/EXT1,7,Module 2
GO:0007613,memory,17/1076,80/11952,0.2125,2.360408921933085,3.8399554021044078,6.405250223973858e-4,0.011333424598681455,0.008866527761744483,ACSS2/LARGE1/CNR1/DRD2/FOXO6/PLCB1/MDK/SCN2A/LRRC66/CPEB3/ADCY1/PLK2/APOE/ITGA8/NETO1/SLC1A1/CX3CR1,17,Module 2
GO:0043491,phosphatidylinositol 3-kinase/protein kinase B signal transduction,34/1076,212/11952,0.16037735849056603,1.781440695798555,3.610801099584742,6.411548300831359e-4,0.011333424598681455,0.008866527761744483,TYRO3/F2R/NEDD4/FGFR3/MEIS3/HGF/DRD2/THBS1/NTRK1/CCR7/PRR5/SPRY2/PLXNB1/ERBB4/TWIST1/HIP1/PTPN13/PHLDA3/PAX2/GAS6/MAGI2/PRKD1/IGF2/RAPGEF3/HPSE/UNC5B/ANGPT1/BANK1/SOX9/MSTN/LOX/CX3CR1/RET/PHLPP1,34,Module 2
GO:0014909,smooth muscle cell migration,13/1076,53/11952,0.24528301886792453,2.724556358280143,3.957616915156848,6.574829032195963e-4,0.011493864723563162,0.00899204558815036,MDM2/DDR2/CYP1B1/S100A11/BCL2/LRP1/ITGB3/DDR1/MDK/PLAT/CCN3/ADAMTS1/TLR4,13,Module 2
GO:0060411,cardiac septum morphogenesis,13/1076,53/11952,0.24528301886792453,2.724556358280143,3.957616915156848,6.574829032195963e-4,0.011493864723563162,0.00899204558815036,TP53/MDM2/ROBO1/SMAD6/TBX2/FZD1/TBX1/NOTCH1/FGFR2/TBX3/ROBO2/HEY2/PROX1,13,Module 2
GO:1902476,chloride transmembrane transport,13/1076,53/11952,0.24528301886792453,2.724556358280143,3.957616915156848,6.574829032195963e-4,0.011493864723563162,0.00899204558815036,CLIC5/SLC12A7/SLC26A11/SLC26A7/SLC12A6/SLC12A8/TTYH2/CLCN4/GABRB2/SLC1A1/ANO2/SLC26A4/ANO8,13,Module 2
GO:0009617,response to bacterium,56/1076,403/11952,0.13895781637717122,1.5435165625835972,3.4911360583043716,6.666182359160447e-4,0.011610878065131109,0.009083589148746104,CD86/NQO1/IL12A/TNFRSF11A/BCR/F2R/IL1A/PLAAT3/CXCL10/CNR1/SMAD6/SASH1/CYP2E1/TICAM2/GPM6A/MACROD2/CD24/LILRB1/ABCD2/CCR7/HLA-B/H2BC8/TNIP3/BMP2/HPGD/NOTCH1/HLA-A/SELENOS/TENT5A/MR1/OPTN/SPINK5/GBP2/FGFR2/CCR5/CXCL11/CXCL13/PRKD1/CHIT1/ABCA1/BANK1/HMCN1/SYK/AKAP12/TLR4/SNCA/GPR15LG/CXCL9/FCER1G/CX3CR1/LGALS4/PTGER4/KMO/MAPKBP1/LYST/H2BC21,56,Module 2
GO:0002064,epithelial cell development,27/1076,156/11952,0.17307692307692307,1.922505004289391,3.6478528188824337,6.894708938137954e-4,0.01192157854576217,0.009326660818135706,PRDM1/TMOD1/CDKN1A/IL1A/POF1B/HOXA5/CEBPA/NTRK1/PLCB1/TP63/PALLD/WNT5B/AR/GATA2/PECAM1/NOTCH1/IL6ST/SIX3/MAGI2/RAPGEF3/HPSE/RARB/DMRT1/FOXA1/SOX9/PROX1/ASXL1,27,Module 2
GO:0007599,hemostasis,27/1076,156/11952,0.17307692307692307,1.922505004289391,3.6478528188824337,6.894708938137954e-4,0.01192157854576217,0.009326660818135706,TFPI/COL3A1/TYRO3/F2R/ZNF385A/PROS1/ITGB3/TXK/THBS1/FGG/ANXA5/F5/PLAT/IL6ST/APOE/GAS6/FBLN1/HPSE/ADRA2C/SYK/PAPSS2/TLR4/FCER1G/F12/ANXA2/GNAS/GGCX,27,Module 2
GO:0010232,vascular transport,14/1076,60/11952,0.23333333333333334,2.59182156133829,3.887910127685974,7.100849331373479e-4,0.011990749708776949,0.009380775797402787,SLC44A1/ATP1A4/SLCO3A1/LRP1/SLC6A9/LEPR/ABCC2/FABP5/SLC2A1/APOE/SLC6A13/SLCO1C1/SLC1A1/ABCA2,14,Module 2
GO:0014033,neural crest cell differentiation,14/1076,60/11952,0.23333333333333334,2.59182156133829,3.887910127685974,7.100849331373479e-4,0.011990749708776949,0.009380775797402787,SEMA4F/NRTN/ERBB4/TBX1/TWIST1/SEMA6C/GSC/PITX2/SEMA3B/SOX9/RET/EXT1/FBXL17/LAMA5,14,Module 2
GO:0150104,transport across blood-brain barrier,14/1076,60/11952,0.23333333333333334,2.59182156133829,3.887910127685974,7.100849331373479e-4,0.011990749708776949,0.009380775797402787,SLC44A1/ATP1A4/SLCO3A1/LRP1/SLC6A9/LEPR/ABCC2/FABP5/SLC2A1/APOE/SLC6A13/SLCO1C1/SLC1A1/ABCA2,14,Module 2
GO:0030858,positive regulation of epithelial cell differentiation,12/1076,47/11952,0.2553191489361702,2.836035751008463,3.9667882849398026,7.140607840407955e-4,0.011990749708776949,0.009380775797402787,TP73/PROM1/CDKN2B/CD24/PTCH1/LHX1/BMP2/NOTCH1/MACROH2A2/PAX2/SOX9/NCOA3,12,Module 2
GO:0051149,positive regulation of muscle cell differentiation,12/1076,47/11952,0.2553191489361702,2.836035751008463,3.9667882849398026,7.140607840407955e-4,0.011990749708776949,0.009380775797402787,MDM2/BCL2/LAMC1/TBX1/NOTCH1/TRIM32/SHOX2/NID1/PRKD1/MMP14/CYP26B1/PROX1,12,Module 2
GO:0072078,nephron tubule morphogenesis,12/1076,47/11952,0.2553191489361702,2.836035751008463,3.9667882849398026,7.140607840407955e-4,0.011990749708776949,0.009380775797402787,LZTS2/BCL2/ADAMTS16/PTCH1/LGR4/HS3ST3A1/LHX1/BMP2/PAX2/EYA1/SOX9/LAMA5,12,Module 2
GO:1902895,positive regulation of miRNA transcription,12/1076,47/11952,0.2553191489361702,2.836035751008463,3.9667882849398026,7.140607840407955e-4,0.011990749708776949,0.009380775797402787,TP53/PPARG/SMAD6/SMAD1/AR/GATA2/EGR1/BMP2/KLF4/TEAD1/FOSL1/FOXA1,12,Module 2
GO:0002504,antigen processing and presentation of peptide or polysaccharide antigen via MHC class II,9/1076,29/11952,0.3103448275862069,3.447250352518908,4.150097368326167,7.16166754425374e-4,0.011990749708776949,0.009380775797402787,UNC93B1/CTSV/THBS1/HLA-DPA1/CTSF/CTSL/FCER1G/CD74/HLA-DMA,9,Module 2
GO:0035909,aorta morphogenesis,9/1076,29/11952,0.3103448275862069,3.447250352518908,4.150097368326167,7.16166754425374e-4,0.011990749708776949,0.009380775797402787,COL3A1/LRP1/TBX2/TBX1/NOTCH1/MYLK/HEY2/EYA1/PROX1,9,Module 2
GO:0071674,mononuclear cell migration,25/1076,141/11952,0.1773049645390071,1.969469271533655,3.6422850323436498,7.459896003707948e-4,0.012446247543028525,0.009737127415366163,IL12A/JAM2/TNFRSF11A/CXCL10/ITGB3/THBS1/PLCB1/CCL1/S1PR1/CCR7/MDK/PECAM1/ABL2/CCR5/CCN3/CXCL11/CXCL13/GAS6/CYP7B1/GPR15LG/ARTN/MSTN/CX3CR1/RET/EXT1,25,Module 2
GO:0007600,sensory perception,41/1076,273/11952,0.15018315018315018,1.6682054005474078,3.512870459556031,7.497875115588731e-4,0.012465872788330216,0.009752480919576952,LRIG1/TRPV2/ABLIM1/F2R/LARGE1/CLIC5/GSDME/CACNA2D4/MYO6/DRD2/NTRK1/KIFC3/CRYBG3/SPRY2/ZNF354A/HOMER2/GJC1/RP1/TBX1/TAS1R3/FABP5/WFS1/SIX3/PAX2/RETREG1/CCN3/FFAR4/CRB1/OR2L13/HMCN1/EYA1/GUCA1B/CNGA1/BBS1/COL4A3/SLC26A4/NLGN2/IRX5/EML2/GNAS/ATPSCKMT,41,Module 2
GO:0071300,cellular response to retinoic acid,11/1076,41/11952,0.2682926829268293,2.980143258681658,3.994736033384092,7.527122855996189e-4,0.012470895184760236,0.009756410112998546,WNT5B/FZD7/TBX1/ABL2/KLF4/FGFR2/PAX2/ABCA1/CYP26B1/SOX9/RET,11,Module 2
GO:0043616,keratinocyte proliferation,10/1076,35/11952,0.2857142857142857,3.1736590546999466,4.05056528715053,7.595368377006419e-4,0.012540269664119974,0.009810684153633292,CDKN1A/FST/TP63/MDK/PTPRK/PTCH1/FGFR2/PRKD1/GPR15LG/TGM1,10,Module 2
GO:0097305,response to alcohol,28/1076,165/11952,0.1696969696969697,1.8849611355187563,3.600295835626145,7.639832204535305e-4,0.012570035339988019,0.009833970865353403,MDM2/CYP1B1/NQO1/CDKN1A/TNFRSF11A/CNR1/DRD2/SH3RF1/CCR7/PTCH1/HPGD/ITPR2/MAP4K1/TP53INP1/ADCY1/KLF4/FGFR2/CCR5/IGFBP7/PRKD1/ABCA1/FOSL1/MSTN/ADCY5/PTGER4/ABCA2/PMVK/GPLD1,28,Module 2
GO:0030178,negative regulation of Wnt signaling pathway,23/1076,126/11952,0.18253968253968253,2.0276155071694104,3.6472929230613182,7.901297055762891e-4,0.0129554025862595,0.01013545691290964,LZTS2/TRABD2A/IGFBP4/LRP1/TMEM88B/PTPRU/TPBGL/DACT3/KREMEN1/MDK/FZD1/EGR1/BMP2/TNN/TSKU/NOTCH1/GSC/APOE/CTHRC1/TLE1/LRP4/SOX9/TLE4,23,Module 2
GO:0003151,outflow tract morphogenesis,13/1076,54/11952,0.24074074074074073,2.6741016109045845,3.8780675658041646,7.957915756002692e-4,0.013003398426045634,0.010173005708704472,ROBO1/SMAD6/TBX2/FZD1/TBX1/NOTCH1/TWIST1/FGFR2/PITX2/TBX3/ROBO2/HEY2/EYA1,13,Module 2
GO:0003007,heart morphogenesis,29/1076,174/11952,0.16666666666666666,1.8513011152416357,3.5579161673271957,8.363397232283719e-4,0.013347434634534933,0.010442157064241842,TP53/MDM2/ROBO1/SMAD6/TBX2/FOXN4/S1PR1/FZD1/PTCH1/TBX1/SPRY1/BMP2/NOTCH1/TWIST1/SHOX2/FGFR2/ADAMTS1/PITX2/TBX3/ROBO2/HEY2/EYA1/SOX9/CPE/FOXF1/PROX1/VANGL2/ASXL1/EXT1,29,Module 2
GO:0050803,regulation of synapse structure or activity,29/1076,174/11952,0.16666666666666666,1.8513011152416357,3.5579161673271957,8.363397232283719e-4,0.013347434634534933,0.010442157064241842,ADGRL1/TANC2/NEDD4/DLG5/DRD2/CYFIP1/RHOB/GPM6A/C1QL1/NTRK1/GRID1/AGRN/FZD1/NTN1/FARP1/CBLN2/PTPN13/APOE/NLGN3/AMIGO1/ROBO2/EPHA4/LRP4/SNCA/CBLN1/NRXN1/CAPRIN2/NLGN2/ARHGAP33,29,Module 2
GO:0001759,organ induction,6/1076,14/11952,0.42857142857142855,4.76048858204992,4.428087197077438,8.364953777269001e-4,0.013347434634534933,0.010442157064241842,ROBO1/AR/SPRY1/BMP2/HOXC11/ROBO2,6,Module 2
GO:0030202,heparin metabolic process,6/1076,14/11952,0.42857142857142855,4.76048858204992,4.428087197077438,8.364953777269001e-4,0.013347434634534933,0.010442157064241842,IDUA/NDST1/CSGALNACT1/HPSE/ANGPT1/EXT1,6,Module 2
GO:0061318,renal filtration cell differentiation,6/1076,14/11952,0.42857142857142855,4.76048858204992,4.428087197077438,8.364953777269001e-4,0.013347434634534933,0.010442157064241842,BASP1/PROM1/CD24/MAGI2/ASXL1/EXT1,6,Module 2
GO:0072112,podocyte differentiation,6/1076,14/11952,0.42857142857142855,4.76048858204992,4.428087197077438,8.364953777269001e-4,0.013347434634534933,0.010442157064241842,BASP1/PROM1/CD24/MAGI2/ASXL1/EXT1,6,Module 2
GO:0072311,glomerular epithelial cell differentiation,6/1076,14/11952,0.42857142857142855,4.76048858204992,4.428087197077438,8.364953777269001e-4,0.013347434634534933,0.010442157064241842,BASP1/PROM1/CD24/MAGI2/ASXL1/EXT1,6,Module 2
GO:0001942,hair follicle development,14/1076,61/11952,0.22950819672131148,2.5493326832835637,3.8156986624317244,8.466288506207821e-4,0.013463947106026152,0.010533308776954213,BCL2/TNFRSF19/FST/TP63/LGR4/NOTCH1/SPINK5/FGFR2/HPSE/LRP4/SOX21/SOX9/EXT1/LAMA5,14,Module 2
GO:0060041,retina development in camera-type eye,20/1076,104/11952,0.19230769230769232,2.1361166714326565,3.6600813566759767,8.656489024399687e-4,0.013720535103673503,0.010734046390255611,PRDM1/CYP1B1/ACVR2B/ZHX2/LARGE1/PROM1/GPM6A/FOXN4/RP1/LHX1/NOTCH1/SIX3/PAX2/SAMD11/CRB1/FAT3/SOX9/SLC1A1/PROX1/RET,20,Module 2
GO:0050767,regulation of neurogenesis,41/1076,275/11952,0.14909090909090908,1.6560729976343358,3.4619957455933412,8.686318560734533e-4,0.013722074669864685,0.010735250845824738,TP53/TRPV2/SEMA4F/TP73/ROBO1/BTG2/DRD2/CYFIP1/TTBK1/CDKN2B/EGR2/MDK/ETV5/GATA2/PLXNB1/NTN1/ZNF365/PITX3/BMP2/NOTCH1/KRAS/TRIM32/CUL7/IL6ST/SHOX2/SEMA6C/AMIGO1/ROBO2/EPHA4/HEY2/LRP4/BCAN/SEMA3B/MAP2/TLX2/LPAR3/CX3CR1/PROX1/CAPRIN2/ANXA2/PLXNA3,41,Module 2
GO:0042303,molting cycle,16/1076,75/11952,0.21333333333333335,2.369665427509294,3.742531001148515,8.745756435329026e-4,0.013724776188115352,0.010737364336443558,LRIG1/BCL2/TNFRSF19/FST/TP63/LGR4/TSKU/NOTCH1/SPINK5/FGFR2/HPSE/LRP4/SOX21/SOX9/EXT1/LAMA5,16,Module 2
GO:0042633,hair cycle,16/1076,75/11952,0.21333333333333335,2.369665427509294,3.742531001148515,8.745756435329026e-4,0.013724776188115352,0.010737364336443558,LRIG1/BCL2/TNFRSF19/FST/TP63/LGR4/TSKU/NOTCH1/SPINK5/FGFR2/HPSE/LRP4/SOX21/SOX9/EXT1/LAMA5,16,Module 2
GO:0010842,retina layer formation,7/1076,19/11952,0.3684210526315789,4.092349833692037,4.242914290049864,8.984751388017964e-4,0.014053451595403098,0.010994498409021983,LARGE1/PROM1/FOXN4/LHX1/CRB1/FAT3/SLC1A1,7,Module 2
GO:0051216,cartilage development,24/1076,135/11952,0.17777777777777778,1.9747211895910783,3.58234437895463,9.071741089095238e-4,0.01414299307496651,0.011064549787355505,CHSY1/RUNX1/COL3A1/FGF18/HOXA5/FGFR3/HOXA3/CBS/SMAD1/WNT5B/CSGALNACT1/MDK/BMP2/PTHLH/TSKU/SHOX2/CCN3/SULF2/RARB/PITX1/SOX9/BBS1/EXT1/GPLD1,24,Module 2
GO:0050878,regulation of body fluid levels,36/1076,233/11952,0.15450643776824036,1.7162276433141346,3.4726212755755657,9.139355651294473e-4,0.014187210576631222,0.011099142659320327,TFPI/ATP7B/COL3A1/TYRO3/F2R/ZNF385A/PROS1/ITGB3/DRD2/TXK/SOCS2/THBS1/FGG/DDR1/ANXA5/F5/ERBB4/PLAT/WFS1/IL6ST/APOE/GAS6/FBLN1/HPSE/ADRA2C/SYK/PAPSS2/TLR4/GUCA1B/FCER1G/ZBTB7B/F12/ANXA2/GNAS/GGCX/EXT1,36,Module 2
GO:0051056,regulation of small GTPase mediated signal transduction,38/1076,250/11952,0.152,1.6883866171003716,3.459760495621476,9.159776334439087e-4,0.014187210576631222,0.011099142659320327,PLEKHG4/ITSN1/RHOU/ARHGAP12/RASGRP4/BCR/COL3A1/ROBO1/F2R/CYTH3/CHN2/PLEKHG6/ARFGEF3/NTRK1/ARHGEF11/DNMBP/AUTS2/ARHGEF40/SPRY2/PLXNB1/ARHGAP32/SPRY1/ARHGEF25/NOTCH1/KRAS/SRGAP2/SQSTM1/ADGRG1/ABL2/LPAR2/SOS2/APOE/ABCA1/ARHGAP20/LRP4/ARHGAP21/TRIO/ARHGAP23,38,Module 2
GO:0001736,establishment of planar polarity,9/1076,30/11952,0.3,3.3323420074349444,4.0230178764266995,9.423603485173432e-4,0.014454591797419248,0.011308324182208116,BRSK2/GRHL3/TP63/FZD1/ERBB4/ASTN2/CELSR1/CTHRC1/VANGL2,9,Module 2
GO:0007164,establishment of tissue polarity,9/1076,30/11952,0.3,3.3323420074349444,4.0230178764266995,9.423603485173432e-4,0.014454591797419248,0.011308324182208116,BRSK2/GRHL3/TP63/FZD1/ERBB4/ASTN2/CELSR1/CTHRC1/VANGL2,9,Module 2
GO:0035850,epithelial cell differentiation involved in kidney development,9/1076,30/11952,0.3,3.3323420074349444,4.0230178764266995,9.423603485173432e-4,0.014454591797419248,0.011308324182208116,BASP1/PROM1/CD24/LHX1/NOTCH1/PAX2/MAGI2/ASXL1/EXT1,9,Module 2
GO:0051153,regulation of striated muscle cell differentiation,13/1076,55/11952,0.23636363636363636,2.6254815816154107,3.8003038900082955,9.577295986437724e-4,0.01459616744086903,0.011419083676137287,BCL2/FZD7/TBX1/BMP2/NOTCH1/TRIM32/HDAC4/SHOX2/CCN3/PRKD1/MMP14/CYP26B1/PROX1,13,Module 2
GO:0060291,long-term synaptic potentiation,13/1076,55/11952,0.23636363636363636,2.6254815816154107,3.8003038900082955,9.577295986437724e-4,0.01459616744086903,0.011419083676137287,LARGE1/GRIN2C/TSHZ3/DRD2/SQSTM1/NCSTN/ADCY1/PLK2/APOE/EPHA4/SNCA/SLC1A1/CX3CR1,13,Module 2
GO:0031099,regeneration,23/1076,128/11952,0.1796875,1.9959340148698885,3.5630916965434944,9.887730799944812e-4,0.014882049654169666,0.011642739161621694,BCL2/RUNX1/CDKN1A/PTGFRN/LARGE1/PTPRU/TXK/KREMEN1/NINJ1/MDK/FZD7/ERBB4/PTCH1/CPQ/NOTCH1/BCL9/KLF4/CCN3/GAS6/SULF2/EPHA4/CSPG5/MSTN,23,Module 2
GO:0018212,peptidyl-tyrosine modification,30/1076,184/11952,0.16304347826086957,1.8110554388233393,3.4872395539134664,9.91738350391682e-4,0.014882049654169666,0.011642739161621694,TP53/DUSP22/DDR2/IL12A/ZFYVE28/TGFA/TPST1/FGFR3/ITGB3/HGF/TTBK1/NTRK1/DDR1/ERBB4/PECAM1/TSLP/ABL2/IL6ST/FGFR2/PDGFC/GFRA1/EPHA4/ANGPT1/LRP4/BANK1/LRRK1/PLPP3/SYK/IL22RA2/CD74,30,Module 2
GO:0030167,proteoglycan catabolic process,5/1076,10/11952,0.5,5.553903345724907,4.531259502575082,0.0010041041510087207,0.014882049654169666,0.011642739161621694,IDUA/SGSH/GUSB/HPSE/HGSNAT,5,Module 2
GO:0030201,heparan sulfate proteoglycan metabolic process,5/1076,10/11952,0.5,5.553903345724907,4.531259502575082,0.0010041041510087207,0.014882049654169666,0.011642739161621694,NDST1/HS3ST3A1/SULF2/HS3ST5/HS3ST1,5,Module 2
GO:0036152,phosphatidylethanolamine acyl-chain remodeling,5/1076,10/11952,0.5,5.553903345724907,4.531259502575082,0.0010041041510087207,0.014882049654169666,0.011642739161621694,PLAAT3/ABHD4/LPGAT1/LPCAT3/PLA2G2F,5,Module 2
GO:0060742,epithelial cell differentiation involved in prostate gland development,5/1076,10/11952,0.5,5.553903345724907,4.531259502575082,0.0010041041510087207,0.014882049654169666,0.011642739161621694,TP63/AR/NOTCH1/FGFR2/FOXA1,5,Module 2
GO:0098664,G protein-coupled serotonin receptor signaling pathway,5/1076,10/11952,0.5,5.553903345724907,4.531259502575082,0.0010041041510087207,0.014882049654169666,0.011642739161621694,GNAZ/CHRM2/HRH4/HTR7/HTR2C,5,Module 2
GO:1905962,glutamatergic neuron differentiation,5/1076,10/11952,0.5,5.553903345724907,4.531259502575082,0.0010041041510087207,0.014882049654169666,0.011642739161621694,PRDM1/ZHX2/KNDC1/PROX1/CBLN1,5,Module 2
GO:0090288,negative regulation of cellular response to growth factor stimulus,14/1076,62/11952,0.22580645161290322,2.508214414198345,3.744912405808633,0.0010046557179786463,0.014882049654169666,0.011642739161621694,PPARG/IL12A/NEDD4/SMAD6/THBS1/GREM2/EPN2/SPRY2/FZD1/SPRY1/NOTCH1/CXCL13/SULF2/CRIM1,14,Module 2
GO:0043549,regulation of kinase activity,56/1076,410/11952,0.13658536585365855,1.5171638407833892,3.351607896159393,0.0010103359243923125,0.014919712175420638,0.011672203847016777,CD86/CHP1/PKIA/DUSP22/DDR2/PPARG/CDKN1A/ZFYVE28/TNFRSF11A/TYRO3/ROBO1/FGF18/SASH1/MAPRE3/FGFR3/SNX9/ITGB3/CCNB3/CDK5R2/ADRB2/TTBK1/CDKN2B/THBS1/NEK10/MAPK8IP1/NTRK1/TENM1/CD24/TPD52L1/DDR1/SMPD1/CCR7/PIK3R6/EEF1A2/SPRY2/ERBB4/NR2F2/SPRY1/BMP2/UCHL1/FGFR2/PDGFC/APOE/DBNDD1/GAS6/EPHA4/ADRA2C/ANGPT1/TLR4/SNCA/SLC8A1/PROX1/RET/PTPRB/CD74/CCNP,56,Module 2
GO:0030072,peptide hormone secretion,27/1076,160/11952,0.16875,1.8744423791821563,3.502443294572297,0.0010264179854542485,0.015075681924714666,0.011794224344887184,ACVR2B/ILDR1/GNAZ/PICK1/CNR1/PFKFB2/SLC30A8/BRSK2/DRD2/FGG/SYT7/PLCB1/TM7SF3/CD38/ACVR1C/MYRIP/DOC2B/CCN3/GIPR/FFAR4/PRKD1/HTR2C/CPE/MTNR1B/ADCY5/NLGN2/GPLD1,27,Module 2
GO:0007596,blood coagulation,26/1076,152/11952,0.17105263157894737,1.9000195656427314,3.512419668861393,0.0010277438515197703,0.015075681924714666,0.011794224344887184,TFPI/COL3A1/TYRO3/F2R/PROS1/ITGB3/TXK/THBS1/FGG/ANXA5/F5/PLAT/IL6ST/APOE/GAS6/FBLN1/HPSE/ADRA2C/SYK/PAPSS2/TLR4/FCER1G/F12/ANXA2/GNAS/GGCX,26,Module 2
GO:0007565,female pregnancy,21/1076,113/11952,0.18584070796460178,2.0642826594729744,3.575298914530266,0.0010335798753852746,0.015075681924714666,0.011794224344887184,CTSB/PRDM1/BCL2/CNR1/CLIC5/ITGB3/CBS/DDR1/AR/CD38/NR2F2/ACVR1C/HPGD/PTHLH/SLC2A1/PCSK5/IGFBP7/FBLN1/FOSL1/JUNB/ASH1L,21,Module 2
GO:0030856,regulation of epithelial cell differentiation,21/1076,113/11952,0.18584070796460178,2.0642826594729744,3.575298914530266,0.0010335798753852746,0.015075681924714666,0.011794224344887184,TP73/IL1A/PROM1/CDKN2B/CD24/PLCB1/FST/TP63/SPRY2/PTCH1/LHX1/SPRY1/BMP2/NOTCH1/KRAS/MACROH2A2/PAX2/TBX3/HEY2/SOX9/NCOA3,21,Module 2
GO:0061333,renal tubule morphogenesis,12/1076,49/11952,0.24489795918367346,2.7202791897428114,3.795267734598287,0.0010658758606955153,0.01545195035855846,0.012088592078619868,LZTS2/BCL2/ADAMTS16/PTCH1/LGR4/HS3ST3A1/LHX1/BMP2/PAX2/EYA1/SOX9/LAMA5,12,Module 2
GO:0072088,nephron epithelium morphogenesis,12/1076,49/11952,0.24489795918367346,2.7202791897428114,3.795267734598287,0.0010658758606955153,0.01545195035855846,0.012088592078619868,LZTS2/BCL2/ADAMTS16/PTCH1/LGR4/HS3ST3A1/LHX1/BMP2/PAX2/EYA1/SOX9/LAMA5,12,Module 2
GO:0016055,Wnt signaling pathway,48/1076,340/11952,0.1411764705882353,1.5681609446752678,3.342958470558698,0.0011200504040899577,0.016187962527196804,0.012664399705819585,LZTS2/TRABD2A/IGFBP4/LRP1/TMEM88B/CTNND2/PTPRU/TCF7L1/DRD2/CD24/TPBGL/DACT3/GRHL3/ZEB2/KREMEN1/WNT5B/MDK/FZD7/FZD1/LGR4/EGR1/BMP2/TNN/TSKU/NOTCH1/BCL9/KLF4/FGFR2/NID1/GSC/AMOTL1/APOE/MAGI2/CELSR1/CTHRC1/SULF2/TLE1/LRP4/LRRK1/PLPP3/SOX9/SPEF1/CPE/VANGL2/CELSR3/CAPRIN2/TLE4/EXT1,48,Module 2
GO:0019886,antigen processing and presentation of exogenous peptide antigen via MHC class II,8/1076,25/11952,0.32,3.5544981412639403,4.02145899843194,0.001129263985045691,0.016222508304810455,0.0126914260554984,UNC93B1/CTSV/HLA-DPA1/CTSF/CTSL/FCER1G/CD74/HLA-DMA,8,Module 2
GO:0030279,negative regulation of ossification,8/1076,25/11952,0.32,3.5544981412639403,4.02145899843194,0.001129263985045691,0.016222508304810455,0.0126914260554984,CHSY1/BCL2/SMAD6/KREMEN1/MDK/NOTCH1/LRP4/SOX9,8,Module 2
GO:0098773,skin epidermis development,17/1076,84/11952,0.20238095238095238,2.248008497079129,3.610289895616376,0.001144475540499834,0.016369087598286525,0.012806100076892929,BCL2/TNFRSF19/GRHL3/FST/TP63/LGR4/NOTCH1/SPINK5/KLF4/FGFR2/HPSE/CYP26B1/LRP4/SOX21/SOX9/EXT1/LAMA5,17,Module 2
GO:0051057,positive regulation of small GTPase mediated signal transduction,13/1076,56/11952,0.23214285714285715,2.5785979819437066,3.724249245265631,0.0011463525068831572,0.016369087598286525,0.012806100076892929,RASGRP4/COL3A1/ROBO1/F2R/NTRK1/AUTS2/PLXNB1/NOTCH1/KRAS/ADGRG1/LPAR2/SOS2/LRP4,13,Module 2
GO:0072132,mesenchyme morphogenesis,11/1076,43/11952,0.2558139534883721,2.841531944324371,3.804954750159421,0.001159666871344223,0.01649417407941687,0.012903959532162093,MDM2/ROBO1/TBX2/BMP2/NOTCH1/TWIST1/TBX3/ROBO2/HEY2/SOX9/FOXF1,11,Module 2
GO:0051897,positive regulation of phosphatidylinositol 3-kinase/protein kinase B signal transduction,21/1076,114/11952,0.18421052631578946,2.0461749168460184,3.5301342386575976,0.0011620501191597584,0.01649417407941687,0.012903959532162093,F2R/NEDD4/FGFR3/MEIS3/HGF/THBS1/CCR7/PRR5/SPRY2/PLXNB1/ERBB4/HIP1/GAS6/PRKD1/IGF2/HPSE/UNC5B/ANGPT1/SOX9/CX3CR1/RET,21,Module 2
GO:1902893,regulation of miRNA transcription,14/1076,63/11952,0.2222222222222222,2.4684014869888475,3.6754971152919262,0.0011867485846039332,0.016794611666046733,0.013139002186686403,TP53/PPARG/SMAD6/SMAD1/AR/GATA2/EGR1/BMP2/TWIST1/KLF4/TEAD1/FOSL1/FOXA1/SOX9,14,Module 2
GO:0198738,cell-cell signaling by wnt,48/1076,341/11952,0.14076246334310852,1.56356223222754,3.3209162022217584,0.0011932490719609183,0.01683649654947824,0.013171770171200643,LZTS2/TRABD2A/IGFBP4/LRP1/TMEM88B/CTNND2/PTPRU/TCF7L1/DRD2/CD24/TPBGL/DACT3/GRHL3/ZEB2/KREMEN1/WNT5B/MDK/FZD7/FZD1/LGR4/EGR1/BMP2/TNN/TSKU/NOTCH1/BCL9/KLF4/FGFR2/NID1/GSC/AMOTL1/APOE/MAGI2/CELSR1/CTHRC1/SULF2/TLE1/LRP4/LRRK1/PLPP3/SOX9/SPEF1/CPE/VANGL2/CELSR3/CAPRIN2/TLE4/EXT1,48,Module 2
GO:0042445,hormone metabolic process,22/1076,122/11952,0.18032786885245902,2.0030471082942287,3.502535394126683,0.0012016568302275939,0.01690496517080535,0.013225335527948665,CTSB/CYP1B1/SLC30A8/ALDH8A1/AKR1B15/CPQ/EGR1/BMP2/SLC26A7/DISP1/PCSK5/TPO/ALDH1A3/CTSL/CYP26B1/SLCO1C1/PCSK6/FOXA1/PAPSS2/BBS1/CPE/SRD5A1,22,Module 2
GO:0021879,forebrain neuron differentiation,9/1076,31/11952,0.2903225806451613,3.2248471039693007,3.9012010557657737,0.0012232007502042564,0.016940474661885765,0.013253115823809685,ZSWIM6/GATA2/DCLK2/NKX2-1/FGFR2/SOX1/NDNF/PROX1/PLXNA3,9,Module 2
GO:0061844,antimicrobial humoral immune response mediated by antimicrobial peptide,9/1076,31/11952,0.2903225806451613,3.2248471039693007,3.9012010557657737,0.0012232007502042564,0.016940474661885765,0.013253115823809685,CXCL10/H2BC8/TSLP/SPINK5/CXCL11/CXCL13/CXCL9/LGALS4/H2BC21,9,Module 2
GO:0070306,lens fiber cell differentiation,9/1076,31/11952,0.2903225806451613,3.2248471039693007,3.9012010557657737,0.0012232007502042564,0.016940474661885765,0.013253115823809685,TMOD1/KDM5B/PLAAT3/WNT5B/SPRY2/PITX3/SPRY1/SIX3/PROX1,9,Module 2
GO:0071825,protein-lipid complex organization,9/1076,31/11952,0.2903225806451613,3.2248471039693007,3.9012010557657737,0.0012232007502042564,0.016940474661885765,0.013253115823809685,CIDEB/ABCA5/SNX9/APOC1/LPCAT3/PCSK5/APOE/ABCA1/PCSK6,9,Module 2
GO:1902692,regulation of neuroblast proliferation,9/1076,31/11952,0.2903225806451613,3.2248471039693007,3.9012010557657737,0.0012232007502042564,0.016940474661885765,0.013253115823809685,TP53/BTG2/DRD2/GATA2/NOTCH1/SIX3/BCAN/CX3CR1/PROX1,9,Module 2
GO:0009914,hormone transport,32/1076,203/11952,0.15763546798029557,1.75098430604135,3.3943145653778743,0.0012256705051769754,0.016940474661885765,0.013253115823809685,ACVR2B/PPARG/ILDR1/KDM5B/GNAZ/PICK1/CNR1/PFKFB2/SLC30A8/BRSK2/DRD2/FGG/SYT7/PLCB1/TM7SF3/CD38/ACVR1C/MYRIP/DOC2B/CCN3/GIPR/FFAR4/PRKD1/C1QTNF3/TBX3/SLCO1C1/HTR2C/CPE/MTNR1B/ADCY5/NLGN2/GPLD1,32,Module 2
GO:0048167,regulation of synaptic plasticity,23/1076,130/11952,0.17692307692307693,1.9652273377180443,3.48040249886905,0.0012291196126920272,0.016940474661885765,0.013253115823809685,UNC13C/PICK1/LARGE1/GRIN2C/TSHZ3/DRD2/EGR2/SYT7/RIMS3/CD38/KRAS/SQSTM1/NCSTN/CPEB3/ADCY1/PLK2/APOE/EPHA4/NETO1/SNCA/SLC1A1/CX3CR1/CBLN1,23,Module 2
GO:0030574,collagen catabolic process,7/1076,20/11952,0.35,3.8877323420074346,4.065266037562329,0.001275833809342867,0.017432729205245207,0.01363822347918237,CTSB/MRC2/MMP15/CST3/RETREG1/MMP14/CTSL,7,Module 2
GO:0048745,smooth muscle tissue development,7/1076,20/11952,0.35,3.8877323420074346,4.065266037562329,0.001275833809342867,0.017432729205245207,0.01363822347918237,COL3A1/PTCH1/TNN/MYLK/ITGA8/SOX9/PROX1,7,Module 2
GO:0051968,"positive regulation of synaptic transmission, glutamatergic",7/1076,20/11952,0.35,3.8877323420074346,4.065266037562329,0.001275833809342867,0.017432729205245207,0.01363822347918237,GRIN2C/TSHZ3/NTRK1/NLGN3/NRXN1/NLGN2/KMO,7,Module 2
GO:0010560,positive regulation of glycoprotein biosynthetic process,6/1076,15/11952,0.4,4.443122676579926,4.196857163894365,0.0012886282321551902,0.0174702142437062,0.01366754931368813,CHP1/PAWR/PLCB1/CCR7/NCSTN/ABCA2,6,Module 2
GO:0031069,hair follicle morphogenesis,6/1076,15/11952,0.4,4.443122676579926,4.196857163894365,0.0012886282321551902,0.0174702142437062,0.01366754931368813,BCL2/FST/TP63/NOTCH1/FGFR2/EXT1,6,Module 2
GO:1903317,regulation of protein maturation,12/1076,50/11952,0.24,2.6658736059479553,3.712707504810504,0.0012895994110496058,0.0174702142437062,0.01366754931368813,MDM2/RUNX1/GAS1/THBS1/PLAT/NOL3/MMP14/GSN/RASAL2/CHAC1/F12/ANXA2,12,Module 2
GO:0030879,mammary gland development,19/1076,100/11952,0.19,2.1104832713754647,3.507436834922111,0.0013398614604692109,0.018099548990145164,0.014159899525413251,ATP7B/TNFRSF11A/TGFA/KDM5B/ROBO1/HOXA5/TBX2/SOCS2/DDR1/AR/ERBB4/PTCH1/NTN1/FGFR2/TBX3/SOX9/FOXF1/ZBTB7B/HOXB9,19,Module 2
GO:0060538,skeletal muscle organ development,23/1076,131/11952,0.17557251908396945,1.9502256023156161,3.4396078083482435,0.0013670571276079826,0.01841460805035682,0.014406381061477893,BASP1/BCL2/SVIL/BTG2/LARGE1/TLL2/EGR2/ATF3/TBX1/NR2F2/EGR1/NOTCH1/KRAS/BCL9/DISP1/TWIST1/SHOX2/HLF/CASQ1/IGF2/CYP26B1/PITX1/MSTN,23,Module 2
GO:0008406,gonad development,25/1076,147/11952,0.17006802721088435,1.8890827706547302,3.411469754868395,0.001383758191517796,0.01853773733457974,0.014502709334308441,MAMLD1/BASP1/CYP1B1/BCL2/IL1A/NRIP1/RXFP2/NTRK1/FST/AR/NR2F2/NKX2-1/NOTCH1/ADGRG1/LFNG/ADAMTS1/MMP14/ROBO2/GFRA1/DMRT1/SOX9/IRX5/ATN1/SRD5A1/REC8,25,Module 2
GO:0051963,regulation of synapse assembly,15/1076,71/11952,0.2112676056338028,2.346719723545735,3.579757078386561,0.0013916895054309339,0.01853773733457974,0.014502709334308441,DLG5/NTRK1/AGRN/FZD1/NTN1/FARP1/CBLN2/PTPN13/NLGN3/AMIGO1/ROBO2/SNCA/CBLN1/NRXN1/NLGN2,15,Module 2
GO:0015908,fatty acid transport,14/1076,64/11952,0.21875,2.4298327137546467,3.6074014660678424,0.0013956908445382854,0.01853773733457974,0.014502709334308441,SLC27A2/PPARG/TNFRSF11A/IL1A/SLCO3A1/SLC27A3/DRD2/THBS1/ABCD2/FABP5/PLA2G2F/SLC2A1/APOE/SYK,14,Module 2
GO:0021766,hippocampus development,14/1076,64/11952,0.21875,2.4298327137546467,3.6074014660678424,0.0013956908445382854,0.01853773733457974,0.014502709334308441,BTG2/LARGE1/CDK5R2/MDK/SCN2A/DCLK2/NKX2-1/TSKU/BCAN/FEZ1/BBS1/PROX1/SRD5A1/PLXNA3,14,Module 2
GO:0061614,miRNA transcription,14/1076,64/11952,0.21875,2.4298327137546467,3.6074014660678424,0.0013956908445382854,0.01853773733457974,0.014502709334308441,TP53/PPARG/SMAD6/SMAD1/AR/GATA2/EGR1/BMP2/TWIST1/KLF4/TEAD1/FOSL1/FOXA1/SOX9,14,Module 2
GO:0043588,skin development,29/1076,180/11952,0.16111111111111112,1.7895910780669146,3.357275782010884,0.0014437215434258397,0.019122272810556736,0.014960011536334607,BCL2/CDKN1A/BCR/COL3A1/IL1A/TNFRSF19/KRT75/GRHL3/FST/TP63/PALLD/LGR4/NOTCH1/MACROH2A2/SPINK5/POU3F1/KLF4/FGFR2/HPSE/CYP26B1/LRP4/SOX21/TCHH/SOX9/NCOA3/ASH1L/EXT1/TGM1/LAMA5,29,Module 2
GO:0010976,positive regulation of neuron projection development,21/1076,116/11952,0.1810344827586207,2.0108960389693626,3.441174298789915,0.00146045421427971,0.019290166080277837,0.015091360214223672,DDR2/CNR1/ENC1/CYFIP1/NTRK1/DDR1/TENM3/MDK/FZD1/STMN2/TNN/ABL2/APOE/CNTN1/MAGI2/NDNF/PRKD1/AMIGO1/FEZ1/RET/CAPRIN2,21,Module 2
GO:0002065,columnar/cuboidal epithelial cell differentiation,17/1076,86/11952,0.19767441860465115,2.195729229705196,3.5002862240961528,0.0015025778637970777,0.019486593136258466,0.015245031854233754,PRDM1/CDKN1A/DLG5/HOXA5/FST/TP63/GATA2/BMP2/NOTCH1/IL6ST/KLF4/FGFR2/RARB/FOXA1/SOX9/PROX1/EXT1,17,Module 2
GO:0002063,chondrocyte development,8/1076,26/11952,0.3076923076923077,3.417786674292251,3.881779932202325,0.0015040125512106955,0.019486593136258466,0.015245031854233754,CHSY1/FGF18/PTHLH/TSKU/SHOX2/SULF2/SOX9/EXT1,8,Module 2
GO:0010719,negative regulation of epithelial to mesenchymal transition,8/1076,26/11952,0.3076923076923077,3.417786674292251,3.881779932202325,0.0015040125512106955,0.019486593136258466,0.015245031854233754,DACT3/LDLRAD4/SPRY2/SPRY1/NKX2-1/USF3/EPHA4/FOXA1,8,Module 2
GO:0010830,regulation of myotube differentiation,8/1076,26/11952,0.3076923076923077,3.417786674292251,3.881779932202325,0.0015040125512106955,0.019486593136258466,0.015245031854233754,BCL2/TBX1/NOTCH1/HDAC4/SHOX2/CCN3/MMP14/CYP26B1,8,Module 2
GO:0032373,positive regulation of sterol transport,8/1076,26/11952,0.3076923076923077,3.417786674292251,3.881779932202325,0.0015040125512106955,0.019486593136258466,0.015245031854233754,PPARG/ABCA5/LRP1/PTCH1/LPCAT3/APOE/ABCA1/ANXA2,8,Module 2
GO:0032376,positive regulation of cholesterol transport,8/1076,26/11952,0.3076923076923077,3.417786674292251,3.881779932202325,0.0015040125512106955,0.019486593136258466,0.015245031854233754,PPARG/ABCA5/LRP1/PTCH1/LPCAT3/APOE/ABCA1/ANXA2,8,Module 2
GO:0051155,positive regulation of striated muscle cell differentiation,8/1076,26/11952,0.3076923076923077,3.417786674292251,3.881779932202325,0.0015040125512106955,0.019486593136258466,0.015245031854233754,BCL2/TBX1/TRIM32/SHOX2/PRKD1/MMP14/CYP26B1/PROX1,8,Module 2
GO:0051046,regulation of secretion,55/1076,408/11952,0.13480392156862744,1.4973759020336759,3.215217238638424,0.0015125705873449027,0.019544220496807096,0.015290115719899562,PPARG/PFN2/IL12A/TNFRSF11A/ILDR1/BCR/KDM5B/F2R/IL1A/GNAZ/PICK1/CNR1/PFKFB2/MYO6/SLC30A8/BRSK2/CDK5R2/DRD2/FGG/SYT7/SYT3/PLCB1/LILRB1/TM7SF3/RIMS3/GATA2/CD38/ACVR1C/BMP2/SV2A/NOTCH1/MYRIP/DOC2B/CCN3/GIPR/FFAR4/APOE/PRKD1/C1QTNF3/SYT8/ADRA2C/SYK/TLR4/SNCA/HTR2C/CSPG5/FOXF1/MTNR1B/ADCY5/NLGN2/HLA-F/CD74/KMO/ANXA2/GPLD1,55,Module 2
GO:0031638,zymogen activation,10/1076,38/11952,0.2631578947368421,2.9231070240657404,3.734565784433135,0.0015255856876910034,0.01965897004057106,0.015379888233632878,RUNX1/THBS1/FGG/C1R/PLAT/PRSS12/MMP14/CTSL/F12/ANXA2,10,Module 2
GO:0002067,glandular epithelial cell differentiation,12/1076,51/11952,0.23529411764705882,2.6136015744587797,3.6321462630413826,0.0015507832498719547,0.019822511701992326,0.01550783249871955,HOXA5/TP63/GATA2/BMP2/NOTCH1/KLF4/FGFR2/RARB/FOXA1/SOX9/PROX1/EXT1,12,Module 2
GO:0043406,positive regulation of MAP kinase activity,12/1076,51/11952,0.23529411764705882,2.6136015744587797,3.6321462630413826,0.0015507832498719547,0.019822511701992326,0.01550783249871955,TNFRSF11A/ROBO1/FGF18/SASH1/THBS1/NEK10/TENM1/CD24/TPD52L1/PIK3R6/PDGFC/TLR4,12,Module 2
GO:0048644,muscle organ morphogenesis,12/1076,51/11952,0.23529411764705882,2.6136015744587797,3.6321462630413826,0.0015507832498719547,0.019822511701992326,0.01550783249871955,COL3A1/S1PR1/FZD1/TBX1/BMP2/NOTCH1/SHOX2/FGFR2/GSC/MYLK/HEY2/PROX1,12,Module 2
GO:0014812,muscle cell migration,14/1076,65/11952,0.2153846153846154,2.3924506720045753,3.540576850585854,0.0016344693953048409,0.02083619832352418,0.0163008743982145,MDM2/DDR2/CYP1B1/S100A11/BCL2/LRP1/ITGB3/DDR1/MDK/PLAT/CCN3/ADAMTS1/TLR4/MSTN,14,Module 2
GO:0090092,regulation of transmembrane receptor protein serine/threonine kinase signaling pathway,30/1076,190/11952,0.15789473684210525,1.7538642144394443,3.2946023237334314,0.001670501156843889,0.021238590911210407,0.01661567995577344,TP53/ACVR2B/PPARG/LTBP1/LRP1/SMAD6/CDKN2B/THBS1/GREM2/FST/ZEB2/LDLRAD4/SPRY2/FZD1/FBN2/SPRY1/BMP2/NKX2-1/NOTCH1/FSTL5/CCN3/IGSF1/MAGI2/ZNF423/PCSK6/ITGA8/DMRT1/LOX/FSTL1/CRIM1,30,Module 2
GO:0050679,positive regulation of epithelial cell proliferation,23/1076,133/11952,0.17293233082706766,1.920898901528915,3.3590855793871537,0.0016831373084563739,0.02134218107122682,0.016696722099887228,TGFA/KDM5B/ITGB3/TP63/MDK/FZD7/AR/GATA2/LAMC1/CCR3/TBX1/HMOX1/NOTCH1/TWIST1/FGFR2/PAX2/PRKD1/IGF2/CYP7B1/EYA1/SOX9/PROX1/TGM1,23,Module 2
GO:0071900,regulation of protein serine/threonine kinase activity,32/1076,207/11952,0.15458937198067632,1.7171488605139809,3.2737207737680545,0.0016992355468486583,0.021368507967268094,0.016717318535906897,PKIA/PPARG/CDKN1A/TNFRSF11A/ROBO1/FGF18/SASH1/MAPRE3/CCNB3/CDK5R2/ADRB2/CDKN2B/THBS1/NEK10/MAPK8IP1/TENM1/CD24/TPD52L1/SMPD1/PIK3R6/SPRY2/NR2F2/SPRY1/BMP2/UCHL1/PDGFC/APOE/TLR4/SNCA/SLC8A1/PROX1/CCNP,32,Module 2
GO:0021681,cerebellar granular layer development,5/1076,11/11952,0.45454545454545453,5.049003041568097,4.225691188289203,0.0017049259570710872,0.021368507967268094,0.016717318535906897,KNDC1/MDK/PROX1/CBLN1/TTBK2,5,Module 2
GO:0021871,forebrain regionalization,5/1076,11/11952,0.45454545454545453,5.049003041568097,4.225691188289203,0.0017049259570710872,0.021368507967268094,0.016717318535906897,LHX1/BMP2/NKX2-1/ADGRG1/SIX3,5,Module 2
GO:0031645,negative regulation of nervous system process,5/1076,11/11952,0.45454545454545453,5.049003041568097,4.225691188289203,0.0017049259570710872,0.021368507967268094,0.016717318535906897,JAM2/TNFRSF21/CCN3/MTNR1B/CTSC,5,Module 2
GO:0090090,negative regulation of canonical Wnt signaling pathway,19/1076,102/11952,0.18627450980392157,2.069101246446534,3.4106205618959087,0.0017076830762485541,0.021368507967268094,0.016717318535906897,LZTS2/IGFBP4/TMEM88B/PTPRU/TPBGL/DACT3/KREMEN1/MDK/FZD1/EGR1/BMP2/TNN/NOTCH1/APOE/CTHRC1/TLE1/LRP4/SOX9/TLE4,19,Module 2
GO:0018108,peptidyl-tyrosine phosphorylation,29/1076,182/11952,0.15934065934065933,1.769925242044201,3.292074692747218,0.0017172722573980585,0.021432098645479705,0.016767067710028286,TP53/DUSP22/DDR2/IL12A/ZFYVE28/TGFA/FGFR3/ITGB3/HGF/TTBK1/NTRK1/DDR1/ERBB4/PECAM1/TSLP/ABL2/IL6ST/FGFR2/PDGFC/GFRA1/EPHA4/ANGPT1/LRP4/BANK1/LRRK1/PLPP3/SYK/IL22RA2/CD74,29,Module 2
GO:0021885,forebrain cell migration,11/1076,45/11952,0.24444444444444444,2.7152416356877325,3.625801711748127,0.001732335755976476,0.021563498742586763,0.016869866524168824,COL3A1/TYRO3/ROBO1/ARX/CDK5R2/DRD2/POU3F3/NKX2-1/SRGAP2/ADGRG1/SRGAP2C,11,Module 2
GO:0046879,hormone secretion,31/1076,199/11952,0.15577889447236182,1.730361846406755,3.2678634987424324,0.0017586861792357569,0.021650208124987438,0.016937702255510678,ACVR2B/PPARG/ILDR1/KDM5B/GNAZ/PICK1/CNR1/PFKFB2/SLC30A8/BRSK2/DRD2/FGG/SYT7/PLCB1/TM7SF3/CD38/ACVR1C/MYRIP/DOC2B/CCN3/GIPR/FFAR4/PRKD1/C1QTNF3/TBX3/HTR2C/CPE/MTNR1B/ADCY5/NLGN2/GPLD1,31,Module 2
GO:0060326,cell chemotaxis,31/1076,199/11952,0.15577889447236182,1.730361846406755,3.2678634987424324,0.0017586861792357569,0.021650208124987438,0.016937702255510678,IL12A/TNFRSF11A/CXCL10/FGF18/GAB1/HGF/THBS1/CCL1/NINJ1/S1PR1/CCR7/MDK/CCR3/NOTCH1/CCR5/CCN3/CXCL11/CXCL13/GAS6/PRKD1/CYP7B1/SYK/GPR15LG/CXCL9/MSTN/LOX/FCER1G/CX3CR1/CD74/LYST/HOXB9,31,Module 2
GO:0003272,endocardial cushion formation,7/1076,21/11952,0.3333333333333333,3.7026022304832713,3.8987646060460297,0.0017666205578328342,0.021650208124987438,0.016937702255510678,ROBO1/TBX2/BMP2/NOTCH1/TBX3/ROBO2/HEY2,7,Module 2
GO:0003416,endochondral bone growth,7/1076,21/11952,0.3333333333333333,3.7026022304832713,3.8987646060460297,0.0017666205578328342,0.021650208124987438,0.016937702255510678,DDR2/FGFR3/TSKU/FGFR2/RARB/SOX9/EXT1,7,Module 2
GO:0060603,mammary gland duct morphogenesis,7/1076,21/11952,0.3333333333333333,3.7026022304832713,3.8987646060460297,0.0017666205578328342,0.021650208124987438,0.016937702255510678,KDM5B/DDR1/AR/PTCH1/NTN1/FGFR2/TBX3,7,Module 2
GO:0110110,positive regulation of animal organ morphogenesis,7/1076,21/11952,0.3333333333333333,3.7026022304832713,3.8987646060460297,0.0017666205578328342,0.021650208124987438,0.016937702255510678,ROBO1/AR/SPRY1/BMP2/HOXC11/ROBO2/SOX9,7,Module 2
GO:0045137,development of primary sexual characteristics,25/1076,150/11952,0.16666666666666666,1.8513011152416357,3.3000816566645406,0.0018498146738936002,0.022546971859191627,0.01763927135987231,MAMLD1/BASP1/CYP1B1/BCL2/IL1A/NRIP1/RXFP2/NTRK1/FST/AR/NR2F2/NKX2-1/NOTCH1/ADGRG1/LFNG/ADAMTS1/MMP14/ROBO2/GFRA1/DMRT1/SOX9/IRX5/ATN1/SRD5A1/REC8,25,Module 2
GO:0001738,morphogenesis of a polarized epithelium,12/1076,52/11952,0.23076923076923078,2.563340005719188,3.5534915913836467,0.0018540201886317405,0.022546971859191627,0.01763927135987231,DLG5/BRSK2/GRHL3/TP63/FZD1/ERBB4/ASTN2/CELSR1/CTHRC1/FOXF1/VANGL2/LAMA5,12,Module 2
GO:0035914,skeletal muscle cell differentiation,12/1076,52/11952,0.23076923076923078,2.563340005719188,3.5534915913836467,0.0018540201886317405,0.022546971859191627,0.01763927135987231,BTG2/LARGE1/EGR2/ATF3/TBX1/EGR1/NOTCH1/KRAS/BCL9/HLF/CYP26B1/MSTN,12,Module 2
GO:0044344,cellular response to fibroblast growth factor stimulus,15/1076,73/11952,0.2054794520547945,2.2824260324896875,3.456825632749387,0.0018668614584825907,0.022645219987461017,0.017716134248865402,KDM5B/FGF18/FGFR3/TBX2/THBS1/NDST1/SPRY2/TBX1/LHX1/SPRY1/FGFR2/CXCL13/NDNF/SULF2/EXT1,15,Module 2
GO:0050922,negative regulation of chemotaxis,10/1076,39/11952,0.2564102564102564,2.8481555619102084,3.6360840669918586,0.001888895171474161,0.022782960879754198,0.017823893685107388,SEMA4F/ROBO1/THBS1/NOTCH1/SEMA6C/CCN3/CXCL13/ROBO2/SEMA3B/PLXNA3,10,Module 2
GO:0060191,regulation of lipase activity,10/1076,39/11952,0.2564102564102564,2.8481555619102084,3.6360840669918586,0.001888895171474161,0.022782960879754198,0.017823893685107388,CD86/RASGRP4/LRP1/FGFR3/TXK/APOC1/ABL2/LPAR2/FGFR2/SNCA,10,Module 2
GO:0003156,regulation of animal organ formation,6/1076,16/11952,0.375,4.16542750929368,3.9850760886226535,0.0019060355869016383,0.022782960879754198,0.017823893685107388,ROBO1/AR/SPRY1/BMP2/HOXC11/ROBO2,6,Module 2
GO:0035988,chondrocyte proliferation,6/1076,16/11952,0.375,4.16542750929368,3.9850760886226535,0.0019060355869016383,0.022782960879754198,0.017823893685107388,DDR2/FGFR3/CCN3/MMP14/SOX9/EXT1,6,Module 2
GO:0046849,bone remodeling,13/1076,59/11952,0.22033898305084745,2.447482830319451,3.5056404931842726,0.0019066617994827587,0.022782960879754198,0.017823893685107388,TNFRSF11A/ITGB3/ADRB2/SYT7/S1PR1/MDK/LEPR/CD38/LGR4/CTHRC1/LRRK1/SYK/EXT1,13,Module 2
GO:0046942,carboxylic acid transport,31/1076,200/11952,0.155,1.7217100371747212,3.2373936544749675,0.0019069649695356828,0.022782960879754198,0.017823893685107388,SLC27A2/PPARG/TNFRSF11A/IL1A/SLCO3A1/SLC6A8/SLC27A3/DRD2/THBS1/SLC6A9/SLC26A11/ABCD2/ABCC2/SV2A/SLC26A7/FABP5/SFXN2/PLA2G2F/SLC2A1/SFXN5/SLC47A1/APOE/SLC6A13/SLCO1C1/SYK/SLC51A/SNCA/SLC1A1/SLC26A4/KMO/SLC25A1,31,Module 2
GO:0002495,antigen processing and presentation of peptide antigen via MHC class II,8/1076,27/11952,0.2962962962962963,3.2912019826517964,3.7487780129318633,0.001970902752261521,0.023377605999170444,0.018289105008814734,UNC93B1/CTSV/HLA-DPA1/CTSF/CTSL/FCER1G/CD74/HLA-DMA,8,Module 2
GO:0006516,glycoprotein catabolic process,8/1076,27/11952,0.2962962962962963,3.2912019826517964,3.7487780129318633,0.001970902752261521,0.023377605999170444,0.018289105008814734,IDUA/MAN1C1/SGSH/CST3/GUSB/HPSE/CTSL/HGSNAT,8,Module 2
GO:0048638,regulation of developmental growth,34/1076,226/11952,0.1504424778761062,1.6710859624305032,3.2035469152936034,0.001981092476052409,0.023377605999170444,0.018289105008814734,BASP1/TRPV2/BCL2/RUNX1/SEMA4F/CDKN1A/TP73/FGFR3/TBX2/TLL2/ARX/ADRB2/DRD2/CYFIP1/SOCS2/SYT3/PLCB1/AGRN/AR/ERBB4/PTCH1/NTN1/NOTCH1/FGFR2/SEMA6C/APOE/IGF2/HEY2/SEMA3B/MAP2/MSTN/LPAR3/PROX1/PLXNA3,34,Module 2
GO:0010517,regulation of phospholipase activity,9/1076,33/11952,0.2727272727272727,3.0294018249408583,3.6717978739546733,0.001986236135365901,0.023377605999170444,0.018289105008814734,CD86/RASGRP4/LRP1/FGFR3/TXK/ABL2/LPAR2/FGFR2/SNCA,9,Module 2
GO:0022617,extracellular matrix disassembly,9/1076,33/11952,0.2727272727272727,3.0294018249408583,3.6717978739546733,0.001986236135365901,0.023377605999170444,0.018289105008814734,DDR2/LRP1/CTSV/MMP15/DDR1/LAMC1/CST3/WASHC1/MMP14,9,Module 2
GO:0030850,prostate gland development,9/1076,33/11952,0.2727272727272727,3.0294018249408583,3.6717978739546733,0.001986236135365901,0.023377605999170444,0.018289105008814734,TP63/AR/PTCH1/NOTCH1/EAF2/FGFR2/CYP7B1/FOXA1/SOX9,9,Module 2
GO:1903530,regulation of secretion by cell,52/1076,386/11952,0.13471502590673576,1.4963884662056746,3.118152846093413,0.0020371965114139986,0.023918196078453243,0.018712027215950805,PPARG/PFN2/IL12A/TNFRSF11A/ILDR1/BCR/KDM5B/F2R/IL1A/GNAZ/PICK1/CNR1/PFKFB2/SLC30A8/BRSK2/CDK5R2/DRD2/FGG/SYT7/SYT3/PLCB1/LILRB1/TM7SF3/RIMS3/GATA2/CD38/ACVR1C/BMP2/NOTCH1/MYRIP/DOC2B/CCN3/GIPR/FFAR4/APOE/PRKD1/C1QTNF3/SYT8/ADRA2C/SYK/TLR4/SNCA/HTR2C/CSPG5/FOXF1/MTNR1B/ADCY5/NLGN2/HLA-F/KMO/ANXA2/GPLD1,52,Module 2
GO:0015849,organic acid transport,31/1076,201/11952,0.15422885572139303,1.7131443155967374,3.207094077721075,0.002065898718759001,0.024139158718268206,0.01888489388684705,SLC27A2/PPARG/TNFRSF11A/IL1A/SLCO3A1/SLC6A8/SLC27A3/DRD2/THBS1/SLC6A9/SLC26A11/ABCD2/ABCC2/SV2A/SLC26A7/FABP5/SFXN2/PLA2G2F/SLC2A1/SFXN5/SLC47A1/APOE/SLC6A13/SLCO1C1/SYK/SLC51A/SNCA/SLC1A1/SLC26A4/KMO/SLC25A1,31,Module 2
GO:0090287,regulation of cellular response to growth factor stimulus,33/1076,218/11952,0.15137614678899083,1.6814569762286415,3.1938705224832624,0.002066169841921169,0.024139158718268206,0.01888489388684705,TP53/PPARG/IL12A/LTBP1/ROBO1/FGF18/NEDD4/SMAD6/ITGB3/CYFIP1/CDKN2B/THBS1/GREM2/FST/ZEB2/EPN2/LDLRAD4/SPRY2/FZD1/FBN2/SPRY1/BMP2/NKX2-1/NOTCH1/FSTL5/CXCL13/ZNF423/SULF2/PCSK6/ITGA8/LOX/FSTL1/CRIM1,33,Module 2
GO:0015844,monoamine transport,11/1076,46/11952,0.2391304347826087,2.656214643607564,3.539861386682702,0.0020950013710491567,0.024296906144728635,0.019008305122689906,PICK1/CNR1/ITGB3/DRD2/SYT7/SYT3/LILRB1/SYT8/ADRA2C/SYK/SNCA,11,Module 2
GO:0060415,muscle tissue morphogenesis,11/1076,46/11952,0.2391304347826087,2.656214643607564,3.539861386682702,0.0020950013710491567,0.024296906144728635,0.019008305122689906,COL3A1/S1PR1/FZD1/TBX1/BMP2/NOTCH1/SHOX2/FGFR2/MYLK/HEY2/PROX1,11,Module 2
GO:0070613,regulation of protein processing,11/1076,46/11952,0.2391304347826087,2.656214643607564,3.539861386682702,0.0020950013710491567,0.024296906144728635,0.019008305122689906,MDM2/RUNX1/GAS1/THBS1/PLAT/NOL3/MMP14/GSN/CHAC1/F12/ANXA2,11,Module 2
GO:0050731,positive regulation of peptidyl-tyrosine phosphorylation,19/1076,104/11952,0.18269230769230768,2.029310837861024,3.31599870207782,0.0021575566355920106,0.024961512900827276,0.019528249840394845,TP53/IL12A/TGFA/FGFR3/ITGB3/HGF/ERBB4/PECAM1/TSLP/IL6ST/GFRA1/EPHA4/ANGPT1/LRP4/BANK1/LRRK1/PLPP3/SYK/CD74,19,Module 2
GO:2000630,positive regulation of miRNA metabolic process,12/1076,53/11952,0.22641509433962265,2.5149750999509015,3.4766570850641703,0.002204226223386517,0.02543478203827534,0.01989850455991257,TP53/PPARG/SMAD6/SMAD1/AR/GATA2/EGR1/BMP2/KLF4/TEAD1/FOSL1/FOXA1,12,Module 2
GO:0070167,regulation of biomineral tissue development,14/1076,67/11952,0.208955223880597,2.3210342340342893,3.4105587891706937,0.0022145109913451083,0.02543478203827534,0.01989850455991257,DDR2/ACVR2B/ADRB2/S1PR1/FBN2/BMP2/NOTCH1/TENT5A/TWIST1/GAS6/HEY2/NELL1/SOX9/SLC8A1,14,Module 2
GO:0098661,inorganic anion transmembrane transport,14/1076,67/11952,0.208955223880597,2.3210342340342893,3.4105587891706937,0.0022145109913451083,0.02543478203827534,0.01989850455991257,SLC37A1/CLIC5/SLC12A7/SLC26A11/SLC26A7/SLC12A6/SLC12A8/TTYH2/CLCN4/GABRB2/SLC1A1/ANO2/SLC26A4/ANO8,14,Module 2
GO:0021700,developmental maturation,33/1076,219/11952,0.1506849315068493,1.6737790904924377,3.165255053289317,0.0022287316452884788,0.025536431261076426,0.019978028242103953,BCL2/PPARG/ADGRL1/CDKN1A/UNC13C/PICK1/HOXA5/FGFR3/CDK5R2/CEBPA/C1QL1/RXFP2/FGG/AGRN/S1PR1/GATA2/PLXNB1/KCNIP2/BMP2/L3MBTL3/SPINK5/SIX3/PAX2/NTN4/CATSPER2/BCAN/FOXA1/CX3CR1/RET/NRXN1/EXT1/TDRKH/REC8,33,Module 2
GO:0006821,chloride transport,13/1076,60/11952,0.21666666666666667,2.4066914498141263,3.435743092751921,0.002237629868897439,0.025576754871652216,0.02000957478917902,CLIC5/SLC12A7/SLC26A11/SLC26A7/SLC12A6/SLC12A8/TTYH2/CLCN4/GABRB2/SLC1A1/ANO2/SLC26A4/ANO8,13,Module 2
GO:0007215,glutamate receptor signaling pathway,7/1076,22/11952,0.3181818181818182,3.5343021290976684,3.742167015176434,0.0023921587295650678,0.027212236265746165,0.02128906811957429,GRIN2C/HOMER3/GRID1/PLCB1/HOMER2/NCSTN/SLC1A1,7,Module 2
GO:1901889,negative regulation of cell junction assembly,7/1076,22/11952,0.3181818181818182,3.5343021290976684,3.742167015176434,0.0023921587295650678,0.027212236265746165,0.02128906811957429,DUSP22/THBS1/PHLDB2/PTPN13/MMP14/ROBO2/CBLN1,7,Module 2
GO:0042886,amide transport,31/1076,203/11952,0.15270935960591134,1.6962660464775579,3.146997831944992,0.0024182149121352754,0.027442987845353782,0.02146959301466163,ACVR2B/ILDR1/GNAZ/PICK1/CNR1/PFKFB2/SLC30A8/BRSK2/DRD2/FGG/SYT7/PLCB1/TM7SF3/CD38/POU3F3/ACVR1C/DISP1/MYRIP/DOC2B/CCN3/GIPR/FFAR4/PRKD1/ABCA1/HTR2C/CPE/MTNR1B/ADCY5/NLGN2/CD74/GPLD1,31,Module 2
GO:0002793,positive regulation of peptide secretion,15/1076,75/11952,0.2,2.221561338289963,3.3378452040424547,0.002470065028799449,0.02765313119835568,0.021633995385464382,ILDR1/PFKFB2/SLC30A8/DRD2/FGG/PLCB1/TM7SF3/CD38/MYRIP/DOC2B/GIPR/FFAR4/PRKD1/NLGN2/GPLD1,15,Module 2
GO:0090277,positive regulation of peptide hormone secretion,15/1076,75/11952,0.2,2.221561338289963,3.3378452040424547,0.002470065028799449,0.02765313119835568,0.021633995385464382,ILDR1/PFKFB2/SLC30A8/DRD2/FGG/PLCB1/TM7SF3/CD38/MYRIP/DOC2B/GIPR/FFAR4/PRKD1/NLGN2/GPLD1,15,Module 2
GO:0120162,positive regulation of cold-induced thermogenesis,15/1076,75/11952,0.2,2.221561338289963,3.3378452040424547,0.002470065028799449,0.02765313119835568,0.021633995385464382,TRPV2/ADRB2/ELOVL3/TSHR/IRF4/LEPR/ZNF516/FABP5/SFXN5/PDGFC/FFAR4/SYK/OXT/ZBTB7B/GNAS,15,Module 2
GO:0031214,biomineral tissue development,20/1076,113/11952,0.17699115044247787,1.9659834852123563,3.245077494586016,0.002473882163307753,0.02765313119835568,0.021633995385464382,DDR2/ACVR2B/FGFR3/ADRB2/S1PR1/LGR4/TBX1/FBN2/BMP2/PTHLH/NOTCH1/TENT5A/TWIST1/FGFR2/GAS6/HEY2/NELL1/SOX9/LOX/SLC8A1,20,Module 2
GO:0030857,negative regulation of epithelial cell differentiation,9/1076,34/11952,0.2647058823529412,2.9403017712661277,3.563532364888235,0.0024890725873598805,0.02765313119835568,0.021633995385464382,IL1A/FST/TP63/SPRY2/SPRY1/NOTCH1/KRAS/TBX3/SOX9,9,Module 2
GO:0046622,positive regulation of organ growth,9/1076,34/11952,0.2647058823529412,2.9403017712661277,3.563532364888235,0.0024890725873598805,0.02765313119835568,0.021633995385464382,BASP1/TBX2/ARX/ERBB4/NOTCH1/FGFR2/IGF2/HEY2/PROX1,9,Module 2
GO:0051965,positive regulation of synapse assembly,9/1076,34/11952,0.2647058823529412,2.9403017712661277,3.563532364888235,0.0024890725873598805,0.02765313119835568,0.021633995385464382,DLG5/NTRK1/AGRN/CBLN2/NLGN3/AMIGO1/CBLN1/NRXN1/NLGN2,9,Module 2
GO:0085029,extracellular matrix assembly,9/1076,34/11952,0.2647058823529412,2.9403017712661277,3.563532364888235,0.0024890725873598805,0.02765313119835568,0.021633995385464382,PPARG/COL3A1/THSD4/PHLDB2/NOTCH1/GAS6/NTN4/SOX9/LOX,9,Module 2
GO:1903018,regulation of glycoprotein metabolic process,9/1076,34/11952,0.2647058823529412,2.9403017712661277,3.563532364888235,0.0024890725873598805,0.02765313119835568,0.021633995385464382,CHP1/BCL2/PAWR/PLCB1/CCR7/CST3/NCSTN/ACER2/ABCA2,9,Module 2
GO:0007519,skeletal muscle tissue development,21/1076,121/11952,0.17355371900826447,1.9278011613260009,3.2263429466084927,0.0025050015422712745,0.027714611046356318,0.02168209318453113,BCL2/SVIL/BTG2/LARGE1/TLL2/EGR2/ATF3/TBX1/NR2F2/EGR1/NOTCH1/KRAS/BCL9/TWIST1/SHOX2/HLF/CASQ1/IGF2/CYP26B1/PITX1/MSTN,21,Module 2
GO:0046887,positive regulation of hormone secretion,17/1076,90/11952,0.18888888888888888,2.09814126394052,3.2890779425681855,0.002506263459502254,0.027714611046356318,0.02168209318453113,PPARG/ILDR1/PFKFB2/SLC30A8/DRD2/FGG/PLCB1/TM7SF3/CD38/MYRIP/DOC2B/GIPR/FFAR4/PRKD1/C1QTNF3/NLGN2/GPLD1,17,Module 2
GO:0030195,negative regulation of blood coagulation,8/1076,28/11952,0.2857142857142857,3.1736590546999466,3.6218721510198195,0.00254475485559837,0.028009975320301504,0.021913166812097075,TFPI/PROS1/THBS1/FGG/PLAT/APOE/F12/ANXA2,8,Module 2
GO:1900047,negative regulation of hemostasis,8/1076,28/11952,0.2857142857142857,3.1736590546999466,3.6218721510198195,0.00254475485559837,0.028009975320301504,0.021913166812097075,TFPI/PROS1/THBS1/FGG/PLAT/APOE/F12/ANXA2,8,Module 2
GO:0060560,developmental growth involved in morphogenesis,27/1076,170/11952,0.1588235294117647,1.7641810627596763,3.156348016049602,0.0025508639464649607,0.02801237428508288,0.021915043604733613,TRPV2/LZTS2/SEMA4F/KDM5B/TBX2/CYFIP1/SYT3/DDR1/S1PR1/AUTS2/SPRY2/NTN1/LHX1/SPRY1/TNN/NOTCH1/FGFR2/SEMA6C/APOE/MAGI2/NLGN3/SEMA3B/MAP2/SOX9/LPAR3/EXT1/PLXNA3,27,Module 2
GO:2000177,regulation of neural precursor cell proliferation,14/1076,68/11952,0.20588235294117646,2.286901377651432,3.347280133940874,0.0025627766130913976,0.028078347454492156,0.02196665668364055,TP53/BTG2/DRD2/MDK/GATA2/PITX3/LHX1/NOTCH1/ADGRG1/SIX3/BCAN/CX3CR1/PROX1/DISP3,14,Module 2
GO:0008015,blood circulation,42/1076,300/11952,0.14,1.5550929368029742,3.062666795275284,0.002601215123518755,0.02843397221225674,0.022244874159746596,MDM2/PPARG/BCR/F2R/CXCL10/CNR1/TBX2/CBS/ADAMTS16/ADRB2/DRD2/CHRM2/FGG/FOXN4/ZEB2/F5/AR/SCN3A/CD38/GJC1/NR2F2/KCNIP2/KCNE5/SCN2A/SHOX2/PDE3A/KCND3/PCSK5/APOE/GAS6/GJD3/HTR7/GSN/HEY2/ADRA2C/ANGPT1/AKAP12/SLC1A1/COL4A3/SLC8A1/MTNR1B/EXT1,42,Module 2
GO:0051146,striated muscle cell differentiation,31/1076,204/11952,0.15196078431372548,1.6879510168379617,3.117197297868436,0.002612901192307948,0.0284962045170282,0.022293560631618276,TMOD1/BCL2/JAM2/PTGFRN/CXCL10/LARGE1/FZD7/KRT8/TBX1/BMP2/TNNT1/NOTCH1/KRAS/TRIM32/HDAC4/BCL9/SHOX2/ACTN2/CCN3/KCNH1/PRKD1/CASQ1/IGF2/MMP14/TBX3/CYP26B1/HEY2/RARB/CXCL9/SLC8A1/PROX1,31,Module 2
GO:0051208,sequestering of calcium ion,18/1076,98/11952,0.1836734693877551,2.040209392307109,3.2521832343480317,0.002622499653076314,0.028535436728553482,0.02232425333968853,ATP7B/F2R/CXCL10/ITGB3/PLCD1/DRD2/PLCB1/CCR7/ITPR2/CCR5/CXCL11/NOL3/PRKD1/CASQ1/SNCA/HTR2C/CXCL9/SLC8A1,18,Module 2
GO:1905952,regulation of lipid localization,19/1076,106/11952,0.1792452830188679,1.9910219541277967,3.2234727515441324,0.0027032648040623236,0.028843230850685287,0.022565051264889436,PPARG/ABCA5/TNFRSF11A/KDM5B/IL1A/LRP1/ITGB3/THBS1/APOC1/PTCH1/LPCAT3/FITM2/DENND5B/APOE/ABCA1/SYK/ABCA2/ANXA2/DISP3,19,Module 2
GO:0002486,"antigen processing and presentation of endogenous peptide antigen via MHC class I via ER pathway, TAP-independent",5/1076,12/11952,0.4166666666666667,4.628252788104089,3.955119927030717,0.002707441460090431,0.028843230850685287,0.022565051264889436,ULBP1/HLA-B/HLA-A/HLA-F/MICB,5,Module 2
GO:0006590,thyroid hormone generation,5/1076,12/11952,0.4166666666666667,4.628252788104089,3.955119927030717,0.002707441460090431,0.028843230850685287,0.022565051264889436,CTSB/CPQ/SLC26A7/TPO/SLCO1C1,5,Module 2
GO:0007190,activation of adenylate cyclase activity,5/1076,12/11952,0.4166666666666667,4.628252788104089,3.955119927030717,0.002707441460090431,0.028843230850685287,0.022565051264889436,ADRB2/RXFP2/TSHR/LGR4/GIPR,5,Module 2
GO:0007413,axonal fasciculation,5/1076,12/11952,0.4166666666666667,4.628252788104089,3.955119927030717,0.002707441460090431,0.028843230850685287,0.022565051264889436,CNR1/NCAM2/TNFRSF21/AMIGO1/EPHA4,5,Module 2
GO:0033033,negative regulation of myeloid cell apoptotic process,5/1076,12/11952,0.4166666666666667,4.628252788104089,3.955119927030717,0.002707441460090431,0.028843230850685287,0.022565051264889436,BCL2/SELENOS/CCR5/GAS6/IRF7,5,Module 2
GO:0106030,neuron projection fasciculation,5/1076,12/11952,0.4166666666666667,4.628252788104089,3.955119927030717,0.002707441460090431,0.028843230850685287,0.022565051264889436,CNR1/NCAM2/TNFRSF21/AMIGO1/EPHA4,5,Module 2
GO:0003148,outflow tract septum morphogenesis,6/1076,17/11952,0.35294117647058826,3.9204023616881702,3.789916131454926,0.002723577424176171,0.028843230850685287,0.022565051264889436,ROBO1/SMAD6/TBX2/TBX1/FGFR2/ROBO2,6,Module 2
GO:0006977,"DNA damage response, signal transduction by p53 class mediator resulting in cell cycle arrest",6/1076,17/11952,0.35294117647058826,3.9204023616881702,3.789916131454926,0.002723577424176171,0.028843230850685287,0.022565051264889436,TP53/MDM2/CDKN1A/E2F7/PLK2/PIDD1,6,Module 2
GO:0021602,cranial nerve morphogenesis,6/1076,17/11952,0.35294117647058826,3.9204023616881702,3.789916131454926,0.002723577424176171,0.028843230850685287,0.022565051264889436,HOXA3/HOXB2/EGR2/TBX1/PAX2/PLXNA3,6,Module 2
GO:0031639,plasminogen activation,6/1076,17/11952,0.35294117647058826,3.9204023616881702,3.789916131454926,0.002723577424176171,0.028843230850685287,0.022565051264889436,RUNX1/THBS1/FGG/PLAT/F12/ANXA2,6,Module 2
GO:1903020,positive regulation of glycoprotein metabolic process,6/1076,17/11952,0.35294117647058826,3.9204023616881702,3.789916131454926,0.002723577424176171,0.028843230850685287,0.022565051264889436,CHP1/PAWR/PLCB1/CCR7/NCSTN/ABCA2,6,Module 2
GO:1901615,organic hydroxy compound metabolic process,49/1076,364/11952,0.1346153846153846,1.4952816700028595,3.018369219065862,0.002744285731707774,0.02899795256504548,0.0226860953821176,TP53/CTSB/CYP1B1/NQO1/SLC27A2/BCL2/ACSS2/ABCA5/ALDH3A2/PFKFB2/CYP2E1/CEBPA/DRD2/APOC1/PLPP2/PLCB1/AKR1B15/ZEB2/LIMA1/SMPD1/LEPR/DDC/CPQ/BMP2/SLC26A7/TSKU/TPK1/LDHB/LPCAT3/APOE/TPO/LDHC/CYP7B1/ALDH1A3/ABCA1/GPR37/CYP26B1/SLCO1C1/PLPP3/SNCA/MALRD1/SLC1A1/PROX1/ALDH2/ACER2/ABCA2/PMVK/SRD5A1/DISP3,49,Module 2
GO:0003205,cardiac chamber development,20/1076,114/11952,0.17543859649122806,1.948738016043827,3.201350462549222,0.0027529953641903166,0.029025483274334712,0.0227076336026341,TP53/MDM2/PRDM1/ROBO1/SMAD6/TBX2/NDST1/FZD1/TBX1/BMP2/NOTCH1/SHOX2/FGFR2/ADAMTS1/TBX3/ROBO2/HEY2/CPE/FOXF1/PROX1,20,Module 2
GO:0032371,regulation of sterol transport,10/1076,41/11952,0.24390243902439024,2.7092211442560523,3.4481784406485425,0.0028241680098399337,0.029509511119476486,0.023086305229117254,PPARG/ABCA5/LRP1/APOC1/PTCH1/LPCAT3/APOE/ABCA1/ABCA2/ANXA2,10,Module 2
GO:0032374,regulation of cholesterol transport,10/1076,41/11952,0.24390243902439024,2.7092211442560523,3.4481784406485425,0.0028241680098399337,0.029509511119476486,0.023086305229117254,PPARG/ABCA5/LRP1/APOC1/PTCH1/LPCAT3/APOE/ABCA1/ABCA2/ANXA2,10,Module 2
GO:2000179,positive regulation of neural precursor cell proliferation,10/1076,41/11952,0.24390243902439024,2.7092211442560523,3.4481784406485425,0.0028241680098399337,0.029509511119476486,0.023086305229117254,DRD2/MDK/PITX3/LHX1/NOTCH1/ADGRG1/BCAN/CX3CR1/PROX1/DISP3,10,Module 2
GO:0071774,response to fibroblast growth factor,15/1076,76/11952,0.19736842105263158,2.192330268049305,3.279758981338199,0.0028273504252408956,0.029509511119476486,0.023086305229117254,KDM5B/FGF18/FGFR3/TBX2/THBS1/NDST1/SPRY2/TBX1/LHX1/SPRY1/FGFR2/CXCL13/NDNF/SULF2/EXT1,15,Module 2
GO:0051209,release of sequestered calcium ion into cytosol,17/1076,91/11952,0.18681318681318682,2.0750847665345806,3.2379967667540277,0.0028299341893756632,0.029509511119476486,0.023086305229117254,F2R/CXCL10/ITGB3/PLCD1/DRD2/PLCB1/CCR7/ITPR2/CCR5/CXCL11/NOL3/PRKD1/CASQ1/SNCA/HTR2C/CXCL9/SLC8A1,17,Module 2
GO:0043542,endothelial cell migration,26/1076,163/11952,0.15950920245398773,1.771797386366228,3.1205581603768264,0.0028547738417611652,0.029703390848083898,0.023237984007333776,CYP1B1/PPARG/ROBO1/FGF18/SASH1/ITGB3/RHOB/THBS1/ZEB2/GATA2/SPARC/NR2F2/HMOX1/NOTCH1/RIN2/KLF4/PLK2/CCN3/CXCL13/APOE/PRKD1/ANGPT1/PLPP3/FSTL1/PROX1/GPLD1,26,Module 2
GO:0090101,negative regulation of transmembrane receptor protein serine/threonine kinase signaling pathway,19/1076,107/11952,0.17757009345794392,1.9724142723135183,3.1779666852014623,0.003016751457155483,0.0313202034471055,0.024502872097420077,TP53/PPARG/LTBP1/LRP1/SMAD6/GREM2/FST/LDLRAD4/SPRY2/FZD1/FBN2/SPRY1/BMP2/NKX2-1/NOTCH1/CCN3/IGSF1/MAGI2/CRIM1,19,Module 2
GO:0021954,central nervous system neuron development,13/1076,62/11952,0.20967741935483872,2.329056241755606,3.3000607611971913,0.003041423529996223,0.03147334988177849,0.024622683819183165,BTG2/ARX/DRD2/GATA2/DCLK2/TSKU/FGFR2/SOX1/NDNF/EPHA4/MAP2/AGBL4/PLXNA3,13,Module 2
GO:0009798,axis specification,12/1076,55/11952,0.21818181818181817,2.4235214599526866,3.3281300772366715,0.0030667960829708256,0.03147334988177849,0.024622683819183165,BASP1/SMAD6/PTCH1/LHX1/NOTCH1/SIX3/PITX2/TBX3/HEY2/PCSK6/CAPRIN2/TDRKH,12,Module 2
GO:0033555,multicellular organismal response to stress,12/1076,55/11952,0.21818181818181817,2.4235214599526866,3.3281300772366715,0.0030667960829708256,0.03147334988177849,0.024622683819183165,BCL2/LARGE1/THBS1/NTRK1/VWA1/MDK/SCN3A/APOE/HTR2C/SLC1A1/RET/EXT1,12,Module 2
GO:0048864,stem cell development,12/1076,55/11952,0.21818181818181817,2.4235214599526866,3.3281300772366715,0.0030667960829708256,0.03147334988177849,0.024622683819183165,BCL2/SEMA4F/NRTN/ERBB4/TBX1/TWIST1/SEMA6C/PITX2/SEMA3B/SOX9/RET/LAMA5,12,Module 2
GO:0002683,negative regulation of immune system process,49/1076,366/11952,0.13387978142076504,1.4871107319154122,2.9769746602046245,0.0030673000854672208,0.03147334988177849,0.024622683819183165,CD86/LAPTM5/DUSP22/RUNX1/PPARG/PAWR/BCR/COL3A1/TYRO3/DLG5/CNR1/GPNMB/CEBPA/DRD2/THBS1/ZPBP2/PLCB1/LILRB1/IRF4/MDK/HLA-B/GATA2/LGR4/HMOX1/TNFRSF21/TRIM32/HLA-A/SQSTM1/SELENOS/PLA2G2F/TWIST1/DTX4/SPINK5/PLK2/CCN3/ANGPT1/BANK1/SYK/TLR4/TRIM31/SOX9/CX3CR1/FOXF1/PTGER4/HLA-F/CD74/ZBTB7B/PIAS3/IL20RB,49,Module 2
GO:0044703,multi-organism reproductive process,21/1076,123/11952,0.17073170731707318,1.8964548009792368,3.143262104463108,0.003071216476371234,0.03147334988177849,0.024622683819183165,CTSB/PRDM1/BCL2/CNR1/CLIC5/ITGB3/CBS/DDR1/AR/CD38/NR2F2/ACVR1C/HPGD/PTHLH/SLC2A1/PCSK5/IGFBP7/FBLN1/FOSL1/JUNB/ASH1L,21,Module 2
GO:0007015,actin filament organization,48/1076,357/11952,0.13445378151260504,1.4934866139764456,2.9774725596994513,0.003088134397299258,0.031578664643350476,0.024705075178394063,TMOD1/BCL2/RHOQ/RHOU/PAWR/PFN2/SVIL/ARHGAP12/POF1B/FAM171A1/PICK1/SAMD14/MYO6/MYO1D/BAIAP2L1/SNX9/CDC42EP4/FMN2/CYFIP1/SORBS1/RHOB/MYO1B/TMEFF2/KANK3/TENM1/ZEB2/LIMA1/S1PR1/CCR7/ESAM/PFN4/PDLIM1/PHLDB2/SSH3/PLEKHG2/HIP1/WASHC1/SPTA1/ACTN2/ENAH/MICALL2/RAPGEF3/GSN/PROX1/ITGB5/PTGER4/SPIRE1/BAIAP2L2,48,Module 2
GO:0040008,regulation of growth,57/1076,440/11952,0.12954545454545455,1.4389658668469076,2.950905887154954,0.0031089777494539327,0.031723581971359334,0.024818448987057144,TP53/GNG4/BASP1/TRPV2/LRP12/BCL2/RUNX1/SEMA4F/CDKN1A/TP73/IGFBP4/FGFR3/TBX2/TLL2/ARX/ADRB2/DRD2/CYFIP1/SOCS2/SYT3/DACT3/PLCB1/ARHGEF11/DDR1/AGRN/PRR5/AR/CD38/MINAR1/ERBB4/PTCH1/NTN1/NOTCH1/TRIM32/DCUN1D3/WFS1/EAF2/FGFR2/SEMA6C/IGFBP7/CCN3/APOE/TEAD1/IGF2/OSGIN1/MMP14/HEY2/SEMA3B/MAP2/MSTN/LPAR3/PROX1/SELENOP/CAPRIN2/KLHL22/PLXNA3/NANOS1,57,Module 2
GO:0001709,cell fate determination,7/1076,23/11952,0.30434782608695654,3.3806368191369,3.5944190249452443,0.003175202221968895,0.032112277343433485,0.025122538741865943,TBX2/GATA2/PTCH1/KLF4/PAX2/CYP26B1/PROX1,7,Module 2
GO:0001958,endochondral ossification,7/1076,23/11952,0.30434782608695654,3.3806368191369,3.5944190249452443,0.003175202221968895,0.032112277343433485,0.025122538741865943,FGF18/FGFR3/CBS/CSGALNACT1/MMP14/NAB1/EXT1,7,Module 2
GO:0036075,replacement ossification,7/1076,23/11952,0.30434782608695654,3.3806368191369,3.5944190249452443,0.003175202221968895,0.032112277343433485,0.025122538741865943,FGF18/FGFR3/CBS/CSGALNACT1/MMP14/NAB1/EXT1,7,Module 2
GO:0099601,regulation of neurotransmitter receptor activity,7/1076,23/11952,0.30434782608695654,3.3806368191369,3.5944190249452443,0.003175202221968895,0.032112277343433485,0.025122538741865943,ADRB2/SLC6A9/DAPK1/NLGN3/NETO1/DLGAP1/NLGN2,7,Module 2
GO:0007498,mesoderm development,17/1076,92/11952,0.18478260869565216,2.0525294973331176,3.1875683386085085,0.00318759093713998,0.032112277343433485,0.025122538741865943,ACVR2B/ITGB3/SECTM1/SMAD1/IKZF1/TP63/TBX1/LHX1/KLF4/FGFR2/PAX2/TBX3/ITGA8/TLX2/EYA1/FOXF1/EXT1,17,Module 2
GO:0051283,negative regulation of sequestering of calcium ion,17/1076,92/11952,0.18478260869565216,2.0525294973331176,3.1875683386085085,0.00318759093713998,0.032112277343433485,0.025122538741865943,F2R/CXCL10/ITGB3/PLCD1/DRD2/PLCB1/CCR7/ITPR2/CCR5/CXCL11/NOL3/PRKD1/CASQ1/SNCA/HTR2C/CXCL9/SLC8A1,17,Module 2
GO:0098656,monoatomic anion transmembrane transport,15/1076,77/11952,0.19480519480519481,2.1638584463863277,3.222570117022473,0.003226185645570173,0.03237955056766662,0.0253316357753354,CLIC5/SLC12A7/SLC26A11/ABCC2/SLC26A7/SLC12A6/SLC12A8/TTYH2/CLCN4/GABRB2/SLC1A1/ANO2/SLC26A4/GPR89B/ANO8,15,Module 2
GO:0048483,autonomic nervous system development,8/1076,29/11952,0.27586206896551724,3.0642225355723625,3.5005509361561082,0.003241359846521412,0.03237955056766662,0.0253316357753354,HOXB2/EGR2/NTRK1/TP63/TBX1/TLX2/RET/PLXNA3,8,Module 2
GO:0071827,plasma lipoprotein particle organization,8/1076,29/11952,0.27586206896551724,3.0642225355723625,3.5005509361561082,0.003241359846521412,0.03237955056766662,0.0253316357753354,CIDEB/ABCA5/APOC1/LPCAT3/PCSK5/APOE/ABCA1/PCSK6,8,Module 2
GO:0099054,presynapse assembly,8/1076,29/11952,0.27586206896551724,3.0642225355723625,3.5005509361561082,0.003241359846521412,0.03237955056766662,0.0253316357753354,FZD1/FARP1/CBLN2/NLGN3/LRP4/SNCA/CBLN1/NLGN2,8,Module 2
GO:0016358,dendrite development,27/1076,173/11952,0.15606936416184972,1.733588327567312,3.056996296277607,0.0032798346338901545,0.03269520688500563,0.02557858456618737,TANC2/NEDD4/DLG5/CAMSAP2/CTNND2/KNDC1/CYFIP1/FOXO6/ZNF365/SRGAP2/CUL7/FARP1/CPEB3/APOE/HECW2/GPR37/EPHA4/LRP4/MAP2/TLX2/FAT3/BTBD3/BBS1/CAPRIN2/NLGN2/SRGAP2C/ARHGAP33,27,Module 2
GO:0051961,negative regulation of nervous system development,18/1076,100/11952,0.18,1.9994052044609667,3.156599219002612,0.0032942179670167257,0.032769887935490655,0.02563701011987912,TP53/SEMA4F/BTG2/CDKN2B/GATA2/NTN1/PITX3/NOTCH1/PTPN13/SEMA6C/ROBO2/LRP4/SEMA3B/MAP2/TLX2/PROX1/CBLN1/PLXNA3,18,Module 2
GO:1902904,negative regulation of supramolecular fiber organization,22/1076,132/11952,0.16666666666666666,1.8513011152416357,3.093392933326831,0.003369225441969039,0.033446068844598706,0.026166009695458924,TMOD1/PFN2/SVIL/CAMSAP2/PICK1/TMEFF2/KANK3/LIMA1/S1PR1/PFN4/PHLDB2/STMN2/SSH3/MID1/SPTA1/APOE/GSN/MAP2/SNCA/SPEF1/EML2/TTBK2,22,Module 2
GO:0010594,regulation of endothelial cell migration,21/1076,124/11952,0.1693548387096774,1.8811608106487587,3.102301607319382,0.0033923208599986885,0.03360025091463492,0.02628663163037685,PPARG/FGF18/SASH1/ITGB3/RHOB/THBS1/GATA2/SPARC/NR2F2/HMOX1/NOTCH1/RIN2/KLF4/PLK2/CXCL13/APOE/PRKD1/ANGPT1/PLPP3/PROX1/GPLD1,21,Module 2
GO:0007517,muscle organ development,36/1076,251/11952,0.14342629482071714,1.5931515573394157,2.9872027847628164,0.003398889735003028,0.03360025091463492,0.02628663163037685,BASP1/BCL2/SVIL/COL3A1/BTG2/CXCL10/LARGE1/TLL2/EGR2/S1PR1/ATF3/FZD1/TBX1/NR2F2/EGR1/BMP2/NOTCH1/KRAS/BCL9/DISP1/TWIST1/SHOX2/FGFR2/GSC/HLF/CASQ1/IGF2/MYLK/CYP26B1/HEY2/PITX1/MSTN/LOX/PROX1/FOXK1/LAMA5,36,Module 2
GO:0019730,antimicrobial humoral response,10/1076,42/11952,0.23809523809523808,2.6447158789166223,3.3584068666486013,0.0034135637713572846,0.03360558122733724,0.026290801717285917,CXCL10/H2BC8/TSLP/HLA-A/SPINK5/CXCL11/CXCL13/CXCL9/LGALS4/H2BC21,10,Module 2
GO:0099024,plasma membrane invagination,10/1076,42/11952,0.23809523809523808,2.6447158789166223,3.3584068666486013,0.0034135637713572846,0.03360558122733724,0.026290801717285917,ARHGAP12/SNX33/SNX9/XKR6/THBS1/GATA2/GSN/ABCA1/SNX18/SPIRE1,10,Module 2
GO:0030282,bone mineralization,16/1076,85/11952,0.18823529411764706,2.090881259567024,3.174608188178052,0.00343296814967514,0.03365856198961837,0.02633225038935443,DDR2/ACVR2B/FGFR3/ADRB2/S1PR1/LGR4/FBN2/BMP2/PTHLH/TENT5A/TWIST1/FGFR2/NELL1/SOX9/LOX/SLC8A1,16,Module 2
GO:0050670,regulation of lymphocyte proliferation,28/1076,182/11952,0.15384615384615385,1.7088933371461255,3.0311122270516515,0.003433102537321747,0.03365856198961837,0.02633225038935443,CD86/BCL2/PAWR/IL12A/CDKN1A/IL1A/CD276/DLG5/CLECL1P/GPNMB/MAPK8IP1/CD24/SH3RF1/LILRB1/HLA-DPA1/CD38/TNFRSF21/HLA-A/PLA2G2F/IL6ST/SOS2/SPTA1/IGF2/SYK/TLR4/CD74/ZBTB7B/IL20RB,28,Module 2
GO:0097006,regulation of plasma lipoprotein particle levels,11/1076,49/11952,0.22448979591836735,2.493589257264244,3.2951460150401974,0.0035663278981271818,0.034892776040318416,0.02729781847949201,CIDEB/ABCA5/APOC1/HMOX1/LPCAT3/PCSK5/APOE/ABCA1/PCSK6/ANXA2/GPLD1,11,Module 2
GO:0050680,negative regulation of epithelial cell proliferation,17/1076,93/11952,0.1827956989247312,2.030459287684375,3.1377760016384495,0.0035818847254148137,0.034915797405349336,0.02731582888494206,PPARG/IL12A/ROBO1/DRD2/CDKN2B/THBS1/PTPRK/AR/PTCH1/SPARC/NR2F2/NOTCH1/EAF2/FGFR2/APOE/SOX9/COL4A3,17,Module 2
GO:0036293,response to decreased oxygen levels,35/1076,243/11952,0.1440329218106996,1.5998898526779568,2.9715867210778724,0.003583366799960142,0.034915797405349336,0.02731582888494206,TP53/MDM2/DDR2/BCL2/PPARG/IL1A/PICK1/PLOD2/PSEN2/CBS/FMN2/DRD2/THBS1/ARNT2/CD24/ZEB2/CD38/PLAT/PDLIM1/HMOX1/EGR1/BMP2/SCN2A/ITPR2/NOTCH1/SLC2A1/TWIST1/FGFR2/OPRD1/NOL3/NDNF/MMP14/EPHA4/SLC1A1/MSTN,35,Module 2
GO:0001819,positive regulation of cytokine production,48/1076,360/11952,0.13333333333333333,1.4810408921933085,2.914927247770769,0.0036452186561629915,0.03544583785287326,0.02773049775240558,CD86/LAPTM5/CYP1B1/UNC93B1/RUNX1/PANX2/IL12A/RNF135/F2R/IL1A/CD276/CLECL1P/HGF/DRD2/TXK/TICAM2/THBS1/PLCB1/LILRB1/CCL1/BTN3A2/IRF4/CCR7/MDK/HLA-DPA1/ZBTB20/HMOX1/TSLP/EGR1/TRIM32/HLA-A/TWIST1/IL6ST/NLRP2/C1QTNF3/IRF7/SULF2/HPSE/SYK/AKAP12/TLR4/FCER1G/C1QTNF4/PTGER4/HLA-F/CD74/ZBTB7B/IL20RB,48,Module 2
GO:0001837,epithelial to mesenchymal transition,21/1076,125/11952,0.168,1.8661115241635688,3.061717980699946,0.0037410272648443522,0.036303233968030396,0.028401268214736715,DLG5/HGF/DACT3/LDLRAD4/MDK/SPRY2/PHLDB2/SPRY1/BMP2/NKX2-1/NOTCH1/USF3/TWIST1/CUL7/FGFR2/GSC/TBX3/EPHA4/HEY2/FOXA1/SOX9,21,Module 2
GO:0048596,embryonic camera-type eye morphogenesis,6/1076,18/11952,0.3333333333333333,3.7026022304832713,3.6091009184207303,0.003777927829523165,0.03651229030362327,0.02856482017444344,TBX2/TWIST1/SIX3/PAX2/ALDH1A3/PROX1,6,Module 2
GO:2001185,"regulation of CD8-positive, alpha-beta T cell activation",6/1076,18/11952,0.3333333333333333,3.7026022304832713,3.6091009184207303,0.003777927829523165,0.03651229030362327,0.02856482017444344,RUNX1/MAPK8IP1/SH3RF1/LILRB1/HLA-A/ZBTB7B,6,Module 2
GO:0034331,cell junction maintenance,9/1076,36/11952,0.25,2.7769516728624537,3.358422100141388,0.0037943452684981345,0.03659657556127511,0.028630759429641096,F2R/ITGB3/C1QL1/KIFC3/RAPSN/CBLN2/CTBP2/CBLN1/NLGN2,9,Module 2
GO:0050769,positive regulation of neurogenesis,27/1076,175/11952,0.15428571428571428,1.713775889537971,2.9918321183083485,0.0038580262590220916,0.037135455185526405,0.02905234348899227,TRPV2/TP73/ROBO1/DRD2/CYFIP1/TTBK1/EGR2/MDK/ETV5/PLXNB1/NTN1/ZNF365/BMP2/NOTCH1/KRAS/TRIM32/CUL7/IL6ST/SHOX2/AMIGO1/ROBO2/EPHA4/BCAN/LPAR3/CX3CR1/CAPRIN2/PLXNA3,27,Module 2
GO:0051282,regulation of sequestering of calcium ion,17/1076,94/11952,0.18085106382978725,2.0088586569643283,3.088603705941463,0.004015583150462434,0.03839177267764895,0.030035203861378357,F2R/CXCL10/ITGB3/PLCD1/DRD2/PLCB1/CCR7/ITPR2/CCR5/CXCL11/NOL3/PRKD1/CASQ1/SNCA/HTR2C/CXCL9/SLC8A1,17,Module 2
GO:0006790,sulfur compound metabolic process,34/1076,236/11952,0.1440677966101695,1.6002772352088714,2.9294888742301923,0.004040733220045043,0.03839177267764895,0.030035203861378357,CHSY1/SLC27A2/OPLAH/ACSS2/IDUA/ACOT11/PDK2/TPST1/FAR2/CBS/ELOVL3/NDST1/SGSH/CSGALNACT1/GGT7/HS3ST3A1/GUSB/TPK1/SUOX/FITM2/ACOT4/CHST3/HPSE/ANGPT1/HS3ST5/PAPSS2/SNCA/HS3ST1/SLC1A1/CHAC1/SLC25A1/PMVK/HGSNAT/EXT1,34,Module 2
GO:0002476,antigen processing and presentation of endogenous peptide antigen via MHC class Ib,5/1076,13/11952,0.38461538461538464,4.272233342865313,3.712834792016194,0.004076328520683027,0.03839177267764895,0.030035203861378357,ULBP1/HLA-B/HLA-A/HLA-F/MICB,5,Module 2
GO:0002484,antigen processing and presentation of endogenous peptide antigen via MHC class I via ER pathway,5/1076,13/11952,0.38461538461538464,4.272233342865313,3.712834792016194,0.004076328520683027,0.03839177267764895,0.030035203861378357,ULBP1/HLA-B/HLA-A/HLA-F/MICB,5,Module 2
GO:0006837,serotonin transport,5/1076,13/11952,0.38461538461538464,4.272233342865313,3.712834792016194,0.004076328520683027,0.03839177267764895,0.030035203861378357,CNR1/ITGB3/LILRB1/SYK/SNCA,5,Module 2
GO:0019934,cGMP-mediated signaling,5/1076,13/11952,0.38461538461538464,4.272233342865313,3.712834792016194,0.004076328520683027,0.03839177267764895,0.030035203861378357,THBS1/PDE3A/APOE/HTR2C/MTNR1B,5,Module 2
GO:0030540,female genitalia development,5/1076,13/11952,0.38461538461538464,4.272233342865313,3.712834792016194,0.004076328520683027,0.03839177267764895,0.030035203861378357,TYRO3/TP63/LHX1/TBX3/SRD5A1,5,Module 2
GO:0042403,thyroid hormone metabolic process,5/1076,13/11952,0.38461538461538464,4.272233342865313,3.712834792016194,0.004076328520683027,0.03839177267764895,0.030035203861378357,CTSB/CPQ/SLC26A7/TPO/SLCO1C1,5,Module 2
GO:0097154,GABAergic neuron differentiation,5/1076,13/11952,0.38461538461538464,4.272233342865313,3.712834792016194,0.004076328520683027,0.03839177267764895,0.030035203861378357,ARX/DRD2/ZSWIM6/GATA2/NKX2-1,5,Module 2
GO:0010837,regulation of keratinocyte proliferation,8/1076,30/11952,0.26666666666666666,2.962081784386617,3.384362185492528,0.004077359663977438,0.03839177267764895,0.030035203861378357,TP63/MDK/PTPRK/PTCH1/FGFR2/PRKD1/GPR15LG/TGM1,8,Module 2
GO:0071711,basement membrane organization,8/1076,30/11952,0.26666666666666666,2.962081784386617,3.384362185492528,0.004077359663977438,0.03839177267764895,0.030035203861378357,COL3A1/LARGE1/LAMC1/PHLDB2/NID1/NTN4/HMCN1/EXT1,8,Module 2
GO:0030193,regulation of blood coagulation,10/1076,43/11952,0.23255813953488372,2.583210858476701,3.271214325133537,0.004096562831967311,0.03847991548604037,0.030104161011160917,TFPI/F2R/PROS1/THBS1/FGG/PLAT/APOE/HPSE/F12/ANXA2,10,Module 2
GO:0021987,cerebral cortex development,18/1076,102/11952,0.17647058823529413,1.9602011808440851,3.0632102448936256,0.004102905815230803,0.03847991548604037,0.030104161011160917,FOXP2/COL3A1/ROBO1/ARX/CDK5R2/PLCB1/CCDC85C/MDK/POU3F3/NKX2-1/SRGAP2/ADGRG1/SLC2A1/FAT4/BTBD3/BBS1/SRD5A1/SRGAP2C,18,Module 2
GO:0097553,calcium ion transmembrane import into cytosol,21/1076,126/11952,0.16666666666666666,1.8513011152416357,3.021504163135552,0.004119123528941205,0.03851906781315229,0.030134791222907787,TRPV2/BCL2/F2R/CXCL10/GRIN2C/ITGB3/PLCD1/DRD2/PLCB1/CCR7/ITPR2/CACNA1A/CCR5/CXCL11/NOL3/PRKD1/CASQ1/SNCA/HTR2C/CXCL9/SLC8A1,21,Module 2
GO:0036037,"CD8-positive, alpha-beta T cell activation",7/1076,24/11952,0.2916666666666667,3.2397769516728623,3.4546196285945827,0.004139676358317925,0.03851906781315229,0.030134791222907787,BCL2/RUNX1/MAPK8IP1/SH3RF1/LILRB1/HLA-A/ZBTB7B,7,Module 2
GO:0048546,digestive tract morphogenesis,7/1076,24/11952,0.2916666666666667,3.2397769516728623,3.4546196285945827,0.004139676358317925,0.03851906781315229,0.030134791222907787,ACVR2B/BCL2/TP63/NOTCH1/SHOX2/FGFR2/FOXF1,7,Module 2
GO:0007224,smoothened signaling pathway,20/1076,118/11952,0.1694915254237288,1.882679100245731,3.0307612382741036,0.00414758416831419,0.03851906781315229,0.030134791222907787,WDR11/CHSY1/DLG5/GAS1/NDST1/CIBAR1/PTCH1/DZIP1/TULP3/DISP1/SHOX2/FGFR2/FOXA1/DZIP1L/FOXF1/ARL3/EXT1/FBXL17/TTBK2/DISP3,20,Module 2
GO:0050796,regulation of insulin secretion,20/1076,118/11952,0.1694915254237288,1.882679100245731,3.0307612382741036,0.00414758416831419,0.03851906781315229,0.030134791222907787,GNAZ/PICK1/CNR1/PFKFB2/SLC30A8/BRSK2/DRD2/SYT7/PLCB1/TM7SF3/CD38/ACVR1C/MYRIP/DOC2B/CCN3/GIPR/MTNR1B/ADCY5/NLGN2/GPLD1,20,Module 2
GO:0014032,neural crest cell development,11/1076,50/11952,0.22,2.443717472118959,3.217591463376344,0.0042084820867901015,0.038932553156978474,0.030458275025017856,SEMA4F/NRTN/ERBB4/TBX1/TWIST1/SEMA6C/PITX2/SEMA3B/SOX9/RET/LAMA5,11,Module 2
GO:0060760,positive regulation of response to cytokine stimulus,11/1076,50/11952,0.22,2.443717472118959,3.217591463376344,0.0042084820867901015,0.038932553156978474,0.030458275025017856,LAPTM5/TXK/TICAM2/TSLP/ZBP1/TRIM32/GAS6/IRF7/TLR4/C1QTNF4/CD74,11,Module 2
GO:0043068,positive regulation of programmed cell death,55/1076,428/11952,0.12850467289719625,1.427405065490046,2.8322630341575588,0.004317454463743949,0.039863098980781504,0.03118627301966503,TP53/LAPTM5/CYP1B1/NQO1/BCL2/PPARG/PAWR/CIDEB/IL12A/CDKN1A/TP73/CNR1/HOXA5/GSDME/CTSV/RHOB/THBS1/NTRK1/TPD52L1/LILRB1/RAPSN/TP63/SMPD1/EEF1A2/ATF3/NACC2/ACVR1C/PITX3/HMOX1/ZBP1/BMP2/HPGD/NOTCH1/SQSTM1/DCUN1D3/TP53INP1/DAPK1/UNC5C/PHLDA3/GBP2/BMF/GSN/ALDH1A3/CTSL/RARB/FOSL1/SYK/AKAP12/FOXA1/TLR4/SNCA/RET/CTSC/PIDD1/GPLD1,55,Module 2
GO:0032944,regulation of mononuclear cell proliferation,28/1076,185/11952,0.15135135135135136,1.6811815533005123,2.9369024762934095,0.00433932406888096,0.0399873758673042,0.03128349910123483,CD86/BCL2/PAWR/IL12A/CDKN1A/IL1A/CD276/DLG5/CLECL1P/GPNMB/MAPK8IP1/CD24/SH3RF1/LILRB1/HLA-DPA1/CD38/TNFRSF21/HLA-A/PLA2G2F/IL6ST/SOS2/SPTA1/IGF2/SYK/TLR4/CD74/ZBTB7B/IL20RB,28,Module 2
GO:0030111,regulation of Wnt signaling pathway,35/1076,246/11952,0.14227642276422764,1.5803790008160306,2.89300139818892,0.004375501802629119,0.04024276802998348,0.03148330117172209,LZTS2/TRABD2A/IGFBP4/LRP1/TMEM88B/CTNND2/PTPRU/TCF7L1/TPBGL/DACT3/ZEB2/KREMEN1/WNT5B/MDK/FZD7/FZD1/LGR4/EGR1/BMP2/TNN/TSKU/NOTCH1/FGFR2/GSC/APOE/CTHRC1/SULF2/TLE1/LRP4/LRRK1/PLPP3/SOX9/SPEF1/CAPRIN2/TLE4,35,Module 2
GO:0014013,regulation of gliogenesis,14/1076,72/11952,0.19444444444444445,2.159851301115242,3.104802656477077,0.004435272059911566,0.04047930642011419,0.03166835328766032,TP53/TP73/TTBK1/CDKN2B/EGR2/MDK/ETV5/NTN1/ZNF365/PITX3/BMP2/NOTCH1/KRAS/IL6ST,14,Module 2
GO:0016525,negative regulation of angiogenesis,14/1076,72/11952,0.19444444444444445,2.159851301115242,3.104802656477077,0.004435272059911566,0.04047930642011419,0.03166835328766032,PPARG/CXCL10/HOXA5/ADGRB2/THBS1/EPN2/MINAR1/SPRY2/SPARC/SPINK5/KLF4/PLK2/ADAMTS1/COL4A3,14,Module 2
GO:1901343,negative regulation of vasculature development,14/1076,72/11952,0.19444444444444445,2.159851301115242,3.104802656477077,0.004435272059911566,0.04047930642011419,0.03166835328766032,PPARG/CXCL10/HOXA5/ADGRB2/THBS1/EPN2/MINAR1/SPRY2/SPARC/SPINK5/KLF4/PLK2/ADAMTS1/COL4A3,14,Module 2
GO:2000181,negative regulation of blood vessel morphogenesis,14/1076,72/11952,0.19444444444444445,2.159851301115242,3.104802656477077,0.004435272059911566,0.04047930642011419,0.03166835328766032,PPARG/CXCL10/HOXA5/ADGRB2/THBS1/EPN2/MINAR1/SPRY2/SPARC/SPINK5/KLF4/PLK2/ADAMTS1/COL4A3,14,Module 2
GO:0009410,response to xenobiotic stimulus,38/1076,273/11952,0.1391941391941392,1.5461415907512563,2.871160064425297,0.004469597134530823,0.040714433667996285,0.031852301418495516,TP53/MDM2/CYP1B1/NQO1/CBR3/BCL2/CDKN1A/TP73/MYO6/ITGB3/CYP2E1/DRD2/THBS1/NTRK1/SMPD1/SLC28A3/CD38/FZD1/PTCH1/ABCC2/PDE3A/UCHL1/ADCY1/EPHX1/GAS6/ABCA1/CYP26B1/FOSL1/SNCA/SLC1A1/LOX/RET/ACER2/ABCA2/TP53I13/SRD5A1/GPLD1/ADSS1,38,Module 2
GO:0044706,multi-multicellular organism process,21/1076,127/11952,0.16535433070866143,1.836723941105875,2.9816532829265756,0.0045284645016891055,0.04117179484805295,0.0322101107959531,CTSB/PRDM1/BCL2/CNR1/CLIC5/ITGB3/CBS/DDR1/AR/CD38/NR2F2/ACVR1C/HPGD/PTHLH/SLC2A1/PCSK5/IGFBP7/FBLN1/FOSL1/JUNB/ASH1L,21,Module 2
GO:0060070,canonical Wnt signaling pathway,33/1076,229/11952,0.14410480349344978,1.6006883005146022,2.8868298776911474,0.0045572150175773995,0.04126583501087656,0.03228368164888765,LZTS2/IGFBP4/TMEM88B/CTNND2/PTPRU/TCF7L1/TPBGL/DACT3/ZEB2/KREMEN1/WNT5B/MDK/FZD7/FZD1/LGR4/EGR1/BMP2/TNN/NOTCH1/BCL9/KLF4/FGFR2/NID1/APOE/CTHRC1/SULF2/TLE1/LRP4/LRRK1/SOX9/CAPRIN2/TLE4/EXT1,33,Module 2
GO:0071772,response to BMP,18/1076,103/11952,0.17475728155339806,1.9411701014184142,3.017307305744574,0.004564843157880351,0.04126583501087656,0.03228368164888765,ACVR2B/PPARG/SMAD6/GREM2/SMAD1/FST/FZD1/EGR1/BMP2/SMAD9/NOTCH1/FSTL5/ZNF423/PCSK6/SOX9/FSTL1/CRIM1/EXT1,18,Module 2
GO:0071773,cellular response to BMP stimulus,18/1076,103/11952,0.17475728155339806,1.9411701014184142,3.017307305744574,0.004564843157880351,0.04126583501087656,0.03228368164888765,ACVR2B/PPARG/SMAD6/GREM2/SMAD1/FST/FZD1/EGR1/BMP2/SMAD9/NOTCH1/FSTL5/ZNF423/PCSK6/SOX9/FSTL1/CRIM1/EXT1,18,Module 2
GO:0044273,sulfur compound catabolic process,9/1076,37/11952,0.24324324324324326,2.701898924947252,3.2610785666116,0.004621467069429836,0.04169843627161076,0.032622120490092964,IDUA/CBS/SGSH/GGT7/GUSB/FITM2/HPSE/CHAC1/HGSNAT,9,Module 2
GO:0035249,"synaptic transmission, glutamatergic",13/1076,65/11952,0.2,2.221561338289963,3.1060574588928107,0.004673954122548491,0.042092143660450894,0.032930131317955275,UNC13C/GRIN2C/CNR1/TSHZ3/CDHR3/DRD2/NTRK1/GRID1/NLGN3/NRXN1/NLGN2/KMO/EXT1,13,Module 2
GO:0022029,telencephalon cell migration,10/1076,44/11952,0.22727272727272727,2.5245015207840487,3.186459820226229,0.004883035813376225,0.043809123193592356,0.03427338344482935,COL3A1/ROBO1/ARX/CDK5R2/DRD2/POU3F3/NKX2-1/SRGAP2/ADGRG1/SRGAP2C,10,Module 2
GO:1900046,regulation of hemostasis,10/1076,44/11952,0.22727272727272727,2.5245015207840487,3.186459820226229,0.004883035813376225,0.043809123193592356,0.03427338344482935,TFPI/F2R/PROS1/THBS1/FGG/PLAT/APOE/HPSE/F12/ANXA2,10,Module 2
GO:0019935,cyclic-nucleotide-mediated signaling,11/1076,51/11952,0.21568627450980393,2.3958014432538817,3.141887735058022,0.004939349266942576,0.04414775519607509,0.034538306904184926,THBS1/RXFP2/PDE3A/ADCY1/GIPR/FFAR4/APOE/RAPGEF3/HTR2C/SOX9/MTNR1B,11,Module 2
GO:0045685,regulation of glial cell differentiation,11/1076,51/11952,0.21568627450980393,2.3958014432538817,3.141887735058022,0.004939349266942576,0.04414775519607509,0.034538306904184926,TP73/TTBK1/EGR2/MDK/ZNF365/TNFRSF21/BMP2/NOTCH1/IL6ST/SOX1/EPHA4,11,Module 2
GO:0048469,cell maturation,20/1076,120/11952,0.16666666666666666,1.8513011152416357,2.9479383999405777,0.00503925912626174,0.044720696139432484,0.034986538304666415,BCL2/PPARG/CDKN1A/PICK1/HOXA5/CEBPA/C1QL1/RXFP2/FGG/AGRN/GATA2/KCNIP2/L3MBTL3/SIX3/NTN4/CATSPER2/FOXA1/RET/TDRKH/REC8,20,Module 2
GO:2000628,regulation of miRNA metabolic process,14/1076,73/11952,0.1917808219178082,2.1302642969903753,3.0466681856360496,0.005044725422962511,0.044720696139432484,0.034986538304666415,TP53/PPARG/SMAD6/SMAD1/AR/GATA2/EGR1/BMP2/TWIST1/KLF4/TEAD1/FOSL1/FOXA1/SOX9,14,Module 2
GO:0010977,negative regulation of neuron projection development,18/1076,104/11952,0.17307692307692307,1.922505004289391,2.971916047479663,0.0050686938253360235,0.044720696139432484,0.034986538304666415,MDM2/SEMA4F/PTPRG/KREMEN1/CD38/MINAR1/NTN1/ZNF365/STMN2/TSKU/SEMA6C/APOE/EPHA4/LRP4/SEMA3B/MAP2/FAT3/PLXNA3,18,Module 2
GO:0010559,regulation of glycoprotein biosynthetic process,8/1076,31/11952,0.25806451612903225,2.866530759083823,3.2729043514792364,0.005070110590507237,0.044720696139432484,0.034986538304666415,CHP1/BCL2/PAWR/PLCB1/CCR7/NCSTN/ACER2/ABCA2,8,Module 2
GO:0046850,regulation of bone remodeling,8/1076,31/11952,0.25806451612903225,2.866530759083823,3.2729043514792364,0.005070110590507237,0.044720696139432484,0.034986538304666415,TNFRSF11A/ITGB3/SYT7/S1PR1/MDK/LEPR/CD38/SYK,8,Module 2
GO:0060443,mammary gland morphogenesis,8/1076,31/11952,0.25806451612903225,2.866530759083823,3.2729043514792364,0.005070110590507237,0.044720696139432484,0.034986538304666415,KDM5B/TBX2/DDR1/AR/PTCH1/NTN1/FGFR2/TBX3,8,Module 2
GO:2001222,regulation of neuron migration,8/1076,31/11952,0.25806451612903225,2.866530759083823,3.2729043514792364,0.005070110590507237,0.044720696139432484,0.034986538304666415,COL3A1/DRD2/MDK/TNN/SRGAP2/ADGRG1/UNC5C/SRGAP2C,8,Module 2
GO:0002070,epithelial cell maturation,6/1076,19/11952,0.3157894736842105,3.5077284288788886,3.440773961124271,0.00510690599447147,0.044720696139432484,0.034986538304666415,CDKN1A/HOXA5/CEBPA/GATA2/SIX3/FOXA1,6,Module 2
GO:0021756,striatum development,6/1076,19/11952,0.3157894736842105,3.5077284288788886,3.440773961124271,0.00510690599447147,0.044720696139432484,0.034986538304666415,FOXP2/DRD2/ZSWIM6/ALDH1A3/RARB/BBS1,6,Module 2
GO:0035767,endothelial cell chemotaxis,6/1076,19/11952,0.3157894736842105,3.5077284288788886,3.440773961124271,0.00510690599447147,0.044720696139432484,0.034986538304666415,FGF18/THBS1/NOTCH1/CCN3/CXCL13/PRKD1,6,Module 2
GO:0072210,metanephric nephron development,6/1076,19/11952,0.3157894736842105,3.5077284288788886,3.440773961124271,0.00510690599447147,0.044720696139432484,0.034986538304666415,LGR4/LHX1/EGR1/PAX2/SOX9/RET,6,Module 2
GO:0010595,positive regulation of endothelial cell migration,15/1076,81/11952,0.18518518518518517,2.0570012391573727,3.0022580141887807,0.005309928478604396,0.04624709761424491,0.03618069466351022,FGF18/SASH1/ITGB3/RHOB/THBS1/GATA2/SPARC/HMOX1/RIN2/PLK2/PRKD1/ANGPT1/PLPP3/PROX1/GPLD1,15,Module 2
GO:0000578,embryonic axis specification,7/1076,25/11952,0.28,3.1101858736059484,3.321993401638492,0.005310392281257145,0.04624709761424491,0.03618069466351022,BASP1/SMAD6/PTCH1/LHX1/TBX3/PCSK6/TDRKH,7,Module 2
GO:0060421,positive regulation of heart growth,7/1076,25/11952,0.28,3.1101858736059484,3.321993401638492,0.005310392281257145,0.04624709761424491,0.03618069466351022,BASP1/TBX2/ERBB4/NOTCH1/FGFR2/HEY2/PROX1,7,Module 2
GO:1902807,negative regulation of cell cycle G1/S phase transition,13/1076,66/11952,0.19696969696969696,2.187901318012842,3.043744041755106,0.005352818420060612,0.046531355735627444,0.036403079566042926,TP53/MDM2/BCL2/CDKN1A/GPNMB/SUSD2/CDKN2B/DCUN1D3/E2F7/KLF4/PLK2/GPR15LG/PIDD1,13,Module 2
GO:0019216,regulation of lipid metabolic process,31/1076,214/11952,0.14485981308411214,1.6090748010978702,2.82783539150836,0.005415732398308549,0.0469923495510167,0.03676373087902883,CHP1/PPARG/CIDEB/IL1A/PDK2/CNR1/SORBS1/APOC1/ABCD2/EEF1A2/ZBTB20/EGR1/BMP2/HPGD/LPGAT1/FABP5/LPCAT3/TWIST1/FITM2/IGFBP7/APOE/SNCA/MALRD1/HTR2C/SOX9/PROX1/CD74/ABCA2/ETFBKMT/GPLD1/DISP3,31,Module 2
GO:0043281,regulation of cysteine-type endopeptidase activity involved in apoptotic process,21/1076,129/11952,0.16279069767441862,1.8082476009336907,2.9030137574100543,0.005448628874326027,0.0471916763158839,0.03691967106100696,LAPTM5/PPARG/ROBO1/F2R/THBS1/SH3RF1/RFFL/ACVR1C/HIP1/DAPK1/KLF4/PAX2/NLRP2/NOL3/GAS6/GSN/SYK/SNCA/COL4A3/ACER2/PIDD1,21,Module 2
GO:0071902,positive regulation of protein serine/threonine kinase activity,16/1076,89/11952,0.1797752808988764,1.996909068125809,2.9691144868519985,0.005484400594031922,0.04741513604476689,0.03709449129054318,TNFRSF11A/ROBO1/FGF18/SASH1/MAPRE3/ADRB2/THBS1/NEK10/TENM1/CD24/TPD52L1/PIK3R6/PDGFC/TLR4/SNCA/PROX1,16,Module 2
GO:0021795,cerebral cortex cell migration,9/1076,38/11952,0.23684210526315788,2.630796321659166,3.166914824829604,0.0055822578430729086,0.047686958833180894,0.03730714760450745,COL3A1/ROBO1/ARX/CDK5R2/POU3F3/NKX2-1/SRGAP2/ADGRG1/SRGAP2C,9,Module 2
GO:0021872,forebrain generation of neurons,9/1076,38/11952,0.23684210526315788,2.630796321659166,3.166914824829604,0.0055822578430729086,0.047686958833180894,0.03730714760450745,ZSWIM6/GATA2/DCLK2/NKX2-1/FGFR2/SOX1/NDNF/PROX1/PLXNA3,9,Module 2
GO:0045747,positive regulation of Notch signaling pathway,9/1076,38/11952,0.23684210526315788,2.630796321659166,3.166914824829604,0.0055822578430729086,0.047686958833180894,0.03730714760450745,ROBO1/ENHO/TP63/EPN2/NOTCH1/LFNG/IL6ST/CCN3/ROBO2,9,Module 2
GO:0060071,"Wnt signaling pathway, planar cell polarity pathway",9/1076,38/11952,0.23684210526315788,2.630796321659166,3.166914824829604,0.0055822578430729086,0.047686958833180894,0.03730714760450745,GRHL3/FZD7/FZD1/MAGI2/CELSR1/CTHRC1/SPEF1/VANGL2/CELSR3,9,Module 2
GO:1904036,negative regulation of epithelial cell apoptotic process,9/1076,38/11952,0.23684210526315788,2.630796321659166,3.166914824829604,0.0055822578430729086,0.047686958833180894,0.03730714760450745,BCL2/ITGB3/FGG/MDK/GATA2/WFS1/GAS6/NDNF/ANGPT1,9,Module 2
GO:0009566,fertilization,17/1076,97/11952,0.17525773195876287,1.9467290077798642,2.9446550810138885,0.005582477737833044,0.047686958833180894,0.03730714760450745,KDM5B/ATP1A4/SPACA6/ZPBP2/PLCB1/AR/PLAT/NR2F2/SPAG1/MFGE8/RIMBP3/CATSPER2/BBS1/ACRBP/ASH1L/TDRKH/REC8,17,Module 2
GO:0010469,regulation of signaling receptor activity,12/1076,59/11952,0.2033898305084746,2.2592149202948772,3.0496768056539283,0.005606100943795609,0.047686958833180894,0.03730714760450745,PPARG/ZFYVE28/ADRB2/SLC6A9/GREM2/DAPK1/NLGN3/ADRA2C/NETO1/DLGAP1/NLGN2/NCOA3,12,Module 2
GO:0048708,astrocyte differentiation,12/1076,59/11952,0.2033898305084746,2.2592149202948772,3.0496768056539283,0.005606100943795609,0.047686958833180894,0.03730714760450745,LRP1/LARGE1/TTBK1/ZEB2/BMP2/NOTCH1/KRAS/IL6ST/EPHA4/PLPP3/TLR4/SOX9,12,Module 2
GO:1903035,negative regulation of response to wounding,12/1076,59/11952,0.2033898305084746,2.2592149202948772,3.0496768056539283,0.005606100943795609,0.047686958833180894,0.03730714760450745,TFPI/PROS1/THBS1/FGG/KREMEN1/MDK/PLAT/PHLDB2/APOE/EPHA4/F12/ANXA2,12,Module 2
GO:0031345,negative regulation of cell projection organization,23/1076,146/11952,0.15753424657534246,1.749859958242094,2.867337807661671,0.005652298312329419,0.047994068705582836,0.03754741021761686,MDM2/PFN2/SEMA4F/PTPRG/KREMEN1/CD38/MINAR1/SPRY2/NTN1/ZNF365/STMN2/TSKU/TRIM32/SEMA6C/APOE/EPHA4/LRP4/SEMA3B/MAP2/TLX2/FAT3/SRGAP2C/PLXNA3,23,Module 2
GO:0006869,lipid transport,39/1076,286/11952,0.13636363636363635,1.5147009124704292,2.771089980778171,0.0056899891322943034,0.048212337865747426,0.03771816968676771,SLC27A2/PPARG/CIDEB/ABCA5/TNFRSF11A/KDM5B/PCTP/IL1A/SLCO3A1/LRP1/SLC27A3/ITGB3/OSBPL10/DRD2/XKR6/THBS1/APOC1/SYT7/LIMA1/ABCD2/OSBP2/PTCH1/STARD6/ABCC2/FABP5/GM2A/TSKU/LPCAT3/PLA2G2F/SLC2A1/DENND5B/APOE/ABCA1/SLCO1C1/SYK/SLC51A/ABCA2/ANXA2/DISP3,39,Module 2
GO:0051347,positive regulation of transferase activity,38/1076,277/11952,0.1371841155234657,1.5238146363721767,2.7743594524773614,0.005698282624721358,0.048212337865747426,0.03771816968676771,CD86/DDR2/CDKN1A/TNFRSF11A/TYRO3/ROBO1/FGF18/SASH1/MAPRE3/FGFR3/SNX9/ITGB3/ADRB2/TTBK1/THBS1/NEK10/NTRK1/TENM1/CD24/TPD52L1/DDR1/CCR7/PIK3R6/EEF1A2/ERBB4/KLF4/FGFR2/PDGFC/APOE/GAS6/EPHA4/ADRA2C/ANGPT1/TLR4/SNCA/PROX1/RET/CD74,38,Module 2
GO:0046660,female sex differentiation,14/1076,74/11952,0.1891891891891892,2.1014769416256405,2.9894635935584355,0.005719935686246318,0.04830958115115674,0.03779424645263997,BCL2/TYRO3/NRIP1/FST/TP63/NR2F2/LHX1/NOTCH1/LFNG/ADAMTS1/MMP14/TBX3/ROBO2/SRD5A1,14,Module 2
GO:0014015,positive regulation of gliogenesis,11/1076,52/11952,0.21153846153846154,2.3497283385759222,3.0679495722207446,0.00576712048307475,0.04841423656793253,0.03787612198374532,TP73/TTBK1/EGR2/MDK/ETV5/NTN1/ZNF365/BMP2/NOTCH1/KRAS/IL6ST,11,Module 2
GO:0032370,positive regulation of lipid transport,11/1076,52/11952,0.21153846153846154,2.3497283385759222,3.0679495722207446,0.00576712048307475,0.04841423656793253,0.03787612198374532,PPARG/ABCA5/TNFRSF11A/IL1A/LRP1/PTCH1/LPCAT3/DENND5B/APOE/ABCA1/ANXA2,11,Module 2
GO:0061180,mammary gland epithelium development,11/1076,52/11952,0.21153846153846154,2.3497283385759222,3.0679495722207446,0.00576712048307475,0.04841423656793253,0.03787612198374532,KDM5B/ROBO1/HOXA5/DDR1/AR/ERBB4/PTCH1/NTN1/FGFR2/TBX3/FOXF1,11,Module 2
GO:0032615,interleukin-12 production,10/1076,45/11952,0.2222222222222222,2.4684014869888475,3.104013168921782,0.005783235829776167,0.04841423656793253,0.03787612198374532,LAPTM5/UNC93B1/THBS1/PLCB1/LILRB1/CCR7/MDK/HLA-B/SYK/TLR4,10,Module 2
GO:0032655,regulation of interleukin-12 production,10/1076,45/11952,0.2222222222222222,2.4684014869888475,3.104013168921782,0.005783235829776167,0.04841423656793253,0.03787612198374532,LAPTM5/UNC93B1/THBS1/PLCB1/LILRB1/CCR7/MDK/HLA-B/SYK/TLR4,10,Module 2
GO:0002428,antigen processing and presentation of peptide antigen via MHC class Ib,5/1076,14/11952,0.35714285714285715,3.9670738183749337,3.4938177051365122,0.005876235822325328,0.04867857375462881,0.03808292205409446,ULBP1/HLA-B/HLA-A/HLA-F/MICB,5,Module 2
GO:0007350,blastoderm segmentation,5/1076,14/11952,0.35714285714285715,3.9670738183749337,3.4938177051365122,0.005876235822325328,0.04867857375462881,0.03808292205409446,BASP1/TBX3/PCSK6/TDRKH/LAMA5,5,Module 2
GO:0010755,regulation of plasminogen activation,5/1076,14/11952,0.35714285714285715,3.9670738183749337,3.4938177051365122,0.005876235822325328,0.04867857375462881,0.03808292205409446,RUNX1/THBS1/PLAT/F12/ANXA2,5,Module 2
GO:0034368,protein-lipid complex remodeling,5/1076,14/11952,0.35714285714285715,3.9670738183749337,3.4938177051365122,0.005876235822325328,0.04867857375462881,0.03808292205409446,ABCA5/APOC1/PCSK5/APOE/PCSK6,5,Module 2
GO:0034369,plasma lipoprotein particle remodeling,5/1076,14/11952,0.35714285714285715,3.9670738183749337,3.4938177051365122,0.005876235822325328,0.04867857375462881,0.03808292205409446,ABCA5/APOC1/PCSK5/APOE/PCSK6,5,Module 2
GO:2001026,regulation of endothelial cell chemotaxis,5/1076,14/11952,0.35714285714285715,3.9670738183749337,3.4938177051365122,0.005876235822325328,0.04867857375462881,0.03808292205409446,FGF18/THBS1/NOTCH1/CXCL13/PRKD1,5,Module 2
GO:0009913,epidermal cell differentiation,21/1076,130/11952,0.16153846153846155,1.7943380040034316,2.864212259690243,0.005963486861103715,0.04930452632981387,0.038572626276952175,CDKN1A/BCR/IL1A/GSDME/MYO6/KRT75/TP63/PALLD/PTCH1/NOTCH1/MACROH2A2/SPINK5/POU3F1/KLF4/PITX2/CYP26B1/HEY2/TCHH/MCOLN3/NCOA3/TGM1,21,Module 2
GO:0003279,cardiac septum development,15/1076,82/11952,0.18292682926829268,2.0319158581920393,2.949167998672147,0.005972535681592595,0.04930452632981387,0.038572626276952175,TP53/MDM2/PRDM1/ROBO1/SMAD6/TBX2/NDST1/FZD1/TBX1/NOTCH1/FGFR2/TBX3/ROBO2/HEY2/PROX1,15,Module 2
GO:0050900,leukocyte migration,36/1076,260/11952,0.13846153846153847,1.538004003431513,2.7586807057490823,0.0060440878224760405,0.04980873066875836,0.038967082668303066,IL12A/JAM2/TNFRSF11A/BCR/IL1A/CXCL10/ITGB3/THBS1/PLCB1/CCL1/NINJ1/S1PR1/CCR7/MDK/PECAM1/HMOX1/ABL2/CCR5/CCN3/CXCL11/CXCL13/GAS6/CYP7B1/MMP14/SYK/GPR15LG/ARTN/CXCL9/MSTN/FCER1G/CX3CR1/RET/PTGER4/CD74/EXT1/LYST,36,Module 2
GO:0071805,potassium ion transmembrane transport,20/604,117/11952,0.17094017094017094,3.3825776872134488,5.974709568243011,1.4594932520101843e-6,0.0059401375356814504,0.0057473307955474735,NEDD4L/KCNK9/SLC1A3/OPRK1/KCNMB4/AKAP6/CAV1/KCNQ5/LRRC26/SNAP25/ATP12A/KCNN1/NOS1AP/DPP10/ATP4A/SLC9A8/SLC9A5/KCNJ2/SLC9A3/KCNJ3,20,Module 3
GO:0003013,circulatory system process,39/604,361/11952,0.10803324099722991,2.1377703582763115,5.064174850401812,5.833115188482388e-6,0.008289449044047928,0.008020387656480873,CAMK2D/MYOF/SLCO2B1/CTNNBIP1/UTS2B/NEDD4L/NCALD/SLC1A3/SLC29A2/KCNMB4/CAV1/ADORA2B/WWTR1/PDE5A/TRPC1/SH3GL2/FGFBP3/SCN9A/TJP2/NOS1AP/ASIC2/CTNNA3/UCN/LPA/MYLK3/NTS/SLC22A1/ATP8A1/CLIC2/NAV2/CXADR/KCNJ2/DOCK4/OPRL1/NPR3/KCNJ3/EDNRA/LRP3/TGFB2,39,Module 3
GO:0006813,potassium ion transport,20/604,128/11952,0.15625,3.091887417218543,5.489363760551784,6.110159000526728e-6,0.008289449044047928,0.008020387656480873,NEDD4L/KCNK9/SLC1A3/OPRK1/KCNMB4/AKAP6/CAV1/KCNQ5/LRRC26/SNAP25/ATP12A/KCNN1/NOS1AP/DPP10/ATP4A/SLC9A8/SLC9A5/KCNJ2/SLC9A3/KCNJ3,20,Module 3
GO:0002250,adaptive immune response,66/1027,346/11952,0.1907514450867052,2.2199233414569624,7.060019968983295,3.885957358168876e-10,1.777048299890627e-6,1.5531557988386551e-6,CTSH/SASH3/SPN/RAB27A/PVR/TEC/IL12RB1/ITK/PRF1/RAP1GAP/PRKCZ/IL23A/GZMM/PRKCQ/LAX1/CD244/EOMES/P2RX7/IGLL1/CLCF1/CEACAM1/NECTIN2/NCR3LG1/RSAD2/FCAMR/FYN/HMCES/CD3E/NCKAP1L/IL27RA/BCL3/ENTPD7/SLA2/IRF1/PIK3CG/XCL1/CD7/ARG2/ICOSLG/FCMR/SLAMF6/CD79A/IL4I1/LAIR1/CD84/LAMP3/TRAT1/CD79B/JAM3/LAT/TRPM4/CLEC7A/CD8B2/IL27/KLRK1/HAVCR2/RORC/CCR2/TRAF3IP2/RAET1E/RAP1GAP2/CD19/UNC13D/LY9/BTK/RNF125,66,Module 5
GO:0002252,immune effector process,77/1027,442/11952,0.17420814479638008,2.027396053170725,6.748200660744749,1.107578144728318e-9,2.5324774279212994e-6,2.213407481859697e-6,CTSH/SASH3/SPN/RAB27A/PTK2/ITM2A/PVR/FOXP1/LGALS9/IL12RB1/PRF1/SEMA7A/PRKCZ/IL23A/GZMM/CD244/EOMES/P2RX7/IGLL1/CLCF1/CEACAM1/NECTIN2/PRAM1/NCR3LG1/RSAD2/RGCC/DYSF/FYN/HMCES/NCKAP1L/ITGAL/IL27RA/CD96/APP/MAPKAPK2/BCL3/ENTPD7/SLA2/POU2AF1/PIK3CG/XCL1/DDX60/SUCNR1/NKG7/FCMR/SLAMF6/IL4I1/NCR3/STAP1/CD84/PTAFR/F2RL1/INAVA/SLAMF8/LAT/COLEC11/TRPM4/RAB44/CLEC7A/FGL2/IL27/FGR/KLRK1/HAVCR2/RORC/CCR2/TRAF3IP2/RAET1E/PLCG2/SLC18A2/CD19/UNC13D/KRT1/LY9/VAV1/BTK/CFD,77,Module 5
GO:0002768,immune response-regulating cell surface receptor signaling pathway,52/1027,261/11952,0.19923371647509577,2.3186381492797903,6.60384211642088,6.3455768608016555e-9,8.196172289950763e-6,7.163526461943225e-6,UBASH3A/PTK2/CARD11/TEC/FOXP1/ITK/NFAM1/PDE4D/TLR5/PLEKHA1/PRKCQ/PIK3AP1/PRKCH/LAX1/THY1/CEACAM1/NECTIN2/PRAM1/FYN/ZNRF1/PLSCR1/PRNP/CD3E/NCKAP1L/SLA2/LCK/SH2B2/ICOSLG/FCMR/CD79A/NCR3/STAP1/TRAT1/CD79B/F2RL1/OAS1/KIR2DL1/C5AR2/C5AR1/LAT/FYB1/COLEC11/CLEC7A/FGR/KLRK1/PLCG2/CD19/BCAR1/THEMIS2/VAV1/BTK/NR1H3,52,Module 5
GO:0002429,immune response-activating cell surface receptor signaling pathway,50/1027,247/11952,0.20242914979757085,2.355825899104739,6.601510454240727,7.169186345900515e-9,8.196172289950763e-6,7.163526461943225e-6,UBASH3A/PTK2/CARD11/TEC/FOXP1/ITK/NFAM1/PDE4D/TLR5/PLEKHA1/PIK3AP1/PRKCH/LAX1/THY1/CEACAM1/NECTIN2/PRAM1/FYN/ZNRF1/PLSCR1/PRNP/CD3E/NCKAP1L/SLA2/LCK/SH2B2/ICOSLG/FCMR/CD79A/NCR3/STAP1/TRAT1/CD79B/F2RL1/OAS1/C5AR2/C5AR1/LAT/FYB1/COLEC11/CLEC7A/FGR/KLRK1/PLCG2/CD19/BCAR1/THEMIS2/VAV1/BTK/NR1H3,50,Module 5
GO:0002764,immune response-regulating signaling pathway,68/1027,395/11952,0.17215189873417722,2.003465913993073,6.218064722239463,1.7684203928962166e-8,1.61739729134288e-5,1.413619417226723e-5,CTSH/UBASH3A/PTK2/CARD11/TEC/FOXP1/ITK/NFAM1/PDE4D/TLR5/PLEKHA1/PRKCQ/PIK3AP1/PRKCH/LAX1/THY1/CEACAM1/NECTIN2/PRAM1/CASP1/RSAD2/FYN/ZCCHC3/CARD8/ZNRF1/PLSCR1/PRNP/CD3E/NCKAP1L/GRAMD4/MAPKAPK2/LRCH4/NOP53/SLA2/IRF1/LCK/OAS3/DDX60/SH2B2/ICOSLG/FCMR/CD79A/NCR3/ALPK1/STAP1/TRAT1/CD79B/F2RL1/OAS1/KIR2DL1/INAVA/C5AR2/C5AR1/LAT/FYB1/COLEC11/CLEC7A/FGR/KLRK1/HAVCR2/PLCG2/CD19/BCAR1/THEMIS2/VAV1/BTK/RNF125/NR1H3,68,Module 5
GO:0002274,myeloid leukocyte activation,38/1027,171/11952,0.2222222222222222,2.5861733203505355,6.405222788149784,3.544182603347486e-8,2.7012578408513422e-5,2.360923042966738e-5,RHOH/FOXP1/LGALS9/MAPT/GPR137B/TGFBR2/SPHK1/TSPAN32/NECTIN2/PRAM1/TMEM229B/DYSF/CRTC3/PLSCR1/APP/PIK3CG/WNK4/SUCNR1/STAP1/CD84/PTAFR/F2RL1/C5AR1/LAT/RAB44/FGR/CNR2/HAVCR2/CCR2/TRAF3IP2/PLCG2/SLC18A2/CSF2/UNC13D/IL31RA/CCL5/BTK/NR1H3,38,Module 5
GO:0002757,immune response-activating signaling pathway,65/1027,379/11952,0.17150395778364116,1.995925319795598,6.040877435652933,4.2707935477622334e-8,2.7900484134166706e-5,2.4385267820831882e-5,UBASH3A/PTK2/CARD11/TEC/FOXP1/ITK/NFAM1/PDE4D/TLR5/PLEKHA1/PIK3AP1/PRKCH/LAX1/THY1/CEACAM1/NECTIN2/PRAM1/CASP1/RSAD2/FYN/ZCCHC3/CARD8/ZNRF1/PLSCR1/PRNP/CD3E/NCKAP1L/GRAMD4/MAPKAPK2/LRCH4/NOP53/SLA2/IRF1/LCK/OAS3/DDX60/SH2B2/ICOSLG/FCMR/CD79A/NCR3/ALPK1/STAP1/TRAT1/CD79B/F2RL1/OAS1/INAVA/C5AR2/C5AR1/LAT/FYB1/COLEC11/CLEC7A/FGR/KLRK1/HAVCR2/PLCG2/CD19/BCAR1/THEMIS2/VAV1/BTK/RNF125/NR1H3,65,Module 5
GO:0002253,activation of immune response,69/1027,416/11952,0.1658653846153846,1.9303048460789454,5.9213529297718335,6.370307717271675e-8,3.641427148885421e-5,3.1826392634842834e-5,UBASH3A/PTK2/CARD11/TEC/FOXP1/ITK/NFAM1/PDE4D/TLR5/PLEKHA1/PIK3AP1/PRKCH/LAX1/THY1/CEACAM1/NECTIN2/PRAM1/NCR3LG1/CASP1/RSAD2/RGCC/FYN/ZCCHC3/CARD8/ZNRF1/PLSCR1/PRNP/CD3E/NCKAP1L/GRAMD4/MAPKAPK2/LRCH4/NOP53/SLA2/IRF1/LCK/OAS3/DDX60/SH2B2/ICOSLG/FCMR/CD79A/NCR3/ALPK1/STAP1/TRAT1/CD79B/F2RL1/OAS1/INAVA/C5AR2/C5AR1/LAT/FYB1/COLEC11/CLEC7A/FGR/KLRK1/HAVCR2/PLCG2/CD19/BCAR1/KRT1/THEMIS2/VAV1/BTK/RNF125/NR1H3/CFD,69,Module 5
GO:0002443,leukocyte mediated immunity,52/1027,282/11952,0.18439716312056736,2.1459736062483166,5.970907778677602,9.3001826664756e-8,4.725526148199213e-5,4.130151296445363e-5,CTSH/SASH3/SPN/RAB27A/PVR/LGALS9/IL12RB1/PRF1/PRKCZ/IL23A/GZMM/P2RX7/IGLL1/CLCF1/CEACAM1/NECTIN2/PRAM1/NCR3LG1/RSAD2/HMCES/NCKAP1L/IL27RA/CD96/BCL3/SLA2/PIK3CG/XCL1/NKG7/FCMR/SLAMF6/IL4I1/NCR3/STAP1/CD84/PTAFR/F2RL1/LAT/TRPM4/RAB44/CLEC7A/FGR/KLRK1/HAVCR2/CCR2/TRAF3IP2/RAET1E/PLCG2/SLC18A2/CD19/UNC13D/VAV1/BTK,52,Module 5
GO:0040017,positive regulation of locomotion,68/1027,417/11952,0.1630695443645084,1.8977674724874436,5.721365810666046,1.5520995881989952e-7,7.097751416834005e-5,6.203496985675352e-5,CTSH/CPNE3/TGFBR1/SPN/STX3/IQSEC1/SPOCK2/PODXL/PTK2/SYNE2/EPB41L4B/ACTA2/ITGA3/FOXP1/IL16/LGALS9/ACVR1B/PLAU/SCG2/SEMA7A/IL23A/TGFBR2/ADGRA2/SPHK1/CASS4/HBEGF/SERPINE1/THY1/DAPK2/BVES/TRIP6/NCKAP1L/APP/PIK3CG/XCL1/SUCNR1/EPB41L5/HDAC9/ZNF268/EPHA1/PTAFR/ITGA6/F2RL1/SEMA3F/EPHA2/JAM3/VSIR/CXCL16/C5AR1/CCL20/FAM83H/CLEC7A/XCL2/FGR/ITGA5/CCR2/SNAI1/FUT1/PLCG2/CSF2/MMP9/NRP2/BCAR1/FLT4/ETS1/CCL5/TMSB15B/GPSM3,68,Module 5
GO:0042110,T cell activation,71/1027,447/11952,0.15883668903803133,1.8485064336733696,5.60585953960016,2.3530197196671508e-7,9.782144707307165e-5,8.549680263709255e-5,SASH3/SPN/RAB27A/RHOH/CARD11/FOXP1/SMARCD3/IGFBP2/LGALS9/BID/IL12RB1/ITK/ITPKB/PRKCZ/IL23A/TGFBR2/HES1/PRKCQ/LAX1/EOMES/THY1/P2RX7/TSPAN32/CEACAM1/RSAD2/FYN/CCND3/PRNP/CD3E/NCKAP1L/ITGAL/BCL3/ENTPD7/SLA2/IRF1/FOXO3/LCK/PIK3CG/XCL1/CD7/ARG2/ICOSLG/NKG7/USP44/ZBTB16/SLAMF6/IL4I1/CD84/F2RL1/VSIR/LAT/TREML2/ILDR2/TNFSF8/CLEC7A/FGL2/CEACAM21/IL27/KLRK1/DLL4/HAVCR2/RORC/CCR2/TRAF3IP2/SOX13/LY9/LGALS9C/CCL5/VAV1/NFATC3/CBFB,71,Module 5
GO:0006935,chemotaxis,51/1027,291/11952,0.17525773195876287,2.039610917596041,5.504603610366338,6.338951439723194e-7,2.1390219488269898e-4,1.869523942522145e-4,SPN/STX3/PTK2/IL16/L1CAM/LGALS9/PLAU/SCG2/SLIT1/SEMA7A/IL23A/ADGRA2/PRKCQ/HBEGF/CCR8/SERPINE1/DAPK2/NCKAP1L/PIK3CG/XCL1/SUCNR1/MPP1/STAP1/PTAFR/PLAUR/F2RL1/SEMA3F/EPHA2/JAM3/SLAMF8/C5AR2/CXCL16/C5AR1/CCRL2/TRPM4/CCL20/BIN2/XCL2/KLRK1/CYSLTR1/CNR2/CCR2/NRP2/ITGA1/TRPM2/BCAR1/S100A4/CCL5/GPSM3/VAV1/RIN3,51,Module 5
GO:0042330,taxis,51/1027,291/11952,0.17525773195876287,2.039610917596041,5.504603610366338,6.338951439723194e-7,2.1390219488269898e-4,1.869523942522145e-4,SPN/STX3/PTK2/IL16/L1CAM/LGALS9/PLAU/SCG2/SLIT1/SEMA7A/IL23A/ADGRA2/PRKCQ/HBEGF/CCR8/SERPINE1/DAPK2/NCKAP1L/PIK3CG/XCL1/SUCNR1/MPP1/STAP1/PTAFR/PLAUR/F2RL1/SEMA3F/EPHA2/JAM3/SLAMF8/C5AR2/CXCL16/C5AR1/CCRL2/TRPM4/CCL20/BIN2/XCL2/KLRK1/CYSLTR1/CNR2/CCR2/NRP2/ITGA1/TRPM2/BCAR1/S100A4/CCL5/GPSM3/VAV1/RIN3,51,Module 5
GO:0090130,tissue migration,44/1027,236/11952,0.1864406779661017,2.169755582327992,5.564652753277871,6.615121296867079e-7,2.1390219488269898e-4,1.869523942522145e-4,CTSH/MACF1/GPX1/VASH1/TGFBR1/LGALS8/IQSEC1/PTK2/MCC/EPB41L4B/ACTA2/ITGA3/FOXP1/SPRED1/SCG2/LRG1/TGFBR2/ADGRA2/SYNJ2BP/HBEGF/KANK1/CEACAM1/JUP/RGCC/PLXND1/PXN/ACTG2/PIK3CG/EPB41L5/S100P/HDAC9/EPHA2/CLN3/CARD10/DLL4/SOX18/SNAI1/FUT1/PLCG2/MMP9/NRP2/BCAR1/FLT4/ETS1,44,Module 5
GO:0050900,leukocyte migration,47/1027,260/11952,0.18076923076923077,2.103752527900532,5.516842735934556,7.016253932299332e-7,2.1390219488269898e-4,1.869523942522145e-4,SPN/PTK2/ITGA3/IL16/F11R/LGALS9/SCG2/IL23A/SERPINE1/THY1/SMPD3/DAPK2/FYN/NCKAP1L/ITGAL/IL27RA/APP/LCK/PIK3CG/XCL1/MPP1/STAP1/HOXA7/PTAFR/ITGA6/F2RL1/SPNS2/JAM3/SLAMF8/C5AR2/CXCL16/C5AR1/TRPM4/CCL20/XCL2/KLRK1/CNR2/CCR2/ITGA1/TRPM2/CCL5/GPSM3/VAV1/RIN3/SELPLG/CHST2/ST3GAL4,47,Module 5
GO:0002263,cell activation involved in immune response,43/1027,230/11952,0.18695652173913044,2.175758858642733,5.520239765557235,8.190582995165729e-7,2.3409710023058051e-4,2.0460291863581763e-4,SPN/RAB27A/ITM2A/FOXP1/LGALS9/IL12RB1/PRKCZ/IL23A/CD244/EOMES/CLCF1/CEACAM1/PRAM1/DYSF/HMCES/NCKAP1L/ITGAL/IL27RA/APP/BCL3/ENTPD7/POU2AF1/PIK3CG/SUCNR1/NKG7/SLAMF6/CD84/PTAFR/F2RL1/LAT/RAB44/FGL2/IL27/FGR/HAVCR2/RORC/CCR2/PLCG2/SLC18A2/CD19/UNC13D/LY9/BTK,43,Module 5
GO:0001819,positive regulation of cytokine production,59/1027,360/11952,0.1638888888888889,1.90730282375852,5.359212143333182,8.808524502566795e-7,2.3694930911904676e-4,2.0709577421824222e-4,SASH3/SPN/MBP/IKBKE/CARD11/FOXP1/IL16/LGALS9/IL12RB1/ITK/NFAM1/PDE4D/SEMA7A/TLR5/PRKCZ/IL23A/PRKCQ/CD244/SPHK1/SERPINE1/P2RX7/CASP1/RSAD2/RGCC/ZCCHC3/CARD8/CD3E/TSC22D1/IL27RA/APP/MAPKAPK2/BCL3/AFAP1L2/IRF1/POU2AF1/PIK3CG/XCL1/OAS3/SORL1/SLAMF6/CD84/PTAFR/F2RL1/OAS1/INAVA/C5AR1/WNT11/CLEC7A/IL27/FGR/KLRK1/HAVCR2/CCR2/PLCG2/CSF2/LY9/FLT4/GPSM3/BTK,59,Module 5
GO:0050851,antigen receptor-mediated signaling pathway,34/1027,165/11952,0.20606060606060606,2.398087987961406,5.5443604501771055,1.1983469788281816e-6,3.044467074545152e-4,2.660890923164097e-4,UBASH3A/CARD11/TEC/FOXP1/ITK/NFAM1/PDE4D/PLEKHA1/PRKCH/LAX1/THY1/CEACAM1/NECTIN2/PRAM1/FYN/PRNP/CD3E/NCKAP1L/SLA2/LCK/SH2B2/ICOSLG/FCMR/CD79A/STAP1/TRAT1/CD79B/LAT/FYB1/PLCG2/CD19/BCAR1/THEMIS2/BTK,34,Module 5
GO:0002366,leukocyte activation involved in immune response,42/1027,227/11952,0.18502202643171806,2.1532456279570535,5.37842283249991,1.458280462355643e-6,3.1499154828190944e-4,2.753053756779288e-4,SPN/RAB27A/ITM2A/FOXP1/LGALS9/IL12RB1/PRKCZ/IL23A/CD244/EOMES/CLCF1/CEACAM1/PRAM1/DYSF/HMCES/NCKAP1L/ITGAL/IL27RA/BCL3/ENTPD7/POU2AF1/PIK3CG/SUCNR1/NKG7/SLAMF6/CD84/PTAFR/F2RL1/LAT/RAB44/FGL2/IL27/FGR/HAVCR2/RORC/CCR2/PLCG2/SLC18A2/CD19/UNC13D/LY9/BTK,42,Module 5
GO:0050853,B cell receptor signaling pathway,17/1027,54/11952,0.3148148148148148,3.663745537163259,6.014911681984972,1.4717727749862565e-6,3.1499154828190944e-4,2.753053756779288e-4,TEC/FOXP1/ITK/NFAM1/PLEKHA1/PRKCH/NCKAP1L/LCK/SH2B2/FCMR/CD79A/STAP1/CD79B/PLCG2/CD19/BCAR1/BTK,17,Module 5
GO:0046631,alpha-beta T cell activation,32/1027,152/11952,0.21052631578947367,2.450058935068928,5.516238895756292,1.5036285403239817e-6,3.1499154828190944e-4,2.753053756779288e-4,SASH3/SPN/CARD11/FOXP1/LGALS9/IL12RB1/ITK/ITPKB/PRKCZ/IL23A/TGFBR2/PRKCQ/EOMES/RSAD2/CD3E/NCKAP1L/BCL3/ENTPD7/IRF1/XCL1/ARG2/NKG7/ZBTB16/SLAMF6/VSIR/TNFSF8/IL27/RORC/CCR2/LY9/LGALS9C/CBFB,32,Module 5
GO:0050865,regulation of cell activation,72/1027,478/11952,0.1506276150627615,1.7529710372250493,5.15123566824947,1.5153759156356892e-6,3.1499154828190944e-4,2.753053756779288e-4,SASH3/SPN/RHOH/CARD11/ACTA2/TEC/SMARCD3/IGFBP2/F11R/LGALS9/BID/IL12RB1/ITPKB/NFAM1/UBASH3B/GPR137B/PRKCZ/IL23A/TGFBR2/HES1/PRKCQ/LAX1/SPHK1/C1QTNF1/THY1/CLCF1/TSPAN32/CEACAM1/NECTIN2/LST1/RASSF5/FYN/HMCES/PLSCR1/PRNP/CD3E/TBC1D10C/NCKAP1L/IL27RA/IRF1/FOXO3/LCK/XCL1/ARG2/ICOSLG/ZBTB16/IL4I1/STAP1/CD84/SLAMF8/VSIR/LAT/ILDR2/TNFSF8/CLEC7A/FGL2/IL27/FGR/KLRK1/CNR2/HAVCR2/CCR2/CD19/SOX13/IL31RA/THEMIS2/LGALS9C/CCL5/VAV1/CBFB/BTK/NR1H3,72,Module 5
GO:0035710,"CD4-positive, alpha-beta T cell activation",25/1027,104/11952,0.2403846153846154,2.7975432551868775,5.644820273491708,1.681803002128603e-6,3.343863099449609e-4,2.922565674637211e-4,SASH3/SPN/CARD11/FOXP1/LGALS9/IL12RB1/PRKCZ/IL23A/TGFBR2/PRKCQ/RSAD2/CD3E/NCKAP1L/BCL3/ENTPD7/XCL1/ARG2/NKG7/SLAMF6/VSIR/IL27/RORC/LY9/LGALS9C/CBFB,25,Module 5
GO:0002703,regulation of leukocyte mediated immunity,36/1027,184/11952,0.1956521739130435,2.2769569450912326,5.3519304167839765,2.1342143551816986e-6,4.066567602602461e-4,3.554215748519697e-4,SASH3/SPN/PVR/LGALS9/IL12RB1/PRKCZ/IL23A/P2RX7/CLCF1/CEACAM1/NECTIN2/PRAM1/RSAD2/HMCES/NCKAP1L/IL27RA/CD96/XCL1/SLAMF6/IL4I1/NCR3/STAP1/CD84/PTAFR/F2RL1/TRPM4/CLEC7A/FGR/KLRK1/HAVCR2/CCR2/RAET1E/PLCG2/UNC13D/VAV1/BTK,36,Module 5
GO:0043087,regulation of GTPase activity,41/1027,224/11952,0.18303571428571427,2.1301293643065793,5.235001519807552,2.5814906555121613e-6,4.233974216833738e-4,3.700530597515786e-4,TBC1D1/PTK2/STMN3/RGS16/TBC1D16/RAP1GAP/GPR137B/THY1/RASGRF1/PLXND1/BVES/TBC1D10C/XCL1/RASGEF1A/RGS8/ARHGAP9/EPHA1/ADRB1/RAPGEFL1/FGD5/RASA4/ITGA6/F2RL1/TBC1D30/EPHA2/SYDE2/AGAP9/RASGRP2/RTN4R/CCL20/WNT11/RASGEF1B/XCL2/MTSS2/KLRK1/TBC1D8/RASIP1/ASAP3/RGS6/CCL5/VAV1,41,Module 5
GO:0010631,epithelial cell migration,42/1027,232/11952,0.1810344827586207,2.1068394721821173,5.219650777611331,2.621643936064388e-6,4.233974216833738e-4,3.700530597515786e-4,CTSH/MACF1/GPX1/VASH1/TGFBR1/LGALS8/IQSEC1/PTK2/MCC/EPB41L4B/ITGA3/FOXP1/SPRED1/SCG2/LRG1/TGFBR2/ADGRA2/SYNJ2BP/HBEGF/KANK1/CEACAM1/JUP/RGCC/PLXND1/PXN/PIK3CG/EPB41L5/S100P/HDAC9/EPHA2/CLN3/CARD10/DLL4/SOX18/SNAI1/FUT1/PLCG2/MMP9/NRP2/BCAR1/FLT4/ETS1,42,Module 5
GO:0090132,epithelium migration,42/1027,232/11952,0.1810344827586207,2.1068394721821173,5.219650777611331,2.621643936064388e-6,4.233974216833738e-4,3.700530597515786e-4,CTSH/MACF1/GPX1/VASH1/TGFBR1/LGALS8/IQSEC1/PTK2/MCC/EPB41L4B/ITGA3/FOXP1/SPRED1/SCG2/LRG1/TGFBR2/ADGRA2/SYNJ2BP/HBEGF/KANK1/CEACAM1/JUP/RGCC/PLXND1/PXN/PIK3CG/EPB41L5/S100P/HDAC9/EPHA2/CLN3/CARD10/DLL4/SOX18/SNAI1/FUT1/PLCG2/MMP9/NRP2/BCAR1/FLT4/ETS1,42,Module 5
GO:0030335,positive regulation of cell migration,62/1027,398/11952,0.15577889447236182,1.8129204934115564,5.05708261684029,2.692839035637878e-6,4.233974216833738e-4,3.700530597515786e-4,CTSH/CPNE3/TGFBR1/SPN/IQSEC1/PODXL/PTK2/SYNE2/EPB41L4B/ACTA2/ITGA3/FOXP1/LGALS9/ACVR1B/PLAU/SEMA7A/IL23A/TGFBR2/ADGRA2/SPHK1/CASS4/HBEGF/SERPINE1/THY1/DAPK2/TRIP6/NCKAP1L/APP/PIK3CG/XCL1/EPB41L5/HDAC9/ZNF268/EPHA1/PTAFR/ITGA6/F2RL1/SEMA3F/EPHA2/JAM3/VSIR/CXCL16/C5AR1/CCL20/FAM83H/CLEC7A/XCL2/FGR/ITGA5/CCR2/SNAI1/FUT1/PLCG2/CSF2/MMP9/NRP2/BCAR1/FLT4/ETS1/CCL5/TMSB15B/GPSM3,62,Module 5
GO:1903131,mononuclear cell differentiation,60/1027,381/11952,0.15748031496062992,1.8327212506421118,5.064695164248325,2.733942375953202e-6,4.233974216833738e-4,3.700530597515786e-4,SASH3/SPN/RHOH/CARD11/ITM2A/FOXP1/SMARCD3/LGALS9/IL12RB1/ITK/ITPKB/NFAM1/PRKCZ/IL23A/TGFBR2/HHEX/EOMES/CLCF1/RSAD2/CD3E/NCKAP1L/BCL3/ENTPD7/PDE1B/IRF1/FOXO3/POU2AF1/LCK/NFATC1/USP44/ZBTB16/HDAC9/SLAMF6/CD79A/IL4I1/HOXA7/CD79B/F2RL1/SLAMF8/VSIR/TNFSF8/FGL2/IL27/DLL4/RORC/CCR2/TRAF3IP2/PLCG2/FOS/CD19/CSF2/SOX13/IL31RA/TRPM2/LY9/GPR68/VAV1/NFATC3/CBFB/BTK,60,Module 5
GO:2000147,positive regulation of cell motility,63/1027,407/11952,0.1547911547911548,1.8014253963621054,5.043592135212082,2.777590782965496e-6,4.233974216833738e-4,3.700530597515786e-4,CTSH/CPNE3/TGFBR1/SPN/IQSEC1/SPOCK2/PODXL/PTK2/SYNE2/EPB41L4B/ACTA2/ITGA3/FOXP1/LGALS9/ACVR1B/PLAU/SEMA7A/IL23A/TGFBR2/ADGRA2/SPHK1/CASS4/HBEGF/SERPINE1/THY1/DAPK2/TRIP6/NCKAP1L/APP/PIK3CG/XCL1/EPB41L5/HDAC9/ZNF268/EPHA1/PTAFR/ITGA6/F2RL1/SEMA3F/EPHA2/JAM3/VSIR/CXCL16/C5AR1/CCL20/FAM83H/CLEC7A/XCL2/FGR/ITGA5/CCR2/SNAI1/FUT1/PLCG2/CSF2/MMP9/NRP2/BCAR1/FLT4/ETS1/CCL5/TMSB15B/GPSM3,63,Module 5
GO:0001909,leukocyte mediated cytotoxicity,23/1027,94/11952,0.24468085106382978,2.8475419005987277,5.513522136217837,3.1408406373885857e-6,4.540632915079443e-4,3.9685529891828807e-4,CTSH/RAB27A/PVR/LGALS9/IL12RB1/PRF1/IL23A/GZMM/P2RX7/CEACAM1/NECTIN2/NCKAP1L/XCL1/NKG7/SLAMF6/NCR3/STAP1/F2RL1/KLRK1/HAVCR2/RAET1E/UNC13D/VAV1,23,Module 5
GO:0002449,lymphocyte mediated immunity,40/1027,218/11952,0.1834862385321101,2.135372466344479,5.187047022845657,3.2036411582000426e-6,4.540632915079443e-4,3.9685529891828807e-4,CTSH/SASH3/SPN/RAB27A/PVR/LGALS9/IL12RB1/PRF1/PRKCZ/IL23A/GZMM/P2RX7/IGLL1/CLCF1/CEACAM1/NECTIN2/NCR3LG1/RSAD2/HMCES/NCKAP1L/IL27RA/CD96/BCL3/SLA2/XCL1/NKG7/FCMR/SLAMF6/IL4I1/NCR3/TRPM4/KLRK1/HAVCR2/CCR2/TRAF3IP2/RAET1E/CD19/UNC13D/VAV1/BTK,40,Module 5
GO:0022407,regulation of cell-cell adhesion,58/1027,366/11952,0.15846994535519127,1.8442383513975131,5.02939192127797,3.2805915390425735e-6,4.540632915079443e-4,3.9685529891828807e-4,SASH3/SPN/MBP/PODXL/PTK2/FXYD5/RHOH/CARD11/SMARCD3/IGFBP2/F11R/LGALS9/IL12RB1/ITPKB/SPINT2/UBASH3B/PRKCZ/IL23A/TGFBR2/HES1/PRKCQ/LAX1/C1QTNF1/THY1/TSPAN32/CEACAM1/RGCC/FYN/PRNP/CD3E/NCKAP1L/IRF1/FOXO3/LCK/XCL1/ARG2/ICOSLG/EPB41L5/ZBTB16/IL4I1/PTAFR/PLAUR/VSIR/ILDR2/FGL2/KLRK1/HAVCR2/CCR2/SOX13/ASS1/EPCAM/LGALS9C/ETS1/CCL5/VAV1/CBFB/CHST2/ST3GAL4,58,Module 5
GO:0043299,leukocyte degranulation,17/1027,57/11952,0.2982456140350877,3.4709168246809816,5.7331057598498125,3.402959669828285e-6,4.540632915079443e-4,3.9685529891828807e-4,RAB27A/LGALS9/CEACAM1/PRAM1/NCKAP1L/PIK3CG/NKG7/CD84/PTAFR/F2RL1/LAT/RAB44/FGR/CCR2/SLC18A2/UNC13D/BTK,17,Module 5
GO:0001667,ameboidal-type cell migration,52/1027,316/11952,0.16455696202531644,1.9150777119051434,5.05447769969921,3.475227466166204e-6,4.540632915079443e-4,3.9685529891828807e-4,CTSH/MACF1/GPX1/VASH1/TGFBR1/LGALS8/IQSEC1/PTK2/MCC/EPB41L4B/ACTA2/ITGA3/FOXP1/ACVR1B/SPRED1/SCG2/LRG1/SEMA7A/TGFBR2/ADGRA2/SYNJ2BP/HBEGF/KANK1/CEACAM1/JUP/RGCC/PLXND1/MESP1/NHERF1/PXN/PIK3CG/EPB41L5/S100P/HDAC9/CD248/SEMA3F/EPHA2/WNT11/CLN3/CARD10/OVOL2/DLL4/SOX18/SNAI1/RADIL/FUT1/PLCG2/MMP9/NRP2/BCAR1/FLT4/ETS1,52,Module 5
GO:0045104,intermediate filament cytoskeleton organization,13/1027,36/11952,0.3611111111111111,4.2025316455696204,5.900054932654821,4.574176988252609e-6,5.810475379799772e-4,5.078406439881626e-4,MACF1/ATP8A2/KRT81/EVPL/KRT86/INA/PKP2/KRT80/FAM83H/KRT18/KRT83/NEFH/KRT1,13,Module 5
GO:0002521,leukocyte differentiation,71/1027,485/11952,0.1463917525773196,1.703675001756693,4.8505915749051125,5.0666918073659374e-6,6.262157198671469e-4,5.473180310830289e-4,SASH3/SPN/RHOH/CARD11/ITM2A/FOXP1/SMARCD3/LGALS9/CASP10/IL12RB1/ITK/ITPKB/NFAM1/UBASH3B/RASSF2/GPR137B/PRKCZ/IL23A/TGFBR2/HHEX/EOMES/CLCF1/EVI2B/CEACAM1/RSAD2/CD3E/NCKAP1L/APP/BCL3/ENTPD7/OSTM1/PDE1B/IRF1/FOXO3/POU2AF1/LCK/NFATC1/USP44/ZBTB16/HDAC9/SLAMF6/CD79A/IL4I1/HOXA7/CD79B/F2RL1/EPHA2/SLAMF8/VSIR/TNFSF8/FGL2/IL27/SH3PXD2A/DLL4/RORC/CCR2/TRAF3IP2/PLCG2/FOS/CD19/CSF2/MMP9/SOX13/IL31RA/TRPM2/LY9/GPR68/VAV1/NFATC3/CBFB/BTK,71,Module 5
GO:0060326,cell chemotaxis,37/1027,199/11952,0.18592964824120603,2.163808330846051,5.07586723331437,5.415832751556493e-6,6.517527150754694e-4,5.696375888548478e-4,PTK2/IL16/LGALS9/SCG2/IL23A/PRKCQ/HBEGF/CCR8/SERPINE1/DAPK2/NCKAP1L/PIK3CG/XCL1/MPP1/STAP1/F2RL1/EPHA2/JAM3/SLAMF8/C5AR2/CXCL16/C5AR1/CCRL2/TRPM4/CCL20/BIN2/XCL2/KLRK1/CNR2/CCR2/ITGA1/TRPM2/BCAR1/CCL5/GPSM3/VAV1/RIN3,37,Module 5
GO:0001906,cell killing,27/1027,125/11952,0.216,2.513760467380721,5.216167027057371,5.8866221968437746e-6,6.902441873376046e-4,6.032794731826131e-4,CTSH/RAB27A/PVR/LGALS9/IL12RB1/PRF1/IL23A/GZMM/P2RX7/CEACAM1/NECTIN2/GZMA/NCKAP1L/GNLY/XCL1/NKG7/SLAMF6/NCR3/STAP1/F2RL1/CLEC7A/KLRK1/HAVCR2/RAET1E/UNC13D/VAV1/GBP3,27,Module 5
GO:0045103,intermediate filament-based process,13/1027,37/11952,0.35135135135135137,4.088949709202874,5.769541459863448,6.5010256744800625e-6,7.432297602349331e-4,6.495893285789684e-4,MACF1/ATP8A2/KRT81/EVPL/KRT86/INA/PKP2/KRT80/FAM83H/KRT18/KRT83/NEFH/KRT1,13,Module 5
GO:0002694,regulation of leukocyte activation,66/1027,446/11952,0.14798206278026907,1.7221826819374644,4.765724540394196,7.624722341409243e-6,8.504354943235236e-4,7.432880803679307e-4,SASH3/SPN/RHOH/CARD11/SMARCD3/IGFBP2/LGALS9/BID/IL12RB1/ITPKB/NFAM1/GPR137B/PRKCZ/IL23A/TGFBR2/HES1/PRKCQ/LAX1/SPHK1/THY1/CLCF1/TSPAN32/NECTIN2/LST1/RASSF5/FYN/HMCES/PLSCR1/PRNP/CD3E/TBC1D10C/NCKAP1L/IL27RA/IRF1/FOXO3/LCK/XCL1/ARG2/ICOSLG/ZBTB16/IL4I1/STAP1/CD84/SLAMF8/VSIR/LAT/ILDR2/TNFSF8/CLEC7A/FGL2/IL27/FGR/KLRK1/CNR2/HAVCR2/CCR2/CD19/SOX13/IL31RA/THEMIS2/LGALS9C/CCL5/VAV1/CBFB/BTK/NR1H3,66,Module 5
GO:0030595,leukocyte chemotaxis,30/1027,149/11952,0.20134228187919462,2.343177169445116,5.058326450949254,8.185931755782187e-6,8.912920456950462e-4,7.789970645790718e-4,PTK2/IL16/LGALS9/SCG2/IL23A/SERPINE1/DAPK2/NCKAP1L/PIK3CG/XCL1/MPP1/STAP1/F2RL1/JAM3/SLAMF8/C5AR2/CXCL16/C5AR1/TRPM4/CCL20/XCL2/KLRK1/CNR2/CCR2/ITGA1/TRPM2/CCL5/GPSM3/VAV1/RIN3,30,Module 5
GO:0035025,positive regulation of Rho protein signal transduction,11/1027,28/11952,0.39285714285714285,4.571984977048269,5.801686770990714,9.754889547252688e-6,0.001037421160455501,9.067151924337445e-4,P2RY10/ARHGEF3/F11R/ARRB1/PRAG1/GPR174/F2RL1/F2RL3/MCF2L/RTN4R/LPAR4,11,Module 5
GO:0006968,cellular defense response,12/1027,34/11952,0.35294117647058826,4.107451744086145,5.5631245508751554,1.4002948928147625e-5,0.0014553519420095248,0.0012719903607697734,SPN/ITK/PRF1/LGALS3BP/KIR3DL2/GNLY/NCR2/FCMR/TRAT1/C5AR1/CCR2/CD300C,12,Module 5
GO:0035739,"CD4-positive, alpha-beta T cell proliferation",9/1027,20/11952,0.45,5.237000973709835,5.814248124688479,1.732584395750369e-5,0.0017224148786448778,0.0015054057095341307,CARD11/LGALS9/TGFBR2/PRKCQ/CD3E/XCL1/ARG2/VSIR/LGALS9C,9,Module 5
GO:2000561,"regulation of CD4-positive, alpha-beta T cell proliferation",9/1027,20/11952,0.45,5.237000973709835,5.814248124688479,1.732584395750369e-5,0.0017224148786448778,0.0015054057095341307,CARD11/LGALS9/TGFBR2/PRKCQ/CD3E/XCL1/ARG2/VSIR/LGALS9C,9,Module 5
GO:0002697,regulation of immune effector process,45/1027,276/11952,0.16304347826086957,1.8974641209093603,4.6248879501020195,1.9896604746504197e-5,0.00193589730863327,0.0016919912255873783,SASH3/SPN/PVR/LGALS9/IL12RB1/SEMA7A/PRKCZ/IL23A/CD244/P2RX7/CLCF1/CEACAM1/NECTIN2/PRAM1/RSAD2/HMCES/NCKAP1L/IL27RA/CD96/MAPKAPK2/XCL1/DDX60/SLAMF6/IL4I1/NCR3/STAP1/CD84/PTAFR/F2RL1/INAVA/SLAMF8/COLEC11/TRPM4/CLEC7A/FGL2/IL27/FGR/KLRK1/HAVCR2/CCR2/RAET1E/PLCG2/UNC13D/VAV1/BTK,45,Module 5
GO:0002460,adaptive immune response based on somatic recombination of immune receptors built from immunoglobulin superfamily domains,40/1027,235/11952,0.1702127659574468,1.9808987134599847,4.656145072606938,2.0683722034625894e-5,0.001970555434673838,0.001722282731699003,CTSH/SASH3/SPN/RAB27A/PVR/IL12RB1/PRF1/PRKCZ/IL23A/GZMM/PRKCQ/P2RX7/IGLL1/CLCF1/CEACAM1/NECTIN2/NCR3LG1/RSAD2/HMCES/NCKAP1L/IL27RA/BCL3/ENTPD7/SLA2/XCL1/FCMR/SLAMF6/IL4I1/TRPM4/CLEC7A/IL27/HAVCR2/RORC/CCR2/TRAF3IP2/RAET1E/CD19/UNC13D/LY9/BTK,40,Module 5
GO:0007159,leukocyte cell-cell adhesion,50/1027,320/11952,0.15625,1.8184031158714704,4.5497935297038294,2.288971917169753e-5,0.002125647901932262,0.0018578349082456066,SASH3/SPN/RHOH/CARD11/SMARCD3/IGFBP2/F11R/LGALS9/IL12RB1/ITPKB/LRG1/PRKCZ/IL23A/TGFBR2/HES1/PRKCQ/LAX1/THY1/TSPAN32/FYN/PRNP/CD3E/NCKAP1L/ITGAL/IRF1/FOXO3/LCK/XCL1/ARG2/ICOSLG/ZBTB16/IL4I1/PTAFR/VSIR/ILDR2/FGL2/KLRK1/ITGA5/HAVCR2/CCR2/SOX13/ASS1/LGALS9C/ETS1/CCL5/VAV1/CBFB/SELPLG/CHST2/ST3GAL4,50,Module 5
GO:0043588,skin development,33/1027,180/11952,0.18333333333333332,2.1335929892891916,4.698344950894723,2.3241284735756203e-5,0.002125647901932262,0.0018578349082456066,FZD3/ITGA3/ACVR1B/TXNIP/AQP3/ATP8A2/PLAAT4/FUZ/PRKCH/KRT81/JUP/COL6A1/ETV4/RYR1/ASCL4/EVPL/KRT86/HOXA7/LHX2/MSX2/ITGA6/EPHA2/EXPH5/LDB2/ERRFI1/KRT80/OVOL2/CNFN/SOX18/SNAI1/KRT83/TRAF3IP2/KRT1,33,Module 5
GO:0031341,regulation of cell killing,19/1027,78/11952,0.24358974358974358,2.834843831922702,4.984533366505865,2.3817922221897236e-5,0.002135673692563452,0.0018665975371835667,PVR/LGALS9/IL12RB1/PRF1/IL23A/P2RX7/CEACAM1/NECTIN2/NCKAP1L/XCL1/SLAMF6/NCR3/STAP1/F2RL1/CLEC7A/KLRK1/HAVCR2/RAET1E/VAV1,19,Module 5
GO:0032609,type II interferon production,21/1027,92/11952,0.22826086956521738,2.656449769273104,4.88997301004625,2.614563288554337e-5,0.0022463178111946157,0.0019633014672174104,SASH3/LGALS9/IL12RB1/PDE4D/IL23A/CD244/PRNP/CD3E/IL27RA/CD96/BCL3/XCL1/SLAMF6/F2RL1/VSIR/CLEC7A/IL27/KLRK1/HAVCR2/CCR2/LGALS9C,21,Module 5
GO:0032649,regulation of type II interferon production,21/1027,92/11952,0.22826086956521738,2.656449769273104,4.88997301004625,2.614563288554337e-5,0.0022463178111946157,0.0019633014672174104,SASH3/LGALS9/IL12RB1/PDE4D/IL23A/CD244/PRNP/CD3E/IL27RA/CD96/BCL3/XCL1/SLAMF6/F2RL1/VSIR/CLEC7A/IL27/KLRK1/HAVCR2/CCR2/LGALS9C,21,Module 5
GO:0070661,leukocyte proliferation,42/1027,254/11952,0.16535433070866143,1.9243573131742175,4.5653865342542685,2.6525511000330033e-5,0.0022463178111946157,0.0019633014672174104,BCL2L1/SASH3/SPN/PTK2/CARD11/IGFBP2/LGALS9/BID/IL12RB1/IL23A/TGFBR2/HES1/PRKCQ/HHEX/P2RX7/CLCF1/TSPAN32/LST1/RASSF5/FYN/CCND3/PRNP/CD3E/NCKAP1L/IRF1/PIK3CG/XCL1/ARG2/ICOSLG/CD79A/IL4I1/F2RL1/VSIR/TNFSF8/IL27/HAVCR2/CCR2/CD19/CSF2/LGALS9C/CCL5/BTK,42,Module 5
GO:0002685,regulation of leukocyte migration,31/1027,167/11952,0.18562874251497005,2.1603064562209564,4.629592577767167,3.171058175293348e-5,0.0026365907337484507,0.0023044034242275294,SPN/PTK2/LGALS9/IL23A/SERPINE1/THY1/SMPD3/DAPK2/NCKAP1L/IL27RA/APP/XCL1/MPP1/STAP1/HOXA7/PTAFR/F2RL1/SPNS2/JAM3/SLAMF8/C5AR2/C5AR1/CCL20/XCL2/KLRK1/CCR2/CCL5/GPSM3/RIN3/CHST2/ST3GAL4,31,Module 5
GO:0031343,positive regulation of cell killing,15/1027,54/11952,0.2777777777777778,3.2327166504381695,5.041620258361719,3.266795969397862e-5,0.0026676889228672185,0.0023315835142488127,PVR/IL12RB1/PRF1/IL23A/P2RX7/NECTIN2/XCL1/SLAMF6/NCR3/STAP1/F2RL1/CLEC7A/KLRK1/RAET1E/VAV1,15,Module 5
GO:0046632,alpha-beta T cell differentiation,23/1027,108/11952,0.21296296296296297,2.478416098669263,4.731904636247778,3.6010869334884836e-5,0.0028681392915024034,0.0025067788943880275,SASH3/SPN/FOXP1/LGALS9/IL12RB1/ITK/ITPKB/PRKCZ/IL23A/TGFBR2/EOMES/RSAD2/NCKAP1L/BCL3/ENTPD7/IRF1/ZBTB16/SLAMF6/TNFSF8/IL27/RORC/LY9/CBFB,23,Module 5
GO:0006525,arginine metabolic process,7/1027,13/11952,0.5384615384615384,6.266496891618606,5.8248688900382195,3.66087353945487e-5,0.0028681392915024034,0.0025067788943880275,FAH/ASL/ARG2/CLN3/SLC7A7/ASS1/DDAH1,7,Module 5
GO:0070663,regulation of leukocyte proliferation,35/1027,200/11952,0.175,2.0366114897760466,4.532645424994748,3.700420253633103e-5,0.0028681392915024034,0.0025067788943880275,BCL2L1/SASH3/SPN/PTK2/CARD11/IGFBP2/LGALS9/BID/IL12RB1/IL23A/TGFBR2/HES1/PRKCQ/HHEX/CLCF1/TSPAN32/LST1/RASSF5/PRNP/CD3E/NCKAP1L/IRF1/XCL1/ARG2/ICOSLG/IL4I1/VSIR/TNFSF8/IL27/HAVCR2/CCR2/CSF2/LGALS9C/CCL5/BTK,35,Module 5
GO:0007169,transmembrane receptor protein tyrosine kinase signaling pathway,63/1027,442/11952,0.1425339366515837,1.6587785889578661,4.327026656925684,3.9796572040042494e-5,0.0030046036653068077,0.002626049953887221,CPNE3/MVB12B/PTK2/DDIT4/IGFBP2/TXNIP/MTCL2/EPHB6/PTPRE/UBASH3B/NIBAN2/FUZ/PRKCZ/ADGRA2/PLEKHA1/PRKCQ/SPRY4/CASS4/HBEGF/HHEX/KANK1/SHISA2/SMPD3/CEACAM1/COL6A1/FYN/NHERF1/PXN/CD3E/PTPN12/MAPKAPK2/AFAP1L2/LCK/BAIAP2/CD7/MYORG/IGFBP6/SORL1/SH2B2/MYO1E/STAP1/EPHA1/HHIP/TRAT1/NOG/PLAUR/EPHA2/KALRN/PDE6G/FASLG/ERRFI1/FGR/ITGA5/FGF20/CSPG4/MMP9/IL31RA/NRP2/ITGA1/FGF19/BCAR1/FLT4/VAV1,63,Module 5
GO:0051056,regulation of small GTPase mediated signal transduction,41/1027,250/11952,0.164,1.9085959104186954,4.4513050463944674,4.007890303601908e-5,0.0030046036653068077,0.002626049953887221,IQSEC1/P2RY10/ARHGEF3/ARHGAP18/STMN3/ITGA3/F11R/ITPKB/ARRB1/RAP1GAP/PRAG1/ARHGEF17/SPRY4/IQSEC2/KANK1/RASGRF1/GPR174/OBSCN/PIK3CG/SH2B2/RASGEF1A/ARHGAP9/FGD5/RASA4/F2RL1/KALRN/F2RL3/MCF2L/SYDE2/IQSEC3/RTN4R/EPS8L1/PLEKHG3/RASA4B/RASA3/OPHN1/LPAR4/RAP1GAP2/RASIP1/VAV1/SRGAP3,41,Module 5
GO:0001913,T cell mediated cytotoxicity,13/1027,43/11952,0.3023255813953488,3.518398586988519,5.072215178632766,4.10100948154215e-5,0.003024825219208428,0.0026437237693405,CTSH/RAB27A/PVR/IL12RB1/PRF1/IL23A/GZMM/P2RX7/CEACAM1/NECTIN2/NCKAP1L/XCL1/RAET1E,13,Module 5
GO:0002285,lymphocyte activation involved in immune response,30/1027,162/11952,0.18518518518518517,2.155144433625446,4.538512297968726,4.433278402867307e-5,0.0031533641576736602,0.002756067928847098,SPN/RAB27A/ITM2A/FOXP1/LGALS9/IL12RB1/PRKCZ/IL23A/CD244/EOMES/CLCF1/CEACAM1/HMCES/NCKAP1L/ITGAL/IL27RA/BCL3/ENTPD7/POU2AF1/NKG7/SLAMF6/F2RL1/FGL2/IL27/HAVCR2/RORC/PLCG2/CD19/UNC13D/LY9,30,Module 5
GO:0022408,negative regulation of cell-cell adhesion,27/1027,139/11952,0.19424460431654678,2.260575959874749,4.583243602143093,4.454125794761339e-5,0.0031533641576736602,0.002756067928847098,SPN/MBP/PODXL/PTK2/FXYD5/LGALS9/SPINT2/UBASH3B/LAX1/C1QTNF1/TSPAN32/CEACAM1/RGCC/PRNP/IRF1/XCL1/ARG2/EPB41L5/IL4I1/VSIR/ILDR2/FGL2/HAVCR2/ASS1/EPCAM/LGALS9C/CBFB,27,Module 5
GO:0003002,regionalization,45/1027,285/11952,0.15789473684210525,1.8375442013016963,4.387601632543944,4.4821489229999546e-5,0.0031533641576736602,0.002756067928847098,MKS1/TGFBR1/MICAL2/HOXA10/SMARCD3/DLX1/MSX1/BBS5/FUZ/TGFBR2/HES1/TLL1/HHEX/EOMES/DLX2/MESP1/SSBP3/WDR19/CLUAP1/EPB41L5/HOXB3/ZBTB16/SIX1/HHIP/HOXA7/LHX2/NOG/MSX2/HOXC8/PIERCE1/SEMA3F/HOXB6/APLNR/HOXA9/WNT11/WT1/OVOL2/DLL4/SOX18/NKX2-2/MNS1/SNAI1/NRP2/CIMAP3/IFT172,45,Module 5
GO:0046640,regulation of alpha-beta T cell proliferation,12/1027,38/11952,0.3157894736842105,3.6750884026033925,5.063814186749983,5.005992178891406e-5,0.0034217912944930267,0.002990675600536334,CARD11/LGALS9/IL23A/TGFBR2/PRKCQ/CD3E/IRF1/XCL1/ARG2/VSIR/CCR2/LGALS9C,12,Module 5
GO:0002706,regulation of lymphocyte mediated immunity,27/1027,140/11952,0.19285714285714287,2.2444289887327864,4.540974260741157,5.076373983436928e-5,0.0034217912944930267,0.002990675600536334,SASH3/SPN/PVR/LGALS9/IL12RB1/PRKCZ/IL23A/P2RX7/CLCF1/CEACAM1/NECTIN2/RSAD2/HMCES/NCKAP1L/IL27RA/CD96/XCL1/SLAMF6/IL4I1/NCR3/TRPM4/KLRK1/HAVCR2/CCR2/RAET1E/VAV1/BTK,27,Module 5
GO:0042098,T cell proliferation,31/1027,171/11952,0.18128654970760233,2.1097729718649103,4.481441616664521,5.0881654936699284e-5,0.0034217912944930267,0.002990675600536334,SASH3/SPN/CARD11/IGFBP2/LGALS9/BID/IL12RB1/IL23A/TGFBR2/HES1/PRKCQ/P2RX7/TSPAN32/FYN/CCND3/PRNP/CD3E/NCKAP1L/IRF1/PIK3CG/XCL1/ARG2/ICOSLG/IL4I1/VSIR/TNFSF8/IL27/HAVCR2/CCR2/LGALS9C/CCL5,31,Module 5
GO:0051057,positive regulation of small GTPase mediated signal transduction,15/1027,56/11952,0.26785714285714285,3.117262484351092,4.869057017826589,5.210460699140262e-5,0.0034532517068360026,0.003018172276832277,P2RY10/ARHGEF3/F11R/ITPKB/ARRB1/PRAG1/RASGRF1/GPR174/PIK3CG/RASGEF1A/F2RL1/F2RL3/MCF2L/RTN4R/LPAR4,15,Module 5
GO:0001910,regulation of leukocyte mediated cytotoxicity,17/1027,69/11952,0.2463768115942029,2.867279116040811,4.769220027149321,5.413436923124134e-5,0.0035365210070638087,0.0030909503755041107,PVR/LGALS9/IL12RB1/IL23A/P2RX7/CEACAM1/NECTIN2/NCKAP1L/XCL1/SLAMF6/NCR3/STAP1/F2RL1/KLRK1/HAVCR2/RAET1E/VAV1,17,Module 5
GO:0032620,interleukin-17 production,11/1027,33/11952,0.3333333333333333,3.8792599805258035,5.078021825540448,5.885201046809796e-5,0.0037379200537584994,0.0032669749085872508,IL23A/PRKCQ/SPHK1/PRNP/NCKAP1L/IL27RA/ARG2/SLAMF6/VSIR/LY9/BTK,11,Module 5
GO:0032660,regulation of interleukin-17 production,11/1027,33/11952,0.3333333333333333,3.8792599805258035,5.078021825540448,5.885201046809796e-5,0.0037379200537584994,0.0032669749085872508,IL23A/PRKCQ/SPHK1/PRNP/NCKAP1L/IL27RA/ARG2/SLAMF6/VSIR/LY9/BTK,11,Module 5
GO:0002286,T cell activation involved in immune response,20/1027,90/11952,0.2222222222222222,2.5861733203505355,4.630944303559548,6.0733950163152256e-5,0.0038046075903574697,0.0033252604004252216,SPN/RAB27A/FOXP1/LGALS9/IL12RB1/PRKCZ/IL23A/EOMES/CEACAM1/NCKAP1L/ITGAL/BCL3/ENTPD7/SLAMF6/F2RL1/FGL2/IL27/HAVCR2/RORC/LY9,20,Module 5
GO:2000563,"positive regulation of CD4-positive, alpha-beta T cell proliferation",6/1027,10/11952,0.6,6.982667964946446,5.802738360834352,6.156752039318365e-5,0.0038047063615949846,0.003325346727353035,CARD11/LGALS9/TGFBR2/PRKCQ/CD3E/XCL1,6,Module 5
GO:0042129,regulation of T cell proliferation,27/1027,142/11952,0.19014084507042253,2.212817312835141,4.457498784282175,6.560844946967884e-5,0.004000365858997885,0.003496354844019236,SASH3/SPN/CARD11/IGFBP2/LGALS9/BID/IL12RB1/IL23A/TGFBR2/HES1/PRKCQ/TSPAN32/PRNP/CD3E/NCKAP1L/IRF1/XCL1/ARG2/ICOSLG/IL4I1/VSIR/TNFSF8/IL27/HAVCR2/CCR2/LGALS9C/CCL5,27,Module 5
GO:0032943,mononuclear cell proliferation,38/1027,231/11952,0.1645021645021645,1.9144399903893574,4.302842896131562,7.096414106221706e-5,0.004256263521306331,0.0037200116451022915,BCL2L1/SASH3/SPN/CARD11/IGFBP2/LGALS9/BID/IL12RB1/IL23A/TGFBR2/HES1/PRKCQ/P2RX7/CLCF1/TSPAN32/LST1/RASSF5/FYN/CCND3/PRNP/CD3E/NCKAP1L/IRF1/PIK3CG/XCL1/ARG2/ICOSLG/CD79A/IL4I1/VSIR/TNFSF8/IL27/HAVCR2/CCR2/CD19/LGALS9C/CCL5/BTK,38,Module 5
GO:0002688,regulation of leukocyte chemotaxis,20/1027,91/11952,0.21978021978021978,2.5577538333137166,4.573361106222623,7.166680322339547e-5,0.004256263521306331,0.0037200116451022915,PTK2/LGALS9/IL23A/SERPINE1/DAPK2/NCKAP1L/XCL1/MPP1/STAP1/F2RL1/JAM3/SLAMF8/C5AR2/C5AR1/XCL2/KLRK1/CCR2/CCL5/GPSM3/RIN3,20,Module 5
GO:0050920,regulation of chemotaxis,28/1027,151/11952,0.18543046357615894,2.157998929564023,4.390498656329282,7.684435702957662e-5,0.00450524672687505,0.003937625150354959,STX3/PTK2/IL16/LGALS9/SCG2/SLIT1/SEMA7A/IL23A/ADGRA2/SERPINE1/DAPK2/NCKAP1L/XCL1/SUCNR1/MPP1/STAP1/F2RL1/SEMA3F/JAM3/SLAMF8/C5AR2/C5AR1/XCL2/KLRK1/CCR2/CCL5/GPSM3/RIN3,28,Module 5
GO:0030098,lymphocyte differentiation,51/1027,344/11952,0.14825581395348839,1.7253685378501395,4.185389286573462,7.825814078150213e-5,0.004530056680934294,0.003959309267786324,SASH3/SPN/RHOH/CARD11/ITM2A/FOXP1/SMARCD3/LGALS9/IL12RB1/ITK/ITPKB/NFAM1/PRKCZ/IL23A/TGFBR2/HHEX/EOMES/CLCF1/RSAD2/CD3E/NCKAP1L/BCL3/ENTPD7/IRF1/FOXO3/POU2AF1/LCK/USP44/ZBTB16/HDAC9/SLAMF6/CD79A/IL4I1/CD79B/SLAMF8/VSIR/TNFSF8/FGL2/IL27/DLL4/RORC/CCR2/TRAF3IP2/PLCG2/CD19/SOX13/LY9/VAV1/NFATC3/CBFB/BTK,51,Module 5
GO:0002275,myeloid cell activation involved in immune response,17/1027,71/11952,0.23943661971830985,2.7865106902368444,4.628975880757146,7.977111468669392e-5,0.004559916343278141,0.003985406874544432,LGALS9/PRAM1/DYSF/PIK3CG/SUCNR1/CD84/PTAFR/F2RL1/LAT/RAB44/FGR/HAVCR2/CCR2/PLCG2/SLC18A2/UNC13D/BTK,17,Module 5
GO:1903037,regulation of leukocyte cell-cell adhesion,45/1027,292/11952,0.1541095890410959,1.7934934841472037,4.20883729888404,8.126196971176655e-5,0.004587789969035907,0.004009768667908742,SASH3/SPN/RHOH/CARD11/SMARCD3/IGFBP2/LGALS9/IL12RB1/ITPKB/PRKCZ/IL23A/TGFBR2/HES1/PRKCQ/LAX1/THY1/TSPAN32/FYN/PRNP/CD3E/NCKAP1L/IRF1/FOXO3/LCK/XCL1/ARG2/ICOSLG/ZBTB16/IL4I1/PTAFR/VSIR/ILDR2/FGL2/KLRK1/HAVCR2/CCR2/SOX13/ASS1/LGALS9C/ETS1/CCL5/VAV1/CBFB/CHST2/ST3GAL4,45,Module 5
GO:0043547,positive regulation of GTPase activity,30/1027,168/11952,0.17857142857142858,2.0781749895673944,4.314933921926995,8.910566501383824e-5,0.004871844335822829,0.00425803467564061,TBC1D1/RGS16/TBC1D16/RAP1GAP/THY1/RASGRF1/TBC1D10C/XCL1/RASGEF1A/RGS8/EPHA1/ADRB1/RAPGEFL1/ITGA6/F2RL1/TBC1D30/EPHA2/SYDE2/AGAP9/RASGRP2/RTN4R/CCL20/WNT11/RASGEF1B/XCL2/MTSS2/TBC1D8/ASAP3/RGS6/CCL5,30,Module 5
GO:0032613,interleukin-10 production,13/1027,46/11952,0.2826086956521739,3.2889378095762245,4.768772363581552,8.948937769716109e-5,0.004871844335822829,0.00425803467564061,SASH3/LGALS9/PRKCZ/IL23A/TRIB2/BCL3/XCL1/F2RL1/INAVA/VSIR/CLEC7A/PLCG2/BTK,13,Module 5
GO:0032653,regulation of interleukin-10 production,13/1027,46/11952,0.2826086956521739,3.2889378095762245,4.768772363581552,8.948937769716109e-5,0.004871844335822829,0.00425803467564061,SASH3/LGALS9/PRKCZ/IL23A/TRIB2/BCL3/XCL1/F2RL1/INAVA/VSIR/CLEC7A/PLCG2/BTK,13,Module 5
GO:0051249,regulation of lymphocyte activation,57/1027,400/11952,0.1425,1.6583836416747808,4.106360365787983,9.276339284492867e-5,0.004990670535057163,0.004361889815878566,SASH3/SPN/RHOH/CARD11/SMARCD3/IGFBP2/LGALS9/BID/IL12RB1/ITPKB/NFAM1/PRKCZ/IL23A/TGFBR2/HES1/PRKCQ/LAX1/THY1/CLCF1/TSPAN32/LST1/RASSF5/FYN/HMCES/PRNP/CD3E/TBC1D10C/NCKAP1L/IL27RA/IRF1/FOXO3/LCK/XCL1/ARG2/ICOSLG/ZBTB16/IL4I1/SLAMF8/VSIR/LAT/ILDR2/TNFSF8/CLEC7A/FGL2/IL27/FGR/KLRK1/HAVCR2/CCR2/CD19/SOX13/THEMIS2/LGALS9C/CCL5/VAV1/CBFB/BTK,57,Module 5
GO:0046651,lymphocyte proliferation,37/1027,226/11952,0.16371681415929204,1.9053002559219656,4.212583670784928,9.742695130793581e-5,0.0050813930216004576,0.004441182064754667,SASH3/SPN/CARD11/IGFBP2/LGALS9/BID/IL12RB1/IL23A/TGFBR2/HES1/PRKCQ/P2RX7/CLCF1/TSPAN32/LST1/RASSF5/FYN/CCND3/PRNP/CD3E/NCKAP1L/IRF1/PIK3CG/XCL1/ARG2/ICOSLG/CD79A/IL4I1/VSIR/TNFSF8/IL27/HAVCR2/CCR2/CD19/LGALS9C/CCL5/BTK,37,Module 5
GO:0032944,regulation of mononuclear cell proliferation,32/1027,185/11952,0.17297297297297298,2.0130213952998766,4.257436974319187,9.885575543413714e-5,0.0050813930216004576,0.004441182064754667,BCL2L1/SASH3/SPN/CARD11/IGFBP2/LGALS9/BID/IL12RB1/IL23A/TGFBR2/HES1/PRKCQ/CLCF1/TSPAN32/LST1/RASSF5/PRNP/CD3E/NCKAP1L/IRF1/XCL1/ARG2/ICOSLG/IL4I1/VSIR/TNFSF8/IL27/HAVCR2/CCR2/LGALS9C/CCL5/BTK,32,Module 5
GO:0002456,T cell mediated immunity,20/1027,93/11952,0.21505376344086022,2.5027483745327763,4.460466980883496,9.889437544772375e-5,0.0050813930216004576,0.004441182064754667,CTSH/SASH3/SPN/RAB27A/PVR/IL12RB1/PRF1/PRKCZ/IL23A/GZMM/P2RX7/CEACAM1/NECTIN2/RSAD2/NCKAP1L/XCL1/IL4I1/TRPM4/CCR2/RAET1E,20,Module 5
GO:0007229,integrin-mediated signaling pathway,20/1027,93/11952,0.21505376344086022,2.5027483745327763,4.460466980883496,9.889437544772375e-5,0.0050813930216004576,0.004441182064754667,PTK2/ITGA3/TEC/SEMA7A/THY1/TSPAN32/CEACAM1/PRAM1/ZYX/ITGAL/ITGA6/LAT/FYB1/ITGAD/FGR/ITGA5/ITGA1/BCAR1/LIMS2/VAV1,20,Module 5
GO:0050854,regulation of antigen receptor-mediated signaling pathway,15/1027,59/11952,0.2542372881355932,2.958757612265443,4.62421071633297,1.0012677053394295e-4,0.005087552462796901,0.0044465654703787294,UBASH3A/CARD11/FOXP1/NFAM1/PRKCH/THY1/CEACAM1/NECTIN2/PRNP/SLA2/LCK/FCMR/STAP1/TRAT1/CD19,15,Module 5
GO:0002683,negative regulation of immune system process,53/1027,366/11952,0.1448087431693989,1.6852522866218653,4.0822622055350255,1.0672422645647573e-4,0.005336495642213753,0.004664143992423635,GPX1/SPN/UBASH3A/SMIM30/LGALS9/UBASH3B/GPR137B/LAX1/USP18/THY1/TSPAN32/CEACAM1/LST1/RASSF5/FYN/CARD8/PRNP/TBC1D10C/NCKAP1L/TSC22D1/IL27RA/CD96/GRAMD4/SLA2/IRF1/XCL1/OAS3/ARG2/IL4I1/STAP1/CD84/HOXA7/F2RL1/OAS1/SLAMF8/VSIR/C5AR2/ILDR2/FGL2/FGR/KLRK1/CNR2/HAVCR2/CCR2/IL31RA/LGALS9C/SAMHD1/GPR68/CBFB/BTK/RIN3/RNF125/NR1H3,53,Module 5
GO:0032729,positive regulation of type II interferon production,16/1027,66/11952,0.24242424242424243,2.8212799858369477,4.54891102332274,1.0968416272989541e-4,0.005336495642213753,0.004664143992423635,SASH3/LGALS9/IL12RB1/PDE4D/IL23A/CD244/CD3E/IL27RA/BCL3/SLAMF6/F2RL1/CLEC7A/IL27/KLRK1/HAVCR2/CCR2,16,Module 5
GO:2000514,"regulation of CD4-positive, alpha-beta T cell activation",16/1027,66/11952,0.24242424242424243,2.8212799858369477,4.54891102332274,1.0968416272989541e-4,0.005336495642213753,0.004664143992423635,SASH3/CARD11/LGALS9/IL12RB1/PRKCZ/IL23A/TGFBR2/PRKCQ/CD3E/NCKAP1L/XCL1/ARG2/VSIR/IL27/LGALS9C/CBFB,16,Module 5
GO:0019722,calcium-mediated signaling,28/1027,154/11952,0.18181818181818182,2.115959989377711,4.273477392054773,1.0969398433590483e-4,0.005336495642213753,0.004664143992423635,FHL2/GSTO1/MAPT/NR5A2/SPHK1/CCR8/P2RX7/RYR1/PRNP/CD3E/TBC1D10C/APP/SLA2/NFATC1/TRAT1/LAT/CCRL2/TRPM4/CCL20/CLEC7A/RASA3/CCR2/SLC8A2/PLCG2/TRPM2/RCAN3/NFATC3/BTK,28,Module 5
GO:0009617,response to bacterium,57/1027,403/11952,0.141439205955335,1.6460383540196337,4.044969548976944,1.1391783743391948e-4,0.005463387609674429,0.004775048684828296,GPX1/SPN/FOXP1/LGALS9/LRG1/IL23A/GBP4/USP18/SERPINE1/P2RX7/NCR3LG1/CASP1/TMEM229B/GZMA/COL6A1/CARD8/IL27RA/CD96/MAPKAPK2/BCL3/GNLY/OAS3/ARG2/PTGER2/STAP1/PTAFR/F2RL1/OAS1/INAVA/EPHA2/SLAMF8/C5AR1/FASLG/PLAC8/CCL20/CMPK2/TNFSF8/IL27/FGR/KLRK1/RNASE6/CNR2/NUGGC/HAVCR2/PPM1E/PLCG2/FOS/FER1L6/CSF2/MMP9/ASS1/GBP3/CA5B/BTK/SLC22A5/NR1H3/CFD,57,Module 5
GO:0046633,alpha-beta T cell proliferation,12/1027,41/11952,0.2926829268292683,3.4061794950958273,4.7317572882062064,1.1469171452629461e-4,0.005463387609674429,0.004775048684828296,CARD11/LGALS9/IL23A/TGFBR2/PRKCQ/CD3E/IRF1/XCL1/ARG2/VSIR/CCR2/LGALS9C,12,Module 5
GO:0008544,epidermis development,36/1027,221/11952,0.16289592760180996,1.89574695880899,4.120885844229704,1.3363849391262697e-4,0.006300297243942712,0.005506515044885997,FZD3/ACVR1B/TXNIP/AQP3/PLAAT4/FUZ/HES1/PRKCH/MAFF/KRT81/HOXB13/COL6A1/ETV4/NHERF1/EVPL/STS/KRT86/HOXA7/LHX2/MSX2/EPHA2/EXPH5/SPINT1/LDB2/ERRFI1/KRT80/OVOL2/MYO7A/CNFN/SOX18/FGF20/SNAI1/KRT83/MYCL/KRT1/IFT172,36,Module 5
GO:0045109,intermediate filament organization,8/1027,20/11952,0.4,4.655111976630964,5.0157477157824175,1.424928844477902e-4,0.006649183271221884,0.005811444492462507,KRT81/KRT86/INA/PKP2/KRT80/KRT83/NEFH/KRT1,8,Module 5
GO:0050866,negative regulation of cell activation,27/1027,149/11952,0.18120805369127516,2.1088594525006044,4.175899670246818,1.531792600937846e-4,0.007038351974631747,0.006151581352256782,SPN/LGALS9/UBASH3B/LAX1/C1QTNF1/TSPAN32/CEACAM1/LST1/RASSF5/PRNP/TBC1D10C/IRF1/XCL1/ARG2/IL4I1/CD84/VSIR/ILDR2/FGL2/FGR/CNR2/HAVCR2/IL31RA/LGALS9C/CBFB/BTK/NR1H3,27,Module 5
GO:0010632,regulation of epithelial cell migration,30/1027,173/11952,0.17341040462427745,2.0181121285972385,4.135624257380883,1.5391104252420178e-4,0.007038351974631747,0.006151581352256782,CTSH/MACF1/VASH1/IQSEC1/PTK2/MCC/EPB41L4B/ITGA3/FOXP1/SPRED1/TGFBR2/ADGRA2/SYNJ2BP/HBEGF/CEACAM1/JUP/RGCC/PIK3CG/EPB41L5/HDAC9/EPHA2/CARD10/DLL4/FUT1/PLCG2/MMP9/NRP2/BCAR1/FLT4/ETS1,30,Module 5
GO:0046634,regulation of alpha-beta T cell activation,20/1027,96/11952,0.20833333333333334,2.424537487828627,4.296521861516515,1.5690066006501918e-4,0.007104026915617155,0.006208981826648023,SASH3/CARD11/LGALS9/IL12RB1/ITPKB/PRKCZ/IL23A/TGFBR2/PRKCQ/CD3E/NCKAP1L/IRF1/XCL1/ARG2/ZBTB16/VSIR/IL27/CCR2/LGALS9C/CBFB,20,Module 5
GO:1990778,protein localization to cell periphery,43/1027,283/11952,0.1519434628975265,1.7682845847626454,4.010284090973914,1.6070744431498634e-4,0.007205050420121888,0.006297277255562468,MACF1/BCL2L1/STX3/ITGA3/F11R/LDLRAP1/PRKCZ/PRKCH/IQSEC2/PRAM1/JUP/NHERF1/PRNP/TTC7B/PLEKHF1/WDR19/DLG4/WNK4/SORL1/EPB41L3/STAC3/MAP7/GPR158/PKP2/EPHA2/LZTFL1/P2RY1/FYB1/GPC4/ERRFI1/CLN3/PACSIN1/NPTX1/NHERF2/KRT18/TAMALIN/EFR3B/ABI3/MYL12A/RANGRF/ATP1B3/RAB3A/DCHS1,43,Module 5
GO:0050670,regulation of lymphocyte proliferation,31/1027,182/11952,0.17032967032967034,1.9822592208181302,4.094022254821844,1.6861715504973507e-4,0.0074479765102280935,0.006509596788779927,SASH3/SPN/CARD11/IGFBP2/LGALS9/BID/IL12RB1/IL23A/TGFBR2/HES1/PRKCQ/CLCF1/TSPAN32/LST1/RASSF5/PRNP/CD3E/NCKAP1L/IRF1/XCL1/ARG2/ICOSLG/IL4I1/VSIR/TNFSF8/IL27/HAVCR2/CCR2/LGALS9C/CCL5/BTK,31,Module 5
GO:0042742,defense response to bacterium,26/1027,142/11952,0.18309859154929578,2.1308611160634694,4.156283058213647,1.6938324011889826e-4,0.0074479765102280935,0.006509596788779927,SPN/FOXP1/IL23A/GBP4/SERPINE1/P2RX7/NCR3LG1/CASP1/IL27RA/BCL3/GNLY/OAS3/ARG2/F2RL1/OAS1/EPHA2/SLAMF8/C5AR1/PLAC8/CCL20/TNFSF8/FGR/KLRK1/RNASE6/HAVCR2/GBP3,26,Module 5
GO:0003007,heart morphogenesis,30/1027,174/11952,0.1724137931034483,2.006513783030588,4.100484718694756,1.7106531311623165e-4,0.0074503016845764505,0.006511629011552196,PIM1/MKS1/TGFBR1/MICAL2/PTK2/FHL2/SMARCD3/MSX1/BBS5/TGFBR2/HES1/PLXND1/RYR1/MESP1/MYLK2/CLUAP1/SIX1/PKP2/NOG/MSX2/APLNR/WNT11/OVOL2/DLL4/SOX18/DHRS3/SNAI1/NRP2/IFT172/DCHS1,30,Module 5
GO:0001912,positive regulation of leukocyte mediated cytotoxicity,13/1027,49/11952,0.2653061224489796,3.0875742702144153,4.489400812615992,1.8118415527147488e-4,0.007816440379172488,0.0068316374416697405,PVR/IL12RB1/IL23A/P2RX7/NECTIN2/XCL1/SLAMF6/NCR3/STAP1/F2RL1/KLRK1/RAET1E/VAV1,13,Module 5
GO:0046635,positive regulation of alpha-beta T cell activation,15/1027,62/11952,0.24193548387096775,2.815591921349373,4.394401975563228,1.8289068895067925e-4,0.007816440379172488,0.0068316374416697405,SASH3/CARD11/LGALS9/IL12RB1/ITPKB/PRKCZ/IL23A/TGFBR2/PRKCQ/CD3E/NCKAP1L/XCL1/ZBTB16/CCR2/CBFB,15,Module 5
GO:0002705,positive regulation of leukocyte mediated immunity,22/1027,112/11952,0.19642857142857142,2.2859924885241343,4.192260046892788,1.8604746268314725e-4,0.007829241455183175,0.006842825694368667,SASH3/PVR/IL12RB1/PRKCZ/IL23A/P2RX7/CLCF1/NECTIN2/RSAD2/HMCES/XCL1/SLAMF6/NCR3/STAP1/PTAFR/F2RL1/CLEC7A/KLRK1/RAET1E/PLCG2/VAV1/BTK,22,Module 5
GO:0098742,cell-cell adhesion via plasma-membrane adhesion molecules,25/1027,135/11952,0.18518518518518517,2.155144433625446,4.138340090976617,1.8661432727202408e-4,0.007829241455183175,0.006842825694368667,MBP/FXYD5/ITGA3/PVR/L1CAM/TGFBR2/CEACAM19/CEACAM1/NECTIN2/PTPRF/ITGAL/CLSTN3/CLDN12/PCDH9/AJUBA/CD84/CDH4/KIRREL3/GPC4/CDHR1/ITGA5/PCDHGA6/PCDH12/PCDHGB5/DCHS1,25,Module 5
GO:0035023,regulation of Rho protein signal transduction,16/1027,69/11952,0.2318840579710145,2.698615638626646,4.338436419373619,1.9197150865494608e-4,0.007946283907585144,0.006945121824231656,P2RY10/ARHGEF3/ITGA3/F11R/ARRB1/PRAG1/KANK1/GPR174/F2RL1/F2RL3/MCF2L/RTN4R/EPS8L1/OPHN1/LPAR4/RASIP1,16,Module 5
GO:1903039,positive regulation of leukocyte cell-cell adhesion,36/1027,225/11952,0.16,1.8620447906523856,4.0022503420191775,1.9287940383598315e-4,0.007946283907585144,0.006945121824231656,SASH3/SPN/RHOH/CARD11/SMARCD3/IGFBP2/LGALS9/IL12RB1/ITPKB/PRKCZ/IL23A/TGFBR2/HES1/PRKCQ/THY1/FYN/CD3E/NCKAP1L/FOXO3/LCK/XCL1/ICOSLG/ZBTB16/IL4I1/PTAFR/VSIR/KLRK1/HAVCR2/CCR2/SOX13/ETS1/CCL5/VAV1/CBFB/CHST2/ST3GAL4,36,Module 5
GO:0072659,protein localization to plasma membrane,37/1027,234/11952,0.1581196581196581,1.8401617856340349,3.979428702060943,2.0181733694906522e-4,0.008240273945250672,0.007202071695447375,MACF1/BCL2L1/STX3/ITGA3/F11R/LDLRAP1/PRKCZ/PRKCH/PRAM1/JUP/NHERF1/PRNP/TTC7B/PLEKHF1/WNK4/SORL1/EPB41L3/STAC3/MAP7/GPR158/PKP2/EPHA2/P2RY1/FYB1/ERRFI1/CLN3/PACSIN1/NHERF2/KRT18/TAMALIN/EFR3B/ABI3/MYL12A/RANGRF/ATP1B3/RAB3A/DCHS1,37,Module 5
GO:0007389,pattern specification process,46/1027,313/11952,0.14696485623003194,1.7103446559506734,3.904451876477084,2.1246281109925686e-4,0.008541910697378616,0.007465704862165021,MKS1/TGFBR1/MICAL2/HOXA10/SMARCD3/DLX1/MSX1/BBS5/FUZ/TGFBR2/HES1/TLL1/HHEX/EOMES/DLX2/MESP1/SSBP3/WDR19/CLUAP1/EPB41L5/HOXB3/ZBTB16/SIX1/HHIP/HOXA7/LHX2/NOG/MSX2/HOXC8/PIERCE1/SEMA3F/HOXB6/APLNR/HOXA9/WNT11/WT1/OVOL2/DLL4/SOX18/NKX2-2/MNS1/SNAI1/NRP2/CIMAP3/IFT172/DCHS1,46,Module 5
GO:0003272,endocardial cushion formation,8/1027,21/11952,0.38095238095238093,4.433439977743775,4.828111668915482,2.1294069965037442e-4,0.008541910697378616,0.007465704862165021,TGFBR1/MSX1/TGFBR2/NOG/MSX2/APLNR/SNAI1/DCHS1,8,Module 5
GO:0002831,regulation of response to biotic stimulus,55/1027,395/11952,0.13924050632911392,1.6204503716120442,3.8446752538600433,2.2509336260459082e-4,0.008903494307985017,0.0077817321089274855,SPN/IKBKE/SMIM30/PVR/FOXP1/LGALS9/IL12RB1/TLR5/IL23A/PIK3AP1/USP18/TSPAN32/CEACAM1/NECTIN2/CASP1/RSAD2/FYN/ZCCHC3/CARD8/ZNRF1/PLSCR1/APOBEC3F/CD96/GRAMD4/MAPKAPK2/LRCH4/NOP53/IRF1/OAS3/DDX60/ARG2/SLAMF6/IL4I1/NCR3/ALPK1/F2RL1/OAS1/INAVA/SLAMF8/COLEC11/CLEC7A/FGL2/IL27/FGR/KLRK1/HAVCR2/TRAF3IP2/RAET1E/PLCG2/SAMHD1/CCL5/VAV1/BTK/RNF125/NR1H3,55,Module 5
GO:0045576,mast cell activation,13/1027,50/11952,0.26,3.0258227848101265,4.401017574198759,2.2584853263202758e-4,0.008903494307985017,0.0077817321089274855,RHOH/LGALS9/NECTIN2/PLSCR1/PIK3CG/CD84/LAT/RAB44/FGR/CNR2/SLC18A2/UNC13D/BTK,13,Module 5
GO:0022409,positive regulation of cell-cell adhesion,39/1027,253/11952,0.1541501976284585,1.7939660779506679,3.9134920863683096,2.3611923001921932e-4,0.009228831101520427,0.008066079319684893,SASH3/SPN/PODXL/RHOH/CARD11/SMARCD3/IGFBP2/F11R/LGALS9/IL12RB1/ITPKB/PRKCZ/IL23A/TGFBR2/HES1/PRKCQ/THY1/FYN/CD3E/NCKAP1L/FOXO3/LCK/XCL1/ICOSLG/ZBTB16/IL4I1/PTAFR/PLAUR/VSIR/KLRK1/HAVCR2/CCR2/SOX13/ETS1/CCL5/VAV1/CBFB/CHST2/ST3GAL4,39,Module 5
GO:0045785,positive regulation of cell adhesion,52/1027,369/11952,0.14092140921409213,1.6400123494905834,3.828843639235582,2.462929076228099e-4,0.009542931129538789,0.008340605498833838,SASH3/SPN/STX3/SPOCK2/PODXL/RHOH/CARD11/EPB41L4B/ITGA3/SMARCD3/IGFBP2/F11R/LGALS9/IL12RB1/ITPKB/PRKCZ/IL23A/TGFBR2/HES1/PRKCQ/CASS4/THY1/JUP/FYN/CD3E/NCKAP1L/FOXO3/LCK/XCL1/ICOSLG/EPB41L5/ZBTB16/IL4I1/EPHA1/PTAFR/ITGA6/PLAUR/VSIR/KLRK1/ITGA5/HAVCR2/CCR2/FUT1/UNC13D/SOX13/LIMS2/ETS1/CCL5/VAV1/CBFB/CHST2/ST3GAL4,52,Module 5
GO:0051345,positive regulation of hydrolase activity,50/1027,351/11952,0.14245014245014245,1.6578034104811126,3.835116735836751,2.483290628504517e-4,0.009542931129538789,0.008340605498833838,CTSH/TBC1D1/TNFSF10/MBP/RGS16/LGALS9/CASP10/BID/ITK/MAPT/TBC1D16/RAP1GAP/THY1/CASP1/RASGRF1/FYN/CARD8/TBC1D10C/GRAMD4/LCK/XCL1/RASGEF1A/RGS8/EPHA1/ADRB1/RAPGEFL1/ITGA6/F2RL1/TBC1D30/EPHA2/RCN3/VSIR/SYDE2/C5AR1/AGAP9/FASLG/RASGRP2/RTN4R/CCL20/WNT11/CLEC7A/RASGEF1B/XCL2/MTSS2/TBC1D8/ITGA1/ASAP3/RGS6/CCL5/NR1H3,50,Module 5
GO:0042060,wound healing,43/1027,289/11952,0.14878892733564014,1.7315727940755317,3.8599168762146814,2.5737166383414634e-4,0.009808005155946261,0.008572282522616262,MACF1/GPX1/TGFBR1/RAB27A/PTK2/EPB41L4B/TEC/F11R/PLAU/UBASH3B/LRG1/PRKCQ/HBEGF/C1QTNF1/SERPINE1/KANK1/TSPAN32/CEACAM1/ANXA8/PLSCR1/LCK/PIK3CG/EVPL/NFATC1/AJUBA/NOG/MSX2/PLAUR/F2RL1/F2RL3/P2RY1/CLEC7A/ITGA5/TAFA5/PLCG2/SERPINA1/KRT1/VAV1/MYL12A/DGKA/ST3GAL4/VCL/RAB3A,43,Module 5
GO:0009913,epidermal cell differentiation,24/1027,130/11952,0.18461538461538463,2.148513219983522,4.036814743548039,2.6129616558475305e-4,0.009875267481149386,0.008631070384735165,TXNIP/AQP3/PLAAT4/HES1/PRKCH/MAFF/KRT81/ETV4/NHERF1/EVPL/KRT86/HOXA7/MSX2/EPHA2/EXPH5/ERRFI1/KRT80/OVOL2/MYO7A/CNFN/FGF20/KRT83/MYCL/KRT1,24,Module 5
GO:0030217,T cell differentiation,39/1027,255/11952,0.15294117647058825,1.7798957557706627,3.8596331187048456,2.783973024430226e-4,0.010435334951409364,0.009120574265540611,SASH3/SPN/RHOH/CARD11/FOXP1/SMARCD3/LGALS9/IL12RB1/ITK/ITPKB/PRKCZ/IL23A/TGFBR2/EOMES/RSAD2/CD3E/NCKAP1L/BCL3/ENTPD7/IRF1/FOXO3/LCK/USP44/ZBTB16/SLAMF6/IL4I1/VSIR/TNFSF8/FGL2/IL27/DLL4/RORC/CCR2/TRAF3IP2/SOX13/LY9/VAV1/NFATC3/CBFB,39,Module 5
GO:0043542,endothelial cell migration,28/1027,163/11952,0.17177914110429449,1.999127842724954,3.9377940839405983,2.9617565410358534e-4,0.011011473709070697,0.009624124592480219,GPX1/VASH1/TGFBR1/LGALS8/PTK2/FOXP1/SPRED1/SCG2/ADGRA2/SYNJ2BP/CEACAM1/JUP/RGCC/PLXND1/PXN/PIK3CG/S100P/HDAC9/EPHA2/CLN3/CARD10/DLL4/SOX18/FUT1/NRP2/BCAR1/FLT4/ETS1,28,Module 5
GO:0002699,positive regulation of immune effector process,31/1027,188/11952,0.16489361702127658,1.9189956286643601,3.893959986567719,3.0592386236565967e-4,0.011249061195565464,0.009831778139321665,SASH3/PVR/LGALS9/IL12RB1/SEMA7A/PRKCZ/IL23A/CD244/P2RX7/CLCF1/NECTIN2/RSAD2/HMCES/MAPKAPK2/XCL1/DDX60/SLAMF6/NCR3/STAP1/PTAFR/F2RL1/INAVA/COLEC11/CLEC7A/FGR/KLRK1/CCR2/RAET1E/PLCG2/VAV1/BTK,31,Module 5
GO:0046641,positive regulation of alpha-beta T cell proliferation,8/1027,22/11952,0.36363636363636365,4.231919978755422,4.651878252689154,3.0958723717747943e-4,0.011249061195565464,0.009831778139321665,CARD11/LGALS9/IL23A/TGFBR2/PRKCQ/CD3E/XCL1/CCR2,8,Module 5
GO:0030216,keratinocyte differentiation,18/1027,86/11952,0.20930232558139536,2.435814406376667,4.097056776093496,3.0994570536655336e-4,0.011249061195565464,0.009831778139321665,TXNIP/AQP3/PLAAT4/PRKCH/KRT81/ETV4/EVPL/KRT86/HOXA7/MSX2/EPHA2/EXPH5/ERRFI1/KRT80/OVOL2/CNFN/KRT83/KRT1,18,Module 5
GO:2000516,"positive regulation of CD4-positive, alpha-beta T cell activation",11/1027,39/11952,0.28205128205128205,3.282450752752603,4.3772340668341645,3.154567231181955e-4,0.011358925943460694,0.00992780089249721,SASH3/CARD11/LGALS9/IL12RB1/PRKCZ/IL23A/TGFBR2/PRKCQ/CD3E/NCKAP1L/XCL1,11,Module 5
GO:0042116,macrophage activation,17/1027,79/11952,0.21518987341772153,2.5043323924913414,4.112952946823157,3.1954649725070554e-4,0.011373339069045127,0.009940398090661284,FOXP1/MAPT/GPR137B/SPHK1/TMEM229B/DYSF/CRTC3/APP/WNK4/SUCNR1/STAP1/CD84/C5AR1/HAVCR2/PLCG2/IL31RA/NR1H3,17,Module 5
GO:0002709,regulation of T cell mediated immunity,16/1027,72/11952,0.2222222222222222,2.5861733203505355,4.1389034046171504,3.2331818914845104e-4,0.011373339069045127,0.009940398090661284,SASH3/SPN/PVR/IL12RB1/PRKCZ/IL23A/P2RX7/CEACAM1/NECTIN2/RSAD2/NCKAP1L/XCL1/IL4I1/TRPM4/CCR2/RAET1E,16,Module 5
GO:0033627,cell adhesion mediated by integrin,16/1027,72/11952,0.2222222222222222,2.5861733203505355,4.1389034046171504,3.2331818914845104e-4,0.011373339069045127,0.009940398090661284,PODXL/PTK2/ITGA3/PLAU/SERPINE1/CD3E/NCKAP1L/ITGAL/PIK3CG/ITGA6/EPHA2/JAM3/ITGAD/ITGA5/ITGA1/CCL5,16,Module 5
GO:0045123,cellular extravasation,13/1027,52/11952,0.25,2.9094449853943525,4.230697397798051,3.4392468704886323e-4,0.01200585949522482,0.010493226490353828,SPN/F11R/THY1/ITGAL/IL27RA/PIK3CG/PTAFR/JAM3/CCR2/ITGA1/SELPLG/CHST2/ST3GAL4,13,Module 5
GO:0007160,cell-matrix adhesion,29/1027,174/11952,0.16666666666666666,1.9396299902629017,3.8280036312063497,3.9343828857035394e-4,0.01363025222448658,0.011912959981671722,ACTN1/MACF1/PTK2/ITGA3/L1CAM/PLAU/PRKCZ/FBLN5/SERPINE1/THY1/JUP/ZYX/TRIP6/CD3E/ITGAL/CD96/BCL2L11/EPB41L5/AJUBA/EPHA1/HOXA7/ITGA6/JAM3/ITGAD/ITGA5/FUT1/ITGA1/VCL/LYPD3,29,Module 5
GO:0050863,regulation of T cell activation,44/1027,304/11952,0.14473684210526316,1.6844155178598885,3.7060184818184085,4.0542288652396216e-4,0.013856926269579916,0.01211107508501731,SASH3/SPN/RHOH/CARD11/SMARCD3/IGFBP2/LGALS9/BID/IL12RB1/ITPKB/PRKCZ/IL23A/TGFBR2/HES1/PRKCQ/LAX1/THY1/TSPAN32/FYN/PRNP/CD3E/NCKAP1L/IRF1/FOXO3/LCK/XCL1/ARG2/ICOSLG/ZBTB16/IL4I1/VSIR/LAT/ILDR2/TNFSF8/FGL2/IL27/KLRK1/HAVCR2/CCR2/SOX13/LGALS9C/CCL5/VAV1/CBFB,44,Module 5
GO:0032733,positive regulation of interleukin-10 production,10/1027,34/11952,0.29411764705882354,3.4228764534051206,4.337561639477448,4.0604157448583184e-4,0.013856926269579916,0.01211107508501731,SASH3/LGALS9/PRKCZ/IL23A/BCL3/XCL1/F2RL1/INAVA/CLEC7A/PLCG2,10,Module 5
GO:0007162,negative regulation of cell adhesion,33/1027,208/11952,0.15865384615384615,1.8463785484233388,3.775416903625597,4.1016159769280045e-4,0.013893844342586493,0.012143341804596986,SPN/MBP/PODXL/PTK2/FXYD5/LGALS9/SPINT2/UBASH3B/LAX1/SPRY4/C1QTNF1/SERPINE1/KANK1/TSPAN32/CEACAM1/RGCC/PLXND1/PRNP/IRF1/XCL1/ARG2/EPB41L5/IL4I1/HOXA7/JAM3/VSIR/ILDR2/FGL2/HAVCR2/ASS1/EPCAM/LGALS9C/CBFB,33,Module 5
GO:0031589,cell-substrate adhesion,39/1027,260/11952,0.15,1.7456669912366114,3.727037918413355,4.1519212380493635e-4,0.013960835162940985,0.012201892369097085,ACTN1/MACF1/SPOCK2/PTK2/ITGA3/L1CAM/PLAU/PRKCZ/SPRY4/FBLN5/CASS4/SERPINE1/THY1/KANK1/JUP/BVES/ZYX/TRIP6/PXN/CD3E/ITGAL/CD96/BCL2L11/EPB41L5/AJUBA/EPHA1/PKP2/HOXA7/ITGA6/JAM3/ITGAD/ITGA5/RADIL/FUT1/UNC13D/ITGA1/LIMS2/VCL/LYPD3,39,Module 5
GO:0002228,natural killer cell mediated immunity,14/1027,60/11952,0.23333333333333334,2.7154819863680624,4.084237223630482,4.4419845445118906e-4,0.01482714987011159,0.012959059020754246,RAB27A/PVR/LGALS9/CEACAM1/NECTIN2/CD96/NKG7/SLAMF6/NCR3/KLRK1/HAVCR2/RAET1E/UNC13D/VAV1,14,Module 5
GO:0002695,negative regulation of leukocyte activation,24/1027,135/11952,0.17777777777777778,2.0689386562804284,3.829505269913568,4.6693389560835234e-4,0.015473106555195617,0.013523630828565322,SPN/LGALS9/LAX1/TSPAN32/LST1/RASSF5/PRNP/TBC1D10C/IRF1/XCL1/ARG2/IL4I1/CD84/VSIR/ILDR2/FGL2/FGR/CNR2/HAVCR2/IL31RA/LGALS9C/CBFB/BTK/NR1H3,24,Module 5
GO:0007264,small GTPase-mediated signal transduction,56/1027,416/11952,0.1346153846153846,1.5666242229046514,3.606540389978175,4.704406871832716e-4,0.015477160161792094,0.013527173716280821,NUCB2/IQSEC1/P2RY10/ARHGEF3/ARHGAP18/STMN3/SH2D3C/RHOH/ITGA3/F11R/SH2D3A/ITPKB/ARRB1/RAP1GAP/PRAG1/RAB15/ARHGEF17/SPRY4/SYNJ2BP/IQSEC2/KANK1/RND3/RASGRF1/GPR174/OBSCN/PIK3CG/GRAP/SH2B2/RASGEF1A/ARHGAP9/RAPGEFL1/GRAP2/FGD5/RASA4/F2RL1/KALRN/F2RL3/MCF2L/SYDE2/LAT/IQSEC3/RASGRP2/RTN4R/RASGEF1B/EPS8L1/PLEKHG3/RASA4B/RHOV/RASA3/RAB39A/OPHN1/LPAR4/RAP1GAP2/RASIP1/VAV1/SRGAP3,56,Module 5
GO:0002715,regulation of natural killer cell mediated immunity,11/1027,41/11952,0.2682926829268293,3.122331203837842,4.173568996916091,5.070215609796303e-4,0.01656149713114178,0.014474893737140275,PVR/LGALS9/CEACAM1/NECTIN2/CD96/SLAMF6/NCR3/KLRK1/HAVCR2/RAET1E/VAV1,11,Module 5
GO:0007596,blood coagulation,26/1027,152/11952,0.17105263157894737,1.9906728847435042,3.76866634012599,5.131767365308235e-4,0.016643668199684086,0.014546711971687474,RAB27A/TEC/F11R/PLAU/UBASH3B/PRKCQ/C1QTNF1/SERPINE1/TSPAN32/CEACAM1/ANXA8/PLSCR1/LCK/PIK3CG/PLAUR/F2RL1/F2RL3/P2RY1/PLCG2/SERPINA1/KRT1/VAV1/MYL12A/DGKA/ST3GAL4/VCL,26,Module 5
GO:0043300,regulation of leukocyte degranulation,10/1027,35/11952,0.2857142857142857,3.3250799833078313,4.223427777922981,5.252190163398079e-4,0.016914271561422126,0.014783221683041149,LGALS9/CEACAM1/PRAM1/NCKAP1L/CD84/PTAFR/F2RL1/FGR/CCR2/UNC13D,10,Module 5
GO:0034109,homotypic cell-cell adhesion,15/1027,68/11952,0.22058823529411764,2.5671573400538406,3.973400646282275,5.353444547085684e-4,0.017119791548127858,0.014962847953834629,F11R/UBASH3B/PRKCQ/C1QTNF1/TSPAN32/CEACAM1/MEGF11/JUP/PIK3CG/PKP2/PLAUR/F2RL3/CCL5/MYL12A/VCL,15,Module 5
GO:0030856,regulation of epithelial cell differentiation,21/1027,113/11952,0.18584070796460178,2.162773263478988,3.8076179962270977,5.648707974282324e-4,0.017938570532217406,0.015678467966630107,F11R/AQP3/SPRED1/MSX1/PLAAT4/HES1/PRKCH/MAFF/SERPINE1/CEACAM1/ETV4/MESP1/HOXA7/MSX2/ERRFI1/OVOL2/CCND1/NKX2-2/MMP9/MYCL/VCL,21,Module 5
GO:0050817,coagulation,26/1027,154/11952,0.16883116883116883,1.9648199901364458,3.6946991419914452,6.299842325989469e-4,0.019868399280517136,0.01736515521726462,RAB27A/TEC/F11R/PLAU/UBASH3B/PRKCQ/C1QTNF1/SERPINE1/TSPAN32/CEACAM1/ANXA8/PLSCR1/LCK/PIK3CG/PLAUR/F2RL1/F2RL3/P2RY1/PLCG2/SERPINA1/KRT1/VAV1/MYL12A/DGKA/ST3GAL4/VCL,26,Module 5
GO:0019433,triglyceride catabolic process,6/1027,14/11952,0.42857142857142855,4.9876199749617465,4.577081183475594,6.512618951764378e-4,0.020260004398924152,0.0177074215251338,LIPE/PIK3CG/SORL1/LIPC/PNPLA4/PLB1,6,Module 5
GO:0023019,signal transduction involved in regulation of gene expression,6/1027,14/11952,0.42857142857142855,4.9876199749617465,4.577081183475594,6.512618951764378e-4,0.020260004398924152,0.0177074215251338,MSX1/MESP1/MSX2/P2RY1/TRAF3IP2/EPCAM,6,Module 5
GO:0002407,dendritic cell chemotaxis,7/1027,19/11952,0.3684210526315789,4.287603136370625,4.397015417700214,6.781587326322979e-4,0.020813556270654354,0.01819123071568234,LGALS9/PIK3CG/SLAMF8/TRPM4/CCR2/TRPM2/CCL5,7,Module 5
GO:0031424,keratinization,7/1027,19/11952,0.3684210526315789,4.287603136370625,4.397015417700214,6.781587326322979e-4,0.020813556270654354,0.01819123071568234,KRT81/EVPL/KRT86/KRT80/CNFN/KRT83/KRT1,7,Module 5
GO:0071621,granulocyte chemotaxis,16/1027,77/11952,0.2077922077922078,2.4182399878602414,3.8278499204501895,7.14473930827975e-4,0.021613302191007232,0.018890215663851778,PTK2/SCG2/IL23A/DAPK2/NCKAP1L/PIK3CG/XCL1/MPP1/JAM3/C5AR2/C5AR1/CCL20/XCL2/ITGA1/CCL5/VAV1,16,Module 5
GO:0032640,tumor necrosis factor production,21/1027,115/11952,0.1826086956521739,2.1251598154184834,3.717225705033525,7.183953494496172e-4,0.021613302191007232,0.018890215663851778,SASH3/SPN/FOXP1/LGALS9/IL23A/IL27RA/APP/MAPKAPK2/BCL3/OAS3/ARG2/CD84/PTAFR/OAS1/VSIR/C5AR2/CLEC7A/HAVCR2/CCR2/PLCG2/BTK,21,Module 5
GO:0032680,regulation of tumor necrosis factor production,21/1027,115/11952,0.1826086956521739,2.1251598154184834,3.717225705033525,7.183953494496172e-4,0.021613302191007232,0.018890215663851778,SASH3/SPN/FOXP1/LGALS9/IL23A/IL27RA/APP/MAPKAPK2/BCL3/OAS3/ARG2/CD84/PTAFR/OAS1/VSIR/C5AR2/CLEC7A/HAVCR2/CCR2/PLCG2/BTK,21,Module 5
GO:0042632,cholesterol homeostasis,13/1027,56/11952,0.23214285714285715,2.701627486437613,3.9132234740866343,7.416925229420539e-4,0.022168365407934723,0.019375345783357267,DGAT2/ABCG1/LDLRAP1/NR5A2/ACSM3/TTC39B/SOAT1/HDAC9/SOAT2/ERRFI1/LIPC/EPHX2/NR1H3,13,Module 5
GO:0051592,response to calcium ion,19/1027,100/11952,0.19,2.211178188899708,3.7289695940878946,7.673578630963398e-4,0.02255417487370782,0.019712546639996453,CPNE3/TXNIP/AQP3/ITPKB/P2RX7/SYT5/RYR1/SUCNR1/SDC1/RASA4/RASGRP2/KCNMB1/CPNE5/RASA4B/KCNMB3/PLCG2/FOS/SYT6/TRPM2,19,Module 5
GO:0048729,tissue morphogenesis,55/1027,415/11952,0.13253012048192772,1.542356377799416,3.44777547273977,7.692919942391806e-4,0.02255417487370782,0.019712546639996453,CTSH/MKS1/TGFBR1/MICAL2/PODXL/FZD3/ACTA2/ITGA3/FOXP1/HS3ST3B1/SPINT2/LRG1/MSX1/BBS5/FUZ/TGFBR2/HES1/HOXB13/HBEGF/EOMES/CEACAM1/PLXND1/MESP1/NHERF1/ACTG2/MYLK2/WNK4/MAGED1/CLUAP1/EPB41L5/AJUBA/SIX1/PKP2/HHIP/LHX2/NOG/MSX2/EPHA2/SPINT1/APLNR/WNT11/WT1/OVOL2/GCNT4/DLL4/SOX18/ITGA5/SNAI1/OPHN1/RASIP1/NRP2/IFT172/MYL11/VCL/DCHS1,55,Module 5
GO:0007599,hemostasis,26/1027,156/11952,0.16666666666666666,1.9396299902629017,3.6218328975322533,7.693967374367855e-4,0.02255417487370782,0.019712546639996453,RAB27A/TEC/F11R/PLAU/UBASH3B/PRKCQ/C1QTNF1/SERPINE1/TSPAN32/CEACAM1/ANXA8/PLSCR1/LCK/PIK3CG/PLAUR/F2RL1/F2RL3/P2RY1/PLCG2/SERPINA1/KRT1/VAV1/MYL12A/DGKA/ST3GAL4/VCL,26,Module 5
GO:0031349,positive regulation of defense response,48/1027,350/11952,0.13714285714285715,1.5960383919877592,3.469911898794239,7.768253272901709e-4,0.022626893131834084,0.01977610303533878,IKBKE/PVR/IL16/TLR5/IL23A/PIK3AP1/SERPINE1/NECTIN2/CASP1/RSAD2/FYN/ZCCHC3/CARD8/ZNRF1/PLSCR1/GRAMD4/APP/MAPKAPK2/LRCH4/NOP53/IRF1/PIK3CG/OAS3/DDX60/SUCNR1/NKG7/SLAMF6/NCR3/ALPK1/STAP1/NPAS2/F2RL1/OAS1/INAVA/COLEC11/CLEC7A/KLRK1/HAVCR2/CCR2/RAET1E/PLCG2/ETS1/CCL5/GPSM3/VAV1/BTK/RNF125/NR1H3,48,Module 5
GO:0045604,regulation of epidermal cell differentiation,11/1027,43/11952,0.2558139534883721,2.9771064966825933,3.98201842792434,7.872354658924831e-4,0.02264168418570016,0.01978903054613544,AQP3/PLAAT4/HES1/PRKCH/MAFF/ETV4/HOXA7/MSX2/ERRFI1/OVOL2/MYCL,11,Module 5
GO:0072132,mesenchyme morphogenesis,11/1027,43/11952,0.2558139534883721,2.9771064966825933,3.98201842792434,7.872354658924831e-4,0.02264168418570016,0.01978903054613544,TGFBR1/ACTA2/MSX1/TGFBR2/ACTG2/NOG/MSX2/APLNR/WNT11/SNAI1/DCHS1,11,Module 5
GO:0048514,blood vessel morphogenesis,58/1027,444/11952,0.13063063063063063,1.5202505329087608,3.4251588233476005,8.004959622413011e-4,0.022715276762743684,0.01985335110387924,CTSH/GPX1/VASH1/TGFBR1/PTK2/HOXA1/SPRED1/SCG2/LRG1/NIBAN2/TGFBR2/ADGRA2/HES1/SYNJ2BP/HOXB13/SPHK1/HHEX/SERPINE1/THY1/CEACAM1/COL18A1/JUP/RGCC/PLXND1/MYO18B/PIK3CG/HOXB3/HDAC9/MYO1E/SIX1/EPHA1/HOXA7/NOG/EPHA2/JAM3/C5AR1/FASLG/APLNR/WNT11/WT1/CARD10/OVOL2/DLL4/SOX18/ITGA5/CYSLTR1/CCR2/FUT1/CSPG4/TAFA5/RASIP1/NRP2/KRT1/DDAH1/FLT4/ETS1/PPP1R16B/NFATC3,58,Module 5
GO:0002423,natural killer cell mediated immune response to tumor cell,5/1027,10/11952,0.5,5.818889970788705,4.673961158127862,8.096632653241243e-4,0.022715276762743684,0.01985335110387924,PVR/CEACAM1/NECTIN2/NKG7/HAVCR2,5,Module 5
GO:0003198,epithelial to mesenchymal transition involved in endocardial cushion formation,5/1027,10/11952,0.5,5.818889970788705,4.673961158127862,8.096632653241243e-4,0.022715276762743684,0.01985335110387924,TGFBR1/MSX1/TGFBR2/MSX2/SNAI1,5,Module 5
GO:0071639,positive regulation of monocyte chemotactic protein-1 production,5/1027,10/11952,0.5,5.818889970788705,4.673961158127862,8.096632653241243e-4,0.022715276762743684,0.01985335110387924,LGALS9/OAS3/CD84/OAS1/CLEC7A,5,Module 5
GO:0071622,regulation of granulocyte chemotaxis,10/1027,37/11952,0.2702702702702703,3.145345930156057,4.007077956921102,8.509136895827463e-4,0.02372700184427987,0.02073760769798259,PTK2/IL23A/DAPK2/NCKAP1L/XCL1/MPP1/JAM3/C5AR2/C5AR1/CCL5,10,Module 5
GO:0007268,chemical synaptic transmission,59/1027,455/11952,0.12967032967032968,1.5090747616550928,3.394467238199292,8.697653898096559e-4,0.023872681938417472,0.020864933377874977,SLC1A4/STX3/MBP/NRXN2/ABAT/MAPT/TMOD2/CUX2/PRKCZ/APBA2/ANXA9/IQSEC2/RIMBP2/P2RX7/GRIK2/PMP22/CAMK2B/PRKAR2B/SYT5/RASGRF1/DYSF/NAPA/FYN/PRNP/SYPL1/CLSTN3/APP/DLG4/MYLK2/BAIAP2/SLC24A1/STAC3/BCHE/GPR158/INA/MPP2/ABTB3/NOG/P2RY1/LZTS1/SLC12A5/CLN3/KCNMB1/CAMKV/NPTX1/GPR176/CNR2/CCR2/OPHN1/NPAS4/SLC8A2/SLC18A2/NEFH/PDE7B/BACE1/DNM1/GLRA3/P2RX6/RAB3A,59,Module 5
GO:0098916,anterograde trans-synaptic signaling,59/1027,455/11952,0.12967032967032968,1.5090747616550928,3.394467238199292,8.697653898096559e-4,0.023872681938417472,0.020864933377874977,SLC1A4/STX3/MBP/NRXN2/ABAT/MAPT/TMOD2/CUX2/PRKCZ/APBA2/ANXA9/IQSEC2/RIMBP2/P2RX7/GRIK2/PMP22/CAMK2B/PRKAR2B/SYT5/RASGRF1/DYSF/NAPA/FYN/PRNP/SYPL1/CLSTN3/APP/DLG4/MYLK2/BAIAP2/SLC24A1/STAC3/BCHE/GPR158/INA/MPP2/ABTB3/NOG/P2RY1/LZTS1/SLC12A5/CLN3/KCNMB1/CAMKV/NPTX1/GPR176/CNR2/CCR2/OPHN1/NPAS4/SLC8A2/SLC18A2/NEFH/PDE7B/BACE1/DNM1/GLRA3/P2RX6/RAB3A,59,Module 5
GO:0042267,natural killer cell mediated cytotoxicity,13/1027,57/11952,0.22807017543859648,2.654230512991339,3.838202236279002,8.865992187059587e-4,0.023872681938417472,0.020864933377874977,RAB27A/PVR/LGALS9/CEACAM1/NECTIN2/NKG7/SLAMF6/NCR3/KLRK1/HAVCR2/RAET1E/UNC13D/VAV1,13,Module 5
GO:0055092,sterol homeostasis,13/1027,57/11952,0.22807017543859648,2.654230512991339,3.838202236279002,8.865992187059587e-4,0.023872681938417472,0.020864933377874977,DGAT2/ABCG1/LDLRAP1/NR5A2/ACSM3/TTC39B/SOAT1/HDAC9/SOAT2/ERRFI1/LIPC/EPHX2/NR1H3,13,Module 5
GO:0030593,neutrophil chemotaxis,14/1027,64/11952,0.21875,2.5457643622200585,3.8015044335735197,8.869527821283675e-4,0.023872681938417472,0.020864933377874977,IL23A/DAPK2/NCKAP1L/PIK3CG/XCL1/MPP1/JAM3/C5AR2/C5AR1/CCL20/XCL2/ITGA1/CCL5/VAV1,14,Module 5
GO:0032635,interleukin-6 production,20/1027,109/11952,0.1834862385321101,2.135372466344479,3.650878369967207,8.945226547512039e-4,0.023872681938417472,0.020864933377874977,MBP/IL16/LGALS9/ARRB1/P2RX7/NCKAP1L/IL27RA/APP/MAPKAPK2/AFAP1L2/POU2AF1/CD84/PTAFR/F2RL1/INAVA/C5AR2/CLEC7A/HAVCR2/PLCG2/BTK,20,Module 5
GO:0032675,regulation of interleukin-6 production,20/1027,109/11952,0.1834862385321101,2.135372466344479,3.650878369967207,8.945226547512039e-4,0.023872681938417472,0.020864933377874977,MBP/IL16/LGALS9/ARRB1/P2RX7/NCKAP1L/IL27RA/APP/MAPKAPK2/AFAP1L2/POU2AF1/CD84/PTAFR/F2RL1/INAVA/C5AR2/CLEC7A/HAVCR2/PLCG2/BTK,20,Module 5
GO:0042102,positive regulation of T cell proliferation,17/1027,86/11952,0.19767441860465115,2.3004913838001855,3.7109162664662514,8.983346514878236e-4,0.023872681938417472,0.020864933377874977,SASH3/SPN/CARD11/IGFBP2/LGALS9/IL12RB1/IL23A/TGFBR2/HES1/PRKCQ/CD3E/NCKAP1L/XCL1/ICOSLG/HAVCR2/CCR2/CCL5,17,Module 5
GO:1901342,regulation of vasculature development,31/1027,200/11952,0.155,1.8038558909444984,3.5149077184469886,9.031213591397819e-4,0.023872681938417472,0.020864933377874977,CTSH/VASH1/TGFBR1/SPRED1/LRG1/NIBAN2/TGFBR2/ADGRA2/SYNJ2BP/SPHK1/HHEX/SERPINE1/CEACAM1/JUP/RGCC/PLXND1/PIK3CG/EPHA1/EPHA2/C5AR1/FASLG/APLNR/ITGA5/CYSLTR1/CCR2/FUT1/TAFA5/KRT1/DDAH1/ETS1/PPP1R16B,31,Module 5
GO:0050870,positive regulation of T cell activation,32/1027,209/11952,0.15311004784688995,1.7818610436864932,3.496148005246439,9.305005750389419e-4,0.024455052469270586,0.02137393032923692,SASH3/SPN/RHOH/CARD11/SMARCD3/IGFBP2/LGALS9/IL12RB1/ITPKB/PRKCZ/IL23A/TGFBR2/HES1/PRKCQ/THY1/FYN/CD3E/NCKAP1L/FOXO3/LCK/XCL1/ICOSLG/ZBTB16/IL4I1/VSIR/KLRK1/HAVCR2/CCR2/SOX13/CCL5/VAV1/CBFB,32,Module 5
GO:0050852,T cell receptor signaling pathway,22/1027,126/11952,0.1746031746031746,2.0319933231325633,3.570424425453825,0.0010141650180285778,0.026469382523596815,0.02313447246241604,UBASH3A/CARD11/TEC/ITK/PDE4D/THY1/CEACAM1/NECTIN2/PRAM1/FYN/PRNP/CD3E/SLA2/LCK/ICOSLG/TRAT1/LAT/FYB1/PLCG2/BCAR1/THEMIS2/BTK,22,Module 5
GO:0030855,epithelial cell differentiation,59/1027,458/11952,0.12882096069868995,1.4991899924739458,3.3399474595248413,0.0010223336795101056,0.026469382523596815,0.02313447246241604,ANXA4/GPX1/PODXL/ACTA2/CBR1/F11R/TXNIP/AQP3/SPRED1/SPINT2/PDE4D/MSX1/PLAAT4/HES1/TJP3/PRKCH/NR5A2/MAFF/TMEM231/KRT81/HOXB13/SERPINE1/CEACAM1/COL18A1/COL6A1/ETV4/MESP1/NHERF1/SDC1/EVPL/EPB41L5/KRT86/MYO1E/SIX1/HOXA7/MSX2/F2RL1/EPHA2/EXPH5/ERRFI1/WNT11/WT1/KRT80/OVOL2/VSIG1/MYO7A/CNFN/CCND1/SOX18/NKX2-2/FGF20/KRT83/OPHN1/MMP9/IL31RA/MYCL/KRT1/PPP1R16B/VCL,59,Module 5
GO:0032103,positive regulation of response to external stimulus,57/1027,439/11952,0.12984054669703873,1.5110557099542423,3.344897969865458,0.0010245092295378606,0.026469382523596815,0.02313447246241604,STX3/IKBKE/PTK2/PVR/IL16/LGALS9/PLAU/SCG2/TLR5/IL23A/PIK3AP1/SERPINE1/NECTIN2/DAPK2/CASP1/RSAD2/FYN/ZCCHC3/CARD8/ZNRF1/PLSCR1/NCKAP1L/GRAMD4/APP/MAPKAPK2/LRCH4/NOP53/IRF1/PIK3CG/XCL1/OAS3/DDX60/SUCNR1/NKG7/SLAMF6/NCR3/ALPK1/STAP1/F2RL1/OAS1/INAVA/C5AR1/COLEC11/CLEC7A/XCL2/KLRK1/HAVCR2/CCR2/RAET1E/PLCG2/ETS1/CCL5/GPSM3/VAV1/BTK/RNF125/NR1H3,57,Module 5
GO:0042269,regulation of natural killer cell mediated cytotoxicity,10/1027,38/11952,0.2631578947368421,3.0625736688361602,3.9043531403690985,0.0010672052920611141,0.02741758314941278,0.0239632081251097,PVR/LGALS9/CEACAM1/NECTIN2/SLAMF6/NCR3/KLRK1/HAVCR2/RAET1E/VAV1,10,Module 5
GO:0099537,trans-synaptic signaling,59/1027,459/11952,0.12854030501089325,1.4959237833400159,3.321859028556693,0.0010782314707922574,0.027546103440966443,0.024075535987052053,SLC1A4/STX3/MBP/NRXN2/ABAT/MAPT/TMOD2/CUX2/PRKCZ/APBA2/ANXA9/IQSEC2/RIMBP2/P2RX7/GRIK2/PMP22/CAMK2B/PRKAR2B/SYT5/RASGRF1/DYSF/NAPA/FYN/PRNP/SYPL1/CLSTN3/APP/DLG4/MYLK2/BAIAP2/SLC24A1/STAC3/BCHE/GPR158/INA/MPP2/ABTB3/NOG/P2RY1/LZTS1/SLC12A5/CLN3/KCNMB1/CAMKV/NPTX1/GPR176/CNR2/CCR2/OPHN1/NPAS4/SLC8A2/SLC18A2/NEFH/PDE7B/BACE1/DNM1/GLRA3/P2RX6/RAB3A,59,Module 5
GO:0050857,positive regulation of antigen receptor-mediated signaling pathway,8/1027,26/11952,0.3076923076923077,3.5808553666392036,4.039053080676547,0.0011092640983719547,0.027719479354398627,0.02422706805590056,CARD11/FOXP1/NFAM1/PRKCH/NECTIN2/LCK/STAP1/TRAT1,8,Module 5
GO:0090022,regulation of neutrophil chemotaxis,8/1027,26/11952,0.3076923076923077,3.5808553666392036,4.039053080676547,0.0011092640983719547,0.027719479354398627,0.02422706805590056,IL23A/DAPK2/NCKAP1L/XCL1/MPP1/JAM3/C5AR2/C5AR1,8,Module 5
GO:0098703,calcium ion import across plasma membrane,8/1027,26/11952,0.3076923076923077,3.5808553666392036,4.039053080676547,0.0011092640983719547,0.027719479354398627,0.02422706805590056,FYN/PRNP/SLC24A1/NALF2/TRPV3/SLC8A2/CACNA1I/TRPM2,8,Module 5
GO:1902656,calcium ion import into cytosol,8/1027,26/11952,0.3076923076923077,3.5808553666392036,4.039053080676547,0.0011092640983719547,0.027719479354398627,0.02422706805590056,FYN/PRNP/SLC24A1/NALF2/TRPV3/SLC8A2/CACNA1I/TRPM2,8,Module 5
GO:0099536,synaptic signaling,61/1027,479/11952,0.12734864300626306,1.4820554831653905,3.3014362018184675,0.0011272154495494391,0.02801497962385644,0.024485337882947485,SLC1A4/STX3/MBP/NRXN2/ABAT/MAPT/TMOD2/CUX2/DTNB/PRKCZ/APBA2/ANXA9/IQSEC2/RIMBP2/P2RX7/GRIK2/PMP22/CAMK2B/PRKAR2B/SYT5/RASGRF1/DYSF/NAPA/FYN/PRNP/SYPL1/CLSTN3/APP/DLG4/MYLK2/BAIAP2/SLC24A1/STAC3/BCHE/RGS8/GPR158/INA/MPP2/ABTB3/NOG/P2RY1/LZTS1/SLC12A5/CLN3/KCNMB1/CAMKV/NPTX1/GPR176/CNR2/CCR2/OPHN1/NPAS4/SLC8A2/SLC18A2/NEFH/PDE7B/BACE1/DNM1/GLRA3/P2RX6/RAB3A,61,Module 5
GO:0002444,myeloid leukocyte mediated immunity,15/1027,73/11952,0.2054794520547945,2.3913246455296044,3.6557508465766047,0.0011700199240954258,0.0289216276372345,0.025277756197953527,LGALS9/PRAM1/PIK3CG/STAP1/CD84/PTAFR/F2RL1/LAT/RAB44/FGR/CCR2/TRAF3IP2/SLC18A2/UNC13D/BTK,15,Module 5
GO:0032945,negative regulation of mononuclear cell proliferation,13/1027,59/11952,0.22033898305084745,2.5642565972967177,3.692877605181595,0.0012481548597363106,0.030523059751733413,0.02667742191060384,SPN/LGALS9/TSPAN32/LST1/RASSF5/PRNP/XCL1/ARG2/IL4I1/VSIR/HAVCR2/LGALS9C/BTK,13,Module 5
GO:0050672,negative regulation of lymphocyte proliferation,13/1027,59/11952,0.22033898305084745,2.5642565972967177,3.692877605181595,0.0012481548597363106,0.030523059751733413,0.02667742191060384,SPN/LGALS9/TSPAN32/LST1/RASSF5/PRNP/XCL1/ARG2/IL4I1/VSIR/HAVCR2/LGALS9C/BTK,13,Module 5
GO:0071706,tumor necrosis factor superfamily cytokine production,21/1027,120/11952,0.175,2.0366114897760466,3.499082505769454,0.0012683860700246842,0.030689574064671328,0.026822956880444036,SASH3/SPN/FOXP1/LGALS9/IL23A/IL27RA/APP/MAPKAPK2/BCL3/OAS3/ARG2/CD84/PTAFR/OAS1/VSIR/C5AR2/CLEC7A/HAVCR2/CCR2/PLCG2/BTK,21,Module 5
GO:1903555,regulation of tumor necrosis factor superfamily cytokine production,21/1027,120/11952,0.175,2.0366114897760466,3.499082505769454,0.0012683860700246842,0.030689574064671328,0.026822956880444036,SASH3/SPN/FOXP1/LGALS9/IL23A/IL27RA/APP/MAPKAPK2/BCL3/OAS3/ARG2/CD84/PTAFR/OAS1/VSIR/C5AR2/CLEC7A/HAVCR2/CCR2/PLCG2/BTK,21,Module 5
GO:0032760,positive regulation of tumor necrosis factor production,15/1027,74/11952,0.20270270270270271,2.359009447617043,3.5953675755116183,0.001353378739224434,0.03257368933933335,0.0284696901542115,SASH3/SPN/LGALS9/IL23A/APP/MAPKAPK2/OAS3/CD84/PTAFR/OAS1/CLEC7A/HAVCR2/CCR2/PLCG2/BTK,15,Module 5
GO:0032700,negative regulation of interleukin-17 production,5/1027,11/11952,0.45454545454545453,5.289899973444277,4.364151128077012,0.0013797245012034986,0.03269160696374922,0.028572751192089907,PRNP/NCKAP1L/IL27RA/ARG2/VSIR,5,Module 5
GO:0072677,eosinophil migration,5/1027,11/11952,0.45454545454545453,5.289899973444277,4.364151128077012,0.0013797245012034986,0.03269160696374922,0.028572751192089907,SCG2/DAPK2/XCL1/XCL2/CCL5,5,Module 5
GO:2000562,"negative regulation of CD4-positive, alpha-beta T cell proliferation",5/1027,11/11952,0.45454545454545453,5.289899973444277,4.364151128077012,0.0013797245012034986,0.03269160696374922,0.028572751192089907,LGALS9/XCL1/ARG2/VSIR/LGALS9C,5,Module 5
GO:0045765,regulation of angiogenesis,30/1027,197/11952,0.15228426395939088,1.7722507525244788,3.350863668396292,0.0014444489400170896,0.034043134884521216,0.02975399844776021,CTSH/VASH1/SPRED1/LRG1/NIBAN2/TGFBR2/ADGRA2/SYNJ2BP/SPHK1/HHEX/SERPINE1/CEACAM1/JUP/RGCC/PLXND1/PIK3CG/EPHA1/EPHA2/C5AR1/FASLG/APLNR/ITGA5/CYSLTR1/CCR2/FUT1/TAFA5/KRT1/DDAH1/ETS1/PPP1R16B,30,Module 5
GO:0043367,"CD4-positive, alpha-beta T cell differentiation",16/1027,82/11952,0.1951219512195122,2.270786330063885,3.540223848366275,0.001452865733016595,0.034043134884521216,0.02975399844776021,SASH3/SPN/FOXP1/LGALS9/IL12RB1/PRKCZ/IL23A/RSAD2/NCKAP1L/BCL3/ENTPD7/SLAMF6/IL27/RORC/LY9/CBFB,16,Module 5
GO:0048741,skeletal muscle fiber development,8/1027,27/11952,0.2962962962962963,3.4482310938007137,3.9046464807526444,0.0014590978432902162,0.034043134884521216,0.02975399844776021,GPX1/NIBAN2/COL6A1/RYR1/MYORG/STAC3/HDAC9/SIX1,8,Module 5
GO:0050878,regulation of body fluid levels,34/1027,233/11952,0.1459227467811159,1.6982168155091502,3.299891111967612,0.0015349151823304276,0.03563028999389364,0.031141185932720458,RAB27A/UPRT/TEC/F11R/AQP3/PLAU/UBASH3B/PRKCQ/C1QTNF1/SERPINE1/TSPAN32/CEACAM1/ANXA8/PLSCR1/LCK/PIK3CG/WNK4/PLAUR/F2RL1/HSD11B2/F2RL3/P2RY1/APLNR/CCND1/TRAF3IP2/PLCG2/SERPINA1/KRT1/VAV1/MYL12A/DGKA/ST3GAL4/VCL/NR1H3,34,Module 5
GO:0070665,positive regulation of leukocyte proliferation,22/1027,130/11952,0.16923076923076924,1.9694704516515618,3.4075120290886596,0.0015460224684496452,0.035706872465758724,0.031208119684759717,BCL2L1/SASH3/SPN/PTK2/CARD11/IGFBP2/LGALS9/IL12RB1/IL23A/TGFBR2/HES1/PRKCQ/CLCF1/CD3E/NCKAP1L/XCL1/ICOSLG/HAVCR2/CCR2/CSF2/CCL5/BTK,22,Module 5
GO:0034341,response to type II interferon,18/1027,98/11952,0.1836734693877551,2.137551417840749,3.4667955837083255,0.0015652477822273455,0.0359692367242495,0.03143742834761826,LGALS9/IL12RB1/GBP4/CASP1/IFITM3/ZYX/IRF1/XCL1/CXCL16/FASLG/CCL20/RAB43/XCL2/ASS1/CCL5/GBP3/SLC22A5/NR1H3,18,Module 5
GO:0001501,skeletal system development,48/1027,362/11952,0.13259668508287292,1.5431310419771151,3.217316709452188,0.0016057084827896932,0.03664342966349085,0.0320266788891951,MKS1/TGFBR1/HOXA10/HOXA1/FOXP1/XYLT1/SOX5/RASSF2/DLX1/MSX1/FUZ/TGFBR2/PLEKHA1/TLL1/P2RX7/ADAMTS4/SMPD3/COL18A1/BMP8B/COL6A1/DLX2/RYR1/WDR19/HOXB3/ZBTB16/SIX1/HHIP/TTC9/HOXA7/OGN/NOG/MSX2/HOXC8/EPHA2/SPNS2/HOXB6/ERRFI1/HOXA9/WNT11/FGR/DHRS3/SNAI1/MMP9/NOTUM/BGN/IFT172/GPR68/DCHS1,48,Module 5
GO:0002822,regulation of adaptive immune response based on somatic recombination of immune receptors built from immunoglobulin superfamily domains,24/1027,147/11952,0.16326530612244897,1.9000457047473323,3.366408831861416,0.0016120539306626635,0.03664342966349085,0.0320266788891951,SASH3/SPN/PVR/IL12RB1/PRKCZ/IL23A/PRKCQ/P2RX7/CLCF1/CEACAM1/NECTIN2/RSAD2/HMCES/NCKAP1L/IL27RA/XCL1/IL4I1/TRPM4/CLEC7A/IL27/HAVCR2/CCR2/RAET1E/BTK,24,Module 5
GO:0006909,phagocytosis,26/1027,164/11952,0.15853658536585366,1.8450138931769064,3.3407373455617884,0.0016302677037741662,0.03664342966349085,0.0320266788891951,RAB27A/PTK2/SPHK1/P2RX7/DYSF/FYN/PLSCR1/NCKAP1L/ITGAL/STAP1/F2RL1/COLEC11/XKR8/CLEC7A/CLN3/BIN2/FGR/MYO7A/CCR2/RAB39A/PLCG2/UNC13D/ICAM3/VAV1/BTK/NR1H3,26,Module 5
GO:0033628,regulation of cell adhesion mediated by integrin,10/1027,40/11952,0.25,2.9094449853943525,3.708697619601037,0.001634651137404796,0.03664342966349085,0.0320266788891951,PODXL/PTK2/PLAU/SERPINE1/CD3E/NCKAP1L/PIK3CG/EPHA2/JAM3/CCL5,10,Module 5
GO:0072538,T-helper 17 type immune response,10/1027,40/11952,0.25,2.9094449853943525,3.708697619601037,0.001634651137404796,0.03664342966349085,0.0320266788891951,IL12RB1/IL23A/PRKCQ/IL27RA/ENTPD7/SLAMF6/CLEC7A/RORC/TRAF3IP2/LY9,10,Module 5
GO:0003206,cardiac chamber morphogenesis,16/1027,83/11952,0.1927710843373494,2.243427458617332,3.485210847753661,0.001659517173239785,0.036839670064201635,0.03219819472044693,MKS1/TGFBR1/FHL2/SMARCD3/TGFBR2/HES1/MESP1/PKP2/NOG/MSX2/APLNR/WNT11/OVOL2/DLL4/DHRS3/NRP2,16,Module 5
GO:0030048,actin filament-based movement,16/1027,83/11952,0.1927710843373494,2.243427458617332,3.485210847753661,0.001659517173239785,0.036839670064201635,0.03219819472044693,SYNE2/MYH10/ACTA2/PDE4D/KCNH2/JUP/FNBP1L/MYLK2/EPB41L5/SCN8A/PKP2/TRPM4/MYO7A/SCN4A/MYL11/RANGRF,16,Module 5
GO:0009611,response to wounding,50/1027,382/11952,0.13089005235602094,1.5232696258609175,3.1868905633210463,0.001715557853391567,0.03789973943748616,0.03312470464951834,MACF1/GPX1/VASH1/TGFBR1/RAB27A/PTK2/EPB41L4B/TEC/F11R/PLAU/UBASH3B/LRG1/PRKCQ/HOXB13/HBEGF/C1QTNF1/SERPINE1/KANK1/TSPAN32/CEACAM1/ANXA8/COL6A1/PTPRF/PLSCR1/LCK/PIK3CG/EVPL/NFATC1/AJUBA/NOG/MSX2/PLAUR/F2RL1/F2RL3/P2RY1/RTN4RL1/RTN4R/CLEC7A/ITGA5/CCR2/TAFA5/PLCG2/SERPINA1/KRT1/VAV1/MYL12A/DGKA/ST3GAL4/VCL/RAB3A,50,Module 5
GO:0072678,T cell migration,13/1027,61/11952,0.21311475409836064,2.4801826105001035,3.553429044905761,0.001724788191464231,0.03792046345945158,0.03314281762646602,SPN/F11R/ITGAL/IL27RA/APP/PIK3CG/XCL1/SPNS2/CXCL16/CCL20/XCL2/CCR2/CCL5,13,Module 5
GO:0051250,negative regulation of lymphocyte activation,20/1027,115/11952,0.17391304347826086,2.0239617289699843,3.3828944188538332,0.0017698168679703712,0.03872427051305506,0.03384535204071267,SPN/LGALS9/LAX1/TSPAN32/LST1/RASSF5/PRNP/TBC1D10C/IRF1/XCL1/ARG2/IL4I1/VSIR/ILDR2/FGL2/FGR/HAVCR2/LGALS9C/CBFB/BTK,20,Module 5
GO:0002347,response to tumor cell,9/1027,34/11952,0.2647058823529412,3.0805888080646087,3.7247801837785937,0.0018012839634992612,0.03922510269086724,0.03428308375642453,PVR/TXNIP/PRF1/CEACAM1/NECTIN2/NKG7/IL4I1/HAVCR2/ABI3,9,Module 5
GO:1903115,regulation of actin filament-based movement,7/1027,22/11952,0.3181818181818182,3.702929981410994,3.8904741706845423,0.0018258766594703801,0.0395721988803699,0.03458644887008747,ACTA2/PDE4D/JUP/MYLK2/PKP2/TRPM4/RANGRF,7,Module 5
GO:0007186,G protein-coupled receptor signaling pathway,55/1027,433/11952,0.12702078521939955,1.4782399463897404,3.1078427062443894,0.0020524663081372685,0.044273247297696834,0.03869520641508048,FZD3/RGS16/IQGAP2/PDE4D/ARRB1/TMOD2/AGTRAP/ADGRA2/SPHK1/CCR8/GPR3/NHERF1/CRTC3/CD3E/PIK3CG/XCL1/GNGT2/GPR160/SORL1/SUCNR1/GRK1/PTGER2/RGS8/GPR158/SIX1/ADRB1/LPAR5/RAPGEFL1/PTAFR/F2RL1/F2RL3/SPNS2/P2RY1/C5AR2/C5AR1/CCRL2/PDE6G/VIPR1/APLNR/GPR25/CCL20/XCL2/GPR176/CYSLTR1/CNR2/CCR2/TAFA5/GUCY2D/BCAR1/RGS6/CCL5/GPR68/VAV1/DGKA/GNAT2,55,Module 5
GO:0045682,regulation of epidermis development,11/1027,48/11952,0.22916666666666666,2.66699123661149,3.548003981422825,0.0020796146698118666,0.04464825298145383,0.0390229646714883,AQP3/PLAAT4/HES1/PRKCH/MAFF/ETV4/HOXA7/MSX2/ERRFI1/OVOL2/MYCL,11,Module 5
GO:0001780,neutrophil homeostasis,6/1027,17/11952,0.35294117647058826,4.107451744086145,3.930920533853089,0.002143924606767939,0.04538966308680456,0.03967096360574008,ITPKB/JAM3/XKR8/GCNT4/CCR2/BTK,6,Module 5
GO:0032682,negative regulation of chemokine production,6/1027,17/11952,0.35294117647058826,4.107451744086145,3.930920533853089,0.002143924606767939,0.04538966308680456,0.03967096360574008,LGALS9/OAS3/ARG2/F2RL1/OAS1/EPHA2,6,Module 5
GO:0050855,regulation of B cell receptor signaling pathway,6/1027,17/11952,0.35294117647058826,4.107451744086145,3.930920533853089,0.002143924606767939,0.04538966308680456,0.03967096360574008,FOXP1/NFAM1/PRKCH/FCMR/STAP1/CD19,6,Module 5
GO:0001525,angiogenesis,49/1027,377/11952,0.129973474801061,1.5126026979769047,3.100756659492528,0.002198159120335888,0.046179072953308996,0.04036091475219866,CTSH/GPX1/VASH1/TGFBR1/PTK2/SPRED1/SCG2/LRG1/NIBAN2/TGFBR2/ADGRA2/SYNJ2BP/HOXB13/SPHK1/HHEX/SERPINE1/THY1/CEACAM1/COL18A1/JUP/RGCC/PLXND1/PIK3CG/HOXB3/HDAC9/EPHA1/HOXA7/EPHA2/JAM3/C5AR1/FASLG/APLNR/CARD10/OVOL2/DLL4/SOX18/ITGA5/CYSLTR1/CCR2/FUT1/CSPG4/TAFA5/RASIP1/NRP2/KRT1/DDAH1/FLT4/ETS1/PPP1R16B,49,Module 5
GO:0097530,granulocyte migration,17/1027,93/11952,0.1827956989247312,2.12733611835286,3.3461660098841954,0.0022014078075270854,0.046179072953308996,0.04036091475219866,PTK2/SCG2/IL23A/DAPK2/NCKAP1L/PIK3CG/XCL1/MPP1/JAM3/SLAMF8/C5AR2/C5AR1/CCL20/XCL2/ITGA1/CCL5/VAV1,17,Module 5
GO:1903557,positive regulation of tumor necrosis factor superfamily cytokine production,15/1027,78/11952,0.19230769230769232,2.238034604149502,3.3632425201035,0.0023455775861793123,0.04876404725128941,0.04262020495888819,SASH3/SPN/LGALS9/IL23A/APP/MAPKAPK2/OAS3/CD84/PTAFR/OAS1/CLEC7A/HAVCR2/CCR2/PLCG2/BTK,15,Module 5
GO:0045088,regulation of innate immune response,44/1027,331/11952,0.13293051359516617,1.5470160647414082,3.094346540180707,0.0023459633490670612,0.04876404725128941,0.04262020495888819,IKBKE/SMIM30/PVR/LGALS9/TLR5/PIK3AP1/USP18/CEACAM1/NECTIN2/CASP1/RSAD2/FYN/ZCCHC3/CARD8/ZNRF1/PLSCR1/CD96/GRAMD4/MAPKAPK2/LRCH4/NOP53/IRF1/OAS3/DDX60/SLAMF6/NCR3/ALPK1/F2RL1/OAS1/INAVA/SLAMF8/COLEC11/CLEC7A/FGR/KLRK1/HAVCR2/RAET1E/PLCG2/SAMHD1/CCL5/VAV1/BTK/RNF125/NR1H3,44,Module 5
GO:0097553,calcium ion transmembrane import into cytosol,21/1027,126/11952,0.16666666666666666,1.9396299902629017,3.250871680002775,0.0023710652057594528,0.048789405486835725,0.042642368279147684,GSTO1/PDE4D/UBASH3B/THY1/P2RX7/RYR1/FYN/PRNP/LCK/XCL1/SLC24A1/NALF2/F2RL3/FASLG/APLNR/TRPV3/SLC8A2/PLCG2/CD19/CACNA1I/TRPM2,21,Module 5
GO:0070232,regulation of T cell apoptotic process,8/1027,29/11952,0.27586206896551724,3.2104220528489407,3.653911749608001,0.0024176949057501352,0.048789405486835725,0.042642368279147684,LGALS9/PRKCQ/P2RX7/BCL3/BCL2L11/ARG2/GIMAP8/CCL5,8,Module 5
GO:0002886,regulation of myeloid leukocyte mediated immunity,10/1027,42/11952,0.23809523809523808,2.7708999860898595,3.52484010503128,0.0024246657629662578,0.048789405486835725,0.042642368279147684,LGALS9/PRAM1/STAP1/CD84/PTAFR/F2RL1/FGR/CCR2/UNC13D/BTK,10,Module 5
GO:0002418,immune response to tumor cell,7/1027,23/11952,0.30434782608695654,3.541933025697473,3.7411284913545795,0.0024325354146071602,0.048789405486835725,0.042642368279147684,PVR/PRF1/CEACAM1/NECTIN2/NKG7/IL4I1/HAVCR2,7,Module 5
GO:0002825,regulation of T-helper 1 type immune response,7/1027,23/11952,0.30434782608695654,3.541933025697473,3.7411284913545795,0.0024325354146071602,0.048789405486835725,0.042642368279147684,IL12RB1/IL23A/IL27RA/XCL1/IL27/HAVCR2/CCR2,7,Module 5
GO:0036336,dendritic cell migration,7/1027,23/11952,0.30434782608695654,3.541933025697473,3.7411284913545795,0.0024325354146071602,0.048789405486835725,0.042642368279147684,LGALS9/PIK3CG/SLAMF8/TRPM4/CCR2/TRPM2/CCL5,7,Module 5
GO:0045954,positive regulation of natural killer cell mediated cytotoxicity,7/1027,23/11952,0.30434782608695654,3.541933025697473,3.7411284913545795,0.0024325354146071602,0.048789405486835725,0.042642368279147684,PVR/NECTIN2/SLAMF6/NCR3/KLRK1/RAET1E/VAV1,7,Module 5
GO:0060914,heart formation,7/1027,23/11952,0.30434782608695654,3.541933025697473,3.7411284913545795,0.0024325354146071602,0.048789405486835725,0.042642368279147684,PIM1/MKS1/SMARCD3/HES1/MESP1/SIX1/WNT11,7,Module 5
GO:0002687,positive regulation of leukocyte migration,19/1027,110/11952,0.17272727272727273,2.010161989908825,3.2632583605239507,0.0024695598043345574,0.049255819273298675,0.04305001801897063,SPN/PTK2/LGALS9/IL23A/SERPINE1/THY1/DAPK2/NCKAP1L/APP/XCL1/PTAFR/F2RL1/JAM3/C5AR1/CCL20/XCL2/CCR2/CCL5/GPSM3,19,Module 5
GO:0006816,calcium ion transport,37/1027,267/11952,0.13857677902621723,1.612726059319716,3.1044469712211513,0.0024773318243732113,0.049255819273298675,0.04305001801897063,NCS1/GSTO1/IL16/PDE4D/UBASH3B/HES1/ANXA9/THY1/P2RX7/CAMK2B/RYR1/FYN/ORAI2/PRNP/LCK/PIK3CG/XCL1/SLC24A1/STAC3/NALF2/CD84/STC2/F2RL3/TRPM4/FASLG/APLNR/CYSLTR1/TRPV3/SLC8A2/PLCG2/CD19/CACNA1I/BSPRY/TRPM2/CATSPER1/P2RX6/CCL5,37,Module 5
