go,term,parent,parentTerm,score,size
GO:0007156,homophilic cell adhesion via plasma membrane adhesion molecules,GO:0007156,homophilic cell adhesion via plasma membrane adhesion molecules,9.623479355954773,168
GO:0007389,pattern specification process,GO:0007389,pattern specification process,9.623479355954773,474
GO:0072001,renal system development,GO:0072001,renal system development,9.623479355954773,329
GO:0001822,kidney development,GO:0072001,renal system development,9.623479355954773,319
GO:0003002,regionalization,GO:0007389,pattern specification process,9.29542843231725,429
GO:0002250,adaptive immune response,GO:0002250,adaptive immune response,9.274367152829374,767
GO:0098742,cell-cell adhesion via plasma-membrane adhesion molecules,GO:0007156,homophilic cell adhesion via plasma membrane adhesion molecules,9.262110645573504,279
GO:0048729,tissue morphogenesis,GO:0048729,tissue morphogenesis,8.049403161079054,616
GO:0072073,kidney epithelium development,GO:0072001,renal system development,8.049403161079054,152
GO:0022407,regulation of cell-cell adhesion,GO:0007156,homophilic cell adhesion via plasma membrane adhesion molecules,7.993762795260977,496
GO:0001657,ureteric bud development,GO:0072001,renal system development,6.920438690520351,99
GO:0045785,positive regulation of cell adhesion,GO:0007156,homophilic cell adhesion via plasma membrane adhesion molecules,6.848517687904296,485
GO:0072164,mesonephric tubule development,GO:0072001,renal system development,6.841090112254943,100
GO:0072163,mesonephric epithelium development,GO:0072001,renal system development,6.841090112254943,100
GO:0060562,epithelial tube morphogenesis,GO:0048729,tissue morphogenesis,6.823116864974456,335
GO:0090596,sensory organ morphogenesis,GO:0090596,sensory organ morphogenesis,6.820913858039586,278
GO:0048562,embryonic organ morphogenesis,GO:0048562,embryonic organ morphogenesis,6.80869090742482,297
GO:0043583,ear development,GO:0090596,sensory organ morphogenesis,6.80869090742482,223
GO:0072006,nephron development,GO:0072001,renal system development,6.80869090742482,158
GO:0048754,branching morphogenesis of an epithelial tube,GO:0048754,branching morphogenesis of an epithelial tube,6.733774879385023,157
GO:0001823,mesonephros development,GO:0072001,renal system development,6.733774879385023,104
GO:0002009,morphogenesis of an epithelium,GO:0048729,tissue morphogenesis,6.570301226910343,501
GO:0007159,leukocyte cell-cell adhesion,GO:0007156,homophilic cell adhesion via plasma membrane adhesion molecules,6.549661643091685,419
GO:0046631,alpha-beta T cell activation,GO:0046631,alpha-beta T cell activation,6.549661643091685,181
GO:0007416,synapse assembly,GO:0007416,synapse assembly,6.4992816631259975,208
GO:0032835,glomerulus development,GO:0072001,renal system development,6.496931558646974,71
GO:0022409,positive regulation of cell-cell adhesion,GO:0007156,homophilic cell adhesion via plasma membrane adhesion molecules,6.4919651374704115,325
GO:1903037,regulation of leukocyte cell-cell adhesion,GO:0007156,homophilic cell adhesion via plasma membrane adhesion molecules,6.489100835559347,382
GO:0001501,skeletal system development,GO:0001501,skeletal system development,6.452094950155715,531
GO:0048839,inner ear development,GO:0090596,sensory organ morphogenesis,6.452094950155715,196
GO:0048568,embryonic organ development,GO:0048562,embryonic organ morphogenesis,6.362703960947952,455
GO:0048514,blood vessel morphogenesis,GO:0048514,blood vessel morphogenesis,6.351932637007042,715
GO:0097485,neuron projection guidance,GO:0097485,neuron projection guidance,6.282074364038776,234
GO:0007411,axon guidance,GO:0097485,neuron projection guidance,6.282074364038776,234
GO:0045165,cell fate commitment,GO:0045165,cell fate commitment,6.260523907791778,289
GO:0001763,morphogenesis of a branching structure,GO:0048754,branching morphogenesis of an epithelial tube,6.260523907791778,206
GO:0034329,cell junction assembly,GO:0007416,synapse assembly,6.246955898701598,453
GO:0061564,axon development,GO:0097485,neuron projection guidance,6.2370553906410455,522
GO:0007423,sensory organ development,GO:0090596,sensory organ morphogenesis,6.214679922962534,592
GO:0061138,morphogenesis of a branching epithelium,GO:0048754,branching morphogenesis of an epithelial tube,6.202728332584563,189
GO:0050865,regulation of cell activation,GO:0046631,alpha-beta T cell activation,5.941871081238447,630
GO:0051960,regulation of nervous system development,GO:0051960,regulation of nervous system development,5.913031138408575,468
GO:0042110,T cell activation,GO:0046631,alpha-beta T cell activation,5.639590028921612,570
GO:0071363,cellular response to growth factor stimulus,GO:0071363,cellular response to growth factor stimulus,5.520884952560088,747
GO:0035710,"CD4-positive, alpha-beta T cell activation",GO:0046631,alpha-beta T cell activation,5.4508225225744535,120
GO:0072009,nephron epithelium development,GO:0072001,renal system development,5.312433551407009,121
GO:0002694,regulation of leukocyte activation,GO:0046631,alpha-beta T cell activation,5.24260789414633,573
GO:0048598,embryonic morphogenesis,GO:0048562,embryonic organ morphogenesis,5.224940658395905,618
GO:1903039,positive regulation of leukocyte cell-cell adhesion,GO:0007156,homophilic cell adhesion via plasma membrane adhesion molecules,5.215061451985566,277
GO:0060840,artery development,GO:0048514,blood vessel morphogenesis,5.169690365837497,113
GO:0007162,negative regulation of cell adhesion,GO:0007156,homophilic cell adhesion via plasma membrane adhesion molecules,5.117919551917662,310
GO:0042472,inner ear morphogenesis,GO:0090596,sensory organ morphogenesis,5.098623929620506,106
GO:0050808,synapse organization,GO:0007416,synapse assembly,5.048519943478586,493
GO:0032944,regulation of mononuclear cell proliferation,GO:0032944,regulation of mononuclear cell proliferation,5.018884526429041,241
GO:0019221,cytokine-mediated signaling pathway,GO:0019221,cytokine-mediated signaling pathway,4.97681330536731,526
GO:0007610,behavior,GO:0007610,behavior,4.955772401195154,656
GO:0032943,mononuclear cell proliferation,GO:0032944,regulation of mononuclear cell proliferation,4.93520214117622,315
GO:0045055,regulated exocytosis,GO:0045055,regulated exocytosis,4.926503232539097,225
GO:0046651,lymphocyte proliferation,GO:0032944,regulation of mononuclear cell proliferation,4.91383524930992,308
GO:0050670,regulation of lymphocyte proliferation,GO:0032944,regulation of mononuclear cell proliferation,4.91383524930992,237
GO:0060441,epithelial tube branching involved in lung morphogenesis,GO:0060441,epithelial tube branching involved in lung morphogenesis,4.872974247910921,30
GO:0030198,extracellular matrix organization,GO:0030198,extracellular matrix organization,4.852627104541405,332
GO:0043062,extracellular structure organization,GO:0030198,extracellular matrix organization,4.806941207786242,333
GO:0045229,external encapsulating structure organization,GO:0030198,extracellular matrix organization,4.806941207786242,334
GO:0070665,positive regulation of leukocyte proliferation,GO:0032944,regulation of mononuclear cell proliferation,4.794706048438927,164
GO:0001656,metanephros development,GO:0072001,renal system development,4.776701445942432,93
GO:0042471,ear morphogenesis,GO:0090596,sensory organ morphogenesis,4.720637112847132,127
GO:0048706,embryonic skeletal system development,GO:0048562,embryonic organ morphogenesis,4.716829422456542,128
GO:0048705,skeletal system morphogenesis,GO:0001501,skeletal system development,4.711758281707714,229
GO:0042063,gliogenesis,GO:0042063,gliogenesis,4.683591792201563,346
GO:0032946,positive regulation of mononuclear cell proliferation,GO:0032944,regulation of mononuclear cell proliferation,4.6815165488208885,146
GO:0060348,bone development,GO:0001501,skeletal system development,4.668191815694148,215
GO:0099537,trans-synaptic signaling,GO:0099537,trans-synaptic signaling,4.6634954962514845,764
GO:0050890,cognition,GO:0050890,cognition,4.592043989082484,322
GO:0070663,regulation of leukocyte proliferation,GO:0032944,regulation of mononuclear cell proliferation,4.582740419321326,267
GO:0048667,cell morphogenesis involved in neuron differentiation,GO:0097485,neuron projection guidance,4.541102292607761,584
GO:0060485,mesenchyme development,GO:0048729,tissue morphogenesis,4.5111048420367785,336
GO:0048565,digestive tract development,GO:0048565,digestive tract development,4.483538424955633,133
GO:0055123,digestive system development,GO:0048565,digestive tract development,4.481563263315142,145
GO:0050671,positive regulation of lymphocyte proliferation,GO:0032944,regulation of mononuclear cell proliferation,4.467428400263845,143
GO:2000027,regulation of animal organ morphogenesis,GO:0048754,branching morphogenesis of an epithelial tube,4.448028080406195,89
GO:0030855,epithelial cell differentiation,GO:0048729,tissue morphogenesis,4.43866166636267,748
GO:0051046,regulation of secretion,GO:0045055,regulated exocytosis,4.431658045018851,621
GO:0051249,regulation of lymphocyte activation,GO:0046631,alpha-beta T cell activation,4.431658045018851,506
GO:0072189,ureter development,GO:0072001,renal system development,4.419901158279182,18
GO:0042391,regulation of membrane potential,GO:0042391,regulation of membrane potential,4.4176221972876695,446
GO:0001819,positive regulation of cytokine production,GO:0001819,positive regulation of cytokine production,4.4176221972876695,500
GO:0050863,regulation of T cell activation,GO:0046631,alpha-beta T cell activation,4.4176221972876695,382
GO:0046634,regulation of alpha-beta T cell activation,GO:0046631,alpha-beta T cell activation,4.4176221972876695,115
GO:0042102,positive regulation of T cell proliferation,GO:0032944,regulation of mononuclear cell proliferation,4.355122367273036,104
GO:0042692,muscle cell differentiation,GO:0042692,muscle cell differentiation,4.335821087754405,428
GO:0043410,positive regulation of MAPK cascade,GO:0043410,positive regulation of MAPK cascade,4.329912346957116,475
GO:0003206,cardiac chamber morphogenesis,GO:0048514,blood vessel morphogenesis,4.329912346957116,127
GO:0048593,camera-type eye morphogenesis,GO:0090596,sensory organ morphogenesis,4.329912346957116,133
GO:0099536,synaptic signaling,GO:0099537,trans-synaptic signaling,4.329912346957116,789
GO:0030900,forebrain development,GO:0042063,gliogenesis,4.321630487664652,408
GO:0007611,learning or memory,GO:0050890,cognition,4.311154510177692,278
GO:0048663,neuron fate commitment,GO:0045165,cell fate commitment,4.304560104882036,74
GO:0048704,embryonic skeletal system morphogenesis,GO:0048562,embryonic organ morphogenesis,4.282916588832197,94
GO:2000514,"regulation of CD4-positive, alpha-beta T cell activation",GO:0046631,alpha-beta T cell activation,4.27216809370592,78
GO:0030335,positive regulation of cell migration,GO:0030335,positive regulation of cell migration,4.254066160716712,580
GO:0090102,cochlea development,GO:0090596,sensory organ morphogenesis,4.233436053583362,50
GO:0070661,leukocyte proliferation,GO:0032944,regulation of mononuclear cell proliferation,4.232206423158409,352
GO:0072080,nephron tubule development,GO:0072001,renal system development,4.22022049213611,100
GO:0002252,immune effector process,GO:0002250,adaptive immune response,4.2177483773679585,711
GO:0048762,mesenchymal cell differentiation,GO:0048729,tissue morphogenesis,4.210827668588319,269
GO:0060675,ureteric bud morphogenesis,GO:0072001,renal system development,4.186129255170177,67
GO:0072171,mesonephric tubule morphogenesis,GO:0072001,renal system development,4.186129255170177,68
GO:2000147,positive regulation of cell motility,GO:0030335,positive regulation of cell migration,4.185001664153791,607
GO:0002768,immune response-regulating cell surface receptor signaling pathway,GO:0002250,adaptive immune response,4.183997927669941,360
GO:0042098,T cell proliferation,GO:0032944,regulation of mononuclear cell proliferation,4.155173960879584,213
GO:0040017,positive regulation of locomotion,GO:0030335,positive regulation of cell migration,4.128208457295787,621
GO:0035904,aorta development,GO:0048514,blood vessel morphogenesis,4.121694195762703,65
GO:0003007,heart morphogenesis,GO:0048514,blood vessel morphogenesis,4.119986540990706,269
GO:0042088,T-helper 1 type immune response,GO:0002250,adaptive immune response,4.113439082660652,48
GO:0009952,anterior/posterior pattern specification,GO:0007389,pattern specification process,4.110078323581412,219
GO:0098916,anterograde trans-synaptic signaling,GO:0099537,trans-synaptic signaling,4.078639823304365,758
GO:0007268,chemical synaptic transmission,GO:0099537,trans-synaptic signaling,4.078639823304365,758
GO:0061061,muscle structure development,GO:0042692,muscle cell differentiation,4.078639823304365,708
GO:0048592,eye morphogenesis,GO:0090596,sensory organ morphogenesis,4.07288274792429,162
GO:0061326,renal tubule development,GO:0072001,renal system development,4.062903196478404,104
GO:0007409,axonogenesis,GO:0097485,neuron projection guidance,4.062903196478404,455
GO:0002460,adaptive immune response based on somatic recombination of immune receptors built from immunoglobulin superfamily domains,GO:0002250,adaptive immune response,4.050490150660636,385
GO:0042129,regulation of T cell proliferation,GO:0032944,regulation of mononuclear cell proliferation,4.050490150660636,181
GO:0050866,negative regulation of cell activation,GO:0046631,alpha-beta T cell activation,4.005857541539419,215
GO:1903530,regulation of secretion by cell,GO:0045055,regulated exocytosis,4.005857541539419,566
GO:0007169,transmembrane receptor protein tyrosine kinase signaling pathway,GO:0007169,transmembrane receptor protein tyrosine kinase signaling pathway,3.9565410704003297,641
GO:0051963,regulation of synapse assembly,GO:0007416,synapse assembly,3.9478214488399392,115
GO:0060411,cardiac septum morphogenesis,GO:0048514,blood vessel morphogenesis,3.9208447644598623,72
GO:0002429,immune response-activating cell surface receptor signaling pathway,GO:0002250,adaptive immune response,3.8847286086857094,332
GO:0002764,immune response-regulating signaling pathway,GO:0002250,adaptive immune response,3.8847286086857094,528
GO:0043087,regulation of GTPase activity,GO:0043087,regulation of GTPase activity,3.8847286086857094,298
GO:0060326,cell chemotaxis,GO:0030335,positive regulation of cell migration,3.8847286086857094,322
GO:0051250,negative regulation of lymphocyte activation,GO:0046631,alpha-beta T cell activation,3.8570022716754226,165
GO:0050870,positive regulation of T cell activation,GO:0007156,homophilic cell adhesion via plasma membrane adhesion molecules,3.8570022716754226,253
GO:0002274,myeloid leukocyte activation,GO:0046631,alpha-beta T cell activation,3.820014310898152,241
GO:0048844,artery morphogenesis,GO:0048514,blood vessel morphogenesis,3.8069093598545627,81
GO:0003151,outflow tract morphogenesis,GO:0048514,blood vessel morphogenesis,3.8069093598545627,81
GO:0043367,"CD4-positive, alpha-beta T cell differentiation",GO:0046631,alpha-beta T cell activation,3.7927276712769937,94
GO:0002695,negative regulation of leukocyte activation,GO:0046631,alpha-beta T cell activation,3.743315205119727,192
GO:0072028,nephron morphogenesis,GO:0072001,renal system development,3.7423676650953,81
GO:0048711,positive regulation of astrocyte differentiation,GO:0042063,gliogenesis,3.6914606990320067,13
GO:0110110,positive regulation of animal organ morphogenesis,GO:0048754,branching morphogenesis of an epithelial tube,3.6869079502494757,34
GO:0008038,neuron recognition,GO:0008038,neuron recognition,3.6761013676649985,45
GO:0007186,G protein-coupled receptor signaling pathway,GO:0007186,G protein-coupled receptor signaling pathway,3.6478406487165156,1314
GO:0051147,regulation of muscle cell differentiation,GO:0042692,muscle cell differentiation,3.630092654074078,165
GO:0051962,positive regulation of nervous system development,GO:0051960,regulation of nervous system development,3.6223554997495064,294
GO:0002697,regulation of immune effector process,GO:0002250,adaptive immune response,3.6209855320734543,385
GO:0002757,immune response-activating signaling pathway,GO:0002250,adaptive immune response,3.6149525916512073,500
GO:0002253,activation of immune response,GO:0002250,adaptive immune response,3.6149525916512073,567
GO:0048645,animal organ formation,GO:0060441,epithelial tube branching involved in lung morphogenesis,3.583882901428826,69
GO:0010975,regulation of neuron projection development,GO:0010975,regulation of neuron projection development,3.583882901428826,460
GO:0051606,detection of stimulus,GO:0051606,detection of stimulus,3.5529458509951057,674
GO:0046632,alpha-beta T cell differentiation,GO:0046631,alpha-beta T cell activation,3.5529458509951057,125
GO:0003205,cardiac chamber development,GO:0048514,blood vessel morphogenesis,3.5257164575381195,168
GO:0001764,neuron migration,GO:0042063,gliogenesis,3.5220058681118838,183
GO:0001658,branching involved in ureteric bud morphogenesis,GO:0072001,renal system development,3.5220058681118838,60
GO:0031644,regulation of nervous system process,GO:0050890,cognition,3.517692209405223,119
GO:0022408,negative regulation of cell-cell adhesion,GO:0007156,homophilic cell adhesion via plasma membrane adhesion molecules,3.5137349609184403,203
GO:0072078,nephron tubule morphogenesis,GO:0072001,renal system development,3.475071684095456,77
GO:0002526,acute inflammatory response,GO:0002526,acute inflammatory response,3.4702077342979987,109
GO:0042330,taxis,GO:0030335,positive regulation of cell migration,3.46649161288495,468
GO:0006935,chemotaxis,GO:0030335,positive regulation of cell migration,3.46649161288495,466
GO:0050727,regulation of inflammatory response,GO:0002526,acute inflammatory response,3.4293664135711084,425
GO:0003197,endocardial cushion development,GO:0048729,tissue morphogenesis,3.3891003928314594,52
GO:0001508,action potential,GO:0042391,regulation of membrane potential,3.369364716264088,149
GO:0042327,positive regulation of phosphorylation,GO:0042327,positive regulation of phosphorylation,3.3671454659835205,624
GO:0002366,leukocyte activation involved in immune response,GO:0002250,adaptive immune response,3.3658401313015105,301
GO:0050867,positive regulation of cell activation,GO:0046631,alpha-beta T cell activation,3.365204805243314,380
GO:0002696,positive regulation of leukocyte activation,GO:0046631,alpha-beta T cell activation,3.365204805243314,362
GO:0001525,angiogenesis,GO:0048514,blood vessel morphogenesis,3.364657061046855,625
GO:0002825,regulation of T-helper 1 type immune response,GO:0002250,adaptive immune response,3.3613364954180485,31
GO:0010001,glial cell differentiation,GO:0042063,gliogenesis,3.3395321651382543,260
GO:0048589,developmental growth,GO:0048589,developmental growth,3.338236002295892,666
GO:0019226,transmission of nerve impulse,GO:0050890,cognition,3.3319361443287216,73
GO:0060914,heart formation,GO:0060441,epithelial tube branching involved in lung morphogenesis,3.3197211911828037,34
GO:0046633,alpha-beta T cell proliferation,GO:0046631,alpha-beta T cell activation,3.284137570996499,46
GO:0050900,leukocyte migration,GO:0050900,leukocyte migration,3.278745955465918,396
GO:0060537,muscle tissue development,GO:0048729,tissue morphogenesis,3.276777856731397,438
GO:1903053,regulation of extracellular matrix organization,GO:0030198,extracellular matrix organization,3.276777856731397,72
GO:0061333,renal tubule morphogenesis,GO:0072001,renal system development,3.276777856731397,81
GO:0072088,nephron epithelium morphogenesis,GO:0072001,renal system development,3.276777856731397,79
GO:0090103,cochlea morphogenesis,GO:0090596,sensory organ morphogenesis,3.2632979794347112,24
GO:0002263,cell activation involved in immune response,GO:0002250,adaptive immune response,3.2569341299957797,305
GO:0007188,adenylate cyclase-modulating G protein-coupled receptor signaling pathway,GO:0007186,G protein-coupled receptor signaling pathway,3.25169359530135,249
GO:0060993,kidney morphogenesis,GO:0072001,renal system development,3.25169359530135,98
GO:0045667,regulation of osteoblast differentiation,GO:0045667,regulation of osteoblast differentiation,3.231432772929233,156
GO:0009611,response to wounding,GO:0002526,acute inflammatory response,3.216986062485447,567
GO:0007600,sensory perception,GO:0050890,cognition,3.2106545114036167,982
GO:0044057,regulation of system process,GO:0050890,cognition,3.2106545114036167,565
GO:0002286,T cell activation involved in immune response,GO:0002250,adaptive immune response,3.194101233951596,124
GO:0007259,receptor signaling pathway via JAK-STAT,GO:0007169,transmembrane receptor protein tyrosine kinase signaling pathway,3.179788380152596,174
GO:0010092,specification of animal organ identity,GO:0060441,epithelial tube branching involved in lung morphogenesis,3.1730041533224833,37
GO:0099177,regulation of trans-synaptic signaling,GO:0099537,trans-synaptic signaling,3.167177914575276,494
GO:0043547,positive regulation of GTPase activity,GO:0043087,regulation of GTPase activity,3.153391530028648,230
GO:0035909,aorta morphogenesis,GO:0048514,blood vessel morphogenesis,3.1504980487890006,38
GO:0048771,tissue remodeling,GO:0048771,tissue remodeling,3.1504980487890006,188
GO:0001934,positive regulation of protein phosphorylation,GO:0042327,positive regulation of phosphorylation,3.1504980487890006,579
GO:0051965,positive regulation of synapse assembly,GO:0007416,synapse assembly,3.1504980487890006,63
GO:0099054,presynapse assembly,GO:0007416,synapse assembly,3.1504980487890006,49
GO:0048812,neuron projection morphogenesis,GO:0097485,neuron projection guidance,3.119559934523027,647
GO:0050868,negative regulation of T cell activation,GO:0007156,homophilic cell adhesion via plasma membrane adhesion molecules,3.117713212970156,129
GO:0002443,leukocyte mediated immunity,GO:0002250,adaptive immune response,3.1106964457492476,469
GO:0009617,response to bacterium,GO:0009617,response to bacterium,3.1106964457492476,738
GO:0031128,developmental induction,GO:0031128,developmental induction,3.1060825003470267,33
GO:0033688,regulation of osteoblast proliferation,GO:0032944,regulation of mononuclear cell proliferation,3.1060825003470267,31
GO:0006887,exocytosis,GO:0045055,regulated exocytosis,3.091937363784528,348
GO:0006968,cellular defense response,GO:0002526,acute inflammatory response,3.074486668909787,52
GO:0046640,regulation of alpha-beta T cell proliferation,GO:0046631,alpha-beta T cell activation,3.069920958915516,43
GO:0007219,Notch signaling pathway,GO:0007169,transmembrane receptor protein tyrosine kinase signaling pathway,3.068103637527764,183
GO:0060538,skeletal muscle organ development,GO:0042692,muscle cell differentiation,3.055930564666488,182
GO:0048701,embryonic cranial skeleton morphogenesis,GO:0048701,embryonic cranial skeleton morphogenesis,3.0388301552240398,45
GO:0033687,osteoblast proliferation,GO:0032944,regulation of mononuclear cell proliferation,3.0388301552240398,36
GO:0003279,cardiac septum development,GO:0048514,blood vessel morphogenesis,3.0388301552240398,108
GO:0120035,regulation of plasma membrane bounded cell projection organization,GO:0010975,regulation of neuron projection development,3.0388301552240398,659
GO:0040013,negative regulation of locomotion,GO:0030335,positive regulation of cell migration,3.0363353882557713,431
GO:0002819,regulation of adaptive immune response,GO:0002250,adaptive immune response,3.0324905228829038,207
GO:0003015,heart process,GO:0050890,cognition,3.0050551902028877,260
GO:0010817,regulation of hormone levels,GO:0042391,regulation of membrane potential,2.993371582399971,539
GO:1903038,negative regulation of leukocyte cell-cell adhesion,GO:0007156,homophilic cell adhesion via plasma membrane adhesion molecules,2.982595455057496,148
GO:0002683,negative regulation of immune system process,GO:0002250,adaptive immune response,2.956519813294165,526
GO:2000516,"positive regulation of CD4-positive, alpha-beta T cell activation",GO:0046631,alpha-beta T cell activation,2.95454087043192,46
GO:0050804,modulation of chemical synaptic transmission,GO:0099537,trans-synaptic signaling,2.9449849134540265,493
GO:0048858,cell projection morphogenesis,GO:0097485,neuron projection guidance,2.94463609224208,668
GO:0007187,"G protein-coupled receptor signaling pathway, coupled to cyclic nucleotide second messenger",GO:0007186,G protein-coupled receptor signaling pathway,2.9442319067088287,56
GO:0021983,pituitary gland development,GO:0042063,gliogenesis,2.9442319067088287,42
GO:0099174,regulation of presynapse organization,GO:0007416,synapse assembly,2.9442319067088287,35
GO:0051149,positive regulation of muscle cell differentiation,GO:0042692,muscle cell differentiation,2.9442319067088287,85
GO:1905606,regulation of presynapse assembly,GO:0007416,synapse assembly,2.9442319067088287,35
GO:0042093,T-helper cell differentiation,GO:0002250,adaptive immune response,2.943925767671058,74
GO:0001659,temperature homeostasis,GO:0001659,temperature homeostasis,2.9352916043233055,183
GO:0071805,potassium ion transmembrane transport,GO:0071805,potassium ion transmembrane transport,2.9313097135084325,217
GO:0002685,regulation of leukocyte migration,GO:0050900,leukocyte migration,2.9088878964285336,230
GO:1902692,regulation of neuroblast proliferation,GO:0032944,regulation of mononuclear cell proliferation,2.902637329264511,53
GO:0003203,endocardial cushion morphogenesis,GO:0048729,tissue morphogenesis,2.902637329264511,41
GO:0001818,negative regulation of cytokine production,GO:0001819,positive regulation of cytokine production,2.888525257133875,381
GO:0060749,mammary gland alveolus development,GO:0060749,mammary gland alveolus development,2.8746410575070107,20
GO:0061377,mammary gland lobule development,GO:0060749,mammary gland alveolus development,2.8746410575070107,20
GO:0014033,neural crest cell differentiation,GO:0045165,cell fate commitment,2.870837900821915,93
GO:2000136,regulation of cell proliferation involved in heart morphogenesis,GO:0048514,blood vessel morphogenesis,2.870837900821915,18
GO:0061323,cell proliferation involved in heart morphogenesis,GO:0048514,blood vessel morphogenesis,2.870837900821915,18
GO:0007507,heart development,GO:0048514,blood vessel morphogenesis,2.870837900821915,618
GO:0090189,regulation of branching involved in ureteric bud morphogenesis,GO:0072001,renal system development,2.870837900821915,21
GO:0051146,striated muscle cell differentiation,GO:0042692,muscle cell differentiation,2.870837900821915,313
GO:0097696,receptor signaling pathway via STAT,GO:0007169,transmembrane receptor protein tyrosine kinase signaling pathway,2.8592682040024378,191
GO:0002294,"CD4-positive, alpha-beta T cell differentiation involved in immune response",GO:0002250,adaptive immune response,2.8509220615026263,76
GO:0010562,positive regulation of phosphorus metabolic process,GO:0042327,positive regulation of phosphorylation,2.850305706406856,702
GO:0045937,positive regulation of phosphate metabolic process,GO:0042327,positive regulation of phosphorylation,2.850305706406856,702
GO:0033627,cell adhesion mediated by integrin,GO:0007156,homophilic cell adhesion via plasma membrane adhesion molecules,2.8380961450128352,88
GO:0002820,negative regulation of adaptive immune response,GO:0002250,adaptive immune response,2.8380961450128352,61
GO:0051047,positive regulation of secretion,GO:0045055,regulated exocytosis,2.8380961450128352,312
GO:0030217,T cell differentiation,GO:0046631,alpha-beta T cell activation,2.8380961450128352,310
GO:0120039,plasma membrane bounded cell projection morphogenesis,GO:0097485,neuron projection guidance,2.8263699487853775,663
GO:1902307,positive regulation of sodium ion transmembrane transport,GO:0071805,potassium ion transmembrane transport,2.8249333585272174,18
GO:0051251,positive regulation of lymphocyte activation,GO:0046631,alpha-beta T cell activation,2.8249333585272174,328
GO:0007178,transmembrane receptor protein serine/threonine kinase signaling pathway,GO:0007169,transmembrane receptor protein tyrosine kinase signaling pathway,2.817930188628438,417
GO:0001755,neural crest cell migration,GO:0050900,leukocyte migration,2.80105717107732,57
GO:0061351,neural precursor cell proliferation,GO:0032944,regulation of mononuclear cell proliferation,2.80105717107732,167
GO:0072132,mesenchyme morphogenesis,GO:0048729,tissue morphogenesis,2.80105717107732,58
GO:0090183,regulation of kidney development,GO:0072001,renal system development,2.80105717107732,34
GO:0099172,presynapse organization,GO:0007416,synapse assembly,2.80105717107732,54
GO:0002287,alpha-beta T cell activation involved in immune response,GO:0002250,adaptive immune response,2.800213087712231,77
GO:0002293,alpha-beta T cell differentiation involved in immune response,GO:0002250,adaptive immune response,2.800213087712231,77
GO:0007405,neuroblast proliferation,GO:0032944,regulation of mononuclear cell proliferation,2.7848304464712084,82
GO:0002822,regulation of adaptive immune response based on somatic recombination of immune receptors built from immunoglobulin superfamily domains,GO:0002250,adaptive immune response,2.777964948073786,192
GO:0019722,calcium-mediated signaling,GO:0043410,positive regulation of MAPK cascade,2.764692362892277,232
GO:0002823,negative regulation of adaptive immune response based on somatic recombination of immune receptors built from immunoglobulin superfamily domains,GO:0002250,adaptive immune response,2.763597838797905,56
GO:0046635,positive regulation of alpha-beta T cell activation,GO:0046631,alpha-beta T cell activation,2.7625927158039945,73
GO:0007189,adenylate cyclase-activating G protein-coupled receptor signaling pathway,GO:0007186,G protein-coupled receptor signaling pathway,2.7546997526267476,158
GO:2000177,regulation of neural precursor cell proliferation,GO:0032944,regulation of mononuclear cell proliferation,2.7469977235492298,102
GO:0014902,myotube differentiation,GO:0042692,muscle cell differentiation,2.7406328476892723,133
GO:0043549,regulation of kinase activity,GO:0042327,positive regulation of phosphorylation,2.7404059720312723,532
GO:0007368,determination of left/right symmetry,GO:0007389,pattern specification process,2.7361835795942433,137
GO:0043299,leukocyte degranulation,GO:0045055,regulated exocytosis,2.7218962895544303,79
GO:0098664,G protein-coupled serotonin receptor signaling pathway,GO:0007186,G protein-coupled receptor signaling pathway,2.7095090213913364,23
GO:0007158,neuron cell-cell adhesion,GO:0007156,homophilic cell adhesion via plasma membrane adhesion molecules,2.7095090213913364,16
GO:0001667,ameboidal-type cell migration,GO:0050900,leukocyte migration,2.7095090213913364,498
GO:0050673,epithelial cell proliferation,GO:0032944,regulation of mononuclear cell proliferation,2.7013219086111784,482
GO:0021537,telencephalon development,GO:0042063,gliogenesis,2.696250382570038,275
GO:0090497,mesenchymal cell migration,GO:0050900,leukocyte migration,2.6908534271433298,59
GO:0050767,regulation of neurogenesis,GO:0051960,regulation of nervous system development,2.6800986986973836,393
GO:0045063,T-helper 1 cell differentiation,GO:0002250,adaptive immune response,2.679287930844422,23
GO:0008016,regulation of heart contraction,GO:0050890,cognition,2.679287930844422,208
GO:0043370,"regulation of CD4-positive, alpha-beta T cell differentiation",GO:0046631,alpha-beta T cell activation,2.679287930844422,56
GO:0050851,antigen receptor-mediated signaling pathway,GO:0002250,adaptive immune response,2.6754026659190893,208
GO:0001759,organ induction,GO:0060441,epithelial tube branching involved in lung morphogenesis,2.6698163536899115,22
GO:0099601,regulation of neurotransmitter receptor activity,GO:0043087,regulation of GTPase activity,2.661989153246002,46
GO:1902893,regulation of miRNA transcription,GO:1902893,regulation of miRNA transcription,2.65467068708104,75
GO:0007517,muscle organ development,GO:0042692,muscle cell differentiation,2.6542961294031637,359
GO:0061337,cardiac conduction,GO:0050890,cognition,2.6531095855126003,99
GO:0001503,ossification,GO:0045667,regulation of osteoblast differentiation,2.647195299378181,446
GO:1905330,regulation of morphogenesis of an epithelium,GO:0048729,tissue morphogenesis,2.646154513908797,65
GO:0071417,cellular response to organonitrogen compound,GO:0019221,cytokine-mediated signaling pathway,2.646154513908797,622
GO:0035108,limb morphogenesis,GO:0035108,limb morphogenesis,2.6392004395846076,150
GO:0035107,appendage morphogenesis,GO:0035108,limb morphogenesis,2.6392004395846076,150
GO:0002067,glandular epithelial cell differentiation,GO:0048729,tissue morphogenesis,2.6269767019983283,72
GO:0032635,interleukin-6 production,GO:0001819,positive regulation of cytokine production,2.6254102474023395,176
GO:0032675,regulation of interleukin-6 production,GO:0001819,positive regulation of cytokine production,2.6254102474023395,176
GO:0030595,leukocyte chemotaxis,GO:0030335,positive regulation of cell migration,2.6254102474023395,237
GO:0001906,cell killing,GO:0001906,cell killing,2.6254102474023395,226
GO:1901888,regulation of cell junction assembly,GO:0007416,synapse assembly,2.6236724748090903,215
GO:2000146,negative regulation of cell motility,GO:0030335,positive regulation of cell migration,2.6069450348185064,396
GO:0043010,camera-type eye development,GO:0001501,skeletal system development,2.603385775949702,346
GO:0061614,miRNA transcription,GO:1902893,regulation of miRNA transcription,2.5913670125585444,76
GO:1903532,positive regulation of secretion by cell,GO:0045055,regulated exocytosis,2.590823268673526,288
GO:0006813,potassium ion transport,GO:0071805,potassium ion transmembrane transport,2.587942713455092,241
GO:0050906,detection of stimulus involved in sensory perception,GO:0051606,detection of stimulus,2.5847306053789962,545
GO:0006790,sulfur compound metabolic process,GO:0006790,sulfur compound metabolic process,2.580539732077973,326
GO:0021675,nerve development,GO:0042063,gliogenesis,2.562672502242616,97
GO:0072210,metanephric nephron development,GO:0072001,renal system development,2.562672502242616,41
GO:0002449,lymphocyte mediated immunity,GO:0002250,adaptive immune response,2.5541919965148847,372
GO:0042742,defense response to bacterium,GO:0009617,response to bacterium,2.551427938172395,330
GO:0006953,acute-phase response,GO:0002526,acute inflammatory response,2.5480490441640855,47
GO:0008015,blood circulation,GO:0050890,cognition,2.5480490441640855,526
GO:0035914,skeletal muscle cell differentiation,GO:0042692,muscle cell differentiation,2.544814959836839,77
GO:0051145,smooth muscle cell differentiation,GO:0042692,muscle cell differentiation,2.5404178393185064,78
GO:0051056,regulation of small GTPase mediated signal transduction,GO:0043410,positive regulation of MAPK cascade,2.5368002816085067,304
GO:0007626,locomotory behavior,GO:0007610,behavior,2.532967692823528,202
GO:0060047,heart contraction,GO:0050890,cognition,2.5326366798916795,249
GO:0023061,signal release,GO:0045055,regulated exocytosis,2.5284737745132153,487
GO:0001654,eye development,GO:0001501,skeletal system development,2.5267179221378964,393
GO:0033559,unsaturated fatty acid metabolic process,GO:0033559,unsaturated fatty acid metabolic process,2.524761148583921,115
GO:0002292,T cell differentiation involved in immune response,GO:0002250,adaptive immune response,2.524761148583921,85
GO:0021953,central nervous system neuron differentiation,GO:0042063,gliogenesis,2.5174666181184766,178
GO:0007519,skeletal muscle tissue development,GO:0042692,muscle cell differentiation,2.5174666181184766,170
GO:0007204,positive regulation of cytosolic calcium ion concentration,GO:0042391,regulation of membrane potential,2.4998234901155443,169
GO:0048708,astrocyte differentiation,GO:0042063,gliogenesis,2.492857485321146,88
GO:0003281,ventricular septum development,GO:0048514,blood vessel morphogenesis,2.492857485321146,74
GO:0003338,metanephros morphogenesis,GO:0072001,renal system development,2.4886909629355065,31
GO:1903522,regulation of blood circulation,GO:0050890,cognition,2.4852448150066806,262
GO:0009855,determination of bilateral symmetry,GO:0007389,pattern specification process,2.4787011278505195,147
GO:0009799,specification of symmetry,GO:0007389,pattern specification process,2.4787011278505195,147
GO:0021871,forebrain regionalization,GO:0007389,pattern specification process,2.478508562720716,24
GO:0060602,branch elongation of an epithelium,GO:0048589,developmental growth,2.478508562720716,19
GO:0050679,positive regulation of epithelial cell proliferation,GO:0032944,regulation of mononuclear cell proliferation,2.4745927511734633,219
GO:0150063,visual system development,GO:0001501,skeletal system development,2.4703810159390747,397
GO:0060425,lung morphogenesis,GO:0060441,epithelial tube branching involved in lung morphogenesis,2.4702497751024426,55
GO:1902895,positive regulation of miRNA transcription,GO:1902893,regulation of miRNA transcription,2.4671493707199037,56
GO:0042060,wound healing,GO:0002526,acute inflammatory response,2.4611029126425854,430
GO:0046636,negative regulation of alpha-beta T cell activation,GO:0046631,alpha-beta T cell activation,2.459756585852522,45
GO:1901699,cellular response to nitrogen compound,GO:0019221,cytokine-mediated signaling pathway,2.4511287790714578,693
GO:0048880,sensory system development,GO:0001501,skeletal system development,2.4403707903033665,403
GO:0007613,memory,GO:0050890,cognition,2.4307769291848262,126
GO:0045596,negative regulation of cell differentiation,GO:0051960,regulation of nervous system development,2.4307769291848262,735
GO:0060972,left/right pattern formation,GO:0007389,pattern specification process,2.4307769291848262,143
GO:0030278,regulation of ossification,GO:0045667,regulation of osteoblast differentiation,2.4307769291848262,122
GO:0048745,smooth muscle tissue development,GO:0048729,tissue morphogenesis,2.428822770274236,27
GO:0048710,regulation of astrocyte differentiation,GO:0042063,gliogenesis,2.428822770274236,32
GO:0035137,hindlimb morphogenesis,GO:0035108,limb morphogenesis,2.428822770274236,36
GO:0031345,negative regulation of cell projection organization,GO:0010975,regulation of neuron projection development,2.4278914988638705,201
GO:0046637,regulation of alpha-beta T cell differentiation,GO:0046631,alpha-beta T cell activation,2.4098499598601895,74
GO:0050807,regulation of synapse organization,GO:0042391,regulation of membrane potential,2.4070628041143873,243
GO:0061448,connective tissue development,GO:0048729,tissue morphogenesis,2.4070628041143873,288
GO:0035148,tube formation,GO:0060441,epithelial tube branching involved in lung morphogenesis,2.4070628041143873,149
GO:0031589,cell-substrate adhesion,GO:0007156,homophilic cell adhesion via plasma membrane adhesion molecules,2.4070628041143873,359
GO:0048732,gland development,GO:0060749,mammary gland alveolus development,2.4070628041143873,449
GO:0061005,cell differentiation involved in kidney development,GO:0072001,renal system development,2.4070628041143873,58
GO:0045765,regulation of angiogenesis,GO:0048514,blood vessel morphogenesis,2.403929038764966,353
GO:0031343,positive regulation of cell killing,GO:0001906,cell killing,2.4006076046009732,76
GO:0021536,diencephalon development,GO:0042063,gliogenesis,2.396775405567139,80
GO:0033002,muscle cell proliferation,GO:0032944,regulation of mononuclear cell proliferation,2.3837643118520697,251
GO:0044272,sulfur compound biosynthetic process,GO:0006790,sulfur compound metabolic process,2.3817393802876707,172
GO:0002698,negative regulation of immune effector process,GO:0002250,adaptive immune response,2.3790720903232248,121
GO:0048608,reproductive structure development,GO:0048608,reproductive structure development,2.3751694835131585,307
GO:0003012,muscle system process,GO:0050890,cognition,2.3657503965112743,459
GO:0043372,"positive regulation of CD4-positive, alpha-beta T cell differentiation",GO:0046631,alpha-beta T cell activation,2.3657503965112743,36
GO:0010463,mesenchymal cell proliferation,GO:0032944,regulation of mononuclear cell proliferation,2.353346572439556,45
GO:1904646,cellular response to amyloid-beta,GO:0019221,cytokine-mediated signaling pathway,2.353346572439556,43
GO:0048864,stem cell development,GO:0045165,cell fate commitment,2.3505695593939664,86
GO:0003407,neural retina development,GO:0001501,skeletal system development,2.3505695593939664,82
GO:0060291,long-term synaptic potentiation,GO:0099537,trans-synaptic signaling,2.3505695593939664,108
GO:0051153,regulation of striated muscle cell differentiation,GO:0042692,muscle cell differentiation,2.3505695593939664,97
GO:0007224,smoothened signaling pathway,GO:0007169,transmembrane receptor protein tyrosine kinase signaling pathway,2.347703378709512,146
GO:0045664,regulation of neuron differentiation,GO:0042063,gliogenesis,2.347703378709512,196
GO:0003156,regulation of animal organ formation,GO:0060441,epithelial tube branching involved in lung morphogenesis,2.347703378709512,28
GO:0050806,positive regulation of synaptic transmission,GO:0099537,trans-synaptic signaling,2.347703378709512,177
GO:0032609,type II interferon production,GO:0001819,positive regulation of cytokine production,2.3403561333205927,119
GO:0032649,regulation of type II interferon production,GO:0001819,positive regulation of cytokine production,2.3403561333205927,119
GO:0006936,muscle contraction,GO:0050890,cognition,2.3403561333205927,355
GO:1902105,regulation of leukocyte differentiation,GO:0045165,cell fate commitment,2.3403561333205927,328
GO:0071674,mononuclear cell migration,GO:0050900,leukocyte migration,2.337545687631309,206
GO:0086010,membrane depolarization during action potential,GO:0042391,regulation of membrane potential,2.337537993732689,28
GO:0002521,leukocyte differentiation,GO:0045165,cell fate commitment,2.337537993732689,626
GO:0042246,tissue regeneration,GO:0042246,tissue regeneration,2.336874479524459,79
GO:0060412,ventricular septum morphogenesis,GO:0048514,blood vessel morphogenesis,2.3355143495056874,43
GO:0045880,positive regulation of smoothened signaling pathway,GO:0007169,transmembrane receptor protein tyrosine kinase signaling pathway,2.3298390525814145,37
GO:0060042,retina morphogenesis in camera-type eye,GO:0001501,skeletal system development,2.3298390525814145,66
GO:0051155,positive regulation of striated muscle cell differentiation,GO:0042692,muscle cell differentiation,2.3298390525814145,52
GO:0003013,circulatory system process,GO:0050890,cognition,2.326805961401096,611
GO:0009636,response to toxic substance,GO:0019221,cytokine-mediated signaling pathway,2.3189499465350947,260
GO:0048333,mesodermal cell differentiation,GO:0048729,tissue morphogenesis,2.316289687341056,35
GO:0003272,endocardial cushion formation,GO:0048729,tissue morphogenesis,2.316289687341056,28
GO:1901342,regulation of vasculature development,GO:0048514,blood vessel morphogenesis,2.309136320137076,362
GO:0086003,cardiac muscle cell contraction,GO:0086003,cardiac muscle cell contraction,2.307265132177667,83
GO:0033033,negative regulation of myeloid cell apoptotic process,GO:0033033,negative regulation of myeloid cell apoptotic process,2.304110604114529,21
GO:0106030,neuron projection fasciculation,GO:0097485,neuron projection guidance,2.304110604114529,20
GO:0007413,axonal fasciculation,GO:0097485,neuron projection guidance,2.304110604114529,20
GO:0090190,positive regulation of branching involved in ureteric bud morphogenesis,GO:0072001,renal system development,2.304110604114529,18
GO:0061458,reproductive system development,GO:0048608,reproductive structure development,2.3018872145066456,311
GO:0051057,positive regulation of small GTPase mediated signal transduction,GO:0043410,positive regulation of MAPK cascade,2.3018872145066456,76
GO:2000630,positive regulation of miRNA metabolic process,GO:1902893,regulation of miRNA transcription,2.3018872145066456,67
GO:2000628,regulation of miRNA metabolic process,GO:1902893,regulation of miRNA transcription,2.3018872145066456,90
GO:0060541,respiratory system development,GO:0048608,reproductive structure development,2.2982061475661864,220
GO:0050803,regulation of synapse structure or activity,GO:0042391,regulation of membrane potential,2.294515294821065,249
GO:0002456,T cell mediated immunity,GO:0002250,adaptive immune response,2.291829696547537,129
GO:0060688,regulation of morphogenesis of a branching structure,GO:0048754,branching morphogenesis of an epithelial tube,2.280299571649661,53
GO:0014032,neural crest cell development,GO:0045165,cell fate commitment,2.275198268578652,80
GO:0007264,small GTPase-mediated signal transduction,GO:0043410,positive regulation of MAPK cascade,2.274790303058229,500
GO:0009581,detection of external stimulus,GO:0051606,detection of stimulus,2.269740038662323,140
GO:0009582,detection of abiotic stimulus,GO:0051606,detection of stimulus,2.269740038662323,143
GO:0051896,regulation of phosphatidylinositol 3-kinase/protein kinase B signal transduction,GO:0043410,positive regulation of MAPK cascade,2.2597621846630593,253
GO:0044273,sulfur compound catabolic process,GO:0006790,sulfur compound metabolic process,2.2597621846630593,48
GO:0009880,embryonic pattern specification,GO:0007389,pattern specification process,2.2597621846630593,74
GO:0007015,actin filament organization,GO:0086003,cardiac muscle cell contraction,2.258831264685984,467
GO:0033674,positive regulation of kinase activity,GO:0042327,positive regulation of phosphorylation,2.2548454264700144,303
GO:0060397,growth hormone receptor signaling pathway via JAK-STAT,GO:0019221,cytokine-mediated signaling pathway,2.2420166804177644,10
GO:0106106,cold-induced thermogenesis,GO:0106106,cold-induced thermogenesis,2.231954497683933,152
GO:0018212,peptidyl-tyrosine modification,GO:0018212,peptidyl-tyrosine modification,2.2272932058190933,271
GO:0050678,regulation of epithelial cell proliferation,GO:0032944,regulation of mononuclear cell proliferation,2.227192292811311,407
GO:0045109,intermediate filament organization,GO:0045109,intermediate filament organization,2.2180086232090233,73
GO:0035739,"CD4-positive, alpha-beta T cell proliferation",GO:0046631,alpha-beta T cell activation,2.2180086232090233,22
GO:2000561,"regulation of CD4-positive, alpha-beta T cell proliferation",GO:0046631,alpha-beta T cell activation,2.2180086232090233,22
GO:0031341,regulation of cell killing,GO:0001906,cell killing,2.2180086232090233,110
GO:0055001,muscle cell development,GO:0042692,muscle cell differentiation,2.2163614753857996,204
GO:0021602,cranial nerve morphogenesis,GO:0042063,gliogenesis,2.215839953198183,31
GO:0003148,outflow tract septum morphogenesis,GO:0048514,blood vessel morphogenesis,2.215839953198183,24
GO:0048566,embryonic digestive tract development,GO:0048565,digestive tract development,2.215839953198183,33
GO:0035116,embryonic hindlimb morphogenesis,GO:0035108,limb morphogenesis,2.215839953198183,28
GO:0042100,B cell proliferation,GO:0032944,regulation of mononuclear cell proliferation,2.211004734075955,104
GO:0045580,regulation of T cell differentiation,GO:0045165,cell fate commitment,2.211004734075955,183
GO:0043269,regulation of monoatomic ion transport,GO:0071805,potassium ion transmembrane transport,2.211004734075955,470
GO:0010959,regulation of metal ion transport,GO:0071805,potassium ion transmembrane transport,2.211004734075955,394
GO:0090132,epithelium migration,GO:0090132,epithelium migration,2.2047664461862704,378
GO:0010631,epithelial cell migration,GO:0090132,epithelium migration,2.2047664461862704,375
GO:0048048,embryonic eye morphogenesis,GO:0048562,embryonic organ morphogenesis,2.2037493870256344,35
GO:0018108,peptidyl-tyrosine phosphorylation,GO:0018212,peptidyl-tyrosine modification,2.203257746631342,269
GO:0042445,hormone metabolic process,GO:0042391,regulation of membrane potential,2.197928548787625,240
GO:0060249,anatomical structure homeostasis,GO:0001659,temperature homeostasis,2.197928548787625,259
GO:0001894,tissue homeostasis,GO:0001659,temperature homeostasis,2.197928548787625,259
GO:0030336,negative regulation of cell migration,GO:0030335,positive regulation of cell migration,2.197928548787625,381
GO:0007200,phospholipase C-activating G protein-coupled receptor signaling pathway,GO:0007186,G protein-coupled receptor signaling pathway,2.18985919403154,102
GO:0043281,regulation of cysteine-type endopeptidase activity involved in apoptotic process,GO:0043087,regulation of GTPase activity,2.1857267869156862,160
GO:0060173,limb development,GO:0035108,limb morphogenesis,2.1857267869156862,186
GO:0048736,appendage development,GO:0035108,limb morphogenesis,2.1857267869156862,186
GO:0043408,regulation of MAPK cascade,GO:0043410,positive regulation of MAPK cascade,2.1843278816763356,669
GO:0060395,SMAD protein signal transduction,GO:0007169,transmembrane receptor protein tyrosine kinase signaling pathway,2.181277563623479,95
GO:0051961,negative regulation of nervous system development,GO:0051960,regulation of nervous system development,2.181277563623479,155
GO:0030098,lymphocyte differentiation,GO:0045165,cell fate commitment,2.179244990462141,432
GO:0007043,cell-cell junction assembly,GO:0007416,synapse assembly,2.1752418346746265,156
GO:0045623,negative regulation of T-helper cell differentiation,GO:0046631,alpha-beta T cell activation,2.1752418346746265,17
GO:1902305,regulation of sodium ion transmembrane transport,GO:0071805,potassium ion transmembrane transport,2.1681711802234584,59
GO:0030048,actin filament-based movement,GO:0086003,cardiac muscle cell contraction,2.1649013270190274,138
GO:0002275,myeloid cell activation involved in immune response,GO:0046631,alpha-beta T cell activation,2.153858350537509,97
GO:0002065,columnar/cuboidal epithelial cell differentiation,GO:0048729,tissue morphogenesis,2.153075230096712,125
GO:0003231,cardiac ventricle development,GO:0048514,blood vessel morphogenesis,2.153075230096712,127
GO:0045582,positive regulation of T cell differentiation,GO:0045165,cell fate commitment,2.1398604496986966,119
GO:0043542,endothelial cell migration,GO:0090132,epithelium migration,2.133497951370105,286
GO:0050872,white fat cell differentiation,GO:0050872,white fat cell differentiation,2.130056687198393,17
GO:0072175,epithelial tube formation,GO:0060441,epithelial tube branching involved in lung morphogenesis,2.1293663248459307,135
GO:0008347,glial cell migration,GO:0042063,gliogenesis,2.1117772787779416,61
GO:0009953,dorsal/ventral pattern formation,GO:0007389,pattern specification process,2.109866657868718,90
GO:0002347,response to tumor cell,GO:0009617,response to bacterium,2.1025989880767626,45
GO:1904645,response to amyloid-beta,GO:0019221,cytokine-mediated signaling pathway,2.1025989880767626,54
GO:1903018,regulation of glycoprotein metabolic process,GO:1903018,regulation of glycoprotein metabolic process,2.1025989880767626,61
GO:0085029,extracellular matrix assembly,GO:0030198,extracellular matrix organization,2.1025989880767626,55
GO:2000107,negative regulation of leukocyte apoptotic process,GO:0033033,negative regulation of myeloid cell apoptotic process,2.101162344501663,57
GO:0030323,respiratory tube development,GO:0060441,epithelial tube branching involved in lung morphogenesis,2.0982638884592744,197
GO:0044344,cellular response to fibroblast growth factor stimulus,GO:0071363,cellular response to growth factor stimulus,2.0929117164561286,116
GO:0001709,cell fate determination,GO:0045165,cell fate commitment,2.0914377660319086,42
GO:1904861,excitatory synapse assembly,GO:0007416,synapse assembly,2.0914377660319086,34
GO:1902106,negative regulation of leukocyte differentiation,GO:0045165,cell fate commitment,2.090786191844309,112
GO:0045619,regulation of lymphocyte differentiation,GO:0045165,cell fate commitment,2.090786191844309,215
GO:0043303,mast cell degranulation,GO:0002250,adaptive immune response,2.0852774700197974,52
GO:0045620,negative regulation of lymphocyte differentiation,GO:0045165,cell fate commitment,2.0852774700197974,59
GO:0090130,tissue migration,GO:0090132,epithelium migration,2.0852774700197974,383
GO:0060037,pharyngeal system development,GO:0048562,embryonic organ morphogenesis,2.0832390534656753,30
GO:0048596,embryonic camera-type eye morphogenesis,GO:0048562,embryonic organ morphogenesis,2.0832390534656753,26
GO:0003401,axis elongation,GO:0048589,developmental growth,2.0832390534656753,29
GO:0060416,response to growth hormone,GO:0019221,cytokine-mediated signaling pathway,2.0745022506519732,39
GO:2000515,"negative regulation of CD4-positive, alpha-beta T cell activation",GO:0046631,alpha-beta T cell activation,2.0745022506519732,33
GO:0060349,bone morphogenesis,GO:0001501,skeletal system development,2.0624648354657684,99
GO:0050730,regulation of peptidyl-tyrosine phosphorylation,GO:0018212,peptidyl-tyrosine modification,2.062131782052932,225
GO:0045669,positive regulation of osteoblast differentiation,GO:0045667,regulation of osteoblast differentiation,2.0403110388741568,77
GO:0050852,T cell receptor signaling pathway,GO:0002250,adaptive immune response,2.0386026779635444,146
GO:0032613,interleukin-10 production,GO:0001819,positive regulation of cytokine production,2.0386026779635444,65
GO:0032653,regulation of interleukin-10 production,GO:0001819,positive regulation of cytokine production,2.0386026779635444,65
GO:0070372,regulation of ERK1 and ERK2 cascade,GO:0043410,positive regulation of MAPK cascade,2.0386026779635444,308
GO:0002703,regulation of leukocyte mediated immunity,GO:0002250,adaptive immune response,2.0386026779635444,246
GO:0031640,killing of cells of another organism,GO:0001906,cell killing,2.0386026779635444,90
GO:0008589,regulation of smoothened signaling pathway,GO:0007169,transmembrane receptor protein tyrosine kinase signaling pathway,2.037037284925,85
GO:0060396,growth hormone receptor signaling pathway,GO:0019221,cytokine-mediated signaling pathway,2.036257479628658,25
GO:1903131,mononuclear cell differentiation,GO:0045165,cell fate commitment,2.0358128649504272,484
GO:0001938,positive regulation of endothelial cell proliferation,GO:0032944,regulation of mononuclear cell proliferation,2.0325016422746414,111
GO:0046638,positive regulation of alpha-beta T cell differentiation,GO:0046631,alpha-beta T cell activation,2.0325016422746414,54
GO:0048483,autonomic nervous system development,GO:0042063,gliogenesis,2.0311063207053475,46
GO:0002688,regulation of leukocyte chemotaxis,GO:0030335,positive regulation of cell migration,2.022856384966466,123
GO:0001936,regulation of endothelial cell proliferation,GO:0032944,regulation of mononuclear cell proliferation,2.018526128657526,181
GO:0046641,positive regulation of alpha-beta T cell proliferation,GO:0046631,alpha-beta T cell activation,2.01630578517541,24
GO:0043068,positive regulation of programmed cell death,GO:0033033,negative regulation of myeloid cell apoptotic process,2.008198830910666,574
GO:0032102,negative regulation of response to external stimulus,GO:0032102,negative regulation of response to external stimulus,1.998903968007576,456
GO:0050920,regulation of chemotaxis,GO:0030335,positive regulation of cell migration,1.998903968007576,229
GO:0045576,mast cell activation,GO:0046631,alpha-beta T cell activation,1.9951764723765268,68
GO:0007260,tyrosine phosphorylation of STAT protein,GO:0007169,transmembrane receptor protein tyrosine kinase signaling pathway,1.9951764723765268,82
GO:0002699,positive regulation of immune effector process,GO:0002250,adaptive immune response,1.9938872456388461,257
GO:0010977,negative regulation of neuron projection development,GO:0010975,regulation of neuron projection development,1.9902030856299602,146
GO:0022612,gland morphogenesis,GO:0060749,mammary gland alveolus development,1.9845150855994955,125
GO:0001910,regulation of leukocyte mediated cytotoxicity,GO:0001906,cell killing,1.9837259600501291,96
GO:2000116,regulation of cysteine-type endopeptidase activity,GO:0043087,regulation of GTPase activity,1.977985386859264,190
GO:0032526,response to retinoic acid,GO:0019221,cytokine-mediated signaling pathway,1.97707429164629,106
GO:0048546,digestive tract morphogenesis,GO:0048565,digestive tract development,1.972710499491585,49
GO:0001935,endothelial cell proliferation,GO:0032944,regulation of mononuclear cell proliferation,1.9688886514676907,202
GO:0006690,icosanoid metabolic process,GO:0033559,unsaturated fatty acid metabolic process,1.9688886514676907,125
GO:0045766,positive regulation of angiogenesis,GO:0048514,blood vessel morphogenesis,1.9688886514676907,187
GO:0019369,arachidonic acid metabolic process,GO:0033559,unsaturated fatty acid metabolic process,1.9688886514676907,58
GO:0001655,urogenital system development,GO:0048608,reproductive structure development,1.9683942560145151,66
GO:0120161,regulation of cold-induced thermogenesis,GO:0106106,cold-induced thermogenesis,1.9642266686218355,151
GO:0072273,metanephric nephron morphogenesis,GO:0072001,renal system development,1.9642266686218355,24
GO:0035265,organ growth,GO:0048589,developmental growth,1.9642266686218355,180
GO:0035270,endocrine system development,GO:0048608,reproductive structure development,1.9559956338158433,137
GO:0031099,regeneration,GO:0042246,tissue regeneration,1.9559956338158433,200
GO:0043280,positive regulation of cysteine-type endopeptidase activity involved in apoptotic process,GO:0043087,regulation of GTPase activity,1.9559956338158433,111
GO:0016331,morphogenesis of embryonic epithelium,GO:0048562,embryonic organ morphogenesis,1.953391653133907,150
GO:0120163,negative regulation of cold-induced thermogenesis,GO:0106106,cold-induced thermogenesis,1.944592096703866,48
GO:0006919,activation of cysteine-type endopeptidase activity involved in apoptotic process,GO:0043087,regulation of GTPase activity,1.9441294820892427,68
GO:0048638,regulation of developmental growth,GO:0048589,developmental growth,1.9404017637043023,330
GO:0007164,establishment of tissue polarity,GO:0048754,branching morphogenesis of an epithelial tube,1.93966716426037,37
GO:0001736,establishment of planar polarity,GO:0048754,branching morphogenesis of an epithelial tube,1.93966716426037,37
GO:0021954,central nervous system neuron development,GO:0042063,gliogenesis,1.9341414508939692,86
GO:0006029,proteoglycan metabolic process,GO:1903018,regulation of glycoprotein metabolic process,1.9341414508939692,89
GO:0071774,response to fibroblast growth factor,GO:0071363,cellular response to growth factor stimulus,1.9341414508939692,124
GO:0016485,protein processing,GO:0016485,protein processing,1.9276911868554656,245
GO:0032612,interleukin-1 production,GO:0001819,positive regulation of cytokine production,1.9133189479198875,129
GO:0032652,regulation of interleukin-1 production,GO:0001819,positive regulation of cytokine production,1.9133189479198875,129
GO:0001909,leukocyte mediated cytotoxicity,GO:0001906,cell killing,1.9111218386858035,144
GO:0070232,regulation of T cell apoptotic process,GO:0033033,negative regulation of myeloid cell apoptotic process,1.910651559953909,39
GO:0006525,arginine metabolic process,GO:0033559,unsaturated fatty acid metabolic process,1.9084914245328828,19
GO:0016042,lipid catabolic process,GO:0016042,lipid catabolic process,1.9070088125570346,340
GO:0031338,regulation of vesicle fusion,GO:0031338,regulation of vesicle fusion,1.9070088125570346,23
GO:0071378,cellular response to growth hormone stimulus,GO:0019221,cytokine-mediated signaling pathway,1.9070088125570346,26
GO:0046639,negative regulation of alpha-beta T cell differentiation,GO:0046631,alpha-beta T cell activation,1.9070088125570346,26
GO:1905962,glutamatergic neuron differentiation,GO:0042063,gliogenesis,1.904253119714952,17
GO:0001710,mesodermal cell fate commitment,GO:0048729,tissue morphogenesis,1.904253119714952,18
GO:0060973,cell migration involved in heart development,GO:0048514,blood vessel morphogenesis,1.904253119714952,21
GO:0030201,heparan sulfate proteoglycan metabolic process,GO:1903018,regulation of glycoprotein metabolic process,1.904253119714952,16
GO:0002237,response to molecule of bacterial origin,GO:0009617,response to bacterium,1.904253119714952,369
GO:0001912,positive regulation of leukocyte mediated cytotoxicity,GO:0001906,cell killing,1.903206411418143,69
GO:0051897,positive regulation of phosphatidylinositol 3-kinase/protein kinase B signal transduction,GO:0043410,positive regulation of MAPK cascade,1.9003473078990092,171
GO:0060560,developmental growth involved in morphogenesis,GO:0048589,developmental growth,1.8965761910108823,243
GO:0071346,cellular response to type II interferon,GO:0019221,cytokine-mediated signaling pathway,1.8952856582241693,120
GO:0070374,positive regulation of ERK1 and ERK2 cascade,GO:0043410,positive regulation of MAPK cascade,1.8919962943609847,215
GO:0007160,cell-matrix adhesion,GO:0007156,homophilic cell adhesion via plasma membrane adhesion molecules,1.8909307046987913,241
GO:0002705,positive regulation of leukocyte mediated immunity,GO:0002250,adaptive immune response,1.8909307046987913,150
GO:0045104,intermediate filament cytoskeleton organization,GO:0045109,intermediate filament organization,1.8909307046987913,94
GO:0048167,regulation of synaptic plasticity,GO:0099537,trans-synaptic signaling,1.8859567934960162,216
GO:0120254,olefinic compound metabolic process,GO:0120254,olefinic compound metabolic process,1.8851811500948932,162
GO:0050905,neuromuscular process,GO:0050890,cognition,1.8851811500948932,165
GO:1904018,positive regulation of vasculature development,GO:0048514,blood vessel morphogenesis,1.8851811500948932,190
GO:0045621,positive regulation of lymphocyte differentiation,GO:0045165,cell fate commitment,1.8851811500948932,133
GO:0045622,regulation of T-helper cell differentiation,GO:0046631,alpha-beta T cell activation,1.8851811500948932,43
GO:0017157,regulation of exocytosis,GO:0045055,regulated exocytosis,1.8850467845835648,188
GO:2000649,regulation of sodium ion transmembrane transporter activity,GO:0071805,potassium ion transmembrane transport,1.8800881807075087,49
GO:1903707,negative regulation of hemopoiesis,GO:0045165,cell fate commitment,1.876336333481799,119
GO:0008544,epidermis development,GO:0048729,tissue morphogenesis,1.8729373827046172,387
GO:0031349,positive regulation of defense response,GO:0002526,acute inflammatory response,1.8705978060777413,502
GO:0010811,positive regulation of cell-substrate adhesion,GO:0007156,homophilic cell adhesion via plasma membrane adhesion molecules,1.8705978060777413,124
GO:0007157,heterophilic cell-cell adhesion via plasma membrane cell adhesion molecules,GO:0007156,homophilic cell adhesion via plasma membrane adhesion molecules,1.8512372645328357,53
GO:0010559,regulation of glycoprotein biosynthetic process,GO:1903018,regulation of glycoprotein metabolic process,1.8512372645328357,55
GO:0035113,embryonic appendage morphogenesis,GO:0035108,limb morphogenesis,1.850443995470637,122
GO:0030326,embryonic limb morphogenesis,GO:0035108,limb morphogenesis,1.850443995470637,122
GO:0051345,positive regulation of hydrolase activity,GO:0043087,regulation of GTPase activity,1.848225175981697,482
GO:0070371,ERK1 and ERK2 cascade,GO:0043410,positive regulation of MAPK cascade,1.8469927722118913,332
GO:1901568,fatty acid derivative metabolic process,GO:0016042,lipid catabolic process,1.8442723420989873,77
GO:0060760,positive regulation of response to cytokine stimulus,GO:0019221,cytokine-mediated signaling pathway,1.8442723420989873,67
GO:0002448,mast cell mediated immunity,GO:0002250,adaptive immune response,1.8405097949238847,55
GO:0002279,mast cell activation involved in immune response,GO:0046631,alpha-beta T cell activation,1.8405097949238847,55
GO:0048665,neuron fate specification,GO:0045165,cell fate commitment,1.8323948379557107,36
GO:0030574,collagen catabolic process,GO:0030574,collagen catabolic process,1.8323948379557107,45
GO:0002053,positive regulation of mesenchymal cell proliferation,GO:0032944,regulation of mononuclear cell proliferation,1.8323948379557107,26
GO:0071277,cellular response to calcium ion,GO:0019221,cytokine-mediated signaling pathway,1.8290784494810202,87
GO:0003184,pulmonary valve morphogenesis,GO:0048514,blood vessel morphogenesis,1.8290784494810202,19
GO:0060740,prostate gland epithelium morphogenesis,GO:0048608,reproductive structure development,1.8290784494810202,26
GO:0055092,sterol homeostasis,GO:0001659,temperature homeostasis,1.8290784494810202,102
GO:0010586,miRNA metabolic process,GO:1902893,regulation of miRNA transcription,1.8290784494810202,108
GO:0015908,fatty acid transport,GO:0015908,fatty acid transport,1.8269009015684492,115
GO:0007599,hemostasis,GO:0042391,regulation of membrane potential,1.826877341071024,233
GO:0002064,epithelial cell development,GO:0048729,tissue morphogenesis,1.826877341071024,216
GO:1990845,adaptive thermogenesis,GO:0106106,cold-induced thermogenesis,1.820886276345356,169
GO:0045859,regulation of protein kinase activity,GO:0042327,positive regulation of phosphorylation,1.820886276345356,470
GO:0045103,intermediate filament-based process,GO:0045109,intermediate filament organization,1.8176053220062647,95
GO:0060350,endochondral bone morphogenesis,GO:0001501,skeletal system development,1.8137174257637239,60
GO:0030879,mammary gland development,GO:0060749,mammary gland alveolus development,1.813251072797034,135
GO:0032103,positive regulation of response to external stimulus,GO:0032102,negative regulation of response to external stimulus,1.813234660994703,640
GO:0042509,regulation of tyrosine phosphorylation of STAT protein,GO:0007169,transmembrane receptor protein tyrosine kinase signaling pathway,1.8097309301836544,78
GO:1903708,positive regulation of hemopoiesis,GO:0045165,cell fate commitment,1.8097309301836544,190
GO:1902107,positive regulation of leukocyte differentiation,GO:0045165,cell fate commitment,1.8097309301836544,190
GO:0051924,regulation of calcium ion transport,GO:0071805,potassium ion transmembrane transport,1.8097309301836544,247
GO:0031424,keratinization,GO:0048729,tissue morphogenesis,1.8081008892892612,83
GO:0042531,positive regulation of tyrosine phosphorylation of STAT protein,GO:0007169,transmembrane receptor protein tyrosine kinase signaling pathway,1.8079017857553046,66
GO:1903307,positive regulation of regulated secretory pathway,GO:0045055,regulated exocytosis,1.8079017857553046,43
GO:0034341,response to type II interferon,GO:0019221,cytokine-mediated signaling pathway,1.8014986023308728,142
GO:0032729,positive regulation of type II interferon production,GO:0001819,positive regulation of cytokine production,1.8014986023308728,77
GO:0090092,regulation of transmembrane receptor protein serine/threonine kinase signaling pathway,GO:0007169,transmembrane receptor protein tyrosine kinase signaling pathway,1.8003859864280085,317
GO:0001649,osteoblast differentiation,GO:0045667,regulation of osteoblast differentiation,1.8003859864280085,257
GO:0010721,negative regulation of cell development,GO:0051960,regulation of nervous system development,1.79600779703692,288
GO:0002719,negative regulation of cytokine production involved in immune response,GO:0002250,adaptive immune response,1.7936611681589048,35
GO:0045685,regulation of glial cell differentiation,GO:0042063,gliogenesis,1.7908031040665136,79
GO:0001837,epithelial to mesenchymal transition,GO:0048729,tissue morphogenesis,1.7908031040665136,187
GO:0015909,long-chain fatty acid transport,GO:0015908,fatty acid transport,1.7908031040665136,66
GO:0050919,negative chemotaxis,GO:0030335,positive regulation of cell migration,1.7908031040665136,47
GO:0031076,embryonic camera-type eye development,GO:0090596,sensory organ morphogenesis,1.7908031040665136,37
GO:0031638,zymogen activation,GO:0016485,protein processing,1.7908031040665136,58
GO:0048644,muscle organ morphogenesis,GO:0042692,muscle cell differentiation,1.7908031040665136,81
GO:1903317,regulation of protein maturation,GO:0016485,protein processing,1.7908031040665136,70
GO:0010830,regulation of myotube differentiation,GO:0042692,muscle cell differentiation,1.7908031040665136,47
GO:0043500,muscle adaptation,GO:0050890,cognition,1.786252384494998,119
GO:0045687,positive regulation of glial cell differentiation,GO:0042063,gliogenesis,1.7800370781752233,46
GO:0032496,response to lipopolysaccharide,GO:0009617,response to bacterium,1.7800370781752233,348
GO:2001056,positive regulation of cysteine-type endopeptidase activity,GO:0043087,regulation of GTPase activity,1.7769157941342217,127
GO:0050731,positive regulation of peptidyl-tyrosine phosphorylation,GO:0018212,peptidyl-tyrosine modification,1.7721478396277346,164
GO:1902903,regulation of supramolecular fiber organization,GO:0010975,regulation of neuron projection development,1.7557810248001517,392
GO:0060759,regulation of response to cytokine stimulus,GO:0019221,cytokine-mediated signaling pathway,1.7516797878344363,189
GO:0050769,positive regulation of neurogenesis,GO:0051960,regulation of nervous system development,1.7516797878344363,246
GO:0002709,regulation of T cell mediated immunity,GO:0002250,adaptive immune response,1.7515587844365998,99
GO:0002700,regulation of production of molecular mediator of immune response,GO:0002250,adaptive immune response,1.733829046356376,187
GO:0001738,morphogenesis of a polarized epithelium,GO:0048729,tissue morphogenesis,1.7254166868021126,61
GO:0016486,peptide hormone processing,GO:0016485,protein processing,1.7254166868021126,36
GO:1902807,negative regulation of cell cycle G1/S phase transition,GO:1902807,negative regulation of cell cycle G1/S phase transition,1.7210043733072349,94
GO:0007548,sex differentiation,GO:0007548,sex differentiation,1.7197410121343448,288
GO:0014855,striated muscle cell proliferation,GO:0032944,regulation of mononuclear cell proliferation,1.7197410121343448,84
GO:0010950,positive regulation of endopeptidase activity,GO:0043087,regulation of GTPase activity,1.7174877398658195,153
GO:0060191,regulation of lipase activity,GO:0043087,regulation of GTPase activity,1.7173971837289652,69
GO:0001964,startle response,GO:0050890,cognition,1.7101764454793542,28
GO:0086019,cell-cell signaling involved in cardiac conduction,GO:0050890,cognition,1.7101764454793542,34
GO:0015718,monocarboxylic acid transport,GO:0015908,fatty acid transport,1.7045079864650625,179
GO:0046883,regulation of hormone secretion,GO:0042391,regulation of membrane potential,1.7028899467609058,254
GO:0060512,prostate gland morphogenesis,GO:0048608,reproductive structure development,1.7028899467609058,28
GO:0072012,glomerulus vasculature development,GO:0072001,renal system development,1.7028899467609058,30
GO:1901201,regulation of extracellular matrix assembly,GO:0030198,extracellular matrix organization,1.7028899467609058,29
GO:0072010,glomerular epithelium development,GO:0072001,renal system development,1.7028899467609058,26
GO:0010464,regulation of mesenchymal cell proliferation,GO:0032944,regulation of mononuclear cell proliferation,1.701238459776971,33
GO:0050885,neuromuscular process controlling balance,GO:0050890,cognition,1.701238459776971,51
GO:0003176,aortic valve development,GO:0048514,blood vessel morphogenesis,1.701238459776971,43
GO:0010517,regulation of phospholipase activity,GO:0043087,regulation of GTPase activity,1.701238459776971,52
GO:0015844,monoamine transport,GO:0015908,fatty acid transport,1.6939763260950524,87
GO:0001961,positive regulation of cytokine-mediated signaling pathway,GO:0019221,cytokine-mediated signaling pathway,1.6939763260950524,60
GO:0030324,lung development,GO:0060441,epithelial tube branching involved in lung morphogenesis,1.6939763260950524,193
GO:0051216,cartilage development,GO:0048729,tissue morphogenesis,1.6939763260950524,209
GO:0030902,hindbrain development,GO:0042063,gliogenesis,1.6939763260950524,158
GO:0071706,tumor necrosis factor superfamily cytokine production,GO:0001819,positive regulation of cytokine production,1.6939763260950524,194
GO:1903555,regulation of tumor necrosis factor superfamily cytokine production,GO:0001819,positive regulation of cytokine production,1.6939763260950524,194
GO:0036293,response to decreased oxygen levels,GO:0036293,response to decreased oxygen levels,1.6939763260950524,327
GO:0060415,muscle tissue morphogenesis,GO:0042692,muscle cell differentiation,1.6939763260950524,74
GO:0002444,myeloid leukocyte mediated immunity,GO:0002250,adaptive immune response,1.6870036598943694,112
GO:0001776,leukocyte homeostasis,GO:0001659,temperature homeostasis,1.6851017650254625,108
GO:0070509,calcium ion import,GO:0071805,potassium ion transmembrane transport,1.6798464826035746,83
GO:0071639,positive regulation of monocyte chemotactic protein-1 production,GO:0001819,positive regulation of cytokine production,1.6760863693159822,15
GO:2000563,"positive regulation of CD4-positive, alpha-beta T cell proliferation",GO:0046631,alpha-beta T cell activation,1.6760863693159822,10
GO:0043491,phosphatidylinositol 3-kinase/protein kinase B signal transduction,GO:0043410,positive regulation of MAPK cascade,1.6756931371299657,299
GO:0002544,chronic inflammatory response,GO:0002526,acute inflammatory response,1.6727419020142535,19
GO:0061436,establishment of skin barrier,GO:0048729,tissue morphogenesis,1.6727419020142535,33
GO:0021952,central nervous system projection neuron axonogenesis,GO:0042063,gliogenesis,1.6727419020142535,29
GO:0086012,membrane depolarization during cardiac muscle cell action potential,GO:0042391,regulation of membrane potential,1.6727419020142535,22
GO:0030856,regulation of epithelial cell differentiation,GO:0048729,tissue morphogenesis,1.6727419020142535,171
GO:0002701,negative regulation of production of molecular mediator of immune response,GO:0002250,adaptive immune response,1.6727419020142535,46
GO:0045058,T cell selection,GO:0046631,alpha-beta T cell activation,1.6727419020142535,56
GO:0002285,lymphocyte activation involved in immune response,GO:0002250,adaptive immune response,1.6727419020142535,212
GO:0050708,regulation of protein secretion,GO:0045055,regulated exocytosis,1.6727419020142535,269
GO:1901890,positive regulation of cell junction assembly,GO:0007416,synapse assembly,1.6727419020142535,108
GO:0031032,actomyosin structure organization,GO:0086003,cardiac muscle cell contraction,1.6719251642450448,215
GO:1903305,regulation of regulated secretory pathway,GO:0045055,regulated exocytosis,1.6707215537948723,125
GO:0007229,integrin-mediated signaling pathway,GO:0007169,transmembrane receptor protein tyrosine kinase signaling pathway,1.647740851471093,111
GO:0099587,inorganic ion import across plasma membrane,GO:0099587,inorganic ion import across plasma membrane,1.6457008931614567,126
GO:0098659,inorganic cation import across plasma membrane,GO:0099587,inorganic ion import across plasma membrane,1.6457008931614567,126
GO:0006941,striated muscle contraction,GO:0050890,cognition,1.641754688726747,191
GO:0050817,coagulation,GO:0050817,coagulation,1.6330470281931813,231
GO:0007215,glutamate receptor signaling pathway,GO:0007169,transmembrane receptor protein tyrosine kinase signaling pathway,1.630432779838947,50
GO:1901889,negative regulation of cell junction assembly,GO:0007416,synapse assembly,1.630432779838947,32
GO:1903318,negative regulation of protein maturation,GO:0016485,protein processing,1.630432779838947,30
GO:0010955,negative regulation of protein processing,GO:0016485,protein processing,1.630432779838947,30
GO:0070613,regulation of protein processing,GO:0016485,protein processing,1.6247584667428647,66
GO:0019233,sensory perception of pain,GO:0050890,cognition,1.6197825894645894,81
GO:0046425,regulation of receptor signaling pathway via JAK-STAT,GO:0007169,transmembrane receptor protein tyrosine kinase signaling pathway,1.6197825894645894,106
GO:0032611,interleukin-1 beta production,GO:0001819,positive regulation of cytokine production,1.6197825894645894,110
GO:0032651,regulation of interleukin-1 beta production,GO:0001819,positive regulation of cytokine production,1.6197825894645894,110
GO:0070252,actin-mediated cell contraction,GO:0086003,cardiac muscle cell contraction,1.6197825894645894,113
GO:0006959,humoral immune response,GO:0002250,adaptive immune response,1.6189946021886972,258
GO:1904888,cranial skeletal system development,GO:0048701,embryonic cranial skeleton morphogenesis,1.6175741137161934,72
GO:0003180,aortic valve morphogenesis,GO:0048514,blood vessel morphogenesis,1.6175741137161934,38
GO:0035025,positive regulation of Rho protein signal transduction,GO:0043410,positive regulation of MAPK cascade,1.6175741137161934,39
GO:1900271,regulation of long-term synaptic potentiation,GO:0099537,trans-synaptic signaling,1.6175741137161934,47
GO:0006816,calcium ion transport,GO:0071805,potassium ion transmembrane transport,1.6175741137161934,428
GO:0002790,peptide secretion,GO:0045055,regulated exocytosis,1.6175741137161934,247
GO:0030501,positive regulation of bone mineralization,GO:0045667,regulation of osteoblast differentiation,1.6175741137161934,44
GO:0045581,negative regulation of T cell differentiation,GO:0045165,cell fate commitment,1.6069414149028298,49
GO:0040008,regulation of growth,GO:0048589,developmental growth,1.601939485558596,618
GO:0002367,cytokine production involved in immune response,GO:0002250,adaptive immune response,1.5966104730038897,122
GO:0002718,regulation of cytokine production involved in immune response,GO:0002250,adaptive immune response,1.5966104730038897,120
GO:0097529,myeloid leukocyte migration,GO:0050900,leukocyte migration,1.5965088494977915,239
GO:0042430,indole-containing compound metabolic process,GO:0042430,indole-containing compound metabolic process,1.593854206885675,24
GO:0071300,cellular response to retinoic acid,GO:0019221,cytokine-mediated signaling pathway,1.593854206885675,68
GO:0032271,regulation of protein polymerization,GO:0032271,regulation of protein polymerization,1.593854206885675,204
GO:0045662,negative regulation of myoblast differentiation,GO:0051960,regulation of nervous system development,1.593854206885675,25
GO:2000179,positive regulation of neural precursor cell proliferation,GO:0032944,regulation of mononuclear cell proliferation,1.593854206885675,64
GO:0034104,negative regulation of tissue remodeling,GO:0048771,tissue remodeling,1.593854206885675,21
GO:0006977,"DNA damage response, signal transduction by p53 class mediator resulting in cell cycle arrest",GO:1902807,negative regulation of cell cycle G1/S phase transition,1.593854206885675,19
GO:0003128,heart field specification,GO:0060441,epithelial tube branching involved in lung morphogenesis,1.593854206885675,17
GO:0055088,lipid homeostasis,GO:0001659,temperature homeostasis,1.593854206885675,176
GO:0032640,tumor necrosis factor production,GO:0001819,positive regulation of cytokine production,1.593854206885675,189
GO:0032680,regulation of tumor necrosis factor production,GO:0001819,positive regulation of cytokine production,1.593854206885675,189
GO:0071599,otic vesicle development,GO:0090596,sensory organ morphogenesis,1.593854206885675,15
GO:0061437,renal system vasculature development,GO:0072001,renal system development,1.593854206885675,32
GO:0061440,kidney vasculature development,GO:0072001,renal system development,1.593854206885675,32
GO:0051017,actin filament bundle assembly,GO:0086003,cardiac muscle cell contraction,1.593854206885675,163
GO:0010952,positive regulation of peptidase activity,GO:0043087,regulation of GTPase activity,1.593854206885675,167
GO:0046620,regulation of organ growth,GO:0048589,developmental growth,1.5927383025435304,102
GO:0002710,negative regulation of T cell mediated immunity,GO:0002250,adaptive immune response,1.5913765609359283,29
GO:0043371,"negative regulation of CD4-positive, alpha-beta T cell differentiation",GO:0046631,alpha-beta T cell activation,1.5913765609359283,21
GO:0070555,response to interleukin-1,GO:0019221,cytokine-mediated signaling pathway,1.5880855719395686,138
GO:0032956,regulation of actin cytoskeleton organization,GO:0010975,regulation of neuron projection development,1.5846517173418033,344
GO:0010632,regulation of epithelial cell migration,GO:0090132,epithelium migration,1.5846517173418033,298
GO:0060021,roof of mouth development,GO:0060021,roof of mouth development,1.5827722901216068,91
GO:0002673,regulation of acute inflammatory response,GO:0002526,acute inflammatory response,1.5824230292277874,48
GO:0072539,T-helper 17 cell differentiation,GO:0002250,adaptive immune response,1.5824230292277874,33
GO:0042490,mechanoreceptor differentiation,GO:0042063,gliogenesis,1.5818787337244087,70
GO:0033673,negative regulation of kinase activity,GO:0042327,positive regulation of phosphorylation,1.5818787337244087,182
GO:0034032,purine nucleoside bisphosphate metabolic process,GO:0042327,positive regulation of phosphorylation,1.577391246819616,124
GO:0033875,ribonucleoside bisphosphate metabolic process,GO:0042327,positive regulation of phosphorylation,1.577391246819616,124
GO:0033865,nucleoside bisphosphate metabolic process,GO:0042327,positive regulation of phosphorylation,1.577391246819616,124
GO:0003018,vascular process in circulatory system,GO:0050890,cognition,1.5746954954630723,275
GO:0060048,cardiac muscle contraction,GO:0050890,cognition,1.5729078168605937,145
GO:0010717,regulation of epithelial to mesenchymal transition,GO:0048729,tissue morphogenesis,1.5690064103048498,120
GO:0007265,Ras protein signal transduction,GO:0043410,positive regulation of MAPK cascade,1.5690064103048498,120
GO:0046622,positive regulation of organ growth,GO:0048589,developmental growth,1.5690064103048498,53
GO:1901653,cellular response to peptide,GO:0019221,cytokine-mediated signaling pathway,1.565604684453937,376
GO:0010594,regulation of endothelial cell migration,GO:0090132,epithelium migration,1.565604684453937,234
GO:0002440,production of molecular mediator of immune response,GO:0002250,adaptive immune response,1.5593028817354175,310
GO:0071404,cellular response to low-density lipoprotein particle stimulus,GO:0019221,cytokine-mediated signaling pathway,1.554096366972592,37
GO:0060317,cardiac epithelial to mesenchymal transition,GO:0048729,tissue morphogenesis,1.554096366972592,36
GO:0140448,signaling receptor ligand precursor processing,GO:0016485,protein processing,1.554096366972592,40
GO:0046942,carboxylic acid transport,GO:0015908,fatty acid transport,1.5540265450256725,358
GO:0001666,response to hypoxia,GO:0036293,response to decreased oxygen levels,1.553506316217873,313
GO:0051602,response to electrical stimulus,GO:0036293,response to decreased oxygen levels,1.5526981042853432,44
GO:0014888,striated muscle adaptation,GO:0050890,cognition,1.5526981042853432,56
GO:0001838,embryonic epithelial tube formation,GO:0060441,epithelial tube branching involved in lung morphogenesis,1.5395353522760125,123
GO:0051148,negative regulation of muscle cell differentiation,GO:0042692,muscle cell differentiation,1.5395353522760125,72
GO:0090276,regulation of peptide hormone secretion,GO:0045055,regulated exocytosis,1.5395353522760125,197
GO:0022405,hair cycle process,GO:0022405,hair cycle process,1.5381406542501603,97
GO:0022404,molting cycle process,GO:0022405,hair cycle process,1.5381406542501603,97
GO:0048863,stem cell differentiation,GO:0045165,cell fate commitment,1.5360256420254583,248
GO:0061572,actin filament bundle organization,GO:0086003,cardiac muscle cell contraction,1.5360256420254583,167
GO:2000379,positive regulation of reactive oxygen species metabolic process,GO:2000379,positive regulation of reactive oxygen species metabolic process,1.5348222885028349,70
GO:0097006,regulation of plasma lipoprotein particle levels,GO:0097006,regulation of plasma lipoprotein particle levels,1.5348222885028349,91
GO:0050853,B cell receptor signaling pathway,GO:0002250,adaptive immune response,1.5348222885028349,78
GO:0042632,cholesterol homeostasis,GO:0001659,temperature homeostasis,1.5348222885028349,101
GO:0034103,regulation of tissue remodeling,GO:0048771,tissue remodeling,1.5348222885028349,87
GO:0015849,organic acid transport,GO:0015908,fatty acid transport,1.5348222885028349,359
GO:0050770,regulation of axonogenesis,GO:0097485,neuron projection guidance,1.5348222885028349,156
GO:0035725,sodium ion transmembrane transport,GO:0071805,potassium ion transmembrane transport,1.5332416256581323,182
GO:0032733,positive regulation of interleukin-10 production,GO:0001819,positive regulation of cytokine production,1.5297270112016466,42
GO:0032715,negative regulation of interleukin-6 production,GO:0001819,positive regulation of cytokine production,1.5297270112016466,68
GO:0042116,macrophage activation,GO:0046631,alpha-beta T cell activation,1.5297270112016466,110
GO:0002706,regulation of lymphocyte mediated immunity,GO:0002250,adaptive immune response,1.5297270112016466,186
GO:1903706,regulation of hemopoiesis,GO:0045165,cell fate commitment,1.5234352553059032,424
GO:0010720,positive regulation of cell development,GO:0045165,cell fate commitment,1.5231754312970864,454
GO:0099643,signal release from synapse,GO:0045055,regulated exocytosis,1.5231754312970864,144
GO:0007269,neurotransmitter secretion,GO:0045055,regulated exocytosis,1.5231754312970864,144
GO:0090257,regulation of muscle system process,GO:0050890,cognition,1.5231754312970864,245
GO:0002687,positive regulation of leukocyte migration,GO:0050900,leukocyte migration,1.5231754312970864,149
GO:0010810,regulation of cell-substrate adhesion,GO:0007156,homophilic cell adhesion via plasma membrane adhesion molecules,1.5191444082503882,221
GO:0032368,regulation of lipid transport,GO:0045055,regulated exocytosis,1.5157393136725674,156
GO:2000562,"negative regulation of CD4-positive, alpha-beta T cell proliferation",GO:0046631,alpha-beta T cell activation,1.5128315655249278,12
GO:0009743,response to carbohydrate,GO:0019221,cytokine-mediated signaling pathway,1.5121010151141625,239
GO:0002791,regulation of peptide secretion,GO:0045055,regulated exocytosis,1.5121010151141625,200
GO:0006937,regulation of muscle contraction,GO:0050890,cognition,1.5080397681657913,167
GO:0001959,regulation of cytokine-mediated signaling pathway,GO:0019221,cytokine-mediated signaling pathway,1.50711646691286,177
GO:0060976,coronary vasculature development,GO:0048514,blood vessel morphogenesis,1.50711646691286,50
GO:1905314,semi-lunar valve development,GO:0048514,blood vessel morphogenesis,1.50711646691286,47
GO:0097553,calcium ion transmembrane import into cytosol,GO:0071805,potassium ion transmembrane transport,1.50711646691286,187
GO:0046661,male sex differentiation,GO:0007548,sex differentiation,1.5009626985544267,173
GO:2000178,negative regulation of neural precursor cell proliferation,GO:0032944,regulation of mononuclear cell proliferation,1.5003032709420767,25
GO:1905523,positive regulation of macrophage migration,GO:0050900,leukocyte migration,1.5003032709420767,25
GO:0072538,T-helper 17 type immune response,GO:0002250,adaptive immune response,1.4971528893411021,47
GO:0001708,cell fate specification,GO:0045165,cell fate commitment,1.4955612583273652,110
GO:0018958,phenol-containing compound metabolic process,GO:0018958,phenol-containing compound metabolic process,1.4955612583273652,113
GO:0042402,cellular biogenic amine catabolic process,GO:0042402,cellular biogenic amine catabolic process,1.4949490664296874,19
GO:0002027,regulation of heart rate,GO:0050890,cognition,1.4949490664296874,104
GO:0034284,response to monosaccharide,GO:0019221,cytokine-mediated signaling pathway,1.4937417164111233,215
GO:0002062,chondrocyte differentiation,GO:0048729,tissue morphogenesis,1.4937417164111233,116
GO:0021543,pallium development,GO:0042063,gliogenesis,1.4937417164111233,191
GO:0035633,maintenance of blood-brain barrier,GO:0001659,temperature homeostasis,1.492332275863863,38
GO:0032689,negative regulation of type II interferon production,GO:0001819,positive regulation of cytokine production,1.492332275863863,44
GO:0051899,membrane depolarization,GO:0042391,regulation of membrane potential,1.4922831449906437,93
GO:0050777,negative regulation of immune response,GO:0002250,adaptive immune response,1.4922831449906437,194
GO:0030888,regulation of B cell proliferation,GO:0032944,regulation of mononuclear cell proliferation,1.4922831449906437,64
GO:0009914,hormone transport,GO:0042391,regulation of membrane potential,1.4875027776005185,322
GO:0030072,peptide hormone secretion,GO:0045055,regulated exocytosis,1.4875027776005185,242
GO:0019730,antimicrobial humoral response,GO:0002250,adaptive immune response,1.4872591338407004,132
GO:0035850,epithelial cell differentiation involved in kidney development,GO:0072001,renal system development,1.4827180098415187,48
GO:0008037,cell recognition,GO:0008038,neuron recognition,1.4826764419404619,155
GO:0070588,calcium ion transmembrane transport,GO:0071805,potassium ion transmembrane transport,1.4819308131977005,334
GO:0097164,ammonium ion metabolic process,GO:0097164,ammonium ion metabolic process,1.4795331835725802,23
GO:0016553,base conversion or substitution editing,GO:0018212,peptidyl-tyrosine modification,1.4795331835725802,19
GO:0003161,cardiac conduction system development,GO:0048729,tissue morphogenesis,1.4795331835725802,37
GO:0055094,response to lipoprotein particle,GO:0019221,cytokine-mediated signaling pathway,1.4795331835725802,38
GO:0006837,serotonin transport,GO:0015908,fatty acid transport,1.4795331835725802,23
GO:0042984,regulation of amyloid precursor protein biosynthetic process,GO:0042984,regulation of amyloid precursor protein biosynthetic process,1.4795331835725802,27
GO:0042983,amyloid precursor protein biosynthetic process,GO:0042984,regulation of amyloid precursor protein biosynthetic process,1.4795331835725802,27
GO:0030497,fatty acid elongation,GO:0033559,unsaturated fatty acid metabolic process,1.4795331835725802,14
GO:0007596,blood coagulation,GO:0042391,regulation of membrane potential,1.4795331835725802,226
GO:0006750,glutathione biosynthetic process,GO:0006790,sulfur compound metabolic process,1.4795331835725802,16
GO:0036037,"CD8-positive, alpha-beta T cell activation",GO:0046631,alpha-beta T cell activation,1.4795331835725802,28
GO:0006607,NLS-bearing protein import into nucleus,GO:0006607,NLS-bearing protein import into nucleus,1.4791477833750095,20
GO:0002507,tolerance induction,GO:0002250,adaptive immune response,1.4791477833750095,30
GO:0010765,positive regulation of sodium ion transport,GO:0071805,potassium ion transmembrane transport,1.4791477833750095,31
GO:1901343,negative regulation of vasculature development,GO:0048514,blood vessel morphogenesis,1.4784024627485117,157
GO:2000181,negative regulation of blood vessel morphogenesis,GO:0048514,blood vessel morphogenesis,1.4784024627485117,155
GO:0016525,negative regulation of angiogenesis,GO:0048514,blood vessel morphogenesis,1.4784024627485117,153
GO:0071772,response to BMP,GO:0071363,cellular response to growth factor stimulus,1.4784024627485117,180
GO:0071773,cellular response to BMP stimulus,GO:0071363,cellular response to growth factor stimulus,1.4784024627485117,180
GO:0070482,response to oxygen levels,GO:0036293,response to decreased oxygen levels,1.47747532249935,354
GO:1901616,organic hydroxy compound catabolic process,GO:0018958,phenol-containing compound metabolic process,1.4767809947990058,57
GO:0042886,amide transport,GO:0045055,regulated exocytosis,1.4724962255108132,312
GO:0015833,peptide transport,GO:0045055,regulated exocytosis,1.4724962255108132,271
GO:0001954,positive regulation of cell-matrix adhesion,GO:0007156,homophilic cell adhesion via plasma membrane adhesion molecules,1.4660809301408786,56
GO:0090087,regulation of peptide transport,GO:0045055,regulated exocytosis,1.4633483768368354,202
GO:0032787,monocarboxylic acid metabolic process,GO:0033559,unsaturated fatty acid metabolic process,1.461168362350213,637
GO:1902905,positive regulation of supramolecular fiber organization,GO:0010975,regulation of neuron projection development,1.4532160134333463,175
GO:0021545,cranial nerve development,GO:0042063,gliogenesis,1.450799724119093,64
GO:0060078,regulation of postsynaptic membrane potential,GO:0042391,regulation of membrane potential,1.4484962639100916,148
GO:0003170,heart valve development,GO:0048514,blood vessel morphogenesis,1.441101557205379,73
GO:0050768,negative regulation of neurogenesis,GO:0051960,regulation of nervous system development,1.441101557205379,149
GO:0060041,retina development in camera-type eye,GO:0001501,skeletal system development,1.4408928183182825,160
GO:0031295,T cell costimulation,GO:0046631,alpha-beta T cell activation,1.4279052402232157,48
GO:0002028,regulation of sodium ion transport,GO:0071805,potassium ion transmembrane transport,1.4279052402232157,84
GO:0050795,regulation of behavior,GO:0007610,behavior,1.4244040361224546,74
GO:0071825,protein-lipid complex organization,GO:0032271,regulation of protein polymerization,1.4150212181198087,53
GO:0061844,antimicrobial humoral immune response mediated by antimicrobial peptide,GO:0002250,adaptive immune response,1.4150212181198087,82
GO:0021879,forebrain neuron differentiation,GO:0042063,gliogenesis,1.4150212181198087,44
GO:0070306,lens fiber cell differentiation,GO:0090596,sensory organ morphogenesis,1.4150212181198087,37
GO:0060443,mammary gland morphogenesis,GO:0060749,mammary gland alveolus development,1.4150212181198087,44
GO:0099645,neurotransmitter receptor localization to postsynaptic specialization membrane,GO:0006607,NLS-bearing protein import into nucleus,1.4125600516571557,25
GO:0099633,protein localization to postsynaptic specialization membrane,GO:0006607,NLS-bearing protein import into nucleus,1.4125600516571557,25
GO:0001780,neutrophil homeostasis,GO:0001659,temperature homeostasis,1.4125600516571557,21
GO:0060079,excitatory postsynaptic potential,GO:0042391,regulation of membrane potential,1.4125600516571557,107
GO:0032682,negative regulation of chemokine production,GO:0001819,positive regulation of cytokine production,1.4125600516571557,31
GO:0034113,heterotypic cell-cell adhesion,GO:0007156,homophilic cell adhesion via plasma membrane adhesion molecules,1.4125600516571557,62
GO:0002686,negative regulation of leukocyte migration,GO:0050900,leukocyte migration,1.4125600516571557,55
GO:0070233,negative regulation of T cell apoptotic process,GO:0033033,negative regulation of myeloid cell apoptotic process,1.4125600516571557,24
GO:0061036,positive regulation of cartilage development,GO:0048729,tissue morphogenesis,1.4105272990251918,32
GO:0002070,epithelial cell maturation,GO:0048729,tissue morphogenesis,1.4105272990251918,25
GO:0031214,biomineral tissue development,GO:0048729,tissue morphogenesis,1.4105272990251918,180
GO:0043524,negative regulation of neuron apoptotic process,GO:0033033,negative regulation of myeloid cell apoptotic process,1.4105272990251918,162
GO:0003177,pulmonary valve development,GO:0048514,blood vessel morphogenesis,1.4105272990251918,23
GO:1904892,regulation of receptor signaling pathway via STAT,GO:0007169,transmembrane receptor protein tyrosine kinase signaling pathway,1.4105272990251918,122
GO:0010842,retina layer formation,GO:0001501,skeletal system development,1.4105272990251918,25
GO:0035767,endothelial cell chemotaxis,GO:0090132,epithelium migration,1.4105272990251918,31
GO:0051048,negative regulation of secretion,GO:0045055,regulated exocytosis,1.4083478271608634,173
GO:1990573,potassium ion import across plasma membrane,GO:0099587,inorganic ion import across plasma membrane,1.4065068820725946,46
GO:0036336,dendritic cell migration,GO:0050900,leukocyte migration,1.402527644944255,31
GO:0030279,negative regulation of ossification,GO:0045667,regulation of osteoblast differentiation,1.3991646432072966,40
GO:0071900,regulation of protein serine/threonine kinase activity,GO:0042327,positive regulation of phosphorylation,1.3991646432072966,267
GO:0010469,regulation of signaling receptor activity,GO:0043087,regulation of GTPase activity,1.3946220898941617,104
GO:0045927,positive regulation of growth,GO:0048589,developmental growth,1.3940683563965721,258
GO:0009791,post-embryonic development,GO:0009791,post-embryonic development,1.393337863421907,87
GO:0051258,protein polymerization,GO:0032271,regulation of protein polymerization,1.3928502221563417,287
GO:0060071,"Wnt signaling pathway, planar cell polarity pathway",GO:0099537,trans-synaptic signaling,1.3908895094562028,50
GO:0021795,cerebral cortex cell migration,GO:0042063,gliogenesis,1.3908895094562028,48
GO:0046578,regulation of Ras protein signal transduction,GO:0043410,positive regulation of MAPK cascade,1.3908895094562028,48
GO:0014047,glutamate secretion,GO:0015908,fatty acid transport,1.3867098457878866,28
GO:0050830,defense response to Gram-positive bacterium,GO:0009617,response to bacterium,1.385047706894233,118
GO:0061180,mammary gland epithelium development,GO:0060749,mammary gland alveolus development,1.3849302732550621,67
GO:0042130,negative regulation of T cell proliferation,GO:0046631,alpha-beta T cell activation,1.3849302732550621,73
GO:0021761,limbic system development,GO:0042063,gliogenesis,1.3838493078456948,125
GO:0046879,hormone secretion,GO:0042391,regulation of membrane potential,1.3838493078456948,311
GO:0021885,forebrain cell migration,GO:0042063,gliogenesis,1.3833066113192454,63
GO:0016358,dendrite development,GO:0097485,neuron projection guidance,1.381670787828946,235
GO:0048002,antigen processing and presentation of peptide antigen,GO:0002250,adaptive immune response,1.3811834766033404,72
GO:0043616,keratinocyte proliferation,GO:0032944,regulation of mononuclear cell proliferation,1.3811834766033404,59
GO:0072676,lymphocyte migration,GO:0050900,leukocyte migration,1.378898649112449,125
GO:0052547,regulation of peptidase activity,GO:0043087,regulation of GTPase activity,1.378898649112449,304
GO:0051208,sequestering of calcium ion,GO:0001659,temperature homeostasis,1.3784110811572212,136
GO:0030509,BMP signaling pathway,GO:0071363,cellular response to growth factor stimulus,1.3784110811572212,168
GO:0070167,regulation of biomineral tissue development,GO:0048729,tissue morphogenesis,1.375420861897954,103
GO:2000106,regulation of leukocyte apoptotic process,GO:0033033,negative regulation of myeloid cell apoptotic process,1.375420861897954,89
GO:0043065,positive regulation of apoptotic process,GO:0033033,negative regulation of myeloid cell apoptotic process,1.3738762754992737,552
GO:1901615,organic hydroxy compound metabolic process,GO:0018958,phenol-containing compound metabolic process,1.3710389201188025,566
GO:0034762,regulation of transmembrane transport,GO:0045055,regulated exocytosis,1.3710389201188025,489
GO:0006691,leukotriene metabolic process,GO:0033559,unsaturated fatty acid metabolic process,1.3710389201188025,34
GO:0030202,heparin metabolic process,GO:0006790,sulfur compound metabolic process,1.3710389201188025,17
GO:0061318,renal filtration cell differentiation,GO:0072001,renal system development,1.3710389201188025,22
GO:2001026,regulation of endothelial cell chemotaxis,GO:0090132,epithelium migration,1.3710389201188025,24
GO:0072170,metanephric tubule development,GO:0072001,renal system development,1.3710389201188025,25
GO:0072311,glomerular epithelial cell differentiation,GO:0072001,renal system development,1.3710389201188025,23
GO:0072112,podocyte differentiation,GO:0072001,renal system development,1.3710389201188025,22
GO:0072234,metanephric nephron tubule development,GO:0072001,renal system development,1.3710389201188025,22
GO:0050728,negative regulation of inflammatory response,GO:0002526,acute inflammatory response,1.3705950455449536,201
GO:0071560,cellular response to transforming growth factor beta stimulus,GO:0071363,cellular response to growth factor stimulus,1.369370049737941,302
GO:0050854,regulation of antigen receptor-mediated signaling pathway,GO:0002250,adaptive immune response,1.3691689494888977,68
GO:0048534,hematopoietic or lymphoid organ development,GO:0002250,adaptive immune response,1.3668399918770133,98
GO:0021915,neural tube development,GO:0048562,embryonic organ morphogenesis,1.3668399918770133,158
GO:0035383,thioester metabolic process,GO:0006790,sulfur compound metabolic process,1.3668399918770133,96
GO:0006637,acyl-CoA metabolic process,GO:0006790,sulfur compound metabolic process,1.3668399918770133,96
GO:0110053,regulation of actin filament organization,GO:0010975,regulation of neuron projection development,1.3668399918770133,273
GO:0042633,hair cycle,GO:0022405,hair cycle process,1.3668399918770133,118
GO:0042303,molting cycle,GO:0022405,hair cycle process,1.3668399918770133,118
GO:0007622,rhythmic behavior,GO:0007610,behavior,1.3644536735687454,44
GO:1905521,regulation of macrophage migration,GO:0050900,leukocyte migration,1.3644536735687454,44
GO:0032963,collagen metabolic process,GO:0030574,collagen catabolic process,1.3641558032263519,107
GO:0043434,response to peptide hormone,GO:0019221,cytokine-mediated signaling pathway,1.3628777840204034,438
GO:0003341,cilium movement,GO:0003341,cilium movement,1.361986289467468,209
GO:0006469,negative regulation of protein kinase activity,GO:0042327,positive regulation of phosphorylation,1.361986289467468,171
GO:0031294,lymphocyte costimulation,GO:0046631,alpha-beta T cell activation,1.3615477094853623,49
GO:0070231,T cell apoptotic process,GO:0033033,negative regulation of myeloid cell apoptotic process,1.3551399899039944,56
GO:0051209,release of sequestered calcium ion into cytosol,GO:0001659,temperature homeostasis,1.3537325942722613,129
GO:0043405,regulation of MAP kinase activity,GO:0042327,positive regulation of phosphorylation,1.3537325942722613,134
GO:0031346,positive regulation of cell projection organization,GO:0010975,regulation of neuron projection development,1.3499110986150131,360
GO:1902904,negative regulation of supramolecular fiber organization,GO:0010975,regulation of neuron projection development,1.3499110986150131,169
GO:1902476,chloride transmembrane transport,GO:0099587,inorganic ion import across plasma membrane,1.3497098112795087,109
GO:1901652,response to peptide,GO:0019221,cytokine-mediated signaling pathway,1.3468686377303989,526
GO:0050922,negative regulation of chemotaxis,GO:0030335,positive regulation of cell migration,1.3456983863085512,70
GO:0001578,microtubule bundle formation,GO:0003341,cilium movement,1.344587639895933,126
GO:0060113,inner ear receptor cell differentiation,GO:0042063,gliogenesis,1.342872277469315,65
GO:0060420,regulation of heart growth,GO:0048589,developmental growth,1.342872277469315,73
GO:0071402,cellular response to lipoprotein particle stimulus,GO:0071402,cellular response to lipoprotein particle stimulus,1.3415308815786813,41
GO:0010719,negative regulation of epithelial to mesenchymal transition,GO:0048729,tissue morphogenesis,1.3415308815786813,51
GO:1905332,positive regulation of morphogenesis of an epithelium,GO:0048729,tissue morphogenesis,1.3415308815786813,36
GO:0010518,positive regulation of phospholipase activity,GO:0043087,regulation of GTPase activity,1.3415308815786813,43
GO:0060421,positive regulation of heart growth,GO:0048589,developmental growth,1.3415308815786813,41
GO:0022898,regulation of transmembrane transporter activity,GO:0045055,regulated exocytosis,1.3394709384240164,229
GO:0003158,endothelium development,GO:0048729,tissue morphogenesis,1.3378533953019869,143
GO:0008217,regulation of blood pressure,GO:0050890,cognition,1.3378533953019869,187
GO:0009954,proximal/distal pattern formation,GO:0007389,pattern specification process,1.3371229124131394,34
GO:0051968,"positive regulation of synaptic transmission, glutamatergic",GO:0099537,trans-synaptic signaling,1.3371229124131394,36
GO:0036005,response to macrophage colony-stimulating factor,GO:0019221,cytokine-mediated signaling pathway,1.3354087982014482,17
GO:0009310,amine catabolic process,GO:0042402,cellular biogenic amine catabolic process,1.3354087982014482,21
GO:0050878,regulation of body fluid levels,GO:0042391,regulation of membrane potential,1.3354087982014482,370
GO:0006910,"phagocytosis, recognition",GO:0008038,neuron recognition,1.3354087982014482,29
GO:0042492,gamma-delta T cell differentiation,GO:0046631,alpha-beta T cell activation,1.3354087982014482,13
GO:0110011,regulation of basement membrane organization,GO:0030198,extracellular matrix organization,1.3354087982014482,11
GO:0050714,positive regulation of protein secretion,GO:0045055,regulated exocytosis,1.3354087982014482,147
GO:0046427,positive regulation of receptor signaling pathway via JAK-STAT,GO:0007169,transmembrane receptor protein tyrosine kinase signaling pathway,1.3332695769038667,49
GO:0015850,organic hydroxy compound transport,GO:0015908,fatty acid transport,1.3327655481296286,311
GO:0008360,regulation of cell shape,GO:0048754,branching morphogenesis of an epithelial tube,1.3272663061573857,140
GO:0007266,Rho protein signal transduction,GO:0043410,positive regulation of MAPK cascade,1.3272663061573857,145
GO:0051592,response to calcium ion,GO:0019221,cytokine-mediated signaling pathway,1.3270814595066622,146
GO:1901880,negative regulation of protein depolymerization,GO:0032271,regulation of protein polymerization,1.3270814595066622,71
GO:0071216,cellular response to biotic stimulus,GO:0009617,response to bacterium,1.3270814595066622,265
GO:0051283,negative regulation of sequestering of calcium ion,GO:0001659,temperature homeostasis,1.3270814595066622,130
GO:2000134,negative regulation of G1/S transition of mitotic cell cycle,GO:1902807,negative regulation of cell cycle G1/S phase transition,1.3270814595066622,85
GO:0051494,negative regulation of cytoskeleton organization,GO:0010975,regulation of neuron projection development,1.3270814595066622,165
GO:0071887,leukocyte apoptotic process,GO:0033033,negative regulation of myeloid cell apoptotic process,1.3270814595066622,116
GO:0030041,actin filament polymerization,GO:0086003,cardiac muscle cell contraction,1.3270814595066622,167
GO:0035282,segmentation,GO:0007389,pattern specification process,1.3270814595066622,103
GO:0001942,hair follicle development,GO:0022405,hair cycle process,1.3270814595066622,94
GO:0061041,regulation of wound healing,GO:0002526,acute inflammatory response,1.3234727740472756,138
GO:0008154,actin polymerization or depolymerization,GO:0086003,cardiac muscle cell contraction,1.3162229697460732,196
GO:0001885,endothelial cell development,GO:0048729,tissue morphogenesis,1.312126471057332,64
GO:0002707,negative regulation of lymphocyte mediated immunity,GO:0002250,adaptive immune response,1.312126471057332,57
GO:0051493,regulation of cytoskeleton organization,GO:0010975,regulation of neuron projection development,1.3105282230399302,523
GO:0097035,regulation of membrane lipid distribution,GO:0031338,regulation of vesicle fusion,1.3084282799082276,61
GO:0048332,mesoderm morphogenesis,GO:0048729,tissue morphogenesis,1.3061326276490255,78
GO:0098815,modulation of excitatory postsynaptic potential,GO:0050890,cognition,1.3057893021257156,49
GO:0045778,positive regulation of ossification,GO:0045667,regulation of osteoblast differentiation,1.3057893021257156,53
GO:0009100,glycoprotein metabolic process,GO:1903018,regulation of glycoprotein metabolic process,1.3016530216714632,386
