ID,Description,GeneRatio,BgRatio,RichFactor,FoldEnrichment,zScore,pvalue,p.adjust,qvalue,geneID,Count,module
GO:0007156,homophilic cell adhesion via plasma membrane adhesion molecules,30/1068,72/12061,0.4166666666666667,4.705446317103621,9.829161257170774,7.566189564196517e-14,2.379691416116001e-10,1.8176779620776433e-10,PLXNB2/ROBO1/DSG4/CDHR3/NECTIN4/NECTIN2/PCDHB9/PCDHB10/CLSTN3/PALLD/PCDHGA6/PECAM1/PCDHGA10/FAT4/PCDH10/CADM2/CELSR1/AMIGO1/ROBO2/PCDH18/PCDHB14/PCDH7/FAT3/HMCN1/DSC3/PCDHB7/PCDHB11/RET/PCDHGA1/CELSR3,30,Module 1
GO:0072001,renal system development,56/1068,218/12061,0.25688073394495414,2.9009724083427826,8.828244687881716,1.2241588490041327e-13,2.379691416116001e-10,1.8176779620776433e-10,BASP1/SMAD3/ACVR2B/PRDM1/TGFBR1/LZTS2/BCL2/HOXB7/PODXL/DLG5/SMAD6/HES1/DYNC2H1/BMP4/ADAMTS16/PROM1/CD24/SIX1/POU3F3/ERBB4/DDC/LGR4/HS3ST3A1/PECAM1/LHX1/EGR1/SPRY1/BMP2/HPGD/HOXC11/NOTCH1/WFS1/FGFR2/PAX2/NID1/PCSK5/ADAMTS1/MAGI2/SMAD1/ROBO2/SULF2/GFRA1/EPHA4/CYP26B1/RARB/ANGPT1/ITGA8/LRP4/EYA1/SOX9/COL4A3/FOXF1/PROX1/VANGL2/RET/LAMA5,56,Module 1
GO:0007389,pattern specification process,70/1068,313/12061,0.22364217252396165,2.525606968924627,8.523815289211848,1.8230999106002945e-13,2.379691416116001e-10,1.8176779620776433e-10,TP53/BASP1/MKS1/SMAD3/ACVR2B/CHSY1/TGFBR1/HOXB7/GAS8/RNF207/PCGF2/ROBO1/SMARCD3/BTG2/HOXA6/HOXA5/SMAD6/HOXC10/HES1/DYNC2H1/HOXA3/BMP4/TBX2/MEIS3/TLL2/HHEX/EGR2/CLUAP1/SIX1/ERBB4/TBX1/NR2F2/LHX1/SPRY1/BMP2/HOXC11/DNAAF4/NKX2-1/NOTCH1/ADGRG1/TULP3/DISP1/LFNG/MID1/IFT172/SIX3/FGFR2/PAX2/PCSK5/GSC/DMRT2/SOX1/PITX2/TBX3/SMAD1/ROBO2/CYP26B1/HEY2/PCSK6/LRP4/EYA1/FOXA1/DNAI1/DZIP1L/HES4/FOXF1/VANGL2/DNAI2/CFAP53/LAMA5,70,Module 1
GO:0001822,kidney development,55/1068,214/12061,0.2570093457943925,2.902424831110644,8.752081729643173,1.9905407077507331e-13,2.379691416116001e-10,1.8176779620776433e-10,BASP1/SMAD3/ACVR2B/PRDM1/TGFBR1/LZTS2/BCL2/HOXB7/PODXL/DLG5/SMAD6/HES1/DYNC2H1/BMP4/ADAMTS16/PROM1/CD24/SIX1/POU3F3/ERBB4/DDC/LGR4/HS3ST3A1/PECAM1/LHX1/EGR1/SPRY1/BMP2/HPGD/HOXC11/NOTCH1/WFS1/FGFR2/PAX2/NID1/PCSK5/ADAMTS1/MAGI2/SMAD1/ROBO2/SULF2/GFRA1/EPHA4/CYP26B1/RARB/ANGPT1/ITGA8/LRP4/EYA1/SOX9/COL4A3/PROX1/VANGL2/RET/LAMA5,55,Module 1
GO:0003002,regionalization,65/1068,285/12061,0.22807017543859648,2.575612720940929,8.390235989489167,5.295805182051666e-13,5.064908076114213e-10,3.868725048783007e-10,TP53/BASP1/MKS1/SMAD3/ACVR2B/CHSY1/TGFBR1/HOXB7/GAS8/RNF207/PCGF2/ROBO1/SMARCD3/BTG2/HOXA6/HOXA5/SMAD6/HOXC10/HES1/DYNC2H1/HOXA3/BMP4/TBX2/TLL2/HHEX/EGR2/CLUAP1/SIX1/TBX1/NR2F2/LHX1/SPRY1/BMP2/HOXC11/DNAAF4/NKX2-1/NOTCH1/ADGRG1/TULP3/DISP1/LFNG/IFT172/SIX3/FGFR2/PAX2/PCSK5/GSC/DMRT2/SOX1/PITX2/TBX3/ROBO2/CYP26B1/HEY2/PCSK6/LRP4/FOXA1/DNAI1/DZIP1L/HES4/FOXF1/VANGL2/DNAI2/CFAP53/LAMA5,65,Module 1
GO:0098742,cell-cell adhesion via plasma-membrane adhesion molecules,41/1068,135/12061,0.3037037037037037,3.4297475377999724,8.848747419955194,6.861689045477399e-13,5.468766169245487e-10,4.1772036820713294e-10,PLXNB2/ADGRL1/ROBO1/FLRT3/IL1RAP/DSG4/CDHR3/NECTIN4/NECTIN2/TENM1/PCDHB9/PCDHB10/PTPRF/ITGAL/CLSTN3/PALLD/PCDHGA6/PECAM1/BMP2/PCDHGA10/KLF4/FAT4/PCDH10/CADM2/CELSR1/AMIGO1/ROBO2/PCDH18/PCDHB14/ADGRL3/CRB1/PCDH7/FAT3/HMCN1/DSC3/PCDHB7/CBLN1/PCDHB11/RET/PCDHGA1/CELSR3,41,Module 1
GO:0048729,tissue morphogenesis,80/1068,415/12061,0.1927710843373494,2.176977573214205,7.605101407418088,1.3162494554391205e-11,8.924766017064467e-9,6.816997530038897e-9,PLXNB2/MDM2/LUZP1/MKS1/CSF1/SMAD3/TGFBR1/LZTS2/BCL2/HOXB7/PODXL/RNF207/FZD3/ARHGAP12/COL3A1/KDM5B/FOXP1/ROBO1/FLRT3/CXCL10/DLG5/HOXA5/JHY/HES1/BMP4/TBX2/BRSK2/ADAMTS16/RIPK4/RHOB/TMEFF2/DDR1/CLUAP1/SIX1/SPRY2/FZD1/ERBB4/NTN1/TBX1/LGR4/HS3ST3A1/MMP14/LHX1/PHLDB2/SPRY1/BMP2/NKX2-1/NOTCH1/TULP3/ASTN2/TWIST1/SHOX2/IFT172/SIX3/KLF4/FGFR2/PAX2/NTN4/CYP7B1/CELSR1/ALDH1A3/TBX3/SMAD1/CTHRC1/ROBO2/MYLK/EPHA4/HEY2/ITGA8/EYA1/TLX2/FOXA1/SOX9/ARTN/FOXF1/PROX1/ITGB5/VANGL2/RET/LAMA5,80,Module 1
GO:0072073,kidney epithelium development,32/1068,96/12061,0.3333333333333333,3.7643570536828963,8.475680332748938,1.4930599777606803e-11,8.924766017064467e-9,6.816997530038897e-9,BASP1/SMAD3/LZTS2/BCL2/HOXB7/PODXL/SMAD6/HES1/BMP4/ADAMTS16/PROM1/CD24/SIX1/POU3F3/LGR4/HS3ST3A1/PECAM1/LHX1/SPRY1/BMP2/NOTCH1/FGFR2/PAX2/MAGI2/SMAD1/ROBO2/EPHA4/RARB/EYA1/SOX9/RET/LAMA5,32,Module 1
GO:0001657,ureteric bud development,24/1068,63/12061,0.38095238095238093,4.302122347066167,8.19049543266695,2.260446575374142e-10,1.201050613715461e-7,9.173976159705582e-8,BASP1/SMAD3/LZTS2/BCL2/HOXB7/SMAD6/HES1/BMP4/ADAMTS16/SIX1/LGR4/HS3ST3A1/LHX1/SPRY1/BMP2/FGFR2/PAX2/SMAD1/ROBO2/RARB/EYA1/SOX9/RET/LAMA5,24,Module 1
GO:0072163,mesonephric epithelium development,24/1068,64/12061,0.375,4.234901685393258,8.087530099981242,3.316599272389452e-10,1.4418161564151239e-07,1.1013013851857801e-7,BASP1/SMAD3/LZTS2/BCL2/HOXB7/SMAD6/HES1/BMP4/ADAMTS16/SIX1/LGR4/HS3ST3A1/LHX1/SPRY1/BMP2/FGFR2/PAX2/SMAD1/ROBO2/RARB/EYA1/SOX9/RET/LAMA5,24,Module 1
GO:0072164,mesonephric tubule development,24/1068,64/12061,0.375,4.234901685393258,8.087530099981242,3.316599272389452e-10,1.4418161564151239e-07,1.1013013851857801e-7,BASP1/SMAD3/LZTS2/BCL2/HOXB7/SMAD6/HES1/BMP4/ADAMTS16/SIX1/LGR4/HS3ST3A1/LHX1/SPRY1/BMP2/FGFR2/PAX2/SMAD1/ROBO2/RARB/EYA1/SOX9/RET/LAMA5,24,Module 1
GO:0060562,epithelial tube morphogenesis,52/1068,235/12061,0.22127659574468084,2.498892342019284,7.232469332811291,3.770985038163009e-10,1.5027375377079592e-7,1.1478349195110214e-7,PLXNB2/LUZP1/MKS1/CSF1/SMAD3/LZTS2/BCL2/HOXB7/PODXL/RNF207/FZD3/KDM5B/FOXP1/CXCL10/DLG5/HOXA5/HES1/BMP4/TBX2/ADAMTS16/RHOB/DDR1/CLUAP1/SIX1/SPRY2/FZD1/NTN1/LGR4/HS3ST3A1/MMP14/LHX1/SPRY1/BMP2/NKX2-1/NOTCH1/TULP3/TWIST1/IFT172/FGFR2/PAX2/CELSR1/TBX3/CTHRC1/EPHA4/EYA1/FOXA1/SOX9/FOXF1/PROX1/VANGL2/RET/LAMA5,52,Module 1
GO:0090596,sensory organ morphogenesis,43/1068,175/12061,0.24571428571428572,2.7748689138576776,7.371716258319969,4.1060092412553717e-10,1.510379707052553e-7,1.153672232158392e-7,LRIG1/PRDM1/BCL2/ZHX2/FZD3/HOXA1/BCR/LARGE1/BMP4/TBX2/PROM1/PDZD7/SIX1/EPHB2/GATA2/SPRY2/NTN1/TBX1/PITX3/LHX1/TSKU/NOTCH1/TWIST1/IFT172/SIX3/SAMD11/FGFR2/PAX2/GSC/SOX1/PITX2/ALDH1A3/TBX3/CTHRC1/CYP26B1/RARB/ITGA8/CRB1/FAT3/EYA1/SOX9/SLC1A1/PROX1,43,Module 1
GO:0043583,ear development,37/1068,138/12061,0.26811594202898553,3.0278524127449384,7.467655612961476,4.984650163575546e-10,1.5534922556149747e-7,1.1866028587430854e-7,LRIG1/MKS1/BCL2/FZD3/HOXA1/BCR/HES1/BMP4/TBX2/CEBPA/PDZD7/DDR1/MAPKAPK2/SIX1/EPHB2/GATA2/SPRY2/NTN1/TBX1/BMP2/TSKU/NOTCH1/TWIST1/FGFR2/PAX2/GSC/ALDH1A3/TBX3/CTHRC1/EPHA4/HEY2/ITGA8/GABRB2/EYA1/SOX9/PROX1/MCOLN3,37,Module 1
GO:0048562,embryonic organ morphogenesis,46/1068,196/12061,0.23469387755102042,2.650414660246121,7.2608656906995845,5.171241631408158e-10,1.5534922556149747e-7,1.1866028587430854e-7,LRIG1/ID2/SMAD3/TGFBR1/HOXB7/RNF207/FZD3/PCGF2/HOXA1/BCR/HOXA5/HES1/HOXA3/BMP4/TBX2/NDST1/PDZD7/CLUAP1/SIX1/EPHB2/GATA2/SPRY2/NTN1/TBX1/MMP14/LHX1/HOXC11/NOTCH1/TULP3/TWIST1/SHOX2/IFT172/SIX3/FGFR2/PAX2/GSC/ALDH1A3/TBX3/CTHRC1/RARB/ITGA8/EYA1/SOX9/FOXF1/PROX1/VANGL2,46,Module 1
GO:0072006,nephron development,30/1068,97/12061,0.30927835051546393,3.4927024209428934,7.682795382707542,5.197799265963947e-10,1.5534922556149747e-7,1.1866028587430854e-7,BASP1/LZTS2/BCL2/HOXB7/PODXL/HES1/BMP4/ADAMTS16/PROM1/CD24/SIX1/POU3F3/ERBB4/LGR4/HS3ST3A1/PECAM1/LHX1/EGR1/BMP2/NOTCH1/PAX2/NID1/MAGI2/SULF2/ANGPT1/EYA1/SOX9/COL4A3/RET/LAMA5,30,Module 1
GO:0048754,branching morphogenesis of an epithelial tube,30/1068,98/12061,0.30612244897959184,3.4570626003210276,7.612203224065785,6.867005038277478e-10,1.8459720481311774e-7,1.4100074857503324e-7,MKS1/CSF1/BCL2/HOXB7/KDM5B/DLG5/HOXA5/BMP4/TBX2/ADAMTS16/DDR1/SIX1/SPRY2/LGR4/HS3ST3A1/MMP14/LHX1/SPRY1/BMP2/NKX2-1/NOTCH1/FGFR2/PAX2/CELSR1/TBX3/EYA1/FOXA1/SOX9/FOXF1/LAMA5,30,Module 1
GO:0001823,mesonephros development,24/1068,66/12061,0.36363636363636365,4.106571331290432,7.887771806559715,6.948451875023252e-10,1.8459720481311774e-7,1.4100074857503324e-7,BASP1/SMAD3/LZTS2/BCL2/HOXB7/SMAD6/HES1/BMP4/ADAMTS16/SIX1/LGR4/HS3ST3A1/LHX1/SPRY1/BMP2/FGFR2/PAX2/SMAD1/ROBO2/RARB/EYA1/SOX9/RET/LAMA5,24,Module 1
GO:0002009,morphogenesis of an epithelium,66/1068,344/12061,0.19186046511627908,2.166693885550039,6.842725122348197,1.0686679928946715e-9,2.6896686010643784e-7,2.054447609609147e-7,PLXNB2/LUZP1/MKS1/CSF1/SMAD3/LZTS2/BCL2/HOXB7/PODXL/RNF207/FZD3/ARHGAP12/KDM5B/FOXP1/FLRT3/CXCL10/DLG5/HOXA5/JHY/HES1/BMP4/TBX2/BRSK2/ADAMTS16/RIPK4/RHOB/TMEFF2/DDR1/CLUAP1/SIX1/SPRY2/FZD1/ERBB4/NTN1/LGR4/HS3ST3A1/MMP14/LHX1/PHLDB2/SPRY1/BMP2/NKX2-1/NOTCH1/TULP3/ASTN2/TWIST1/IFT172/KLF4/FGFR2/PAX2/NTN4/CYP7B1/CELSR1/ALDH1A3/TBX3/CTHRC1/EPHA4/EYA1/FOXA1/SOX9/FOXF1/PROX1/ITGB5/VANGL2/RET/LAMA5,66,Module 1
GO:0007416,synapse assembly,34/1068,124/12061,0.27419354838709675,3.0964872538359307,7.314028330939234,1.3247647411156651e-9,3.1675124960075553e-7,2.419438764037557e-7,PLXNB2/ADD2/FLRT3/IL1RAP/DLG5/LARGE1/NTRK1/PCDHB9/PCDHB10/CLSTN3/APP/SIX1/EPHB2/PLXNB1/FZD1/ERBB4/NTN1/SRGAP2/FARP1/CBLN2/PTPN13/NLGN3/AMIGO1/ROBO2/PCDHB14/ADGRL3/LRP4/GABRB2/SNCA/CBLN1/NRXN1/PCDHB11/NLGN2/SRGAP2C,34,Module 1
GO:0032835,glomerulus development,19/1068,44/12061,0.4318181818181818,4.876553455907389,8.029255002912503,1.3985505368973504e-9,3.1846993654491096e-7,2.432566598011933e-7,BASP1/BCL2/PODXL/HES1/BMP4/PROM1/CD24/LGR4/PECAM1/LHX1/EGR1/NOTCH1/PAX2/NID1/MAGI2/SULF2/ANGPT1/COL4A3/RET,19,Module 1
GO:0048839,inner ear development,33/1068,119/12061,0.2773109243697479,3.1316920026437542,7.283842886288302,1.6862227414968286e-9,3.53105961508725e-7,2.697126695360399e-7,LRIG1/MKS1/FZD3/HOXA1/BCR/HES1/BMP4/TBX2/CEBPA/PDZD7/MAPKAPK2/SIX1/EPHB2/GATA2/SPRY2/NTN1/TBX1/BMP2/TSKU/NOTCH1/FGFR2/PAX2/ALDH1A3/TBX3/CTHRC1/EPHA4/HEY2/ITGA8/GABRB2/EYA1/SOX9/PROX1/MCOLN3,33,Module 1
GO:0001501,skeletal system development,68/1068,363/12061,0.18732782369146006,2.1155064433920407,6.72621512805675,1.6983348211419229e-9,3.53105961508725e-7,2.697126695360399e-7,HEXB/ANKRD11/TP53/NFATC2/COL9A2/MKS1/SMAD3/ACVR2B/CHSY1/TGFBR1/HOXB7/RUNX1/PCGF2/HOXA1/COL3A1/FOXP1/SOX5/LARGE1/HOXA6/HOXA5/PLEKHA1/HOXC10/LOC102724560/FGFR3/HOXA3/BMP4/CBS/TRIM45/NDST1/LILRB1/RYR1/SIX1/PLXNB1/TBX1/MMP14/LHX1/BMP2/TNN/HOXC11/TSKU/TULP3/TWIST1/SHOX2/IFT172/FGFR2/PCSK5/CCN3/GSC/PDGFC/DMRT2/PITX2/PAX1/TBX3/SMAD1/SULF2/CYP26B1/RARB/BCAN/LRRK1/EYA1/PITX1/PAPSS2/SOX9/BBS1/ANXA2/NAB1/SRD5A1/LAMA5,68,Module 1
GO:0048568,embryonic organ development,61/1068,312/12061,0.1955128205128205,2.207940194948622,6.737882672510806,2.1771969085638118e-9,4.338064840313395e-7,3.313540909086153e-7,TP53/LRIG1/ID2/MKS1/SMAD3/PRDM1/TGFBR1/HOXB7/RNF207/FZD3/PCGF2/HOXA1/BCR/HOXA5/HES1/HOXA3/BMP4/TBX2/CEBPA/NDST1/CXCL8/PDZD7/CLUAP1/SIX1/EPHB2/GATA2/SPRY2/KRT8/NTN1/TBX1/NR2F2/MMP14/LHX1/HOXC11/NOTCH1/TULP3/TWIST1/SHOX2/IFT172/E2F7/SIX3/FGFR2/PAX2/PCSK5/GSC/TEAD1/TPO/PITX2/IGF2/ALDH1A3/TBX3/CTHRC1/RARB/HEY2/ITGA8/EYA1/SOX9/FOXF1/PROX1/VANGL2/JUNB,61,Module 1
GO:0048514,blood vessel morphogenesis,78/1068,444/12061,0.17567567567567569,1.983917906670716,6.584222843237444,2.32486532381695e-9,4.447002391397062e-7,3.3967505994293963e-7,TYMP/GADD45A/HSPB1/PRDM1/TGFBR1/PPARG/RUNX1/PTK2/HOXA1/COL3A1/ROBO1/IL1A/CXCL10/LRP1/HOXA5/SASH1/HES1/EGFL7/HOXA3/BMP4/TBX2/GPNMB/TNFAIP2/HHEX/RHOB/THBS1/CXCL8/THSD7A/PRKCB/SIX1/EPHB2/GATA2/MINAR1/SPRY2/CCR3/GJC1/TBX1/SPARC/NR2F2/MMP14/HMOX1/HPGD/TNN/SLC12A6/NOTCH1/ADGRG1/TWIST1/CUL7/ELK3/SPINK5/E2F7/RIN2/KLF4/PLK2/FGFR2/CCN3/CXCL13/AMOTL1/ADAMTS1/PRKD1/NDNF/RAPGEF3/SMAD1/HPSE/MYLK/HEY2/UNC5B/ANGPT1/EYA1/SYK/SLC1A1/COL4A3/FOXF1/CX3CR1/PROX1/PTPRB/JUNB/ANXA2,78,Module 1
GO:0007411,axon guidance,36/1068,140/12061,0.2571428571428571,2.9039325842696626,7.062531642932886,2.9490343306400543e-9,5.223067470044719e-7,3.9895318235169545e-7,PLEKHG4/EPHA10/SEMA4F/PTK2/FZD3/ROBO1/FLRT3/NOVA2/ARX/CDK5R2/CYFIP1/EGR2/NTRK1/APP/PALLD/EPHB2/NTN1/LHX1/NKX2-1/ARHGEF25/NOTCH1/UNC5C/SEMA6C/ENAH/CNTN1/NTN4/ROBO2/EPHA4/UNC5B/SEMA3B/ARTN/FEZ1/NRXN1/VANGL2/RET/CELSR3,36,Module 1
GO:0097485,neuron projection guidance,36/1068,140/12061,0.2571428571428571,2.9039325842696626,7.062531642932886,2.9490343306400543e-9,5.223067470044719e-7,3.9895318235169545e-7,PLEKHG4/EPHA10/SEMA4F/PTK2/FZD3/ROBO1/FLRT3/NOVA2/ARX/CDK5R2/CYFIP1/EGR2/NTRK1/APP/PALLD/EPHB2/NTN1/LHX1/NKX2-1/ARHGEF25/NOTCH1/UNC5C/SEMA6C/ENAH/CNTN1/NTN4/ROBO2/EPHA4/UNC5B/SEMA3B/ARTN/FEZ1/NRXN1/VANGL2/RET/CELSR3,36,Module 1
GO:0001763,morphogenesis of a branching structure,34/1068,128/12061,0.265625,2.999722027153558,7.089260926013316,3.2712696692584102e-9,5.48878339173744e-7,4.1924934225558393e-7,MKS1/CSF1/PRDM1/BCL2/HOXB7/KDM5B/DLG5/HOXA5/BMP4/TBX2/ADAMTS16/DDR1/SIX1/SPRY2/LGR4/HS3ST3A1/MMP14/LHX1/SPRY1/BMP2/NKX2-1/NOTCH1/SHOX2/FGFR2/PAX2/NTN4/CELSR1/TBX3/EYA1/FOXA1/SOX9/FOXF1/PROX1/LAMA5,34,Module 1
GO:0045165,cell fate commitment,41/1068,173/12061,0.23699421965317918,2.6763925873005565,6.922222448487419,3.328622299464361e-9,5.48878339173744e-7,4.1924934225558393e-7,TP53/ID2/PRDM1/TGFBR1/BCL2/PPARG/LATS2/SOX5/GAS1/HOXC10/HES1/BMP4/TBX2/ARX/ONECUT1/SIX1/GATA2/SPRY2/ERBB4/TBX1/NR2F2/BMP2/NKX2-1/NOTCH1/KLF4/FGFR2/PAX2/GSC/SOX1/OLIG1/TBX3/SMAD1/CTSL/CYP26B1/HEY2/EYA1/FOXA1/PITX1/SOX9/MYT1L/PROX1,41,Module 1
GO:0034329,cell junction assembly,57/1068,286/12061,0.1993006993006993,2.250716979649564,6.672103440954443,3.5526774896771406e-9,5.662967918545363e-7,4.3255406628700634e-7,PLXNB2/ACTN1/DUSP22/SMAD3/CTNNA1/BCL2/PTK2/ADD2/ILDR1/BCR/F11R/FLRT3/POF1B/PARD3/IL1RAP/DLG5/LARGE1/CDHR3/SORBS1/THBS1/NTRK1/PCDHB9/PCDHB10/CLSTN3/APP/SIX1/EPHB2/PLXNB1/LAMC1/FZD1/GJC1/ERBB4/NTN1/PECAM1/MMP14/PHLDB2/SRGAP2/THSD1/FARP1/CBLN2/PTPN13/ACTN2/MICALL2/GJD3/NLGN3/AMIGO1/ROBO2/PCDHB14/ADGRL3/LRP4/GABRB2/SNCA/CBLN1/NRXN1/PCDHB11/NLGN2/SRGAP2C,57,Module 1
GO:0061564,axon development,67/1068,362/12061,0.1850828729281768,2.0901540546692323,6.5640057900128275,3.75575047992729e-9,5.793547998391065e-7,4.425281550202954e-7,PLXNB2/PLEKHG4/CTNNA1/TRPV2/EPHA10/BCL2/SEMA4F/PTK2/FZD3/ROBO1/FLRT3/RTN4RL2/PARD3/CAMSAP2/MAPT/CNR1/NOVA2/ARX/CDK5R2/BRSK2/CYFIP1/NCAM2/EGR2/NTRK1/DDR1/PTPRF/APP/PALLD/EPHB2/PLXNB1/NTN1/LHX1/TNFRSF21/TNN/NKX2-1/ARHGEF25/TSKU/NOTCH1/TRIM32/SHOX2/UCHL1/UNC5C/ADCY1/KLF4/FGFR2/PAX2/SEMA6C/ENAH/CNTN1/OLIG1/NLGN3/NTN4/AMIGO1/ROBO2/EPHA4/UNC5B/SEMA3B/LRP4/MAP2/ARTN/FEZ1/CSPG5/LPAR3/NRXN1/VANGL2/RET/CELSR3,67,Module 1
GO:0007423,sensory organ development,66/1068,355/12061,0.18591549295774648,2.0995568919132777,6.554337308727658,4.081882354362315e-9,6.099862943300185e-7,4.6592538715911957e-7,LRIG1/MKS1/SMAD3/ACVR2B/PRDM1/TGFBR1/BCL2/ZHX2/FZD3/HOXA1/BCR/KDM5B/SMARCD3/PLAAT3/LARGE1/HES1/BMP4/TBX2/MEIS3/CEBPA/PROM1/PDZD7/DDR1/MAPKAPK2/SIX1/EPHB2/GATA2/SPRY2/NTN1/TBX1/PITX3/LHX1/SPRY1/BMP2/TSKU/NOTCH1/TULP3/TWIST1/IFT172/SIX3/SAMD11/KLF4/FGFR2/PAX2/GSC/SOX1/OLIG1/PITX2/ALDH1A3/TBX3/CTHRC1/EPHA4/CYP26B1/RARB/HEY2/ITGA8/CRB1/GABRB2/FAT3/EYA1/SOX9/SLC1A1/PROX1/MTNR1B/MCOLN3/RET,66,Module 1
GO:0061138,morphogenesis of a branching epithelium,32/1068,117/12061,0.27350427350427353,3.0887032235346843,7.07613217951384,4.326891803206967e-9,6.270059576647186e-7,4.789255042146149e-7,MKS1/CSF1/BCL2/HOXB7/KDM5B/DLG5/HOXA5/BMP4/TBX2/ADAMTS16/DDR1/SIX1/SPRY2/LGR4/HS3ST3A1/MMP14/LHX1/SPRY1/BMP2/NKX2-1/NOTCH1/FGFR2/PAX2/NTN4/CELSR1/TBX3/EYA1/FOXA1/SOX9/FOXF1/PROX1/LAMA5,32,Module 1
GO:0051960,regulation of nervous system development,61/1068,323/12061,0.18885448916408668,2.1327471852135296,6.431886417894561,8.686367649005876e-9,1.2217120616925323e-6,9.331794347384023e-7,TP53/PLXNB2/TYMP/ID2/CTNNA1/TRPV2/SEMA4F/FZD3/ROBO1/SMARCD3/BTG2/FLRT3/PARD3/IL1RAP/DLG5/MAPT/WASF3/HES1/CLCF1/CYFIP1/TTBK1/EGR2/TPPP/NTRK1/HLTF/CLSTN3/EPHB2/GATA2/PLXNB1/NTN1/ZNF365/PRTG/PITX3/TNFRSF21/BMP2/NOTCH1/TRIM32/CUL7/IL6ST/SHOX2/CBLN2/PTPN13/SEMA6C/NLGN3/AMIGO1/ROBO2/EPHA4/RARB/HEY2/SEMA3B/LRP4/BCAN/MAP2/TLX2/LPAR3/CX3CR1/PROX1/CBLN1/NRXN1/NLGN2/ANXA2,61,Module 1
GO:0071363,cellular response to growth factor stimulus,81/1068,491/12061,0.164969450101833,1.863011739399071,6.085439319363606,2.205837522374738e-8,3.0138042948559996e-6,2.302031940643712e-6,TP53/HSPB1/CPNE3/MDM2/DUSP22/SMAD3/ACVR2B/DSTYK/TGFBR1/PPARG/PTK2/LATS2/LTBP1/COL3A1/KDM5B/ROBO1/FLRT3/TGIF1/NEDD4/SOX5/DOCK3/MAPT/GAS1/SMAD6/DSG4/HES1/FGFR3/BMP4/TBX2/HHEX/CYFIP1/ONECUT1/THBS1/NDST1/CXCL8/NTRK1/PXN/MAPKAPK2/PRKCB/SPRY2/FZD1/ERBB4/TBX1/FOS/PITX3/LHX1/EGR1/SPRY1/STMN2/BMP2/SMAD9/HPGD/NKX2-1/NOTCH1/TWIST1/PDE3A/FSTL5/KLF4/FGFR2/PAX2/OPRD1/CXCL13/MAGI2/GAS6/PRKD1/NDNF/ZNF423/SMAD1/SULF2/GFRA1/PCSK6/ITGA8/TLR4/SOX9/FEZ1/MSTN/FSTL1/CX3CR1/CRIM1/ITGB5/SRD5A1,81,Module 1
GO:0072009,nephron epithelium development,23/1068,73/12061,0.3150684931506849,3.5580909137550663,6.832902194132409,3.666564908064121e-8,4.870420386211841e-6,3.720169658182018e-6,BASP1/LZTS2/BCL2/HOXB7/PODXL/HES1/BMP4/ADAMTS16/PROM1/CD24/SIX1/POU3F3/LGR4/HS3ST3A1/PECAM1/LHX1/BMP2/NOTCH1/PAX2/MAGI2/EYA1/SOX9/LAMA5,23,Module 1
GO:0048598,embryonic morphogenesis,72/1068,425/12061,0.16941176470588235,1.9131791143423662,5.973787159352244,4.6094753185946775e-8,5.957435398248581e-6,4.550463543534433e-6,TP53/PLXNB2/LRIG1/ID2/LUZP1/MKS1/SMAD3/ACVR2B/TGFBR1/HOXB7/RNF207/LATS2/FZD3/PCGF2/HOXA1/BCR/FLRT3/HOXA5/HOXC10/HES1/DYNC2H1/HOXA3/BMP4/TBX2/NDST1/MMP15/PDZD7/CLUAP1/SIX1/EPHB2/GATA2/SPRY2/FZD1/NTN1/TBX1/MMP14/LHX1/PHLDB2/SP9/HOXC11/NOTCH1/TULP3/TWIST1/SHOX2/IFT172/SIX3/KLF4/FGFR2/PAX2/AFF3/GSC/IGF2/CELSR1/ALDH1A3/TBX3/SMAD1/CTHRC1/CYP26B1/RARB/ITGA8/LRP4/PLPP3/EYA1/TLX2/PITX1/SOX9/FOXF1/PROX1/ITGB5/VANGL2/RET/LAMA5,72,Module 1
GO:0060840,artery development,24/1068,80/12061,0.3,3.3879213483146065,6.679126115110594,5.37630203575149e-8,6.7656516670956906e-6,5.1678027878276096e-6,LUZP1/ACVR2B/PRDM1/TGFBR1/HOXA1/COL3A1/ROBO1/LRP1/SMAD6/HES1/BMP4/TBX2/EGR2/NDST1/SIX1/TBX1/HPGD/NOTCH1/ROBO2/MYLK/HEY2/EYA1/FOXF1/PROX1,24,Module 1
GO:0042472,inner ear morphogenesis,21/1068,64/12061,0.328125,3.705538974719101,6.76407817693943,6.498769081794585e-8,7.96849070490813e-6,6.086566454474282e-6,LRIG1/FZD3/HOXA1/BCR/TBX2/PDZD7/SIX1/EPHB2/GATA2/SPRY2/NTN1/TBX1/FGFR2/PAX2/ALDH1A3/TBX3/CTHRC1/ITGA8/EYA1/SOX9/PROX1,21,Module 1
GO:0050808,synapse organization,59/1068,326/12061,0.18098159509202455,2.0438380322143335,5.955271087967214,7.480497395581712e-8,8.942934636417936e-6,6.830875253333827e-6,PLXNB2/ACTN1/ADGRL1/PFN2/ADD2/F2R/FLRT3/TANC2/IL1RAP/NEDD4/DLG5/LARGE1/PICK1/MAPT/WASF3/CTNND2/CYFIP1/RHOB/C1QL1/NTRK1/CACNB4/PCDHB9/RAPSN/PCDHB10/PTPRF/PRNP/CLSTN3/APP/SIX1/EPHB2/PLXNB1/FZD1/ERBB4/NTN1/ZNF365/TANC1/SRGAP2/FARP1/CBLN2/PTPN13/CTBP2/NLGN3/AMIGO1/ROBO2/EPHA4/PCDHB14/ADGRL3/LRP4/BCAN/GABRB2/SNCA/SLC1A1/CX3CR1/CBLN1/NRXN1/PCDHB11/NLGN2/SRGAP2C/LAMA5,59,Module 1
GO:0007610,behavior,69/1068,408/12061,0.16911764705882354,1.9098576228244108,5.827547371660598,9.49296508932386e-8,1.1072038794426025e-5,8.457147332465673e-6,HEXB/TP53/ATXN1/ID2/BCL2/ACSS2/HOXA1/BTG2/CAMK2N1/ZNF385A/LARGE1/GPR157/HRH1/MAPT/CNR1/TMOD2/FOXO6/TTBK1/THBS1/EGR2/C1QL1/NTRK1/CACNB4/PLCB1/PRNP/APP/ASL/EPHB2/TANC1/TBX1/FOS/PITX3/CIART/EGR1/DNAAF4/NKX2-1/GM2A/ABL2/NCSTN/WFS1/UCHL1/CPEB3/ADCY1/PLK2/OPRD1/CNTN1/DMBX1/C3orf70/NLGN3/RAPGEF3/SGIP1/ALDH1A3/GPR37/EPHA4/FOSL1/ITGA8/NETO1/SNCA/HTR2C/SLC1A1/BBS1/CX3CR1/MTNR1B/MCOLN3/ADCY5/NRXN1/NLGN2/SLC6A4/MAN2B1,69,Module 1
GO:0060441,epithelial tube branching involved in lung morphogenesis,12/1068,23/12061,0.5217391304347826,5.892037127503664,7.319436698465207,1.1766992339122017e-7,1.3397561277543212e-5,1.023344947788306e-5,DLG5/HOXA5/BMP4/TBX2/SPRY2/SPRY1/NKX2-1/FGFR2/CELSR1/FOXA1/SOX9/FOXF1,12,Module 1
GO:0030198,extracellular matrix organization,40/1068,188/12061,0.2127659574468085,2.4027810980954656,6.042125786749006,1.2625011409095654e-7,1.4040187106580329e-5,1.0724305897077584e-5,COL9A2/SMAD3/TGFBR1/PPARG/P3H4/RUNX1/COL3A1/LRP1/LARGE1/TLL2/ADAMTS16/MMP15/DDR1/APP/BCL3/LAMC1/HAS3/CST3/MMP14/PHLDB2/BMP2/ZNF469/NOTCH1/SPINK5/WASHC1/NID1/ADAMTS1/PRDM5/GAS6/NDNF/NTN4/FBLN1/SULF2/ITGA8/ABI3BP/HMCN1/SOX9/COL4A3/FOXF1/ANXA2,40,Module 1
GO:0043062,extracellular structure organization,40/1068,189/12061,0.21164021164021163,2.390067970592315,6.003522753923967,1.467782597329374e-7,1.559763640095348e-5,1.1913931257854803e-5,COL9A2/SMAD3/TGFBR1/PPARG/P3H4/RUNX1/COL3A1/LRP1/LARGE1/TLL2/ADAMTS16/MMP15/DDR1/APP/BCL3/LAMC1/HAS3/CST3/MMP14/PHLDB2/BMP2/ZNF469/NOTCH1/SPINK5/WASHC1/NID1/ADAMTS1/PRDM5/GAS6/NDNF/NTN4/FBLN1/SULF2/ITGA8/ABI3BP/HMCN1/SOX9/COL4A3/FOXF1/ANXA2,40,Module 1
GO:0045229,external encapsulating structure organization,40/1068,189/12061,0.21164021164021163,2.390067970592315,6.003522753923967,1.467782597329374e-7,1.559763640095348e-5,1.1913931257854803e-5,COL9A2/SMAD3/TGFBR1/PPARG/P3H4/RUNX1/COL3A1/LRP1/LARGE1/TLL2/ADAMTS16/MMP15/DDR1/APP/BCL3/LAMC1/HAS3/CST3/MMP14/PHLDB2/BMP2/ZNF469/NOTCH1/SPINK5/WASHC1/NID1/ADAMTS1/PRDM5/GAS6/NDNF/NTN4/FBLN1/SULF2/ITGA8/ABI3BP/HMCN1/SOX9/COL4A3/FOXF1/ANXA2,40,Module 1
GO:0001656,metanephros development,18/1068,51/12061,0.35294117647058826,3.985789821546596,6.659996237514679,1.6085953685756796e-7,1.6722397940280215e-5,1.2773057045669586e-5,BASP1/BCL2/DLG5/HES1/BMP4/SIX1/POU3F3/LGR4/LHX1/EGR1/SPRY1/HOXC11/PAX2/ROBO2/ITGA8/EYA1/SOX9/RET,18,Module 1
GO:0042471,ear morphogenesis,23/1068,79/12061,0.2911392405063291,3.2878561608116437,6.358852787679335,1.870041193388467e-7,1.902667443996521e-5,1.4533130887027953e-5,LRIG1/FZD3/HOXA1/BCR/TBX2/PDZD7/SIX1/EPHB2/GATA2/SPRY2/NTN1/TBX1/TWIST1/FGFR2/PAX2/GSC/ALDH1A3/TBX3/CTHRC1/ITGA8/EYA1/SOX9/PROX1,23,Module 1
GO:0048706,embryonic skeletal system development,25/1068,91/12061,0.27472527472527475,3.1024920772111786,6.274933897384222,1.926647410669034e-7,1.9194224828790252e-5,1.4661110778556029e-5,MKS1/SMAD3/TGFBR1/HOXB7/PCGF2/HOXA1/HOXA6/HOXA5/HOXA3/BMP4/NDST1/SIX1/TBX1/MMP14/LHX1/HOXC11/TULP3/TWIST1/SHOX2/FGFR2/PCSK5/GSC/DMRT2/SULF2/EYA1,25,Module 1
GO:0048705,skeletal system morphogenesis,35/1068,156/12061,0.22435897435897437,2.533701863055796,6.009518973731587,1.989886137572655e-7,1.941966430586211e-5,1.4833308050219363e-5,ANKRD11/SMAD3/ACVR2B/CHSY1/TGFBR1/HOXB7/PCGF2/HOXA1/COL3A1/SOX5/HOXA5/PLEKHA1/LOC102724560/FGFR3/HOXA3/BMP4/CBS/NDST1/SIX1/TBX1/MMP14/LHX1/HOXC11/TSKU/TULP3/TWIST1/SHOX2/FGFR2/GSC/CYP26B1/RARB/EYA1/SOX9/NAB1/LAMA5,35,Module 1
GO:0042063,gliogenesis,47/1068,243/12061,0.1934156378600823,2.1842565620135326,5.812702690016866,2.1665496216028259e-7,2.0720880581009428e-5,1.5827215130445907e-5,HEXB/TP53/ID2/CSF1/COL3A1/LRP1/PARD3/LARGE1/PICK1/GPR157/MAPT/WASF3/HES1/CDK5R2/CLCF1/TTBK1/EGR2/TPPP/APP/NTN1/ZNF365/MMP14/PITX3/TNFRSF21/BMP2/NKX2-1/NOTCH1/SRGAP2/NCSTN/ADGRG1/IL6ST/POU3F1/PAX2/CNTN1/SOX1/OLIG1/EPHA4/BCAN/CRB1/PLPP3/TLR4/SOX9/CSPG5/CX3CR1/PTPRB/NAB1/SRGAP2C,47,Module 1
GO:0060348,bone development,34/1068,150/12061,0.22666666666666666,2.559762796504369,5.991440362438233,2.289648356382217e-7,2.146882047101914e-5,1.639851351216985e-5,TP53/CHSY1/COL3A1/FOXP1/LARGE1/LOC102724560/FGFR3/BMP4/CBS/TRIM45/LILRB1/RYR1/PLXNB1/MMP14/BMP2/TNN/TSKU/TULP3/TWIST1/SHOX2/IFT172/FGFR2/PDGFC/PITX2/SMAD1/SULF2/CYP26B1/RARB/LRRK1/PAPSS2/SOX9/ANXA2/NAB1/SRD5A1,34,Module 1
GO:0099537,trans-synaptic signaling,74/1068,459/12061,0.16122004357298475,1.8206694246570871,5.587394447244018,2.359925405285108e-7,2.1702237092448823e-5,1.6576803960201064e-5,SLC1A4/NQO1/PFN2/SNPH/BCR/F2R/IL1RAP/LARGE1/PICK1/HRH1/GRIN2C/MAPT/CNR1/TMOD2/TSHZ3/CDHR3/ADRB2/CYFIP1/SLC12A7/CHRM2/SLC6A9/EGR2/NTRK1/SYT7/CACNB4/PCDHB9/PLCB1/RAPSN/PCDHB10/PRNP/CLSTN3/APP/PRKCB/EPHB2/CD38/GJC1/HRH4/PLAT/SV2A/FABP5/SLC12A6/NCSTN/SQSTM1/CACNA1A/FARP1/CBLN2/CPEB3/ADCY1/PLK2/DOC2B/CTBP2/NLGN3/HTR7/EPHA4/PCDHB14/SYT8/NETO1/GABRB2/AKAP12/SNCA/CHRNB3/HTR2C/SYN3/DLGAP1/SLC1A1/CSPG5/LPAR3/CX3CR1/MTNR1B/CBLN1/NRXN1/PCDHB11/NLGN2/SLC6A4,74,Module 1
GO:0050890,cognition,42/1068,208/12061,0.20192307692307693,2.280331676750216,5.80552075564832,2.8354520588657524e-7,2.558326744433213e-5,1.9541248548687513e-5,SLC1A4/ATXN1/CBR3/ACSS2/HOXA1/BTG2/CAMK2N1/ZNF385A/LARGE1/HRH1/MAPT/CNR1/TMOD2/CYFIP1/FOXO6/TTBK1/EGR2/C1QL1/NTRK1/PLCB1/PRNP/APP/EPHB2/TANC1/FOS/DNAAF4/GM2A/NCSTN/CPEB3/ADCY1/PLK2/TUSC3/NLGN3/RAPGEF3/FOSL1/ITGA8/NETO1/SLC1A1/CX3CR1/NRXN1/SLC6A4/MAN2B1,42,Module 1
GO:0048667,cell morphogenesis involved in neuron differentiation,69/1068,421/12061,0.16389548693586697,1.8508833969414715,5.53905622441358,3.2484927020780524e-7,2.8767207595068974e-5,2.197323523627845e-5,PLXNB2/PLEKHG4/TRPV2/EPHA10/BCL2/SEMA4F/PTK2/FZD3/ROBO1/FLRT3/PARD3/TANC2/NEDD4/MAPT/NOVA2/HES1/CTNND2/ARX/CDK5R2/KNDC1/BRSK2/CYFIP1/EGR2/NTRK1/PDZD7/APP/PALLD/EPHB2/PLXNB1/NTN1/ZNF365/LHX1/TNN/NKX2-1/ARHGEF25/TSKU/NOTCH1/CUL7/SHOX2/FARP1/UCHL1/UNC5C/ADCY1/FGFR2/PAX2/SEMA6C/ENAH/CNTN1/HECW2/NLGN3/NTN4/AMIGO1/ROBO2/EPHA4/UNC5B/SEMA3B/LRP4/MAP2/FAT3/TLX2/BTBD3/ARTN/FEZ1/BBS1/LPAR3/NRXN1/VANGL2/RET/CELSR3,69,Module 1
GO:0060485,mesenchyme development,43/1068,217/12061,0.19815668202764977,2.237797511175547,5.73497381018812,3.5452615100488066e-7,3.082443734736981e-5,2.3544607540419825e-5,MDM2/BASP1/SMAD3/TGFBR1/BCL2/SEMA4F/PTK2/NRTN/ROBO1/DLG5/HOXA5/HES1/BMP4/TBX2/DACT3/SIX1/SPRY2/ERBB4/TBX1/PHLDB2/SPRY1/BMP2/NKX2-1/NOTCH1/USF3/TWIST1/CUL7/FGFR2/PAX2/SEMA6C/GSC/PITX2/TBX3/ROBO2/EPHA4/HEY2/SEMA3B/FOXA1/SOX9/FOXF1/RET/FBXL17/LAMA5,43,Module 1
GO:0048565,digestive tract development,22/1068,76/12061,0.2894736842105263,3.26904691504041,6.18489624803289,3.8462723269777345e-7,3.284441833501344e-5,2.508752814776831e-5,ID2/SMAD3/ACVR2B/PRDM1/BCL2/CDKN1A/COL3A1/HOXA5/HES1/CXCL8/LGR4/NOTCH1/IL6ST/SHOX2/IFT172/FGFR2/PCSK5/PDGFC/RARB/SOX9/FOXF1/RET,22,Module 1
GO:0055123,digestive system development,23/1068,82/12061,0.2804878048780488,3.167568740294145,6.138619140236396,3.932801443203471e-7,3.29941342129807e-5,2.5201885517850498e-5,ID2/SMAD3/ACVR2B/PRDM1/BCL2/CDKN1A/COL3A1/HOXA5/HES1/CXCL8/LGR4/NOTCH1/IL6ST/SHOX2/IFT172/FGFR2/PCSK5/PDGFC/IGF2/RARB/SOX9/FOXF1/RET,23,Module 1
GO:2000027,regulation of animal organ morphogenesis,18/1068,54/12061,0.3333333333333333,3.7643570536828963,6.345632665049975,4.3230508242480707e-7,3.5642808692334955e-5,2.722502061731544e-5,CSF1/HOXB7/ROBO1/JHY/BMP4/PRKCB/SIX1/FZD1/TBX1/LGR4/LHX1/SPRY1/BMP2/HOXC11/PAX2/NTN4/ROBO2/SOX9,18,Module 1
GO:0030855,epithelial cell differentiation,73/1068,458/12061,0.15938864628820962,1.7999873247959701,5.440412942581846,4.4934588977780923e-7,3.641986516809294e-5,2.7818559099536095e-5,CTSB/BASP1/ID2/SMAD3/ACVR2B/PRDM1/PPARG/PODXL/CDKN1A/LATS2/BCR/KDM5B/CBR1/F11R/IL1A/POF1B/PLAAT3/TXNIP/DLG5/HOXA5/DSG4/HES1/BMP4/ARX/CEBPA/PROM1/ONECUT1/NTRK1/CD24/PLCB1/PDZD7/PALLD/SIX1/GATA2/SPRY2/FZD1/ERBB4/TBX1/NR2F2/PECAM1/PITX3/IL31RA/LHX1/SPRY1/BMP2/NKX2-1/NOTCH1/MACROH2A2/IL6ST/SPINK5/E2F7/POU3F1/SIX3/KLF4/FGFR2/PAX2/MAGI2/PITX2/RAPGEF3/TBX3/HPSE/CYP26B1/RARB/HEY2/DMRT1/FOXA1/SOX9/TCHH/FSTL1/FOXF1/PROX1/MCOLN3/EHF,73,Module 1
GO:0072189,ureter development,8/1068,11/12061,0.7272727272727273,8.213142662580864,7.459822727868758,4.771341706806872e-7,3.802759340325077e-5,2.9046588987052367e-5,LZTS2/BMP4/SIX1/LHX1/PAX2/SOX9/FOXF1/RET,8,Module 1
GO:0042692,muscle cell differentiation,51/1068,282/12061,0.18085106382978725,2.042363933381146,5.520658530818863,5.887069670200386e-7,4.615076584081679e-5,3.52513058767823e-5,NFATC2/ACTN1/SELENON/MDM2/ID2/BCL2/FOXP1/SMARCD3/PTGFRN/CXCL10/LARGE1/TMOD2/HES1/BMP4/TBX2/CACNB4/RYR1/SIX1/LAMC1/KRT8/MYMX/TANC1/TBX1/MMP14/BMP2/TNNT1/NOTCH1/TRIM32/HDAC4/BCL9/SHOX2/UCHL1/FGFR2/NID1/ACTN2/CCN3/KCNH1/PRKD1/CASQ1/IGF2/TBX3/SMAD1/CYP26B1/RARB/HEY2/ITGA8/SOX9/CXCL9/SLC8A1/FOXF1/PROX1,51,Module 1
GO:0048593,camera-type eye morphogenesis,24/1068,90/12061,0.26666666666666666,3.011485642946317,5.969997409868911,6.145591840442973e-7,4.6782955313839625e-5,3.573419070175956e-5,PRDM1/ZHX2/LARGE1/BMP4/TBX2/PROM1/EPHB2/PITX3/LHX1/TSKU/NOTCH1/TWIST1/IFT172/SIX3/SAMD11/PAX2/SOX1/PITX2/ALDH1A3/CRB1/FAT3/SOX9/SLC1A1/PROX1,24,Module 1
GO:0043410,positive regulation of MAPK cascade,54/1068,306/12061,0.17647058823529413,1.992894910773298,5.483449490660674,6.167012505788582e-7,4.6782955313839625e-5,3.573419070175956e-5,LAPTM5/GADD45A/DUSP22/DSTYK/TNFRSF11A/ROBO1/F2R/IL1A/SASH1/RELL1/TLR6/FGFR3/AVPI1/BMP4/GPNMB/ADRB2/THBS1/NEK10/NDST1/MAPK8IP1/NTRK1/TENM1/CD24/PLCB1/SH3RF1/CCL1/APP/PYCARD/SPRY2/ERBB4/SH3RF3/TBX1/BMP2/BANK1/MAP4K1/NOTCH1/MID1/LPAR2/FGFR2/PDGFC/FFAR4/GAS6/IGF2/GPR37/ADRA2C/ANGPT1/EDA2R/AKAP12/TLR4/SYK/HTR2C/LPAR3/RET/MAPKBP1,54,Module 1
GO:0003206,cardiac chamber morphogenesis,23/1068,84/12061,0.27380952380952384,3.092150436953808,5.9973541337840635,6.30504987213039e-7,4.6782955313839625e-5,3.573419070175956e-5,TP53/MDM2/MKS1/TGFBR1/ROBO1/SMARCD3/SMAD6/HES1/BMP4/TBX2/FZD1/TBX1/BMP2/NOTCH1/SHOX2/FGFR2/ADAMTS1/TBX3/ROBO2/HEY2/CPE/FOXF1/PROX1,23,Module 1
GO:0099536,synaptic signaling,75/1068,479/12061,0.15657620041753653,1.7682261734418616,5.347690226944193,6.359038258886607e-7,4.6782955313839625e-5,3.573419070175956e-5,SLC1A4/NQO1/PFN2/SNPH/BCR/F2R/IL1RAP/LARGE1/PICK1/HRH1/GRIN2C/MAPT/CNR1/TMOD2/DTNB/TSHZ3/CDHR3/ADRB2/CYFIP1/SLC12A7/CHRM2/SLC6A9/EGR2/NTRK1/SYT7/CACNB4/PCDHB9/PLCB1/RAPSN/PCDHB10/PRNP/CLSTN3/APP/PRKCB/EPHB2/CD38/GJC1/HRH4/PLAT/SV2A/FABP5/SLC12A6/NCSTN/SQSTM1/CACNA1A/FARP1/CBLN2/CPEB3/ADCY1/PLK2/DOC2B/CTBP2/NLGN3/HTR7/EPHA4/PCDHB14/SYT8/NETO1/GABRB2/AKAP12/SNCA/CHRNB3/HTR2C/SYN3/DLGAP1/SLC1A1/CSPG5/LPAR3/CX3CR1/MTNR1B/CBLN1/NRXN1/PCDHB11/NLGN2/SLC6A4,75,Module 1
GO:0030900,forebrain development,51/1068,283/12061,0.18021201413427562,2.035147099694287,5.492381285459379,6.581181619463945e-7,4.768365227920694e-5,3.642216940915453e-5,ID2/TYRO3/COL3A1/FOXP1/ROBO1/BTG2/LARGE1/HES1/DYNC2H1/BMP4/ARX/CDK5R2/NDST1/PLCB1/APP/CCDC85C/EPHB2/GATA2/POU3F3/ERBB4/NR2F2/LHX1/BMP2/DCLK2/NKX2-1/TSKU/NOTCH1/SRGAP2/ADGRG1/SLC2A1/POU3F1/SIX3/FGFR2/GSC/SOX1/FAT4/PITX2/NDNF/ALDH1A3/TBX3/ROBO2/RARB/BCAN/PITX1/BTBD3/FEZ1/BBS1/PROX1/TAL2/SRD5A1/SRGAP2C,51,Module 1
GO:0007611,learning or memory,37/1068,178/12061,0.20786516853932585,2.347436140217986,5.64490074983185,6.844011344431264e-7,4.8847854103090006e-5,3.731142084081145e-5,ATXN1/ACSS2/BTG2/CAMK2N1/ZNF385A/LARGE1/HRH1/MAPT/CNR1/TMOD2/FOXO6/TTBK1/EGR2/C1QL1/NTRK1/PLCB1/PRNP/APP/EPHB2/TANC1/FOS/DNAAF4/GM2A/NCSTN/CPEB3/ADCY1/PLK2/NLGN3/RAPGEF3/FOSL1/ITGA8/NETO1/SLC1A1/CX3CR1/NRXN1/SLC6A4/MAN2B1,37,Module 1
GO:0048663,neuron fate commitment,15/1068,40/12061,0.375,4.234901685393258,6.3873681669586295,7.052437337573796e-7,4.959522845334984e-5,3.788228724671993e-5,ID2/TGFBR1/HOXC10/BMP4/SIX1/GATA2/NKX2-1/NOTCH1/SOX1/OLIG1/EYA1/FOXA1/SOX9/MYT1L/PROX1,15,Module 1
GO:0048704,embryonic skeletal system morphogenesis,20/1068,67/12061,0.29850746268656714,3.371066018223489,6.06596907205425,7.521819891681763e-7,5.2129482205829264e-5,3.981802444566853e-5,SMAD3/TGFBR1/HOXB7/PCGF2/HOXA1/HOXA5/HOXA3/BMP4/NDST1/SIX1/TBX1/MMP14/LHX1/HOXC11/TULP3/TWIST1/SHOX2/FGFR2/GSC/EYA1,20,Module 1
GO:0030335,positive regulation of cell migration,65/1068,398/12061,0.16331658291457288,1.84434579263358,5.33897525650752,8.154968869486327e-7,5.5710087334119456e-5,4.255299545431212e-5,HSPB1/CPNE3/MDM2/CSF1/SMAD3/S100A11/TGFBR1/BCL2/SEMA4F/PODXL/PTK2/EPB41L4B/FOXP1/F2R/IL1A/MGAT5/CXCL10/SASH1/BMP4/GPNMB/RHOB/IRS2/ONECUT1/THBS1/CXCL8/CCL1/APP/EPHB2/CXCL16/GATA2/PYCARD/FAM83H/SPRY2/SPARC/PECAM1/MMP14/HMOX1/BMP2/NOTCH1/TRIM32/ABL2/TWIST1/RIN2/WASHC1/PLK2/SEMA6C/CXCL13/PDGFC/ADAMTS1/GAS6/PRKD1/MYLK/EPHA4/ANGPT1/SEMA3B/PLPP3/AKAP12/TLR4/SOX9/MSTN/FOXF1/CX3CR1/PROX1/RET/SRGAP2C,65,Module 1
GO:0090102,cochlea development,13/1068,31/12061,0.41935483870967744,4.735804035278482,6.491323998075355,8.673866295168277e-7,5.842032200492211e-5,4.462315202999841e-5,HOXA1/HES1/TBX2/SIX1/GATA2/TBX1/PAX2/CTHRC1/EPHA4/HEY2/GABRB2/EYA1/SOX9,13,Module 1
GO:0072080,nephron tubule development,19/1068,62/12061,0.3064516129032258,3.4607798719342755,6.054764419438633,9.0678104351714e-7,6.022537430693005e-5,4.600190381585492e-5,LZTS2/BCL2/HOXB7/HES1/BMP4/ADAMTS16/PROM1/CD24/SIX1/POU3F3/LGR4/HS3ST3A1/LHX1/BMP2/NOTCH1/PAX2/EYA1/SOX9/LAMA5,19,Module 1
GO:0048762,mesenchymal cell differentiation,36/1068,173/12061,0.20809248554913296,2.3500032473858545,5.574483480407939,9.39475847987061e-7,6.15421028092346e-5,4.700765958925886e-5,SMAD3/TGFBR1/BCL2/SEMA4F/PTK2/NRTN/DLG5/HES1/BMP4/DACT3/SIX1/SPRY2/ERBB4/TBX1/PHLDB2/SPRY1/BMP2/NKX2-1/NOTCH1/USF3/TWIST1/CUL7/FGFR2/PAX2/SEMA6C/GSC/PITX2/TBX3/EPHA4/HEY2/SEMA3B/FOXA1/SOX9/RET/FBXL17/LAMA5,36,Module 1
GO:0060675,ureteric bud morphogenesis,15/1068,41/12061,0.36585365853658536,4.131611400383666,6.260495766470326,1.0216977487539175e-6,6.514344846054978e-5,4.975847281650658e-5,LZTS2/BCL2/HOXB7/HES1/BMP4/ADAMTS16/SIX1/LGR4/HS3ST3A1/LHX1/BMP2/PAX2/EYA1/SOX9/LAMA5,15,Module 1
GO:0072171,mesonephric tubule morphogenesis,15/1068,41/12061,0.36585365853658536,4.131611400383666,6.260495766470326,1.0216977487539175e-6,6.514344846054978e-5,4.975847281650658e-5,LZTS2/BCL2/HOXB7/HES1/BMP4/ADAMTS16/SIX1/LGR4/HS3ST3A1/LHX1/BMP2/PAX2/EYA1/SOX9/LAMA5,15,Module 1
GO:2000147,positive regulation of cell motility,66/1068,409/12061,0.16136919315403422,1.8223537814895194,5.273771101504572,1.0380119572609235e-6,6.531280499502284e-5,4.988783229495021e-5,HSPB1/CPNE3/MDM2/CSF1/SMAD3/S100A11/TGFBR1/BCL2/SEMA4F/PODXL/PTK2/EPB41L4B/FOXP1/F2R/IL1A/MGAT5/CXCL10/SASH1/BMP4/GPNMB/RHOB/IRS2/ONECUT1/THBS1/CXCL8/CCL1/APP/EPHB2/CXCL16/GATA2/PYCARD/FAM83H/SPRY2/NTN1/SPARC/PECAM1/MMP14/HMOX1/BMP2/NOTCH1/TRIM32/ABL2/TWIST1/RIN2/WASHC1/PLK2/SEMA6C/CXCL13/PDGFC/ADAMTS1/GAS6/PRKD1/MYLK/EPHA4/ANGPT1/SEMA3B/PLPP3/AKAP12/TLR4/SOX9/MSTN/FOXF1/CX3CR1/PROX1/RET/SRGAP2C,66,Module 1
GO:0040017,positive regulation of locomotion,67/1068,419/12061,0.15990453460620524,1.8058132882822486,5.2327357673832235,1.1985956469522195e-6,7.443745952890278e-5,5.68575105252796e-5,HSPB1/CPNE3/MDM2/CSF1/SMAD3/S100A11/TGFBR1/BCL2/SEMA4F/PODXL/PTK2/EPB41L4B/FOXP1/F2R/IL1A/MGAT5/CXCL10/SASH1/BMP4/GPNMB/RHOB/IRS2/ONECUT1/THBS1/CXCL8/CCL1/APP/EPHB2/CXCL16/GATA2/PYCARD/FAM83H/SPRY2/NTN1/SPARC/PECAM1/MMP14/HMOX1/BMP2/NOTCH1/TRIM32/ABL2/TWIST1/RIN2/WASHC1/PLK2/SEMA6C/CXCL13/PDGFC/ADAMTS1/GAS6/PRKD1/MYLK/EPHA4/ANGPT1/SEMA3B/PLPP3/AKAP12/TLR4/SOX9/ARTN/MSTN/FOXF1/CX3CR1/PROX1/RET/SRGAP2C,67,Module 1
GO:0035904,aorta development,17/1068,52/12061,0.3269230769230769,3.6919655718813025,6.063437662138105,1.2325110884303788e-6,7.556241057530861e-5,5.771678106414865e-5,PRDM1/COL3A1/ROBO1/LRP1/SMAD6/HES1/TBX2/EGR2/NDST1/SIX1/TBX1/NOTCH1/ROBO2/MYLK/HEY2/EYA1/PROX1,17,Module 1
GO:0003007,heart morphogenesis,36/1068,175/12061,0.2057142857142857,2.3231460674157303,5.495536769586357,1.2532305655395474e-6,7.586010841025463e-5,5.79441713847066e-5,TP53/MDM2/MKS1/SMAD3/TGFBR1/PTK2/RNF207/ROBO1/SMARCD3/SMAD6/HES1/BMP4/TBX2/RYR1/CLUAP1/SIX1/FZD1/TBX1/SPRY1/BMP2/NOTCH1/TWIST1/SHOX2/IFT172/FGFR2/ADAMTS1/PITX2/TBX3/ROBO2/HEY2/EYA1/SOX9/CPE/FOXF1/PROX1/VANGL2,36,Module 1
GO:0009952,anterior/posterior pattern specification,30/1068,133/12061,0.22556390977443608,2.547309284447073,5.592684278882606,1.298380820806739e-6,7.761071356372282e-5,5.9281334844728744e-5,TP53/BASP1/SMAD3/ACVR2B/TGFBR1/HOXB7/PCGF2/BTG2/HOXA6/HOXA5/HOXC10/HES1/HOXA3/BMP4/HHEX/TBX1/NR2F2/LHX1/BMP2/HOXC11/NOTCH1/TULP3/LFNG/PCSK5/DMRT2/TBX3/HEY2/PCSK6/HES4/FOXF1,30,Module 1
GO:0061061,muscle structure development,75/1068,489/12061,0.15337423312883436,1.7320661289951977,5.1511203507778385,1.4288542213146442e-6,8.343728744634382e-5,6.373184253204189e-5,NFATC2/ACTN1/SELENON/MDM2/BASP1/ID2/SMAD3/TGFBR1/BCL2/HIVEP3/SVIL/COL3A1/FOXP1/SMARCD3/BTG2/PTGFRN/CXCL10/TCF12/LARGE1/TMOD2/HES1/BMP4/TBX2/TLL2/EGR2/CACNB4/PLCB1/RYR1/SIX1/LAMC1/FZD1/KRT8/MYMX/TANC1/TBX1/PDLIM1/NR2F2/MMP14/FOS/EGR1/BMP2/TNNT1/NOTCH1/TRIM32/HDAC4/DISP1/BCL9/TWIST1/SHOX2/UCHL1/FGFR2/NID1/ACTN2/CCN3/GSC/KCNH1/HLF/PRKD1/CASQ1/IGF2/TBX3/SMAD1/MYLK/CYP26B1/RARB/HEY2/ITGA8/PITX1/SOX9/MSTN/CXCL9/SLC8A1/FOXF1/PROX1/LAMA5,75,Module 1
GO:0007268,chemical synaptic transmission,71/1068,455/12061,0.15604395604395604,1.7622154998559494,5.1658686275498225,1.448200514020606e-6,8.343728744634382e-5,6.373184253204189e-5,SLC1A4/NQO1/PFN2/SNPH/BCR/F2R/LARGE1/PICK1/HRH1/GRIN2C/MAPT/CNR1/TMOD2/TSHZ3/CDHR3/ADRB2/CYFIP1/SLC12A7/CHRM2/SLC6A9/EGR2/NTRK1/SYT7/CACNB4/PCDHB9/PLCB1/RAPSN/PCDHB10/PRNP/CLSTN3/APP/PRKCB/EPHB2/CD38/GJC1/HRH4/PLAT/SV2A/SLC12A6/NCSTN/SQSTM1/CACNA1A/CBLN2/CPEB3/ADCY1/PLK2/DOC2B/CTBP2/NLGN3/HTR7/EPHA4/PCDHB14/SYT8/NETO1/GABRB2/AKAP12/SNCA/CHRNB3/HTR2C/SYN3/DLGAP1/SLC1A1/CSPG5/LPAR3/CX3CR1/MTNR1B/CBLN1/NRXN1/PCDHB11/NLGN2/SLC6A4,71,Module 1
GO:0098916,anterograde trans-synaptic signaling,71/1068,455/12061,0.15604395604395604,1.7622154998559494,5.1658686275498225,1.448200514020606e-6,8.343728744634382e-5,6.373184253204189e-5,SLC1A4/NQO1/PFN2/SNPH/BCR/F2R/LARGE1/PICK1/HRH1/GRIN2C/MAPT/CNR1/TMOD2/TSHZ3/CDHR3/ADRB2/CYFIP1/SLC12A7/CHRM2/SLC6A9/EGR2/NTRK1/SYT7/CACNB4/PCDHB9/PLCB1/RAPSN/PCDHB10/PRNP/CLSTN3/APP/PRKCB/EPHB2/CD38/GJC1/HRH4/PLAT/SV2A/SLC12A6/NCSTN/SQSTM1/CACNA1A/CBLN2/CPEB3/ADCY1/PLK2/DOC2B/CTBP2/NLGN3/HTR7/EPHA4/PCDHB14/SYT8/NETO1/GABRB2/AKAP12/SNCA/CHRNB3/HTR2C/SYN3/DLGAP1/SLC1A1/CSPG5/LPAR3/CX3CR1/MTNR1B/CBLN1/NRXN1/PCDHB11/NLGN2/SLC6A4,71,Module 1
GO:0048592,eye morphogenesis,26/1068,107/12061,0.24299065420560748,2.7441107494137,5.648205483817165,1.4852069278584425e-6,8.455070867879847e-5,6.458230626151373e-5,PRDM1/BCL2/ZHX2/LARGE1/BMP4/TBX2/PROM1/EPHB2/PITX3/LHX1/TSKU/NOTCH1/TWIST1/IFT172/SIX3/SAMD11/PAX2/SOX1/PITX2/ALDH1A3/RARB/CRB1/FAT3/SOX9/SLC1A1/PROX1,26,Module 1
GO:0007409,axonogenesis,55/1068,323/12061,0.17027863777089783,1.9229687735531824,5.240737206191743,1.5554396748094157e-6,8.651607401829263e-5,6.608350983809362e-5,PLXNB2/PLEKHG4/TRPV2/EPHA10/BCL2/SEMA4F/PTK2/FZD3/ROBO1/FLRT3/PARD3/MAPT/NOVA2/ARX/CDK5R2/BRSK2/CYFIP1/EGR2/NTRK1/APP/PALLD/EPHB2/PLXNB1/NTN1/LHX1/TNN/NKX2-1/ARHGEF25/TSKU/NOTCH1/SHOX2/UCHL1/UNC5C/ADCY1/FGFR2/PAX2/SEMA6C/ENAH/CNTN1/NLGN3/NTN4/AMIGO1/ROBO2/EPHA4/UNC5B/SEMA3B/LRP4/MAP2/ARTN/FEZ1/LPAR3/NRXN1/VANGL2/RET/CELSR3,55,Module 1
GO:0061326,renal tubule development,19/1068,64/12061,0.296875,3.3526305009363297,5.881776894911555,1.5559143382628954e-6,8.651607401829263e-5,6.608350983809362e-5,LZTS2/BCL2/HOXB7/HES1/BMP4/ADAMTS16/PROM1/CD24/SIX1/POU3F3/LGR4/HS3ST3A1/LHX1/BMP2/NOTCH1/PAX2/EYA1/SOX9/LAMA5,19,Module 1
GO:0007169,transmembrane receptor protein tyrosine kinase signaling pathway,69/1068,442/12061,0.15610859728506787,1.7629454979917636,5.093560157433413,2.0107987678661905e-6,1.1052459434409336e-4,8.442192044156906e-5,HSPB1/CPNE3/CSF1/DSTYK/EPHA10/RHOQ/PTK2/ZFYVE28/NRTN/TYRO3/ROBO1/PTPRG/FLRT3/MTCL2/TXNIP/PDK2/LRP1/PTPRE/NEDD4/DOCK3/PLEKHA1/FGFR3/TBX2/RHBDF1/HHEX/ADRB2/SORBS1/CYFIP1/SOCS2/IRS2/NRG4/THBS1/NDST1/NTRK1/PLCB1/DDR1/PXN/MAPKAPK2/PRKCB/EPHB2/SPRY2/ERBB4/PLAT/IL31RA/SPRY1/BMP2/SAMD12/C2CD5/ABL2/SOS2/FGFR2/PDGFC/PRKD1/IGF2/SULF2/GFRA1/EPHA4/ANGPT1/ANKS1B/DNAI1/SNCA/BLNK/SYK/SOX9/COL4A3/MSTN/CRIM1/RET/GKAP1,69,Module 1
GO:0051963,regulation of synapse assembly,20/1068,71/12061,0.28169014084507044,3.1811468059292083,5.745206545466333,2.075160305836101e-6,1.1276609752850269e-4,8.613404618721616e-5,FLRT3/IL1RAP/DLG5/NTRK1/CLSTN3/APP/SIX1/EPHB2/FZD1/NTN1/FARP1/CBLN2/PTPN13/NLGN3/AMIGO1/ROBO2/SNCA/CBLN1/NRXN1/NLGN2,20,Module 1
GO:0060411,cardiac septum morphogenesis,17/1068,54/12061,0.3148148148148148,3.555226106256069,5.865568713290741,2.2332414008635428e-6,1.1999281324639845e-4,9.165402319333523e-5,TP53/MDM2/MKS1/TGFBR1/ROBO1/SMAD6/HES1/BMP4/TBX2/FZD1/TBX1/NOTCH1/FGFR2/TBX3/ROBO2/HEY2/PROX1,17,Module 1
GO:0003151,outflow tract morphogenesis,17/1068,55/12061,0.3090909090909091,3.4905856315968675,5.7701196625989395,2.968400258156984e-6,1.5598780257699668e-4,1.1914804969120573e-4,ROBO1/SMAD6/HES1/BMP4/TBX2/RYR1/SIX1/FZD1/TBX1/NOTCH1/TWIST1/FGFR2/PITX2/TBX3/ROBO2/HEY2/EYA1,17,Module 1
GO:0048844,artery morphogenesis,17/1068,55/12061,0.3090909090909091,3.4905856315968675,5.7701196625989395,2.968400258156984e-6,1.5598780257699668e-4,1.1914804969120573e-4,PRDM1/TGFBR1/HOXA1/COL3A1/LRP1/HES1/BMP4/TBX2/SIX1/TBX1/HPGD/NOTCH1/MYLK/HEY2/EYA1/FOXF1/PROX1,17,Module 1
GO:0072028,nephron morphogenesis,16/1068,50/12061,0.32,3.6137827715355804,5.7725283696732115,3.481854272636458e-6,1.8098072969290806e-4,1.382383790165733e-4,LZTS2/BCL2/HOXB7/HES1/BMP4/ADAMTS16/SIX1/ERBB4/LGR4/HS3ST3A1/LHX1/BMP2/PAX2/EYA1/SOX9/LAMA5,16,Module 1
GO:0048711,positive regulation of astrocyte differentiation,7/1068,10/12061,0.7,7.905149812734082,6.80867694436468,3.957424861092452e-6,2.0348823318004414e-4,1.5543026902083541e-4,ID2/HES1/CLCF1/TTBK1/BMP2/NOTCH1/IL6ST,7,Module 1
GO:0110110,positive regulation of animal organ morphogenesis,10/1068,21/12061,0.47619047619047616,5.377652933832709,6.258048106704077,4.042130509187978e-6,2.056326393078395e-4,1.5706822919241083e-4,CSF1/ROBO1/BMP4/PRKCB/SIX1/SPRY1/BMP2/HOXC11/ROBO2/SOX9,10,Module 1
GO:0008038,neuron recognition,12/1068,30/12061,0.4,4.5172284644194765,6.0118966963616725,4.188057790685295e-6,2.1081360373744295e-4,1.610256014811964e-4,ROBO1/CNR1/NCAM2/OPCML/APP/PALLD/EPHB2/TNFRSF21/TNN/AMIGO1/ROBO2/EPHA4,12,Module 1
GO:0051147,regulation of muscle cell differentiation,24/1068,100/12061,0.24,2.710337078651685,5.353023279050694,4.705101614598041e-6,2.3437287417716493e-4,1.7902086187121936e-4,NFATC2/MDM2/ID2/BCL2/FOXP1/SMARCD3/BMP4/LAMC1/TBX1/MMP14/BMP2/NOTCH1/TRIM32/HDAC4/SHOX2/FGFR2/NID1/CCN3/PRKD1/IGF2/SMAD1/CYP26B1/HEY2/PROX1,24,Module 1
GO:0051962,positive regulation of nervous system development,38/1068,200/12061,0.19,2.1456835205992513,5.092372655326766,4.839568738782156e-6,2.3858574957583785e-4,1.822387794202288e-4,PLXNB2/ID2/TRPV2/FZD3/ROBO1/SMARCD3/FLRT3/IL1RAP/DLG5/MAPT/HES1/CLCF1/CYFIP1/TTBK1/EGR2/NTRK1/CLSTN3/EPHB2/PLXNB1/NTN1/ZNF365/BMP2/NOTCH1/TRIM32/CUL7/IL6ST/SHOX2/CBLN2/NLGN3/AMIGO1/ROBO2/EPHA4/BCAN/LPAR3/CX3CR1/CBLN1/NRXN1/NLGN2,38,Module 1
GO:0010975,regulation of neuron projection development,55/1068,336/12061,0.1636904761904762,1.8485681960049938,4.917010433373927,5.3540278004108745e-6,2.6068563404227005e-4,1.991193180846325e-4,PLXNB2/NCS1/MDM2/TRPV2/SEMA4F/ROBO1/PTPRG/RTN4RL2/TANC2/ITM2C/NEDD4/CAMSAP2/MAPT/CNR1/NOVA2/ENC1/PRAG1/HES1/KNDC1/BRSK2/CYFIP1/NTRK1/DDR1/PTPRF/EPHB2/CD38/MINAR1/PLXNB1/FZD1/NTN1/ZNF365/STMN2/TNN/TSKU/ABL2/CUL7/SHOX2/KLF4/SEMA6C/CNTN1/HECW2/MAGI2/PRKD1/NDNF/AMIGO1/ROBO2/EPHA4/SEMA3B/LRP4/MAP2/FAT3/TLX2/FEZ1/LPAR3/RET,55,Module 1
GO:0048645,animal organ formation,15/1068,46/12061,0.32608695652173914,3.6825232046897898,5.681482613368515,5.396879500247748e-6,2.6068563404227005e-4,1.991193180846325e-4,MKS1/ROBO1/SMARCD3/HES1/HOXA3/BMP4/SIX1/SPRY1/BMP2/HOXC11/NOTCH1/FGFR2/PAX2/ROBO2/EYA1,15,Module 1
GO:0003205,cardiac chamber development,26/1068,115/12061,0.22608695652173913,2.553216088584921,5.216397903086266,6.232667670637365e-6,2.980461680098788e-4,2.2765638754854378e-4,TP53/MDM2/LUZP1/MKS1/PRDM1/TGFBR1/ROBO1/SMARCD3/SMAD6/HES1/BMP4/TBX2/NDST1/FZD1/TBX1/BMP2/NOTCH1/SHOX2/FGFR2/ADAMTS1/TBX3/ROBO2/HEY2/CPE/FOXF1/PROX1,26,Module 1
GO:0001658,branching involved in ureteric bud morphogenesis,13/1068,36/12061,0.3611111111111111,4.078053474823138,5.764823758768643,6.3834125456266865e-6,3.006035685319846e-4,2.2960980492768644e-4,BCL2/HOXB7/BMP4/ADAMTS16/SIX1/LGR4/HS3ST3A1/LHX1/BMP2/PAX2/EYA1/SOX9/LAMA5,13,Module 1
GO:0001764,neuron migration,28/1068,129/12061,0.21705426356589147,2.45120924425863,5.164989408354941,6.411870345098793e-6,3.006035685319846e-4,2.2960980492768644e-4,PLXNB2/FZD3/TYRO3/COL3A1/LARGE1/ARX/CDK5R2/SH3RF1/GATA2/NTN1/NR2F2/LHX1/TNN/DNAAF4/NKX2-1/SRGAP2/ADGRG1/ASTN2/TWIST1/UNC5C/SOX1/GAS6/NDNF/CELSR1/ADGRL3/FAT3/BBS1/SRGAP2C,28,Module 1
GO:0031644,regulation of nervous system process,20/1068,76/12061,0.2631578947368421,2.9718608318549182,5.374835830737021,6.53936296693793e-6,3.036042107562833e-4,2.319017832935577e-4,TYMP/F2R/PARD3/GRIN2C/WASF3/ADRB2/EGR2/TPPP/APP/TNFRSF21/FABP5/CCN3/NLGN3/NETO1/HTR2C/DLGAP1/MTNR1B/CBLN1/NRXN1/NLGN2,20,Module 1
GO:0072078,nephron tubule morphogenesis,15/1068,47/12061,0.3191489361702128,3.604171647143199,5.57539816293663,7.283700563377666e-6,3.349101547506923e-4,2.5581417970567307e-4,LZTS2/BCL2/HOXB7/HES1/BMP4/ADAMTS16/SIX1/LGR4/HS3ST3A1/LHX1/BMP2/PAX2/EYA1/SOX9/LAMA5,15,Module 1
GO:0019221,cytokine-mediated signaling pathway,56/1068,350/12061,0.16,1.8068913857677902,4.774779020511874,8.882949474947462e-6,4.0455489894475013e-4,3.0901087396559095e-4,LAPTM5/TP53/CSF1/PPARG/TNFRSF11A/RBM47/IL18R1/ROBO1/IL1A/CXCL10/IL1RAP/USP27X/USP18/CEBPA/CLCF1/TXK/TICAM2/CXCL8/CD24/PLCB1/LILRB1/CCL1/MAPKAPK2/PYCARD/TBKBP1/CCR3/KRT8/MX1/IL31RA/TSLP/EGR1/NOTCH1/TRIM32/HDAC4/SPPL2A/IFNAR2/SAMHD1/IL6ST/CXCL11/CCR5/CXCL13/GAS6/LIFR/IRF7/FOSL1/ANGPT1/EDA2R/IL13RA1/SYK/SLC1A1/CXCL9/CX3CR1/FCER1G/IL22RA2/C1QTNF4/IL20RB,56,Module 1
GO:0003197,endocardial cushion development,13/1068,37/12061,0.35135135135135137,3.967835813341432,5.635304862000783,9.048902330101196e-6,4.082250088919238e-4,3.118142113748873e-4,MDM2/TGFBR1/ROBO1/BMP4/TBX2/BMP2/NOTCH1/TWIST1/TBX3/ROBO2/HEY2/SOX9/FOXF1,13,Module 1
GO:0042327,positive regulation of phosphorylation,66/1068,436/12061,0.15137614678899083,1.7095015977734254,4.703285128871408,9.607905877745945e-6,4.293925785736552e-4,3.2798262071597086e-4,CD86/TP53/CSF1/DSTYK/BCL2/PFN2/PTK2/CDKN1A/TNFRSF11A/TYRO3/ROBO1/TNFRSF10A/SLCO3A1/MAPT/SASH1/TLR6/MAPRE3/HES1/FGFR3/BMP4/GPNMB/SNX9/HSPA2/KNDC1/CLCF1/ADRB2/TTBK1/THBS1/NEK10/NTRK1/TENM1/CD24/DDR1/PRNP/APP/PRR5/SPRY2/FZD1/ERBB4/TBX1/PECAM1/IL31RA/TSLP/BMP2/BANK1/SQSTM1/IL6ST/FGFR2/OPRD1/PDGFC/GAS6/PRKD1/GFRA1/EPHA4/ADRA2C/ANGPT1/LRP4/LRRK1/PLPP3/TLR4/SNCA/SYK/SOX9/CX3CR1/PROX1/RET,66,Module 1
GO:0001525,angiogenesis,59/1068,377/12061,0.15649867374005305,1.767350659156161,4.718130377776358,1.0301107235674459e-5,4.5611013704625246e-4,3.4839027395507186e-4,TYMP/GADD45A/HSPB1/TGFBR1/PPARG/RUNX1/PTK2/ROBO1/IL1A/CXCL10/HOXA5/SASH1/EGFL7/HOXA3/BMP4/GPNMB/TNFAIP2/HHEX/RHOB/THBS1/CXCL8/THSD7A/PRKCB/EPHB2/GATA2/MINAR1/SPRY2/CCR3/TBX1/SPARC/MMP14/HMOX1/TNN/SLC12A6/NOTCH1/ADGRG1/TWIST1/ELK3/SPINK5/E2F7/KLF4/PLK2/FGFR2/CCN3/CXCL13/AMOTL1/ADAMTS1/PRKD1/NDNF/RAPGEF3/SMAD1/HPSE/UNC5B/ANGPT1/SYK/COL4A3/CX3CR1/PTPRB/ANXA2,59,Module 1
GO:0010001,glial cell differentiation,34/1068,176/12061,0.19318181818181818,2.1816160197480423,4.921916905439017,1.0430010869536213e-5,4.575808438359832e-4,3.495136428516723e-4,ID2/LRP1/PARD3/LARGE1/PICK1/GPR157/MAPT/WASF3/HES1/CLCF1/TTBK1/EGR2/TPPP/APP/ZNF365/TNFRSF21/BMP2/NKX2-1/NOTCH1/NCSTN/IL6ST/POU3F1/PAX2/CNTN1/SOX1/OLIG1/EPHA4/BCAN/CRB1/PLPP3/TLR4/SOX9/CSPG5/NAB1,34,Module 1
GO:0048589,developmental growth,70/1068,472/12061,0.1483050847457627,1.6748198755792547,4.661621945352771,1.055716018203046e-5,4.5894854536790604e-4,3.505583333171837e-4,TP53/WDR11/SELENON/BASP1/CSF1/SMAD3/ACVR2B/TRPV2/TGFBR1/LZTS2/BCL2/RUNX1/SEMA4F/CDKN1A/LATS2/COL3A1/KDM5B/FOXP1/PTGFRN/FLRT3/LARGE1/MAPT/GAS1/HOXA5/PLEKHA1/FGFR3/BMP4/TBX2/TLL2/ARX/ADRB2/CYFIP1/TXK/SOCS2/SYT3/PLCB1/DDR1/APP/SIX1/SPRY2/ERBB4/NTN1/MYMX/CPQ/LHX1/SPRY1/TNN/TSKU/NOTCH1/BCL9/FGFR2/SEMA6C/CCN3/DMBX1/MAGI2/NLGN3/IGF2/SMAD1/RARB/HEY2/SEMA3B/LRP4/RASAL2/MAP2/SOX9/MSTN/LPAR3/PROX1/SLC6A4/TAL2,70,Module 1
GO:0060914,heart formation,10/1068,23/12061,0.43478260869565216,4.910030939586386,5.850164911963162,1.1117118010837522e-5,4.7893746241283814e-4,3.658264532726999e-4,MKS1/ROBO1/SMARCD3/HES1/BMP4/SIX1/BMP2/NOTCH1/ROBO2/EYA1,10,Module 1
GO:0070663,regulation of leukocyte proliferation,37/1068,200/12061,0.185,2.0892181647940076,4.841393542241925,1.210021396204436e-5,5.166359211294297e-4,3.946216395516347e-4,CD86/NFATC2/CSF1/BCL2/HLA-DPB1/PAWR/PTK2/CDKN1A/IL1A/BID/CD276/DLG5/HES1/BMP4/GPNMB/HHEX/CLCF1/IRS2/MAPK8IP1/CD24/SH3RF1/LILRB1/PRNP/IL4I1/EPHB2/CD38/PYCARD/TNFRSF21/HLA-A/PLA2G2F/IL6ST/SOS2/SPTA1/IGF2/TLR4/SYK/IL20RB,37,Module 1
GO:0032944,regulation of mononuclear cell proliferation,35/1068,185/12061,0.1891891891891892,2.136526976414617,4.855474577064496,1.2508794653449027e-5,5.287156226603194e-4,4.038484691785662e-4,CD86/NFATC2/CSF1/BCL2/HLA-DPB1/PAWR/CDKN1A/IL1A/BID/CD276/DLG5/HES1/BMP4/GPNMB/CLCF1/IRS2/MAPK8IP1/CD24/SH3RF1/LILRB1/PRNP/IL4I1/EPHB2/CD38/PYCARD/TNFRSF21/HLA-A/PLA2G2F/IL6ST/SOS2/SPTA1/IGF2/TLR4/SYK/IL20RB,35,Module 1
GO:0061333,renal tubule morphogenesis,15/1068,49/12061,0.30612244897959184,3.4570626003210276,5.371650721361131,1.2893357721837856e-5,5.287156226603194e-4,4.038484691785662e-4,LZTS2/BCL2/HOXB7/HES1/BMP4/ADAMTS16/SIX1/LGR4/HS3ST3A1/LHX1/BMP2/PAX2/EYA1/SOX9/LAMA5,15,Module 1
GO:0072088,nephron epithelium morphogenesis,15/1068,49/12061,0.30612244897959184,3.4570626003210276,5.371650721361131,1.2893357721837856e-5,5.287156226603194e-4,4.038484691785662e-4,LZTS2/BCL2/HOXB7/HES1/BMP4/ADAMTS16/SIX1/LGR4/HS3ST3A1/LHX1/BMP2/PAX2/EYA1/SOX9/LAMA5,15,Module 1
GO:1903053,regulation of extracellular matrix organization,15/1068,49/12061,0.30612244897959184,3.4570626003210276,5.371650721361131,1.2893357721837856e-5,5.287156226603194e-4,4.038484691785662e-4,SMAD3/TGFBR1/PPARG/RUNX1/LRP1/DDR1/LAMC1/CST3/PHLDB2/BMP2/ZNF469/NOTCH1/NID1/PRDM5/SOX9,15,Module 1
GO:0060537,muscle tissue development,48/1068,288/12061,0.16666666666666666,1.8821785268414482,4.722917077379096,1.2935953126569923e-5,5.287156226603194e-4,4.038484691785662e-4,SELENON/ID2/SMAD3/TGFBR1/BCL2/HIVEP3/RUNX1/SVIL/COL3A1/FOXP1/BTG2/LARGE1/BMP4/TBX2/TLL2/EGR2/RYR1/SIX1/GJC1/ERBB4/TBX1/NR2F2/FOS/EGR1/BMP2/TNN/NOTCH1/BCL9/TWIST1/SHOX2/FGFR2/ACTN2/HLF/CASQ1/IGF2/TBX3/SMAD1/MYLK/CYP26B1/RARB/HEY2/ITGA8/EYA1/PITX1/SOX9/MSTN/SLC8A1/PROX1,48,Module 1
GO:0090103,cochlea morphogenesis,8/1068,15/12061,0.5333333333333333,6.022971285892634,6.067168574704093,1.3457811968850526e-5,5.453835325003662e-4,4.1657990661829914e-4,HOXA1/TBX2/SIX1/TBX1/PAX2/CTHRC1/EYA1/SOX9,8,Module 1
GO:0060993,kidney morphogenesis,17/1068,61/12061,0.2786885245901639,3.1472493399643886,5.240321576916616,1.4014407379265158e-5,5.601526626426301e-4,4.278610005436894e-4,BASP1/LZTS2/BCL2/HOXB7/HES1/BMP4/ADAMTS16/SIX1/ERBB4/LGR4/HS3ST3A1/LHX1/BMP2/PAX2/EYA1/SOX9/LAMA5,17,Module 1
GO:0007188,adenylate cyclase-modulating G protein-coupled receptor signaling pathway,26/1068,120/12061,0.21666666666666667,2.4468320848938827,4.964660681363897,1.4056528548121207e-5,5.601526626426301e-4,4.278610005436894e-4,ADGRL2/ADGRL1/CXCL10/GNAZ/GPR157/CNR1/GNAL/ADRB2/CHRM2/CCR3/HRH4/LGR4/ADGRG1/LPAR2/ADCY1/CXCL11/OPRD1/GIPR/GPR37/ADGRL3/ADRA2C/ABCA1/AKAP12/CXCL9/LPAR3/ADCY5,26,Module 1
GO:0045667,regulation of osteoblast differentiation,22/1068,93/12061,0.23655913978494625,2.6714791993878624,5.043509308240159,1.485056666208274e-5,5.869042130419806e-4,4.482946178114581e-4,SMAD3/ACVR2B/PPARG/PTK2/SMAD6/BMP4/CEBPA/FZD1/BMP2/TNN/NOTCH1/TENT5A/TWIST1/IL6ST/FGFR2/FFAR4/PRKD1/SMAD1/CTHRC1/NELL1/SOX9/CRIM1,22,Module 1
GO:0009611,response to wounding,59/1068,382/12061,0.1544502617801047,1.744217797125321,4.60712578850242,1.5479759050552558e-5,6.067558014732977e-4,4.6345784215200505e-4,CD59/HSPB1/SMAD3/CTNNA1/TGFBR1/BCL2/PPARG/RAB27A/TFPI/PTK2/CDKN1A/EPB41L4B/TYRO3/COL3A1/F2R/F11R/IL1A/FLRT3/RTN4RL2/GRIN2C/PROS1/TXK/THBS1/TMEFF2/NTRK1/SYT7/DDR1/PTPRF/EPHB2/GATA2/PLAT/HMOX1/PHLDB2/TSKU/ELK3/IL6ST/KLF4/GIPR/GAS6/NDNF/FBLN1/SULF2/HPSE/MYLK/EPHA4/FOSL1/ADRA2C/PLPP3/PAPSS2/TLR4/SYK/SLC1A1/CSPG5/FOXF1/CX3CR1/FCER1G/ITGB5/SLC6A4/ANXA2,59,Module 1
GO:0007186,G protein-coupled receptor signaling pathway,65/1068,434/12061,0.1497695852534562,1.6913585840280294,4.572098248752138,1.5903582308746303e-5,6.183002487839416e-4,4.72275828937524e-4,ADGRL2/GNG4/PPARG/ADGRL1/FZD3/TYRO3/KCTD16/ROBO1/F2R/CXCL10/PARD3/GNAZ/PICK1/GPR157/HRH1/CNR1/TMOD2/HOMER3/GNAL/ADRB2/CHRM2/CXCL8/TENM1/PLCB1/CCL1/GPR160/PRKCB/SIX1/CCR3/FZD1/HRH4/LGR4/HPGD/ADGRG1/TULP3/LPAR2/PDE3A/ADCY1/CXCL11/OPRD1/ACTN2/CCR5/GIPR/CXCL13/FFAR4/PRKD1/RGS20/CELSR1/HTR7/GPR37/ADGRL3/ADRA2C/OR2L13/ABCA1/AKAP12/SNCA/HTR2C/GPR15LG/CXCL9/CPE/LPAR3/CX3CR1/MTNR1B/ADCY5/CELSR3,65,Module 1
GO:0044057,regulation of system process,51/1068,316/12061,0.16139240506329114,1.8226159152325414,4.618652678167933,1.7451181154705013e-5,6.714224318284424e-4,5.128521073421593e-4,TYMP/SELENON/MDM2/SMAD3/PPARG/RNF207/KDM5B/FOXP1/F2R/PARD3/HRH1/GRIN2C/WASF3/TSHZ3/TBX2/ADRB2/CHRM2/EGR2/TPPP/APP/CD38/GTF2IRD1/GJC1/TNFRSF21/TNNT1/FABP5/NOTCH1/HDAC4/LPCAT3/IL6ST/SHOX2/KCND3/CCN3/GJD3/GAS6/NLGN3/PRKD1/CASQ1/HEY2/ADRA2C/FBXO32/NETO1/HTR2C/DLGAP1/SLC1A1/MSTN/SLC8A1/MTNR1B/CBLN1/NRXN1/NLGN2,51,Module 1
GO:0010092,specification of animal organ identity,10/1068,24/12061,0.4166666666666667,4.705446317103621,5.663542744778401,1.7550774566824613e-5,6.714224318284424e-4,5.128521073421593e-4,ROBO1/SMARCD3/BMP4/SIX1/SPRY1/BMP2/HOXC11/FGFR2/PAX2/ROBO2,10,Module 1
GO:0099177,regulation of trans-synaptic signaling,50/1068,308/12061,0.16233766233766234,1.8332907728975145,4.617413084780418,1.793011432777207e-5,6.804905294873494e-4,5.197785857758487e-4,PFN2/BCR/F2R/LARGE1/PICK1/HRH1/GRIN2C/MAPT/CNR1/TSHZ3/ADRB2/CYFIP1/CHRM2/SLC6A9/EGR2/NTRK1/SYT7/CACNB4/PLCB1/RAPSN/PRNP/CLSTN3/APP/PRKCB/EPHB2/CD38/PLAT/FABP5/NCSTN/SQSTM1/CACNA1A/CBLN2/CPEB3/ADCY1/PLK2/NLGN3/EPHA4/NETO1/AKAP12/SNCA/CHRNB3/SYN3/DLGAP1/SLC1A1/CSPG5/CX3CR1/CBLN1/NRXN1/NLGN2/SLC6A4,50,Module 1
GO:0051965,positive regulation of synapse assembly,12/1068,34/12061,0.35294117647058826,3.985789821546596,5.434019624588824,1.9012964524076083e-5,7.07134377708258e-4,5.401299369670598e-4,FLRT3/IL1RAP/DLG5/NTRK1/CLSTN3/EPHB2/CBLN2/NLGN3/AMIGO1/CBLN1/NRXN1/NLGN2,12,Module 1
GO:0048771,tissue remodeling,26/1068,122/12061,0.21311475409836064,2.4067200835021794,4.867486922278686,1.9148099298244158e-5,7.07134377708258e-4,5.401299369670598e-4,TP53/MDM2/ACVR2B/PPARG/P3H4/RUNX1/TNFRSF11A/BCR/F2R/IL1A/GPR137B/LOC102724560/HOXA3/GPNMB/CBS/ADRB2/SYT7/CD38/LGR4/CST3/MMP14/CTHRC1/CRB1/LRRK1/SYK/TPH1,26,Module 1
GO:0035909,aorta morphogenesis,11/1068,29/12061,0.3793103448275862,4.283578716259847,5.517961748554055,1.9306693453889954e-5,7.07134377708258e-4,5.401299369670598e-4,COL3A1/LRP1/HES1/TBX2/SIX1/TBX1/NOTCH1/MYLK/HEY2/EYA1/PROX1,11,Module 1
GO:0099054,presynapse assembly,11/1068,29/12061,0.3793103448275862,4.283578716259847,5.517961748554055,1.9306693453889954e-5,7.07134377708258e-4,5.401299369670598e-4,IL1RAP/CLSTN3/APP/FZD1/FARP1/CBLN2/NLGN3/LRP4/SNCA/CBLN1/NLGN2,11,Module 1
GO:0001934,positive regulation of protein phosphorylation,61/1068,402/12061,0.1517412935323383,1.7136252259302736,4.535798313176829,1.9371518920907947e-5,7.07134377708258e-4,5.401299369670598e-4,CD86/TP53/CSF1/BCL2/PFN2/PTK2/CDKN1A/TNFRSF11A/ROBO1/TNFRSF10A/SLCO3A1/SASH1/TLR6/MAPRE3/HES1/FGFR3/BMP4/GPNMB/SNX9/HSPA2/KNDC1/CLCF1/ADRB2/TTBK1/THBS1/NEK10/NTRK1/TENM1/CD24/PRNP/APP/PRR5/SPRY2/FZD1/ERBB4/TBX1/PECAM1/IL31RA/TSLP/BMP2/BANK1/SQSTM1/IL6ST/OPRD1/PDGFC/GAS6/PRKD1/GFRA1/EPHA4/ADRA2C/ANGPT1/LRP4/LRRK1/PLPP3/TLR4/SNCA/SYK/SOX9/CX3CR1/PROX1/RET,61,Module 1
GO:0048812,neuron projection morphogenesis,68/1068,464/12061,0.14655172413793102,1.6550190494640318,4.484781184953623,2.096063449280947e-5,7.593466223076886e-4,5.80011177751586e-4,PLXNB2/PLEKHG4/TRPV2/EPHA10/BCL2/SEMA4F/PTK2/FZD3/ROBO1/FLRT3/PARD3/TANC2/NEDD4/MAPT/NOVA2/CTNND2/ARX/CDK5R2/KNDC1/BRSK2/CYFIP1/EGR2/NTRK1/SYT3/DDR1/APP/PALLD/EPHB2/PLXNB1/NTN1/ZNF365/LHX1/TNN/NKX2-1/ARHGEF25/TSKU/NOTCH1/SRGAP2/CUL7/SHOX2/FARP1/UCHL1/UNC5C/ADCY1/FGFR2/PAX2/SEMA6C/ENAH/CNTN1/HECW2/NLGN3/NTN4/AMIGO1/ROBO2/EPHA4/UNC5B/SEMA3B/LRP4/MAP2/TLX2/BTBD3/ARTN/FEZ1/LPAR3/NRXN1/VANGL2/RET/CELSR3,68,Module 1
GO:0050670,regulation of lymphocyte proliferation,34/1068,182/12061,0.18681318681318682,2.1096946125036014,4.70165108686946,2.1851527561685365e-5,7.832808334179784e-4,5.982928288010709e-4,CD86/NFATC2/BCL2/HLA-DPB1/PAWR/CDKN1A/IL1A/BID/CD276/DLG5/HES1/BMP4/GPNMB/CLCF1/IRS2/MAPK8IP1/CD24/SH3RF1/LILRB1/PRNP/IL4I1/EPHB2/CD38/PYCARD/TNFRSF21/HLA-A/PLA2G2F/IL6ST/SOS2/SPTA1/IGF2/TLR4/SYK/IL20RB,34,Module 1
GO:0031128,developmental induction,9/1068,20/12061,0.45,5.08188202247191,5.6943654307982,2.2112696050068397e-5,7.832808334179784e-4,5.982928288010709e-4,ROBO1/BMP4/SIX1/SPRY1/BMP2/HOXC11/NKX2-1/ROBO2/SOX9,9,Module 1
GO:0033688,regulation of osteoblast proliferation,9/1068,20/12061,0.45,5.08188202247191,5.6943654307982,2.2112696050068397e-5,7.832808334179784e-4,5.982928288010709e-4,SMAD3/BCL2/PLXNB1/BMP2/TNN/FGFR2/CTHRC1/HPSE/NELL1,9,Module 1
GO:0007219,Notch signaling pathway,28/1068,138/12061,0.2028985507246377,2.29134777180698,4.755444910986539,2.4312280575113863e-5,8.548626890455478e-4,6.529691454771294e-4,ROBO1/PRAG1/HES1/EGFL7/PSEN2/ENHO/TBX2/CEBPA/ONECUT1/APP/SIX1/GATA2/MMP14/BMP2/NOTCH1/NCSTN/LFNG/DTX4/IL6ST/IFT172/CCN3/CNTN1/ZNF423/ROBO2/HEY2/FOXA1/SOX9/CHAC1,28,Module 1
GO:0060538,skeletal muscle organ development,27/1068,131/12061,0.20610687022900764,2.3275795522772107,4.761865745995274,2.518723131733572e-5,8.791630668576599e-4,6.715304853719166e-4,SELENON/BASP1/BCL2/HIVEP3/SVIL/BTG2/LARGE1/TLL2/EGR2/RYR1/SIX1/MYMX/TBX1/NR2F2/FOS/EGR1/NOTCH1/DISP1/BCL9/TWIST1/SHOX2/HLF/CASQ1/IGF2/CYP26B1/PITX1/MSTN,27,Module 1
GO:0048701,embryonic cranial skeleton morphogenesis,12/1068,35/12061,0.34285714285714286,3.8719101123595503,5.303290674264958,2.661858594102154e-5,9.144708046636863e-4,6.984995690380574e-4,SMAD3/TGFBR1/HOXA1/BMP4/NDST1/SIX1/TBX1/MMP14/LHX1/TULP3/TWIST1/FGFR2,12,Module 1
GO:0120035,regulation of plasma membrane bounded cell projection organization,71/1068,494/12061,0.1437246963562753,1.623093223551532,4.407652030069022,2.6691944976125832e-05,9.144708046636863e-4,6.984995690380574e-4,PLXNB2/NCS1/MDM2/TRPV2/TGFBR1/RHOQ/PFN2/SEMA4F/PODXL/MYO10/ROBO1/PTPRG/CDC42EP3/RTN4RL2/TANC2/ITM2C/NEDD4/CAMSAP2/MAPT/CNR1/NOVA2/ENC1/PRAG1/HES1/CDC42EP4/KNDC1/BRSK2/ADAMTS16/CYFIP1/NTRK1/TENM1/DDR1/PTPRF/PRNP/FNBP1L/EPHB2/CD38/MINAR1/PLXNB1/FZD1/NTN1/ZNF365/STMN2/DZIP1/TNN/TSKU/TRIM32/ABL2/CUL7/SHOX2/WASHC1/KLF4/SEMA6C/CNTN1/HECW2/MAGI2/PRKD1/NDNF/AMIGO1/ROBO2/EPHA4/SEMA3B/LRP4/MAP2/FAT3/TLX2/FEZ1/MSTN/LPAR3/RET/SRGAP2C,71,Module 1
GO:0033687,osteoblast proliferation,10/1068,25/12061,0.4,4.5172284644194765,5.4869456735030075,2.6939840324496173e-5,9.144708046636863e-4,6.984995690380574e-4,SMAD3/BCL2/PLXNB1/BMP2/TNN/FGFR2/CTHRC1/HPSE/NELL1/JUNB,10,Module 1
GO:0003279,cardiac septum development,20/1068,83/12061,0.24096385542168675,2.7212219665177564,4.904389320432469,2.6963693738515214e-5,9.144708046636863e-4,6.984995690380574e-4,TP53/MDM2/LUZP1/MKS1/PRDM1/TGFBR1/ROBO1/SMAD6/HES1/BMP4/TBX2/NDST1/FZD1/TBX1/NOTCH1/FGFR2/TBX3/ROBO2/HEY2/PROX1,20,Module 1
GO:0040013,negative regulation of locomotion,42/1068,247/12061,0.1700404858299595,1.9202793067370239,4.554815776953661,2.731136361506747e-5,9.197390197693847e-4,7.025235859472507e-4,GADD45A/DUSP22/CTNNA1/TGFBR1/BCL2/PPARG/PFN2/SEMA4F/MCC/BCR/COL3A1/GCSAM/ROBO1/PTPRG/LRP1/DLG5/BMP4/PTPRU/RHOB/THBS1/TMEFF2/PLCB1/NR2F2/HMOX1/PHLDB2/TNN/NKX2-1/NOTCH1/SRGAP2/ADGRG1/TP53INP1/KLF4/SEMA6C/CCN3/CXCL13/MAGI2/FBLN1/ROBO2/EPHA4/SEMA3B/FRMD5/CX3CR1,42,Module 1
GO:0010817,regulation of hormone levels,50/1068,314/12061,0.1592356687898089,1.7982597390204917,4.467316595486272,3.0363713384176866e-5,0.0010153795622596768,7.755766318961628e-4,CTSB/RAB11FIP5/ACVR2B/PPARG/DGAT2/ILDR1/KDM5B/GNAZ/PICK1/CNR1/PFKFB2/PLEKHA1/SLC30A8/BRSK2/IRS2/SYT7/PLCB1/AKR1B15/BACE2/PRKCB/IL4I1/CD38/CPQ/EGR1/BMP2/DISP1/DOC2B/GIPR/PCSK5/CCN3/FFAR4/TPO/PRKD1/C1QTNF3/MYRIP/ALDH1A3/TBX3/CTSL/CYP26B1/SLCO1C1/PCSK6/FOXA1/PAPSS2/HTR2C/BBS1/CPE/MTNR1B/ADCY5/NLGN2/SRD5A1,50,Module 1
GO:0050804,modulation of chemical synaptic transmission,49/1068,307/12061,0.15960912052117263,1.802477155997999,4.439255986920781,3.417968113705208e-5,0.0011350502444262712,8.669846019413065e-4,PFN2/BCR/F2R/LARGE1/PICK1/HRH1/GRIN2C/MAPT/CNR1/TSHZ3/ADRB2/CYFIP1/CHRM2/SLC6A9/EGR2/NTRK1/SYT7/CACNB4/PLCB1/RAPSN/PRNP/CLSTN3/APP/PRKCB/EPHB2/CD38/PLAT/NCSTN/SQSTM1/CACNA1A/CBLN2/CPEB3/ADCY1/PLK2/NLGN3/EPHA4/NETO1/AKAP12/SNCA/CHRNB3/SYN3/DLGAP1/SLC1A1/CSPG5/CX3CR1/CBLN1/NRXN1/NLGN2/SLC6A4,49,Module 1
GO:0048858,cell projection morphogenesis,69/1068,480/12061,0.14375,1.623378979400749,4.3441109399690605,3.4444694578660854e-5,0.0011359622722424566,8.676812354842336e-4,PLXNB2/PLEKHG4/TRPV2/EPHA10/BCL2/SEMA4F/PTK2/FZD3/ROBO1/FLRT3/PARD3/TANC2/NEDD4/MAPT/NOVA2/CTNND2/ARX/CDK5R2/KNDC1/BRSK2/CYFIP1/EGR2/NTRK1/SYT3/DDR1/APP/PALLD/EPHB2/PLXNB1/NTN1/ZNF365/LHX1/TNN/NKX2-1/ARHGEF25/TSKU/NOTCH1/SRGAP2/CUL7/SHOX2/FARP1/UCHL1/UNC5C/ADCY1/FGFR2/PAX2/SEMA6C/ENAH/CNTN1/HECW2/NLGN3/NTN4/AMIGO1/ROBO2/EPHA4/UNC5B/SEMA3B/LRP4/MAP2/TLX2/BTBD3/ARTN/FEZ1/CSPG5/LPAR3/NRXN1/VANGL2/RET/CELSR3,69,Module 1
GO:0051149,positive regulation of muscle cell differentiation,14/1068,47/12061,0.2978723404255319,3.3638935373336523,5.060975032074409,3.5229993089092925e-5,0.001137019972158635,8.684891376412564e-4,MDM2/BCL2/SMARCD3/BMP4/LAMC1/TBX1/MMP14/NOTCH1/TRIM32/SHOX2/NID1/PRKD1/CYP26B1/PROX1,14,Module 1
GO:0007187,"G protein-coupled receptor signaling pathway, coupled to cyclic nucleotide second messenger",9/1068,21/12061,0.42857142857142855,4.839887640449438,5.489288881846589,3.566562020572883e-5,0.001137019972158635,8.684891376412564e-4,HRH1/CNR1/CHRM2/HRH4/OPRD1/HTR7/HTR2C/LPAR3/MTNR1B,9,Module 1
GO:0021983,pituitary gland development,9/1068,21/12061,0.42857142857142855,4.839887640449438,5.489288881846589,3.566562020572883e-5,0.001137019972158635,8.684891376412564e-4,HES1/BMP4/GATA2/BMP2/NKX2-1/SIX3/PITX2/PITX1/SRD5A1,9,Module 1
GO:0099174,regulation of presynapse organization,9/1068,21/12061,0.42857142857142855,4.839887640449438,5.489288881846589,3.566562020572883e-5,0.001137019972158635,8.684891376412564e-4,IL1RAP/CLSTN3/APP/FZD1/FARP1/CBLN2/SNCA/CBLN1/NLGN2,9,Module 1
GO:1905606,regulation of presynapse assembly,9/1068,21/12061,0.42857142857142855,4.839887640449438,5.489288881846589,3.566562020572883e-5,0.001137019972158635,8.684891376412564e-4,IL1RAP/CLSTN3/APP/FZD1/FARP1/CBLN2/SNCA/CBLN1/NLGN2,9,Module 1
GO:0001659,temperature homeostasis,28/1068,141/12061,0.19858156028368795,2.242595691555768,4.625966020032136,3.665015124470444e-5,0.0011606690281601101,8.86552978871554e-4,ACVR2B/TRPV2/TNFRSF11A/ACOT11/IL18R1/PCTP/IL1A/CNR1/NOVA2/HOXC10/ADRB2/ELOVL3/ELOVL6/LGR4/EGR1/ZNF516/FABP5/NOTCH1/SQSTM1/SFXN5/PDGFC/FFAR4/IGF2BP2/ZNF423/NOVA1/TLR4/SYK/OXT,28,Module 1
GO:0003203,endocardial cushion morphogenesis,11/1068,31/12061,0.3548387096774194,4.007218799081794,5.2253360651685865,4.0035432984122405e-5,0.0012513035328762963,9.557822666316117e-4,MDM2/TGFBR1/ROBO1/TBX2/BMP2/NOTCH1/TWIST1/TBX3/ROBO2/HEY2/SOX9,11,Module 1
GO:1902692,regulation of neuroblast proliferation,11/1068,31/12061,0.3548387096774194,4.007218799081794,5.2253360651685865,4.0035432984122405e-5,0.0012513035328762963,9.557822666316117e-4,TP53/CTNNA1/FZD3/SMARCD3/BTG2/GATA2/NOTCH1/SIX3/BCAN/CX3CR1/PROX1,11,Module 1
GO:0060749,mammary gland alveolus development,8/1068,17/12061,0.47058823529411764,5.314386428728795,5.548291812203376,4.325945750639212e-5,0.0013346240373907556,0.0010194249069418043,ID2/TNFRSF11A/HOXA5/SOCS2/DDR1/ERBB4/FOXF1/TPH1,8,Module 1
GO:0061377,mammary gland lobule development,8/1068,17/12061,0.47058823529411764,5.314386428728795,5.548291812203376,4.325945750639212e-5,0.0013346240373907556,0.0010194249069418043,ID2/TNFRSF11A/HOXA5/SOCS2/DDR1/ERBB4/FOXF1/TPH1,8,Module 1
GO:0061323,cell proliferation involved in heart morphogenesis,7/1068,13/12061,0.5384615384615384,6.080884471333909,5.712874492740941,4.4553924614656986e-5,0.0013463627863586842,0.0010283913070207652,MKS1/HES1/SIX1/NOTCH1/TBX3/EYA1/SOX9,7,Module 1
GO:0090189,regulation of branching involved in ureteric bud morphogenesis,7/1068,13/12061,0.5384615384615384,6.080884471333909,5.712874492740941,4.4553924614656986e-5,0.0013463627863586842,0.0010283913070207652,HOXB7/BMP4/SIX1/LGR4/LHX1/PAX2/SOX9,7,Module 1
GO:2000136,regulation of cell proliferation involved in heart morphogenesis,7/1068,13/12061,0.5384615384615384,6.080884471333909,5.712874492740941,4.4553924614656986e-5,0.0013463627863586842,0.0010283913070207652,MKS1/HES1/SIX1/NOTCH1/TBX3/EYA1/SOX9,7,Module 1
GO:0007507,heart development,62/1068,422/12061,0.14691943127962084,1.6591715923815609,4.296334040109826,4.482250544278602e-5,0.0013463627863586842,0.0010283913070207652,TP53/WDR11/MDM2/BASP1/ID2/LUZP1/MKS1/SMAD3/ACVR2B/PRDM1/TGFBR1/RUNX1/PTK2/RNF207/CDKN1A/COL3A1/FOXP1/ROBO1/SMARCD3/IL1A/FLRT3/LARGE1/SMAD6/HES1/DYNC2H1/BMP4/TBX2/NDST1/RYR1/CLUAP1/SIX1/FZD1/GJC1/ERBB4/TBX1/PDLIM1/SPRY1/BMP2/DZIP1/DNAAF4/NOTCH1/TWIST1/SHOX2/IFT172/FGFR2/ACTN2/PCSK5/ADAMTS1/PITX2/TBX3/SMAD1/ROBO2/RARB/HEY2/EYA1/DNAI1/SOX9/CPE/SLC8A1/FOXF1/PROX1/VANGL2,62,Module 1
GO:0051146,striated muscle cell differentiation,36/1068,204/12061,0.17647058823529413,1.992894910773298,4.457918503005116,4.529220155092621e-5,0.0013463627863586842,0.0010283913070207652,NFATC2/SELENON/BCL2/FOXP1/PTGFRN/CXCL10/LARGE1/TMOD2/BMP4/RYR1/SIX1/KRT8/MYMX/TANC1/TBX1/MMP14/BMP2/TNNT1/NOTCH1/TRIM32/HDAC4/BCL9/SHOX2/ACTN2/CCN3/KCNH1/PRKD1/CASQ1/IGF2/TBX3/CYP26B1/RARB/HEY2/CXCL9/SLC8A1/PROX1,36,Module 1
GO:0014033,neural crest cell differentiation,16/1068,60/12061,0.26666666666666666,3.011485642946317,4.868386065608687,4.5329236429056494e-5,0.0013463627863586842,0.0010283913070207652,SEMA4F/NRTN/HES1/BMP4/SIX1/ERBB4/TBX1/TWIST1/SEMA6C/GSC/PITX2/SEMA3B/SOX9/RET/FBXL17/LAMA5,16,Module 1
GO:0010562,positive regulation of phosphorus metabolic process,69/1068,485/12061,0.1422680412371134,1.6066431136337311,4.250363256538855,4.8114095537732565e-5,0.0014115435881069762,0.0010781783113718568,CD86/TP53/CHP1/CSF1/DSTYK/BCL2/PFN2/PTK2/CDKN1A/TNFRSF11A/TYRO3/ROBO1/TNFRSF10A/SLCO3A1/MAPT/SASH1/TLR6/MAPRE3/HES1/FGFR3/BMP4/GPNMB/SNX9/HSPA2/KNDC1/CLCF1/ADRB2/TTBK1/THBS1/NEK10/NTRK1/TENM1/CD24/DDR1/PRNP/APP/PRR5/SPRY2/FZD1/ERBB4/TBX1/PECAM1/IL31RA/TSLP/BMP2/BANK1/SQSTM1/IL6ST/FGFR2/OPRD1/PDGFC/MAGI2/GAS6/PRKD1/GFRA1/EPHA4/ADRA2C/ANGPT1/LRP4/LRRK1/PLPP3/TLR4/SNCA/SYK/HTR2C/SOX9/CX3CR1/PROX1/RET,69,Module 1
GO:0045937,positive regulation of phosphate metabolic process,69/1068,485/12061,0.1422680412371134,1.6066431136337311,4.250363256538855,4.8114095537732565e-5,0.0014115435881069762,0.0010781783113718568,CD86/TP53/CHP1/CSF1/DSTYK/BCL2/PFN2/PTK2/CDKN1A/TNFRSF11A/TYRO3/ROBO1/TNFRSF10A/SLCO3A1/MAPT/SASH1/TLR6/MAPRE3/HES1/FGFR3/BMP4/GPNMB/SNX9/HSPA2/KNDC1/CLCF1/ADRB2/TTBK1/THBS1/NEK10/NTRK1/TENM1/CD24/DDR1/PRNP/APP/PRR5/SPRY2/FZD1/ERBB4/TBX1/PECAM1/IL31RA/TSLP/BMP2/BANK1/SQSTM1/IL6ST/FGFR2/OPRD1/PDGFC/MAGI2/GAS6/PRKD1/GFRA1/EPHA4/ADRA2C/ANGPT1/LRP4/LRRK1/PLPP3/TLR4/SNCA/SYK/HTR2C/SOX9/CX3CR1/PROX1/RET,69,Module 1
GO:0120039,plasma membrane bounded cell projection morphogenesis,68/1068,477/12061,0.14255765199161424,1.609913708493314,4.236424549786726,5.115220123712925e-5,0.0014915233311948298,0.0011392691803134693,PLXNB2/PLEKHG4/TRPV2/EPHA10/BCL2/SEMA4F/PTK2/FZD3/ROBO1/FLRT3/PARD3/TANC2/NEDD4/MAPT/NOVA2/CTNND2/ARX/CDK5R2/KNDC1/BRSK2/CYFIP1/EGR2/NTRK1/SYT3/DDR1/APP/PALLD/EPHB2/PLXNB1/NTN1/ZNF365/LHX1/TNN/NKX2-1/ARHGEF25/TSKU/NOTCH1/SRGAP2/CUL7/SHOX2/FARP1/UCHL1/UNC5C/ADCY1/FGFR2/PAX2/SEMA6C/ENAH/CNTN1/HECW2/NLGN3/NTN4/AMIGO1/ROBO2/EPHA4/UNC5B/SEMA3B/LRP4/MAP2/TLX2/BTBD3/ARTN/FEZ1/LPAR3/NRXN1/VANGL2/RET/CELSR3,68,Module 1
GO:0007178,transmembrane receptor protein serine/threonine kinase signaling pathway,43/1068,262/12061,0.16412213740458015,1.8534429768133345,4.353150881487316,5.247400155225404e-5,0.0015207919722598714,0.001161625425112099,TP53/DUSP22/SMAD3/ACVR2B/TGFBR1/PPARG/GLCE/PTK2/LATS2/LTBP1/RBPMS/COL3A1/LRP1/SMAD6/DSG4/HES1/BMP4/ONECUT1/THBS1/PXN/SPRY2/FZD1/FOS/EGR1/SPRY1/BMP2/SMAD9/HPGD/NKX2-1/NOTCH1/FSTL5/CCN3/IGSF1/MAGI2/ZNF423/SMAD1/PCSK6/ITGA8/DMRT1/MSTN/FSTL1/CRIM1/ITGB5,43,Module 1
GO:0061351,neural precursor cell proliferation,25/1068,122/12061,0.20491803278688525,2.3141539264444035,4.547192526678254,5.494090502715636e-5,0.0015810398954701533,0.0012076445524403867,TP53/PLXNB2/ID2/CTNNA1/FZD3/SMARCD3/BTG2/SOX5/ARX/GATA2/POU3F3/PITX3/LHX1/NOTCH1/ADGRG1/SIX3/FGFR2/RARB/BCAN/ARTN/BBS1/CX3CR1/PROX1/SLC6A4/DISP3,25,Module 1
GO:0090183,regulation of kidney development,9/1068,22/12061,0.4090909090909091,4.619892747701737,5.296793020869091,5.563315063774659e-5,0.0015810398954701533,0.0012076445524403867,BASP1/HOXB7/BMP4/SIX1/LGR4/LHX1/PAX2/SOX9/RET,9,Module 1
GO:0001755,neural crest cell migration,11/1068,32/12061,0.34375,3.881993211610487,5.088084866547276,5.616075234601347e-5,0.0015810398954701533,0.0012076445524403867,SEMA4F/NRTN/BMP4/ERBB4/TBX1/TWIST1/SEMA6C/PITX2/SEMA3B/RET/LAMA5,11,Module 1
GO:0099172,presynapse organization,11/1068,32/12061,0.34375,3.881993211610487,5.088084866547276,5.616075234601347e-5,0.0015810398954701533,0.0012076445524403867,IL1RAP/CLSTN3/APP/FZD1/FARP1/CBLN2/NLGN3/LRP4/SNCA/CBLN1/NLGN2,11,Module 1
GO:0072132,mesenchyme morphogenesis,13/1068,43/12061,0.3023255813953488,3.4141843045030917,4.94298982299528,5.6205935221649114e-5,0.0015810398954701533,0.0012076445524403867,MDM2/SMAD3/TGFBR1/ROBO1/TBX2/BMP2/NOTCH1/TWIST1/TBX3/ROBO2/HEY2/SOX9/FOXF1,13,Module 1
GO:0007405,neuroblast proliferation,15/1068,55/12061,0.2727272727272727,3.079928498467824,4.818720614763293,5.868891655256606e-5,0.001641230403241935,0.0012536198241760801,TP53/PLXNB2/CTNNA1/FZD3/SMARCD3/BTG2/SOX5/GATA2/NOTCH1/SIX3/FGFR2/BCAN/ARTN/CX3CR1/PROX1,15,Module 1
GO:0007189,adenylate cyclase-activating G protein-coupled receptor signaling pathway,19/1068,81/12061,0.2345679012345679,2.648992000739816,4.641237745690423,6.327310141500335e-5,0.0017591393660845698,0.001343682141432446,ADGRL2/ADGRL1/CXCL10/GPR157/CNR1/GNAL/ADRB2/LGR4/ADGRG1/LPAR2/ADCY1/CXCL11/GIPR/ADGRL3/ADRA2C/ABCA1/CXCL9/LPAR3/ADCY5,19,Module 1
GO:2000177,regulation of neural precursor cell proliferation,17/1068,68/12061,0.25,2.823267790262172,4.699397327785492,6.477968141064228e-5,0.0017906152399172913,0.001367724335229259,TP53/ID2/CTNNA1/FZD3/SMARCD3/BTG2/GATA2/PITX3/LHX1/NOTCH1/ADGRG1/SIX3/BCAN/CX3CR1/PROX1/SLC6A4/DISP3,17,Module 1
GO:0014902,myotube differentiation,20/1068,88/12061,0.22727272727272727,2.56660708205652,4.597281493329214,6.611603924952956e-5,0.001817051147650864,0.0013879168553893985,NFATC2/SELENON/BCL2/PTGFRN/CXCL10/LARGE1/RYR1/SIX1/MYMX/TANC1/TBX1/MMP14/NOTCH1/HDAC4/BCL9/SHOX2/CCN3/KCNH1/CYP26B1/CXCL9,20,Module 1
GO:0043549,regulation of kinase activity,60/1068,410/12061,0.14634146341463414,1.6526445601534667,4.190715862816105,6.65307631144311e-5,0.0018180006240754833,0.0013886420932756446,CD86/GADD45A/CHP1/HSPB1/DUSP22/CSF1/DSTYK/PPARG/PTK2/CDKN1A/LATS2/ZFYVE28/TNFRSF11A/TYRO3/ROBO1/TNFRSF10A/CAMK2N1/MAPT/SASH1/TLR6/MAPRE3/FGFR3/SNX9/CDK5R2/CCNB3/HHEX/ADRB2/IRS2/TTBK1/THBS1/NEK10/MAPK8IP1/NTRK1/TENM1/CD24/DDR1/PRNP/APP/EPHB2/PYCARD/SPRY2/ERBB4/NR2F2/SPRY1/BMP2/UCHL1/FGFR2/PDGFC/DBNDD1/GAS6/EPHA4/ADRA2C/ANGPT1/TLR4/SNCA/SLC8A1/PROX1/RET/PTPRB/CCNP,60,Module 1
GO:0007368,determination of left/right symmetry,21/1068,95/12061,0.22105263157894736,2.4963630987581316,4.563787971126826,6.756464767818001e-5,0.001835762188619641,0.001402208896191894,MKS1/SMAD3/ACVR2B/GAS8/RNF207/DYNC2H1/TBX2/CLUAP1/TBX1/DNAAF4/NOTCH1/DISP1/IFT172/PITX2/TBX3/PCSK6/DNAI1/FOXF1/VANGL2/DNAI2/CFAP53,21,Module 1
GO:0001667,ameboidal-type cell migration,49/1068,316/12061,0.1550632911392405,1.7511407813018536,4.217348968090717,7.261837248419865e-5,0.0019520501846182889,0.0014910330715237985,GADD45A/HSPB1/LGALS8/TGFBR1/PPARG/PFN2/SEMA4F/PTK2/MCC/NRTN/EPB41L4B/FOXP1/ROBO1/PTPRG/SASH1/BMP4/RHOB/IRS2/THBS1/PXN/GATA2/ERBB4/TBX1/SPARC/PDLIM1/NR2F2/HMOX1/NOTCH1/SRGAP2/TWIST1/RIN2/KLF4/PLK2/SEMA6C/CCN3/CXCL13/AMOTL1/PITX2/PRKD1/NANOS1/ANGPT1/SEMA3B/PLPP3/AKAP12/SOX9/FSTL1/PROX1/RET/LAMA5,49,Module 1
GO:0007158,neuron cell-cell adhesion,6/1068,10/12061,0.6,6.775842696629213,5.695147544850363,7.306921435522244e-5,0.0019520501846182889,0.0014910330715237985,NCAM2/ASTN2/NLGN3/NRXN1/RET/NLGN2,6,Module 1
GO:0098664,G protein-coupled serotonin receptor signaling pathway,6/1068,10/12061,0.6,6.775842696629213,5.695147544850363,7.306921435522244e-5,0.0019520501846182889,0.0014910330715237985,GNAZ/HRH1/CHRM2/HRH4/HTR7/HTR2C,6,Module 1
GO:0050673,epithelial cell proliferation,46/1068,291/12061,0.15807560137457044,1.7851590151485899,4.225878934147464,7.487572226677261e-5,0.001989198354887259,0.0015194079313783685,ID2/SMAD3/TGFBR1/PPARG/CDKN1A/BCL2L2/MCC/KDM5B/ROBO1/BID/HOXA5/HES1/EGFL7/BMP4/TBX2/ARX/IRS2/THBS1/SIX1/GATA2/LAMC1/CCR3/TBX1/LGR4/SPARC/NR2F2/MMP14/HMOX1/NOTCH1/NCSTN/TWIST1/EAF2/IFT172/FGFR2/PAX2/CCN3/PRKD1/IGF2/CYP7B1/SULF2/EYA1/SOX9/GPR15LG/COL4A3/PROX1/LAMA5,46,Module 1
GO:0021537,telencephalon development,35/1068,201/12061,0.17412935323383086,1.9664551772970356,4.306639976010732,7.617608005145071e-5,0.002012563617712913,0.0015372550030737656,ID2/COL3A1/FOXP1/ROBO1/BTG2/LARGE1/HES1/BMP4/ARX/CDK5R2/PLCB1/CCDC85C/EPHB2/POU3F3/ERBB4/LHX1/BMP2/DCLK2/NKX2-1/TSKU/SRGAP2/ADGRG1/SLC2A1/SIX3/FAT4/ALDH1A3/ROBO2/RARB/BCAN/BTBD3/FEZ1/BBS1/PROX1/SRD5A1/SRGAP2C,35,Module 1
GO:0090497,mesenchymal cell migration,11/1068,33/12061,0.3333333333333333,3.7643570536828963,4.956276922475503,7.755474764992854e-5,0.0020377296882525178,0.001556477584414413,SEMA4F/NRTN/BMP4/ERBB4/TBX1/TWIST1/SEMA6C/PITX2/SEMA3B/RET/LAMA5,11,Module 1
GO:0050767,regulation of neurogenesis,44/1068,275/12061,0.16,1.8068913857677902,4.218901382898699,7.993607489295095e-5,0.0020888213668748164,0.0015955029041043417,TP53/PLXNB2/ID2/CTNNA1/TRPV2/SEMA4F/FZD3/ROBO1/SMARCD3/BTG2/MAPT/HES1/CLCF1/CYFIP1/TTBK1/EGR2/HLTF/EPHB2/GATA2/PLXNB1/NTN1/ZNF365/PRTG/PITX3/BMP2/NOTCH1/TRIM32/CUL7/IL6ST/SHOX2/SEMA6C/AMIGO1/ROBO2/EPHA4/HEY2/SEMA3B/LRP4/BCAN/MAP2/TLX2/LPAR3/CX3CR1/PROX1/ANXA2,44,Module 1
GO:0001759,organ induction,7/1068,14/12061,0.5,5.646535580524344,5.42194360435936,8.229849580297264e-5,0.002138866342009865,0.0016337287210315507,ROBO1/BMP4/SIX1/SPRY1/BMP2/HOXC11/ROBO2,7,Module 1
GO:0099601,regulation of neurotransmitter receptor activity,9/1068,23/12061,0.391304347826087,4.419027845627748,5.11552901871214,8.425060018361659e-5,0.0021777641625840786,0.0016634400150051186,ADRB2/SLC6A9/APP/EPHB2/DAPK1/NLGN3/NETO1/DLGAP1/NLGN2,9,Module 1
GO:1902893,regulation of miRNA transcription,16/1068,63/12061,0.25396825396825395,2.868081564710778,4.633539256111145,8.614551771524021e-5,0.0022147734715821433,0.0016917088085562169,TP53/SMAD3/PPARG/SMAD6/BMP4/GATA2/FOS/EGR1/BMP2/TWIST1/KLF4/TEAD1/SMAD1/FOSL1/FOXA1/SOX9,16,Module 1
GO:0007517,muscle organ development,41/1068,251/12061,0.16334661354581673,1.844684930689228,4.215099438849068,8.668339360376447e-5,0.0022166844289476027,0.001693168453729596,SELENON/BASP1/SMAD3/TGFBR1/BCL2/HIVEP3/SVIL/COL3A1/BTG2/CXCL10/TCF12/LARGE1/BMP4/TLL2/EGR2/RYR1/SIX1/FZD1/MYMX/TBX1/NR2F2/FOS/EGR1/BMP2/NOTCH1/DISP1/BCL9/TWIST1/SHOX2/FGFR2/GSC/HLF/CASQ1/IGF2/MYLK/CYP26B1/HEY2/PITX1/MSTN/PROX1/LAMA5,41,Module 1
GO:0001503,ossification,46/1068,293/12061,0.15699658703071673,1.7729736293796579,4.174921600728175,8.858352906993129e-5,0.0022532257234702735,0.001721079764124645,CSF1/SMAD3/ACVR2B/CHSY1/BCL2/PPARG/RUNX1/PTK2/TNFRSF11A/MRC2/SMAD6/LOC102724560/FGFR3/BMP4/CBS/CEBPA/ADRB2/EGR2/RYR1/KLF10/PLXNB1/FZD1/LGR4/MMP14/BMP2/TNN/NOTCH1/TENT5A/TWIST1/IL6ST/SHOX2/FGFR2/FFAR4/PRKD1/IGF2/SMAD1/CTHRC1/LRP4/NELL1/SOX9/SLC8A1/CRIM1/CLEC11A/JUNB/TPH1/NAB1,46,Module 1
GO:1905330,regulation of morphogenesis of an epithelium,12/1068,39/12061,0.3076923076923077,3.47479112647652,4.8248482450489805,8.94250323389666e-5,0.0022586320479305523,0.0017252092730016108,HOXB7/RNF207/FOXP1/CXCL10/BMP4/TBX2/SIX1/LGR4/LHX1/PAX2/NTN4/SOX9,12,Module 1
GO:0071417,cellular response to organonitrogen compound,62/1068,432/12061,0.14351851851851852,1.6207648425579135,4.095424903220393,8.974071290397426e-5,0.0022586320479305523,0.0017252092730016108,TP53/SELENON/MDM2/CTNNA1/RHOQ/PPARG/PTK2/BCL2L2/COL3A1/MTCL2/PDK2/LRP1/PTPRE/HRH1/RRAGD/TLR6/GNAL/ADRB2/SORBS1/CYFIP1/SOCS2/IRS2/PLCB1/RYR1/PXN/PRNP/APP/PRKCB/SIX1/EPHB2/PNPLA3/FOS/EGR1/ITPR2/C2CD5/NCSTN/SELENOS/CACNA1A/PDE3A/CASTOR3P/SOS2/CPEB3/KLF4/ACTN2/PDGFC/PRKD1/IGF2/RAPGEF3/AMIGO1/EPHA4/GABRB2/DNAI1/TLR4/SOX9/SLC1A1/MSTN/SLC8A1/ADCY5/SLC6A4/KLHL22/SRD5A1/GKAP1,62,Module 1
GO:0035107,appendage morphogenesis,22/1068,104/12061,0.21153846153846154,2.3889188994526074,4.433876669439791,9.214912533912161e-5,0.0022950891529774976,0.001753056277010702,MKS1/COL3A1/LARGE1/HOXC10/DYNC2H1/BMP4/TBX2/SP9/HOXC11/NOTCH1/TULP3/TWIST1/SHOX2/FGFR2/PCSK5/AFF3/TBX3/CYP26B1/RARB/LRP4/PITX1/SOX9,22,Module 1
GO:0035108,limb morphogenesis,22/1068,104/12061,0.21153846153846154,2.3889188994526074,4.433876669439791,9.214912533912161e-5,0.0022950891529774976,0.001753056277010702,MKS1/COL3A1/LARGE1/HOXC10/DYNC2H1/BMP4/TBX2/SP9/HOXC11/NOTCH1/TULP3/TWIST1/SHOX2/FGFR2/PCSK5/AFF3/TBX3/CYP26B1/RARB/LRP4/PITX1/SOX9,22,Module 1
GO:0002067,glandular epithelial cell differentiation,14/1068,51/12061,0.27450980392156865,3.1000587500917973,4.6843161140278795,9.527326204997949e-5,0.0023606048659222897,0.0018030990963372176,HOXA5/HES1/BMP4/ONECUT1/GATA2/IL31RA/BMP2/NOTCH1/KLF4/FGFR2/RARB/FOXA1/SOX9/PROX1,14,Module 1
GO:1901888,regulation of cell junction assembly,27/1068,141/12061,0.19148936170212766,2.1625029882859192,4.32779492037626,9.649830463246563e-5,0.0023786334677961376,0.001816869870182614,DUSP22/SMAD3/PTK2/F11R/FLRT3/IL1RAP/DLG5/THBS1/NTRK1/CLSTN3/APP/SIX1/EPHB2/FZD1/NTN1/MMP14/PHLDB2/FARP1/CBLN2/PTPN13/NLGN3/AMIGO1/ROBO2/SNCA/CBLN1/NRXN1/NLGN2,27,Module 1
GO:2000146,negative regulation of cell motility,38/1068,228/12061,0.16666666666666666,1.8821785268414482,4.191578845905838,1.0080451971573576e-4,0.0024720369911828124,0.0018882142154580462,GADD45A/DUSP22/CTNNA1/TGFBR1/BCL2/PPARG/PFN2/MCC/BCR/COL3A1/GCSAM/ROBO1/PTPRG/LRP1/DLG5/BMP4/PTPRU/RHOB/THBS1/TMEFF2/PLCB1/NR2F2/HMOX1/PHLDB2/TNN/NKX2-1/NOTCH1/SRGAP2/ADGRG1/TP53INP1/KLF4/CCN3/CXCL13/MAGI2/FBLN1/EPHA4/FRMD5/CX3CR1,38,Module 1
GO:0043010,camera-type eye development,37/1068,220/12061,0.16818181818181818,1.8992892407218251,4.195828355203313,1.0215525768327084e-4,0.0024923798073540875,0.0019037526539256169,SMAD3/ACVR2B/PRDM1/TGFBR1/ZHX2/KDM5B/SMARCD3/PLAAT3/LARGE1/HES1/BMP4/TBX2/PROM1/EPHB2/SPRY2/PITX3/LHX1/SPRY1/TSKU/NOTCH1/TULP3/TWIST1/IFT172/SIX3/SAMD11/KLF4/PAX2/SOX1/PITX2/ALDH1A3/CRB1/FAT3/SOX9/SLC1A1/PROX1/MTNR1B/RET,37,Module 1
GO:0061614,miRNA transcription,16/1068,64/12061,0.25,2.823267790262172,4.558324971869742,1.0555763268046065e-4,0.002562317763847527,0.0019571733123227276,TP53/SMAD3/PPARG/SMAD6/BMP4/GATA2/FOS/EGR1/BMP2/TWIST1/KLF4/TEAD1/SMAD1/FOSL1/FOXA1/SOX9,16,Module 1
GO:0006790,sulfur compound metabolic process,39/1068,237/12061,0.16455696202531644,1.8583534821978853,4.159674061747637,1.087716925367144e-4,0.0026270011803564055,0.0020065803992684685,HEXB/ABCD1/CHST14/SLC27A2/CHSY1/GLCE/OPLAH/ACSS2/IDUA/DGAT2/ACOT11/MGST2/PDK2/TPST1/GGT1/HACD1/FAR2/LOC102724560/CBS/ACSM3/ELOVL3/NDST1/ELOVL6/GGT7/HS3ST3A1/TPK1/GUSB/SUOX/FITM2/ACOT4/CHST3/HPSE/HS3ST5/ANGPT1/PAPSS2/SNCA/HS3ST1/SLC1A1/CHAC1,39,Module 1
GO:0021675,nerve development,15/1068,58/12061,0.25862068965517243,2.920621851995351,4.569957127041831,1.1397771921567466e-4,0.0027373321469841686,0.0020908544211924248,LRIG1/NRTN/HOXA1/LARGE1/HES1/HOXA3/EGR2/NTRK1/SIX1/EPHB2/TBX1/PAX2/SULF2/GABRB2/RET,15,Module 1
GO:0072210,metanephric nephron development,8/1068,19/12061,0.42105263157894735,4.754977330967869,5.105472894159672,1.1448482421514717e-4,0.0027373321469841686,0.0020908544211924248,HES1/BMP4/LGR4/LHX1/EGR1/PAX2/SOX9/RET,8,Module 1
GO:0035914,skeletal muscle cell differentiation,14/1068,52/12061,0.2692307692307692,3.0404422356669545,4.595933331537353,1.1988684349814286e-4,0.002852233261731936,0.002178619256028048,SELENON/HIVEP3/BTG2/LARGE1/EGR2/SIX1/TBX1/FOS/EGR1/NOTCH1/BCL9/HLF/CYP26B1/MSTN,14,Module 1
GO:0051145,smooth muscle cell differentiation,13/1068,46/12061,0.2826086956521739,3.191520110731151,4.641556644952242,1.217093542899751e-4,0.0028812580802705986,0.002200789262043844,NFATC2/SMARCD3/HES1/BMP4/TBX2/SIX1/NOTCH1/FGFR2/TBX3/HEY2/ITGA8/SOX9/FOXF1,13,Module 1
GO:0007626,locomotory behavior,25/1068,128/12061,0.1953125,2.2056779611423223,4.274276896098478,1.2442818702695574e-4,0.002931111282575874,0.0022388685972700877,HEXB/ID2/ZNF385A/LARGE1/C1QL1/CACNB4/APP/ASL/PITX3/CIART/EGR1/NKX2-1/UCHL1/OPRD1/CNTN1/DMBX1/ALDH1A3/GPR37/EPHA4/SNCA/HTR2C/SLC1A1/MCOLN3/ADCY5/NLGN2,25,Module 1
GO:0023061,signal release,49/1068,323/12061,0.15170278637770898,1.7131903618928352,4.049587994488926,1.2634173050335778e-4,0.0029615988003287106,0.002262155855761876,RAB11FIP5/ACVR2B/PPARG/PFN2/SNPH/TNFRSF11A/ILDR1/KDM5B/F2R/IL1A/GNAZ/PICK1/CNR1/PFKFB2/SLC30A8/BRSK2/IRS2/SYT7/CACNB4/SYT3/PLCB1/LILRB1/PRKCB/CD38/SV2A/DOC2B/GIPR/PCSK5/CTBP2/CCN3/FFAR4/PRKD1/C1QTNF3/MYRIP/TBX3/SYT8/ADRA2C/ABCA1/SNCA/SYK/HTR2C/SYN3/CSPG5/CPE/MTNR1B/ADCY5/NRXN1/NLGN2/SLC6A4,49,Module 1
GO:0001654,eye development,40/1068,247/12061,0.16194331983805668,1.828837434987642,4.102234829985486,1.2747539522761886e-4,0.0029735967803827972,0.00227132026413267,SMAD3/ACVR2B/PRDM1/TGFBR1/BCL2/ZHX2/KDM5B/SMARCD3/PLAAT3/LARGE1/HES1/BMP4/TBX2/MEIS3/PROM1/EPHB2/SPRY2/PITX3/LHX1/SPRY1/TSKU/NOTCH1/TULP3/TWIST1/IFT172/SIX3/SAMD11/KLF4/PAX2/SOX1/PITX2/ALDH1A3/RARB/CRB1/FAT3/SOX9/SLC1A1/PROX1/MTNR1B/RET,40,Module 1
GO:0007519,skeletal muscle tissue development,24/1068,121/12061,0.19834710743801653,2.2399479988856905,4.272628765621522,1.3149043301343094e-4,0.003037619568455202,0.0023202227437406834,SELENON/BCL2/HIVEP3/SVIL/BTG2/LARGE1/TLL2/EGR2/RYR1/SIX1/TBX1/NR2F2/FOS/EGR1/NOTCH1/BCL9/TWIST1/SHOX2/HLF/CASQ1/IGF2/CYP26B1/PITX1/MSTN,24,Module 1
GO:0021953,central nervous system neuron differentiation,24/1068,121/12061,0.19834710743801653,2.2399479988856905,4.272628765621522,1.3149043301343094e-4,0.003037619568455202,0.0023202227437406834,BTG2/MAPT/NOVA2/HOXC10/HES1/DYNC2H1/ARX/KNDC1/EPHB2/GATA2/LHX1/DCLK2/NKX2-1/TSKU/TULP3/IFT172/FGFR2/SOX1/NDNF/EPHA4/MAP2/AGBL4/PROX1/CBLN1,24,Module 1
GO:0003281,ventricular septum development,15/1068,59/12061,0.2542372881355932,2.8711197867072937,4.490574979532741,1.4050093973429055e-4,0.003214715281384581,0.002455493633230865,MDM2/LUZP1/PRDM1/TGFBR1/ROBO1/SMAD6/HES1/BMP4/FZD1/NOTCH1/FGFR2/TBX3/ROBO2/HEY2/PROX1,15,Module 1
GO:0048708,astrocyte differentiation,15/1068,59/12061,0.2542372881355932,2.8711197867072937,4.490574979532741,1.4050093973429055e-4,0.003214715281384581,0.002455493633230865,ID2/LRP1/LARGE1/MAPT/HES1/CLCF1/TTBK1/APP/BMP2/NOTCH1/IL6ST/EPHA4/PLPP3/TLR4/SOX9,15,Module 1
GO:0003338,metanephros morphogenesis,7/1068,15/12061,0.4666666666666667,5.270099875156055,5.1577869549359106,1.4253409415782914e-4,0.003245704944108281,0.0024791644447502118,BASP1/HES1/BMP4/LGR4/LHX1/PAX2/SOX9,7,Module 1
GO:0009799,specification of symmetry,21/1068,100/12061,0.21,2.3715449438202247,4.29266961710367,1.4723978048462107e-4,0.003321229388101217,0.002536852225827384,MKS1/SMAD3/ACVR2B/GAS8/RNF207/DYNC2H1/TBX2/CLUAP1/TBX1/DNAAF4/NOTCH1/DISP1/IFT172/PITX2/TBX3/PCSK6/DNAI1/FOXF1/VANGL2/DNAI2/CFAP53,21,Module 1
GO:0009855,determination of bilateral symmetry,21/1068,100/12061,0.21,2.3715449438202247,4.29266961710367,1.4723978048462107e-4,0.003321229388101217,0.002536852225827384,MKS1/SMAD3/ACVR2B/GAS8/RNF207/DYNC2H1/TBX2/CLUAP1/TBX1/DNAAF4/NOTCH1/DISP1/IFT172/PITX2/TBX3/PCSK6/DNAI1/FOXF1/VANGL2/DNAI2/CFAP53,21,Module 1
GO:0021871,forebrain regionalization,6/1068,11/12061,0.5454545454545454,6.159856996935648,5.336317372173099,1.4869475129831395e-4,0.00332270233975952,0.002537977309420312,BMP4/LHX1/BMP2/NKX2-1/ADGRG1/SIX3,6,Module 1
GO:0060602,branch elongation of an epithelium,6/1068,11/12061,0.5454545454545454,6.159856996935648,5.336317372173099,1.4869475129831395e-4,0.00332270233975952,0.002537977309420312,BMP4/SIX1/SPRY2/SPRY1/FGFR2/SOX9,6,Module 1
GO:0150063,visual system development,40/1068,249/12061,0.1606425702811245,1.8141479776785043,4.046154565915497,1.5221164242558332e-4,0.0033854701119959973,0.002585921171195957,SMAD3/ACVR2B/PRDM1/TGFBR1/BCL2/ZHX2/KDM5B/SMARCD3/PLAAT3/LARGE1/HES1/BMP4/TBX2/MEIS3/PROM1/EPHB2/SPRY2/PITX3/LHX1/SPRY1/TSKU/NOTCH1/TULP3/TWIST1/IFT172/SIX3/SAMD11/KLF4/PAX2/SOX1/PITX2/ALDH1A3/RARB/CRB1/FAT3/SOX9/SLC1A1/PROX1/MTNR1B/RET,40,Module 1
GO:0060425,lung morphogenesis,12/1068,41/12061,0.2926829268292683,3.3052891203069334,4.608570774906332,1.5296582179963837e-4,0.003386493332619772,0.0025867027370601622,DLG5/HOXA5/BMP4/TBX2/SPRY2/SPRY1/NKX2-1/FGFR2/CELSR1/FOXA1/SOX9/FOXF1,12,Module 1
GO:1902895,positive regulation of miRNA transcription,13/1068,47/12061,0.2765957446808511,3.123615427524106,4.5465519012121876,1.5477499239619494e-4,0.0034107558232193743,0.0026052351375929978,TP53/SMAD3/PPARG/SMAD6/GATA2/FOS/EGR1/BMP2/KLF4/TEAD1/SMAD1/FOSL1/FOXA1,13,Module 1
GO:1901699,cellular response to nitrogen compound,66/1068,477/12061,0.13836477987421383,1.5625633053023342,3.9075314494560165,1.6133111775593385e-4,0.0035389238766462185,0.0027031336485422042,TP53/SELENON/MDM2/CTNNA1/RHOQ/PPARG/PTK2/BCL2L2/COL3A1/MTCL2/PDK2/LRP1/PTPRE/LARGE1/HRH1/RRAGD/TLR6/GNAL/ADRB2/SORBS1/CYFIP1/CHRM2/SOCS2/IRS2/PLCB1/RYR1/PXN/PRNP/APP/PRKCB/SIX1/EPHB2/HRH4/PNPLA3/FOS/EGR1/ITPR2/C2CD5/NCSTN/SELENOS/CACNA1A/PDE3A/CASTOR3P/SOS2/CPEB3/KLF4/ACTN2/PDGFC/PRKD1/IGF2/RAPGEF3/AMIGO1/EPHA4/GABRB2/DNAI1/TLR4/CHRNB3/SOX9/SLC1A1/MSTN/SLC8A1/ADCY5/SLC6A4/KLHL22/SRD5A1/GKAP1,66,Module 1
GO:0048880,sensory system development,40/1068,250/12061,0.16,1.8068913857677902,4.018305158383623,1.661360010950351e-4,0.0036276819965135065,0.00277092969862904,SMAD3/ACVR2B/PRDM1/TGFBR1/BCL2/ZHX2/KDM5B/SMARCD3/PLAAT3/LARGE1/HES1/BMP4/TBX2/MEIS3/PROM1/EPHB2/SPRY2/PITX3/LHX1/SPRY1/TSKU/NOTCH1/TULP3/TWIST1/IFT172/SIX3/SAMD11/KLF4/PAX2/SOX1/PITX2/ALDH1A3/RARB/CRB1/FAT3/SOX9/SLC1A1/PROX1/MTNR1B/RET,40,Module 1
GO:0060972,left/right pattern formation,21/1068,101/12061,0.2079207920792079,2.348064300812103,4.240400443606881,1.7068153506473647e-4,0.0037087116696156394,0.0028328225348491646,MKS1/SMAD3/ACVR2B/GAS8/RNF207/DYNC2H1/TBX2/CLUAP1/TBX1/DNAAF4/NOTCH1/DISP1/IFT172/PITX2/TBX3/PCSK6/DNAI1/FOXF1/VANGL2/DNAI2/CFAP53,21,Module 1
GO:0045596,negative regulation of cell differentiation,63/1068,451/12061,0.13968957871396895,1.5775243528737637,3.8962214188523068,1.7286302198372443e-4,0.0037087116696156394,0.0028328225348491646,TP53/NFATC2/ID2/SMAD3/CTNNA1/TGFBR1/PPARG/RUNX1/ZHX2/SEMA4F/FOXP1/BTG2/IL1A/CXCL10/ITPKB/HOXA5/SMAD6/GPR137B/HES1/BMP4/CEBPA/DACT3/LILRB1/APP/EPHB2/GATA2/SPRY2/NTN1/TBX1/PRTG/PITX3/SPRY1/BMP2/TNN/NKX2-1/TSKU/NOTCH1/HDAC4/USF3/TWIST1/TP53INP1/SIX3/SEMA6C/CCN3/IGF2/TBX3/SMAD1/EPHA4/RARB/HEY2/SEMA3B/LRP4/MAP2/TLX2/ABCA1/FOXA1/TLR4/SOX9/MSTN/PROX1/CRIM1/SLC6A4/DISP3,63,Module 1
GO:0007613,memory,18/1068,80/12061,0.225,2.540941011235955,4.310083059165738,1.7294912219244826e-4,0.0037087116696156394,0.0028328225348491646,ATXN1/ACSS2/CAMK2N1/LARGE1/HRH1/MAPT/CNR1/FOXO6/PLCB1/PRNP/CPEB3/ADCY1/PLK2/ITGA8/NETO1/SLC1A1/CX3CR1/SLC6A4,18,Module 1
GO:0030278,regulation of ossification,18/1068,80/12061,0.225,2.540941011235955,4.310083059165738,1.7294912219244826e-4,0.0037087116696156394,0.0028328225348491646,CSF1/SMAD3/ACVR2B/CHSY1/BCL2/SMAD6/BMP4/ADRB2/EGR2/BMP2/NOTCH1/TENT5A/TWIST1/LRP4/NELL1/SOX9/SLC8A1/TPH1,18,Module 1
GO:0035137,hindlimb morphogenesis,8/1068,20/12061,0.4,4.5172284644194765,4.906654349573997,1.7606624299186627e-4,0.0037254370530402856,0.002845597872295184,LARGE1/BMP4/NOTCH1/TWIST1/AFF3/TBX3/RARB/PITX1,8,Module 1
GO:0048710,regulation of astrocyte differentiation,8/1068,20/12061,0.4,4.5172284644194765,4.906654349573997,1.7606624299186627e-4,0.0037254370530402856,0.002845597872295184,ID2/HES1/CLCF1/TTBK1/BMP2/NOTCH1/IL6ST/EPHA4,8,Module 1
GO:0048745,smooth muscle tissue development,8/1068,20/12061,0.4,4.5172284644194765,4.906654349573997,1.7606624299186627e-4,0.0037254370530402856,0.002845597872295184,COL3A1/BMP4/SIX1/TNN/MYLK/ITGA8/SOX9/PROX1,8,Module 1
GO:0031345,negative regulation of cell projection organization,27/1068,146/12061,0.18493150684931506,2.088444666769278,4.124173492317025,1.772249190073795e-4,0.0037334341968867347,0.002851706324857904,MDM2/GLCE/PFN2/SEMA4F/PTPRG/RTN4RL2/ITM2C/PRAG1/HES1/PRNP/EPHB2/CD38/MINAR1/SPRY2/NTN1/ZNF365/STMN2/TSKU/TRIM32/SEMA6C/EPHA4/SEMA3B/LRP4/MAP2/FAT3/TLX2/SRGAP2C,27,Module 1
GO:0061005,cell differentiation involved in kidney development,11/1068,36/12061,0.3055555555555556,3.450660632542655,4.589792462904709,1.8792910000044297e-4,0.003916852306988863,0.0029918064463781632,BASP1/PODXL/HES1/PROM1/CD24/POU3F3/LGR4/LHX1/NOTCH1/PAX2/MAGI2,11,Module 1
GO:0048732,gland development,47/1068,311/12061,0.15112540192926044,1.706669918229223,3.9353107506345713,1.8878908174950668e-4,0.003916852306988863,0.0029918064463781632,ID2/CSF1/SMAD3/TGFBR1/BCL2/ATP7B/TNFRSF11A/KDM5B/ROBO1/HOXA5/HES1/HOXA3/BMP4/TBX2/CEBPA/SOCS2/IRS2/ONECUT1/CACNB4/DDR1/SIX1/GATA2/ERBB4/NTN1/TBX1/BMP2/NKX2-1/NOTCH1/EAF2/E2F7/SIX3/FGFR2/PITX2/IGF2/NTN4/CYP7B1/ALDH1A3/TBX3/SULF2/FOXA1/PITX1/SOX9/FOXF1/PROX1/TPH1/SRD5A1/LAMA5,47,Module 1
GO:0050807,regulation of synapse organization,30/1068,170/12061,0.17647058823529413,1.992894910773298,4.063682063637673,1.8982731166773337e-4,0.003916852306988863,0.0029918064463781632,ADGRL1/FLRT3/TANC2/IL1RAP/NEDD4/DLG5/CYFIP1/RHOB/C1QL1/NTRK1/PRNP/CLSTN3/APP/SIX1/EPHB2/FZD1/NTN1/TANC1/FARP1/CBLN2/PTPN13/NLGN3/AMIGO1/ROBO2/EPHA4/LRP4/SNCA/CBLN1/NRXN1/NLGN2,30,Module 1
GO:0035148,tube formation,22/1068,109/12061,0.2018348623853211,2.2793354636979006,4.181947360090836,1.899773997112013e-4,0.003916852306988863,0.0029918064463781632,PLXNB2/LUZP1/MKS1/PODXL/FZD3/HOXA1/BMP4/CLUAP1/SIX1/FZD1/NOTCH1/TULP3/TWIST1/IFT172/FGFR2/PAX2/CELSR1/CTHRC1/SOX9/PROX1/VANGL2/RET,22,Module 1
GO:0061448,connective tissue development,33/1068,194/12061,0.17010309278350516,1.9209863315185913,4.03073962566122,1.908320172542743e-4,0.003916852306988863,0.0029918064463781632,NFATC2/CSF1/SMAD3/CHSY1/TGFBR1/PPARG/RUNX1/DGAT2/COL3A1/PLAAT3/SOX5/LARGE1/HOXA5/LOC102724560/FGFR3/HOXA3/BMP4/CBS/EGR1/ZNF516/BMP2/TSKU/NOTCH1/SHOX2/CCN3/SMAD1/SULF2/RARB/RASAL2/FOXA1/PITX1/SOX9/BBS1,33,Module 1
GO:0031589,cell-substrate adhesion,41/1068,260/12061,0.1576923076923077,1.7808304523192162,3.9672098858897438,1.9084621236478566e-4,0.003916852306988863,0.0029918064463781632,ACTN1/DUSP22/CSF1/SMAD3/BCL2/PTK2/TYRO3/BCR/COL3A1/SMAD6/SORBS1/ONECUT1/THBS1/DDR1/PXN/ITGAL/LAMC1/MMP14/PHLDB2/TNN/NOTCH1/SRGAP2/THSD1/RIN2/NID1/ACTN2/MICALL2/GAS6/NDNF/NTN4/FBLN1/HPSE/ANGPT1/ITGA8/ABI3BP/CSPG5/FOXF1/ITGB5/ACER2/ANXA2/LAMA5,41,Module 1
GO:0009617,response to bacterium,58/1068,408/12061,0.14215686274509803,1.6053875670118234,3.8774470164070873,1.94611069231714e-4,0.003977051850709642,0.0030377886200362017,CD86/NQO1/TNFRSF11A/BCR/FOXP1/MGST2/DHX58/F2R/IL1A/PLAAT3/CXCL10/CNR1/SMAD6/SASH1/TLR6/USP18/CYP2E1/TICAM2/CXCL8/MACROD2/CD24/LILRB1/BCL3/MAPKAPK2/EPHB2/PYCARD/FOS/TNIP3/BMP2/HPGD/BANK1/NOTCH1/HLA-A/SELENOS/TENT5A/OPTN/MR1/SPINK5/GBP2/FGFR2/CXCL11/CCR5/CXCL13/PRKD1/CHIT1/HMCN1/ABCA1/AKAP12/TLR4/SNCA/SYK/GPR15LG/CXCL9/CX3CR1/FCER1G/LGALS4/LYST/MAPKBP1,58,Module 1
GO:0021536,diencephalon development,12/1068,42/12061,0.2857142857142857,3.2265917602996255,4.505388451121801,1.9709830294040157e-4,0.0040107407857914905,0.0030635212147959393,HES1/BMP4/ARX/GATA2/BMP2/NKX2-1/SIX3/PITX2/NDNF/PITX1/TAL2/SRD5A1,12,Module 1
GO:0141091,transforming growth factor beta receptor superfamily signaling pathway,39/1068,244/12061,0.1598360655737705,1.8050400626266347,3.95967877033749,2.0388452258448894e-4,0.004131253334741636,0.0031555722273335267,TP53/DUSP22/SMAD3/ACVR2B/TGFBR1/PPARG/PTK2/LATS2/LTBP1/COL3A1/SMAD6/DSG4/HES1/BMP4/ONECUT1/THBS1/PXN/SPRY2/FZD1/FOS/EGR1/SPRY1/BMP2/SMAD9/HPGD/NKX2-1/NOTCH1/FSTL5/IGSF1/MAGI2/ZNF423/SMAD1/PCSK6/ITGA8/DMRT1/MSTN/FSTL1/CRIM1/ITGB5,39,Module 1
GO:0033002,muscle cell proliferation,28/1068,155/12061,0.18064516129032257,2.0400386613507306,4.061940522169978,2.048209906659525e-4,0.004132717204069978,0.003156690373576972,SELENON/MDM2/ID2/TGFBR1/PPARG/RUNX1/CDKN1A/FOXP1/LDLRAP1/BMP4/TBX2/THBS1/SIX1/ERBB4/FOS/HMOX1/BMP2/HPGD/NOTCH1/KLF4/FGFR2/CCN3/ADAMTS1/SMAD1/HEY2/ANGPT1/TLR4/MSTN,28,Module 1
GO:0044272,sulfur compound biosynthetic process,25/1068,132/12061,0.1893939393939394,2.1388392350471004,4.100610633276188,2.0664647669144302e-4,0.004152031308985212,0.0031714430522746897,CHST14/SLC27A2/CHSY1/GLCE/ACSS2/MGST2/PDK2/GGT1/HACD1/LOC102724560/CBS/ELOVL3/NDST1/ELOVL6/GGT7/HS3ST3A1/TPK1/CHST3/HS3ST5/ANGPT1/PAPSS2/SNCA/HS3ST1/SLC1A1/CHAC1,25,Module 1
GO:0048608,reproductive structure development,33/1068,195/12061,0.16923076923076924,1.9111351195620858,3.9980579683469264,2.1067783447155676e-4,0.00421531968386186,0.003219784565586003,MAMLD1/BASP1/CTNNA1/TGFBR1/BCL2/BCL2L2/AGO4/TYRO3/KDM5B/IL1A/PLEKHA1/SYCP2/BMP4/NTRK1/LGR4/NR2F2/MMP14/LHX1/NKX2-1/NOTCH1/ADGRG1/LFNG/EAF2/FGFR2/ADAMTS1/CYP7B1/TBX3/ROBO2/GFRA1/DMRT1/FOXA1/SOX9/SRD5A1,33,Module 1
GO:0010463,mesenchymal cell proliferation,10/1068,31/12061,0.3225806451612903,3.642926180983448,4.592342098715203,2.2338854444305573e-4,0.004432547798865944,0.0033857097585385607,BMP4/TBX2/IRS2/SIX1/TBX1/BMP2/SHOX2/FGFR2/SOX9/FOXF1,10,Module 1
GO:1904646,cellular response to amyloid-beta,10/1068,31/12061,0.3225806451612903,3.642926180983448,4.592342098715203,2.2338854444305573e-4,0.004432547798865944,0.0033857097585385607,BCL2L2/LRP1/TLR6/ADRB2/PRNP/APP/EPHB2/CACNA1A/EPHA4/TLR4,10,Module 1
GO:0002683,negative regulation of immune system process,53/1068,366/12061,0.1448087431693989,1.635335441354045,3.8471992415468588,2.2855311651027194e-4,0.004460981689104174,0.0034074283962208037,LAPTM5/CD86/CD59/SH2D1A/DUSP22/ID2/PPARG/RUNX1/PAWR/TYRO3/BCR/COL3A1/GCSAM/DHX58/DLG5/CNR1/GPR137B/TLR6/BMP4/GPNMB/USP18/CEBPA/THBS1/ZPBP2/PLCB1/LILRB1/PRNP/IL4I1/GATA2/LGR4/HMOX1/IL31RA/TNFRSF21/BANK1/HLA-A/TRIM32/SQSTM1/SELENOS/PLA2G2F/SAMHD1/TWIST1/DTX4/SPINK5/PLK2/CCN3/ANGPT1/TLR4/SYK/SOX9/TRIM31/FOXF1/CX3CR1/IL20RB,53,Module 1
GO:0003407,neural retina development,14/1068,55/12061,0.2545454545454545,2.874599931903302,4.343021090845469,2.294858836302022e-4,0.004460981689104174,0.0034074283962208037,PRDM1/ZHX2/SMARCD3/LARGE1/HES1/PROM1/LHX1/NOTCH1/SIX3/SAMD11/CRB1/FAT3/SOX9/SLC1A1,14,Module 1
GO:0048864,stem cell development,14/1068,55/12061,0.2545454545454545,2.874599931903302,4.343021090845469,2.294858836302022e-4,0.004460981689104174,0.0034074283962208037,BCL2/SEMA4F/NRTN/HES1/BMP4/ERBB4/TBX1/TWIST1/SEMA6C/PITX2/SEMA3B/SOX9/RET/LAMA5,14,Module 1
GO:0051153,regulation of striated muscle cell differentiation,14/1068,55/12061,0.2545454545454545,2.874599931903302,4.343021090845469,2.294858836302022e-4,0.004460981689104174,0.0034074283962208037,BCL2/FOXP1/BMP4/TBX1/MMP14/BMP2/NOTCH1/TRIM32/HDAC4/SHOX2/CCN3/PRKD1/CYP26B1/PROX1,14,Module 1
GO:0060291,long-term synaptic potentiation,14/1068,55/12061,0.2545454545454545,2.874599931903302,4.343021090845469,2.294858836302022e-4,0.004460981689104174,0.0034074283962208037,LARGE1/GRIN2C/TSHZ3/PRNP/APP/EPHB2/NCSTN/SQSTM1/ADCY1/PLK2/EPHA4/SNCA/SLC1A1/CX3CR1,14,Module 1
GO:0070661,leukocyte proliferation,40/1068,254/12061,0.15748031496062992,1.7784364033147542,3.9081514052262833,2.3404338607473254e-4,0.004490519858224861,0.003429990514437974,CD86/TP53/NFATC2/CSF1/BCL2/HLA-DPB1/PAWR/PTK2/CDKN1A/IL1A/BID/CD276/DLG5/HES1/BMP4/GPNMB/HHEX/CLCF1/IRS2/MAPK8IP1/CD24/SH3RF1/LILRB1/PRNP/IL4I1/EPHB2/CD38/PYCARD/TNFRSF21/HLA-A/NCSTN/PLA2G2F/IL6ST/SOS2/SPTA1/IGF2/TLR4/SYK/JUNB/IL20RB,40,Module 1
GO:0003156,regulation of animal organ formation,7/1068,16/12061,0.4375,4.940718632958801,4.9162412086357925,2.340842695864781e-4,0.004490519858224861,0.003429990514437974,ROBO1/BMP4/SIX1/SPRY1/BMP2/HOXC11/ROBO2,7,Module 1
GO:0050806,positive regulation of synaptic transmission,20/1068,96/12061,0.20833333333333334,2.3527231585518105,4.147528285217963,2.3511013333211696e-4,0.004490519858224861,0.003429990514437974,LARGE1/GRIN2C/TSHZ3/NTRK1/RAPSN/PRNP/CLSTN3/APP/EPHB2/NCSTN/SQSTM1/ADCY1/PLK2/NLGN3/EPHA4/SNCA/SLC1A1/CX3CR1/NRXN1/NLGN2,20,Module 1
GO:0007224,smoothened signaling pathway,23/1068,118/12061,0.19491525423728814,2.201191836475592,4.0869358954613775,2.3598184298101628e-4,0.004490519858224861,0.003429990514437974,WDR11/MKS1/CTNNA1/CHSY1/GAS8/DLG5/GAS1/HES1/DYNC2H1/NDST1/CLUAP1/DZIP1/TULP3/DISP1/SHOX2/IFT172/FGFR2/FOXA1/DZIP1L/FOXF1/FBXL17/TTBK2/DISP3,23,Module 1
GO:0045664,regulation of neuron differentiation,23/1068,118/12061,0.19491525423728814,2.201191836475592,4.0869358954613775,2.3598184298101628e-4,0.004490519858224861,0.003429990514437974,ID2/BCL2/ZHX2/TCF12/HES1/BMP4/SOCS2/APP/SIX1/GATA2/BMP2/NOTCH1/TRIM32/SIX3/HEY2/ADRA2C/EYA1/FOXA1/SOX9/PROX1/RET/SLC6A4/DISP3,23,Module 1
GO:0002694,regulation of leukocyte activation,62/1068,447/12061,0.13870246085011187,1.5663767605928833,3.8033775807152224,2.3663969139955357e-4,0.004490519858224861,0.003429990514437974,LAPTM5/CD86/TESPA1/NFATC2/DUSP22/ID2/PRDM1/BCL2/RUNX1/HLA-DPB1/PAWR/CDKN1A/TYRO3/SMARCD3/IL1A/BID/CD276/ITPKB/DLG5/CNR1/GPR137B/TLR6/HES1/BMP4/GPNMB/CEBPA/CLCF1/IRS2/TICAM2/TTBK1/THBS1/NECTIN2/MAPK8IP1/CD24/SH3RF1/LILRB1/HMCES/PRNP/IL4I1/EPHB2/CD38/PYCARD/MMP14/IL31RA/TSLP/TNFRSF21/BANK1/HLA-A/ABL2/PLA2G2F/IL6ST/SPINK5/SOS2/SPTA1/GAS6/IGF2/CYP26B1/TLR4/SNCA/SYK/JUNB/IL20RB,62,Module 1
GO:0071674,mononuclear cell migration,26/1068,141/12061,0.18439716312056736,2.08241028501607,4.029623820720383,2.4320094703459566e-4,0.0045967862795234645,0.0035111599176619393,CSF1/PTK2/TNFRSF11A/GCSAM/F11R/CXCL10/THBS1/PLCB1/CCL1/ITGAL/APP/CXCL16/PYCARD/PECAM1/ABL2/CXCL11/CCR5/CCN3/CXCL13/GAS6/CYP7B1/GPR15LG/ARTN/MSTN/CX3CR1/RET,26,Module 1
GO:0042246,tissue regeneration,13/1068,49/12061,0.2653061224489796,2.9961209202782237,4.363936181331164,2.445398634237777e-4,0.004603896168868129,0.003516590659264437,SELENON/RUNX1/CDKN1A/PTGFRN/LARGE1/TXK/ERBB4/MYMX/CPQ/NOTCH1/BCL9/CCN3/MSTN,13,Module 1
GO:0060412,ventricular septum morphogenesis,11/1068,37/12061,0.2972972972972973,3.3573995343658267,4.476212935355466,2.4627269283696197e-4,0.0046183373221425576,0.003527621234857618,TGFBR1/ROBO1/HES1/BMP4/FZD1/NOTCH1/FGFR2/TBX3/ROBO2/HEY2/PROX1,11,Module 1
GO:0060042,retina morphogenesis in camera-type eye,12/1068,43/12061,0.27906976744186046,3.151554742618239,4.405261510706488,2.516372839928227e-4,0.004679085137747031,0.003574022194629466,PRDM1/ZHX2/LARGE1/PROM1/LHX1/NOTCH1/SAMD11/CRB1/FAT3/SOX9/SLC1A1/PROX1,12,Module 1
GO:0045880,positive regulation of smoothened signaling pathway,9/1068,26/12061,0.34615384615384615,3.9091400172860844,4.628384359710773,2.524475042950092e-4,0.004679085137747031,0.003574022194629466,CTNNA1/CHSY1/GAS8/DLG5/DYNC2H1/NDST1/SHOX2/IFT172/FOXA1,9,Module 1
GO:0051155,positive regulation of striated muscle cell differentiation,9/1068,26/12061,0.34615384615384615,3.9091400172860844,4.628384359710773,2.524475042950092e-4,0.004679085137747031,0.003574022194629466,BCL2/BMP4/TBX1/MMP14/TRIM32/SHOX2/PRKD1/CYP26B1/PROX1,9,Module 1
GO:0003272,endocardial cushion formation,8/1068,21/12061,0.38095238095238093,4.302122347066167,4.7205296569891,2.62466626244874e-4,0.004827366948857644,0.003687284182468473,TGFBR1/ROBO1/TBX2/BMP2/NOTCH1/TBX3/ROBO2/HEY2,8,Module 1
GO:0048333,mesodermal cell differentiation,8/1068,21/12061,0.38095238095238093,4.302122347066167,4.7205296569891,2.62466626244874e-4,0.004827366948857644,0.003687284182468473,BMP4/KLF4/FGFR2/PAX2/SMAD1/ITGA8/EYA1/FOXF1,8,Module 1
GO:0042129,regulation of T cell proliferation,26/1068,142/12061,0.18309859154929578,2.0677454238539856,3.989267394397483,2.732081899654204e-4,0.004964658677125254,0.0037921516233297304,CD86/HLA-DPB1/PAWR/IL1A/BID/CD276/DLG5/HES1/BMP4/GPNMB/MAPK8IP1/CD24/SH3RF1/LILRB1/PRNP/IL4I1/PYCARD/TNFRSF21/HLA-A/PLA2G2F/IL6ST/SOS2/SPTA1/IGF2/SYK/IL20RB,26,Module 1
GO:0007413,axonal fasciculation,6/1068,12/12061,0.5,5.646535580524344,5.019327740589824,2.7512223953119874e-4,0.004964658677125254,0.0037921516233297304,CNR1/NCAM2/EPHB2/TNFRSF21/AMIGO1/EPHA4,6,Module 1
GO:0033033,negative regulation of myeloid cell apoptotic process,6/1068,12/12061,0.5,5.646535580524344,5.019327740589824,2.7512223953119874e-4,0.004964658677125254,0.0037921516233297304,BCL2/ITPKB/SELENOS/CCR5/GAS6/IRF7,6,Module 1
GO:0090190,positive regulation of branching involved in ureteric bud morphogenesis,6/1068,12/12061,0.5,5.646535580524344,5.019327740589824,2.7512223953119874e-4,0.004964658677125254,0.0037921516233297304,HOXB7/SIX1/LGR4/LHX1/PAX2/SOX9,6,Module 1
GO:0106030,neuron projection fasciculation,6/1068,12/12061,0.5,5.646535580524344,5.019327740589824,2.7512223953119874e-4,0.004964658677125254,0.0037921516233297304,CNR1/NCAM2/EPHB2/TNFRSF21/AMIGO1/EPHA4,6,Module 1
GO:2000628,regulation of miRNA metabolic process,17/1068,76/12061,0.2236842105263158,2.5260817070766803,4.159745204793218,2.7988438167445267e-4,0.00499014063685898,0.0038116154900835727,TP53/SMAD3/PPARG/SMAD6/BMP4/GATA2/FOS/EGR1/BMP2/TWIST1/XIST/KLF4/TEAD1/SMAD1/FOSL1/FOXA1/SOX9,17,Module 1
GO:0051057,positive regulation of small GTPase mediated signal transduction,14/1068,56/12061,0.25,2.823267790262172,4.262501623251556,2.814201493705063e-4,0.00499014063685898,0.0038116154900835727,CSF1/COL3A1/ROBO1/F2R/F11R/ITPKB/PRAG1/NTRK1/PLXNB1/NOTCH1/ADGRG1/LPAR2/SOS2/LRP4,14,Module 1
GO:2000630,positive regulation of miRNA metabolic process,14/1068,56/12061,0.25,2.823267790262172,4.262501623251556,2.814201493705063e-4,0.00499014063685898,0.0038116154900835727,TP53/SMAD3/PPARG/SMAD6/GATA2/FOS/EGR1/BMP2/XIST/KLF4/TEAD1/SMAD1/FOSL1/FOXA1,14,Module 1
GO:0032943,mononuclear cell proliferation,37/1068,231/12061,0.16017316017316016,1.8088468959255475,3.8688430081202037,2.8147511573331556e-4,0.00499014063685898,0.0038116154900835727,CD86/TP53/NFATC2/CSF1/BCL2/HLA-DPB1/PAWR/CDKN1A/IL1A/BID/CD276/DLG5/HES1/BMP4/GPNMB/CLCF1/IRS2/MAPK8IP1/CD24/SH3RF1/LILRB1/PRNP/IL4I1/EPHB2/CD38/PYCARD/TNFRSF21/HLA-A/NCSTN/PLA2G2F/IL6ST/SOS2/SPTA1/IGF2/TLR4/SYK/IL20RB,37,Module 1
GO:0061458,reproductive system development,33/1068,198/12061,0.16666666666666666,1.8821785268414482,3.9011529574266897,2.817519807511344e-4,0.00499014063685898,0.0038116154900835727,MAMLD1/BASP1/CTNNA1/TGFBR1/BCL2/BCL2L2/AGO4/TYRO3/KDM5B/IL1A/PLEKHA1/SYCP2/BMP4/NTRK1/LGR4/NR2F2/MMP14/LHX1/NKX2-1/NOTCH1/ADGRG1/LFNG/EAF2/FGFR2/ADAMTS1/CYP7B1/TBX3/ROBO2/GFRA1/DMRT1/FOXA1/SOX9/SRD5A1,33,Module 1
GO:0060541,respiratory system development,28/1068,158/12061,0.17721518987341772,2.0013037500592614,3.9488199816380583,2.8520265986528885e-4,0.005032616677032514,0.003844059932928927,SELENON/BASP1/ACVR2B/COL3A1/DLG5/HOXA5/HES1/BMP4/TBX2/CEBPA/SIX1/SPRY2/MMP14/SPRY1/BMP2/NKX2-1/NOTCH1/TULP3/DISP1/FGFR2/CELSR1/ALDH1A3/FOXA1/SOX9/FOXF1/PROX1/ANXA2/LAMA5,28,Module 1
GO:0050803,regulation of synapse structure or activity,30/1068,174/12061,0.1724137931034483,1.9470812346635673,3.9221743094712274,2.8869817428755427e-4,0.005075568637658399,0.003876867897746956,ADGRL1/FLRT3/TANC2/IL1RAP/NEDD4/DLG5/CYFIP1/RHOB/C1QL1/NTRK1/PRNP/CLSTN3/APP/SIX1/EPHB2/FZD1/NTN1/TANC1/FARP1/CBLN2/PTPN13/NLGN3/AMIGO1/ROBO2/EPHA4/LRP4/SNCA/CBLN1/NRXN1/NLGN2,30,Module 1
GO:0060688,regulation of morphogenesis of a branching structure,10/1068,32/12061,0.3125,3.5290847378277155,4.465034035790114,2.9940117721443754e-4,0.005244455785492456,0.004005868844935795,HOXB7/BMP4/SIX1/LGR4/LHX1/SHOX2/FGFR2/PAX2/NTN4/SOX9,10,Module 1
GO:0014032,neural crest cell development,13/1068,50/12061,0.26,2.9361985018726595,4.276086330928114,3.040484000727043e-4,0.005306421347254277,0.004053199954868552,SEMA4F/NRTN/HES1/BMP4/ERBB4/TBX1/TWIST1/SEMA6C/PITX2/SEMA3B/SOX9/RET/LAMA5,13,Module 1
GO:0050865,regulation of cell activation,65/1068,479/12061,0.13569937369519833,1.5324626836496134,3.7065197568161303,3.1392178343908915e-4,0.00545881443056627,0.004169602252760343,LAPTM5/CD86/TESPA1/NFATC2/DUSP22/ID2/PRDM1/BCL2/RUNX1/HLA-DPB1/PAWR/CDKN1A/TYRO3/SMARCD3/F11R/IL1A/BID/CD276/ITPKB/DLG5/CNR1/GPR137B/TLR6/HES1/BMP4/GPNMB/CEBPA/CLCF1/TXK/IRS2/TICAM2/TTBK1/THBS1/NECTIN2/MAPK8IP1/CD24/SH3RF1/LILRB1/HMCES/PRNP/IL4I1/EPHB2/CD38/PYCARD/MMP14/IL31RA/TSLP/TNFRSF21/BANK1/HLA-A/ABL2/PLA2G2F/IL6ST/SPINK5/SOS2/SPTA1/GAS6/IGF2/CYP26B1/TLR4/SNCA/SYK/FCER1G/JUNB/IL20RB,65,Module 1
GO:0009880,embryonic pattern specification,12/1068,44/12061,0.2727272727272727,3.079928498467824,4.308021672337295,3.184844646352837e-4,0.0054984187937835854,0.004199853224686664,BASP1/SMAD3/SMAD6/MEIS3/ERBB4/LHX1/DISP1/FGFR2/TBX3/SMAD1/PCSK6/LAMA5,12,Module 1
GO:0044273,sulfur compound catabolic process,11/1068,38/12061,0.2894736842105263,3.26904691504041,4.366465333300085,3.191966127674977e-4,0.0054984187937835854,0.004199853224686664,HEXB/ABCD1/IDUA/GGT1/LOC102724560/CBS/GGT7/GUSB/FITM2/HPSE/CHAC1,11,Module 1
GO:0051896,regulation of phosphatidylinositol 3-kinase/protein kinase B signal transduction,30/1068,175/12061,0.17142857142857143,1.9359550561797751,3.8873829221004033,3.1964877136592156e-4,0.0054984187937835854,0.004199853224686664,TGFBR1/PTK2/F2R/NEDD4/PLEKHA1/FGFR3/MEIS3/IRS2/THBS1/NTRK1/PRR5/SPRY2/PLXNB1/ERBB4/BANK1/TWIST1/PTPN13/PHLDA3/MAGI2/GAS6/PRKD1/IGF2/RAPGEF3/HPSE/UNC5B/ANGPT1/SOX9/MSTN/CX3CR1/RET,30,Module 1
GO:0033674,positive regulation of kinase activity,35/1068,216/12061,0.16203703703703703,1.8298957899847412,3.8360483351563452,3.2526982963327814e-4,0.005561021492088967,0.004247670998161685,CD86/CSF1/DSTYK/PTK2/CDKN1A/TNFRSF11A/TYRO3/ROBO1/TNFRSF10A/MAPT/SASH1/TLR6/MAPRE3/FGFR3/SNX9/ADRB2/TTBK1/THBS1/NEK10/NTRK1/TENM1/CD24/DDR1/PRNP/ERBB4/FGFR2/PDGFC/GAS6/EPHA4/ADRA2C/ANGPT1/TLR4/SNCA/PROX1/RET,35,Module 1
GO:0007264,small GTPase-mediated signal transduction,58/1068,416/12061,0.13942307692307693,1.574514729184673,3.7168860980456495,3.2561397276974295e-4,0.005561021492088967,0.004247670998161685,TP53/PLEKHG4/CHP1/CSF1/RHOQ/RHOU/NUCB2/CDKN1A/ARHGAP18/HACD3/RASGRP3/ARHGAP12/BCR/COL3A1/ROBO1/RAB4A/F2R/F11R/CDC42EP3/ITPKB/CYTH3/DOCK3/CHN2/PRAG1/ARHGEF17/CDC42EP4/KNDC1/CYFIP1/RHOB/PLEKHG6/ARFGEF3/NTRK1/EPHB2/SYDE2/SPRY2/PLXNB1/NTN1/RASL10A/RALGPS2/SPRY1/ARHGEF25/NOTCH1/SRGAP2/ABL2/SQSTM1/ADGRG1/RGL1/LPAR2/FARP1/SOS2/RIN2/PLK2/RRAD/CELSR1/RAPGEF3/LRP4/ABCA1/ARHGAP21,58,Module 1
GO:1901342,regulation of vasculature development,33/1068,200/12061,0.165,1.8633567415730337,3.837477089902561,3.403064339307963e-4,0.00579126465144864,0.0044235374629700815,GADD45A/HSPB1/TGFBR1/PPARG/RUNX1/IL1A/CXCL10/HOXA5/SASH1/GPNMB/HHEX/RHOB/THBS1/CXCL8/PRKCB/GATA2/MINAR1/SPRY2/CCR3/SPARC/HMOX1/TNN/TWIST1/SPINK5/KLF4/PLK2/CXCL13/ADAMTS1/PRKD1/RAPGEF3/SMAD1/COL4A3/CX3CR1,33,Module 1
GO:0106106,cold-induced thermogenesis,23/1068,121/12061,0.19008264462809918,2.1466168322654533,3.9510270310415203,3.456885849492439e-4,0.005861995791586115,0.004477563978252618,ACVR2B/TRPV2/ACOT11/IL18R1/PCTP/NOVA2/HOXC10/ADRB2/ELOVL3/ELOVL6/LGR4/ZNF516/FABP5/NOTCH1/SFXN5/PDGFC/FFAR4/IGF2BP2/ZNF423/NOVA1/TLR4/SYK/OXT,23,Module 1
GO:0018212,peptidyl-tyrosine modification,31/1068,184/12061,0.16847826086956522,1.9026369890897248,3.8456506222819966,3.5065792448512294e-4,0.0059252515720419,0.004525880594991173,TP53/DUSP22/PTK2/ZFYVE28/TPST1/HES1/FGFR3/CLCF1/TTBK1/NTRK1/DDR1/PRNP/APP/EPHB2/ERBB4/PECAM1/IL31RA/TSLP/BANK1/ABL2/IL6ST/FGFR2/PDGFC/GFRA1/EPHA4/ANGPT1/LRP4/LRRK1/PLPP3/SYK/IL22RA2,31,Module 1
GO:0050678,regulation of epithelial cell proliferation,38/1068,242/12061,0.15702479338842976,1.773292165784505,3.7875824303113594,3.519787749873391e-4,0.005926628528131885,0.004526932354359032,SMAD3/TGFBR1/PPARG/MCC/KDM5B/ROBO1/BID/HOXA5/HES1/EGFL7/BMP4/ARX/IRS2/THBS1/SIX1/GATA2/LAMC1/CCR3/TBX1/SPARC/NR2F2/HMOX1/NOTCH1/TWIST1/EAF2/IFT172/FGFR2/PAX2/PRKD1/IGF2/CYP7B1/SULF2/EYA1/SOX9/GPR15LG/COL4A3/PROX1/LAMA5,38,Module 1
GO:0055001,muscle cell development,24/1068,129/12061,0.18604651162790697,2.101036495078826,3.918691848052265,3.6213776158790006e-4,0.006076290441801187,0.004641248504930797,NFATC2/ACTN1/SELENON/BCL2/FOXP1/LARGE1/TMOD2/HES1/BMP4/CACNB4/RYR1/SIX1/KRT8/TNNT1/NOTCH1/SHOX2/UCHL1/ACTN2/PRKD1/CASQ1/TBX3/HEY2/SLC8A1/PROX1,24,Module 1
GO:0003148,outflow tract septum morphogenesis,7/1068,17/12061,0.4117647058823529,4.650088125137695,4.694005600348899,3.676616380425379e-4,0.0060835915332851775,0.004646825292324191,ROBO1/SMAD6/BMP4/TBX2/TBX1/FGFR2/ROBO2,7,Module 1
GO:0021602,cranial nerve morphogenesis,7/1068,17/12061,0.4117647058823529,4.650088125137695,4.694005600348899,3.676616380425379e-4,0.0060835915332851775,0.004646825292324191,HOXA1/HOXA3/EGR2/SIX1/EPHB2/TBX1/PAX2,7,Module 1
GO:0035116,embryonic hindlimb morphogenesis,7/1068,17/12061,0.4117647058823529,4.650088125137695,4.694005600348899,3.676616380425379e-4,0.0060835915332851775,0.004646825292324191,BMP4/NOTCH1/TWIST1/AFF3/TBX3/RARB/PITX1,7,Module 1
GO:0048566,embryonic digestive tract development,7/1068,17/12061,0.4117647058823529,4.650088125137695,4.694005600348899,3.676616380425379e-4,0.0060835915332851775,0.004646825292324191,ID2/CXCL8/SHOX2/FGFR2/PCSK5/RARB/FOXF1,7,Module 1
GO:0046651,lymphocyte proliferation,36/1068,226/12061,0.1592920353982301,1.798896291140499,3.7788674593535907,3.769188830750084e-4,0.0062152624098782425,0.004747399362142575,CD86/TP53/NFATC2/BCL2/HLA-DPB1/PAWR/CDKN1A/IL1A/BID/CD276/DLG5/HES1/BMP4/GPNMB/CLCF1/IRS2/MAPK8IP1/CD24/SH3RF1/LILRB1/PRNP/IL4I1/EPHB2/CD38/PYCARD/TNFRSF21/HLA-A/NCSTN/PLA2G2F/IL6ST/SOS2/SPTA1/IGF2/TLR4/SYK/IL20RB,36,Module 1
GO:0048048,embryonic eye morphogenesis,8/1068,22/12061,0.36363636363636365,4.106571331290432,4.545677591375692,3.8065718373466215e-4,0.00625533557601084,0.004778008419458411,TBX2/TWIST1/IFT172/SIX3/PAX2/ALDH1A3/RARB/PROX1,8,Module 1
GO:0030336,negative regulation of cell migration,35/1068,218/12061,0.16055045871559634,1.8131077552142392,3.776127517233876,3.8859641411511796e-4,0.0063397400566342615,0.004842479032450833,GADD45A/DUSP22/TGFBR1/BCL2/PPARG/PFN2/MCC/BCR/COL3A1/GCSAM/ROBO1/PTPRG/LRP1/DLG5/BMP4/PTPRU/RHOB/THBS1/TMEFF2/PLCB1/NR2F2/HMOX1/PHLDB2/TNN/NKX2-1/NOTCH1/SRGAP2/ADGRG1/TP53INP1/KLF4/CCN3/CXCL13/MAGI2/EPHA4/CX3CR1,35,Module 1
GO:0001894,tissue homeostasis,30/1068,177/12061,0.1694915254237288,1.9140798578048626,3.8184808510100074,3.905049421922165e-4,0.0063397400566342615,0.004842479032450833,MKS1/CSF1/BCL2/TNFRSF11A/ILDR1/COL3A1/F2R/F11R/CRACD/GPR137B/PROM1/ADRB2/NT5E/GATA2/CD38/LAMC1/PECAM1/NOTCH1/TRIM32/SLC2A1/NANOS1/ANGPT1/CRB1/LRRK1/TLR4/SYK/SOX9/SLC1A1/BBS1/IL20RB,30,Module 1
GO:0060249,anatomical structure homeostasis,30/1068,177/12061,0.1694915254237288,1.9140798578048626,3.8184808510100074,3.905049421922165e-4,0.0063397400566342615,0.004842479032450833,MKS1/CSF1/BCL2/TNFRSF11A/ILDR1/COL3A1/F2R/F11R/CRACD/GPR137B/PROM1/ADRB2/NT5E/GATA2/CD38/LAMC1/PECAM1/NOTCH1/TRIM32/SLC2A1/NANOS1/ANGPT1/CRB1/LRRK1/TLR4/SYK/SOX9/SLC1A1/BBS1/IL20RB,30,Module 1
GO:0042445,hormone metabolic process,23/1068,122/12061,0.1885245901639344,2.129021612328851,3.906603735477389,3.9109646940759245e-4,0.0063397400566342615,0.004842479032450833,CTSB/DGAT2/PLEKHA1/SLC30A8/AKR1B15/BACE2/IL4I1/CPQ/EGR1/BMP2/DISP1/PCSK5/TPO/ALDH1A3/CTSL/CYP26B1/SLCO1C1/PCSK6/FOXA1/PAPSS2/BBS1/CPE/SRD5A1,23,Module 1
GO:0007200,phospholipase C-activating G protein-coupled receptor signaling pathway,12/1068,45/12061,0.26666666666666666,3.011485642946317,4.213513603981276,3.99781732064428e-4,0.006458635955175996,0.004933295200083803,F2R/GPR157/HRH1/CHRM2/PLCB1/PRKCB/OPRD1/ACTN2/FFAR4/PRKD1/HTR2C/CX3CR1,12,Module 1
GO:0043281,regulation of cysteine-type endopeptidase activity involved in apoptotic process,24/1068,130/12061,0.18461538461538463,2.084874675885912,3.8762697425425188,4.076944783938836e-4,0.006520384600934954,0.004980460623223997,LAPTM5/PMAIP1/BBC3/SMAD3/PPARG/ROBO1/F2R/BID/MAPT/THBS1/SH3RF1/PYCARD/DAPK1/KLF4/PAX2/NOL3/NLRP2/GAS6/GSN/SNCA/SYK/COL4A3/ACER2/PIDD1,24,Module 1
GO:0048736,appendage development,24/1068,130/12061,0.18461538461538463,2.084874675885912,3.8762697425425188,4.076944783938836e-4,0.006520384600934954,0.004980460623223997,MKS1/COL3A1/LARGE1/HOXC10/DYNC2H1/BMP4/TBX2/SP9/HOXC11/NOTCH1/TULP3/TWIST1/SHOX2/IFT172/FGFR2/PCSK5/AFF3/PITX2/TBX3/CYP26B1/RARB/LRP4/PITX1/SOX9,24,Module 1
GO:0060173,limb development,24/1068,130/12061,0.18461538461538463,2.084874675885912,3.8762697425425188,4.076944783938836e-4,0.006520384600934954,0.004980460623223997,MKS1/COL3A1/LARGE1/HOXC10/DYNC2H1/BMP4/TBX2/SP9/HOXC11/NOTCH1/TULP3/TWIST1/SHOX2/IFT172/FGFR2/PCSK5/AFF3/PITX2/TBX3/CYP26B1/RARB/LRP4/PITX1/SOX9,24,Module 1
GO:0043408,regulation of MAPK cascade,61/1068,447/12061,0.13646532438478748,1.541112619292998,3.6337218403995024,4.103777455087321e-4,0.006541421263409189,0.004996529041808071,LAPTM5/GADD45A/DUSP22/DSTYK/PPARG/TNFRSF11A/ROBO1/F2R/IL1A/SASH1/RELL1/TLR6/FGFR3/AVPI1/BMP4/GPNMB/ADRB2/THBS1/NEK10/NDST1/MAPK8IP1/NTRK1/TENM1/CD24/PLCB1/SH3RF1/CCL1/APP/EPHB2/PYCARD/SPRY2/HRH4/ERBB4/SH3RF3/TBX1/SPRY1/BMP2/BANK1/MAP4K1/NOTCH1/MID1/LPAR2/UCHL1/FGFR2/PDGFC/FFAR4/GAS6/IGF2/FBLN1/GPR37/EPHA4/ADRA2C/ANGPT1/EDA2R/AKAP12/TLR4/SYK/HTR2C/LPAR3/RET/MAPKBP1,61,Module 1
GO:0051961,negative regulation of nervous system development,20/1068,100/12061,0.2,2.2586142322097382,3.9392183964546614,4.147844622907065e-4,0.006587527426671074,0.005031746278929457,TP53/CTNNA1/SEMA4F/BTG2/HES1/EPHB2/GATA2/NTN1/PRTG/PITX3/NOTCH1/PTPN13/SEMA6C/ROBO2/SEMA3B/LRP4/MAP2/TLX2/PROX1/CBLN1,20,Module 1
GO:0060395,SMAD protein signal transduction,14/1068,58/12061,0.2413793103448276,2.725913728528994,4.1066656281954605,4.1602536237027695e-4,0.006587527426671074,0.005031746278929457,SMAD3/TGFBR1/PPARG/GLCE/RBPMS/LRP1/SMAD6/BMP4/FOS/BMP2/SMAD9/CCN3/MAGI2/SMAD1,14,Module 1
GO:0002065,columnar/cuboidal epithelial cell differentiation,18/1068,86/12061,0.20930232558139536,2.3636660569636794,3.9556755362978566,4.4687780146303487e-4,0.007029505416434976,0.005369342005113335,PRDM1/CDKN1A/DLG5/HOXA5/HES1/BMP4/ONECUT1/GATA2/IL31RA/BMP2/NOTCH1/IL6ST/KLF4/FGFR2/RARB/FOXA1/SOX9/PROX1,18,Module 1
GO:0003231,cardiac ventricle development,18/1068,86/12061,0.20930232558139536,2.3636660569636794,3.9556755362978566,4.4687780146303487e-4,0.007029505416434976,0.005369342005113335,MDM2/LUZP1/PRDM1/TGFBR1/ROBO1/SMARCD3/SMAD6/HES1/BMP4/FZD1/NOTCH1/FGFR2/TBX3/ROBO2/HEY2/CPE/FOXF1/PROX1,18,Module 1
GO:0050872,white fat cell differentiation,6/1068,13/12061,0.46153846153846156,5.2121866897147795,4.73612301836434,4.7275222374537667e-4,0.0074121348654111185,0.005661605578590017,PPARG/CEBPA/PNPLA3/RETREG1/CTBP2/FFAR4,6,Module 1
GO:0072175,epithelial tube formation,20/1068,101/12061,0.19801980198019803,2.2362517150591463,3.8886886313869105,4.7505679000081977e-4,0.007423926698640262,0.005670612525981578,PLXNB2/LUZP1/MKS1/PODXL/FZD3/BMP4/CLUAP1/SIX1/FZD1/TULP3/TWIST1/IFT172/FGFR2/PAX2/CELSR1/CTHRC1/SOX9/PROX1/VANGL2/RET,20,Module 1
GO:0042060,wound healing,43/1068,289/12061,0.14878892733564014,1.6802839443774866,3.6485069852793433,4.8826780735916994e-4,0.007605526562838928,0.005809323818056986,CD59/HSPB1/SMAD3/TGFBR1/PPARG/RAB27A/TFPI/PTK2/CDKN1A/EPB41L4B/TYRO3/COL3A1/F2R/F11R/IL1A/PROS1/TXK/THBS1/TMEFF2/SYT7/DDR1/EPHB2/GATA2/PLAT/HMOX1/PHLDB2/TSKU/ELK3/IL6ST/GAS6/NDNF/FBLN1/HPSE/MYLK/ADRA2C/PLPP3/PAPSS2/TLR4/SYK/FCER1G/ITGB5/SLC6A4/ANXA2,43,Module 1
GO:0008347,glial cell migration,12/1068,46/12061,0.2608695652173913,2.946018563751832,4.121593660744106,4.979249242201162e-4,0.0077307694403266096,0.005904987993997962,HEXB/CSF1/COL3A1/CDK5R2/NTN1/MMP14/SRGAP2/ADGRG1/EPHA4/CX3CR1/PTPRB/SRGAP2C,12,Module 1
GO:0009953,dorsal/ventral pattern formation,14/1068,59/12061,0.23728813559322035,2.6797118009268077,4.031207322830669,5.017440716348037e-4,0.007764854856173564,0.005931023432371892,SMAD6/DYNC2H1/BMP4/TLL2/LHX1/NKX2-1/TULP3/DISP1/IFT172/SIX3/GSC/SOX1/LRP4/FOXA1,14,Module 1
GO:0002347,response to tumor cell,10/1068,34/12061,0.29411764705882354,3.321491517955497,4.22502293224118,5.168157944389407e-4,0.007895888591076724,0.006031110834717083,LAPTM5/RBMS3/TXNIP/NECTIN2/IL4I1/NOTCH1/HLA-A/MR1/DAPK1/KLF4,10,Module 1
GO:0085029,extracellular matrix assembly,10/1068,34/12061,0.29411764705882354,3.321491517955497,4.22502293224118,5.168157944389407e-4,0.007895888591076724,0.006031110834717083,SMAD3/TGFBR1/PPARG/COL3A1/HAS3/PHLDB2/NOTCH1/GAS6/NTN4/SOX9,10,Module 1
GO:1903018,regulation of glycoprotein metabolic process,10/1068,34/12061,0.29411764705882354,3.321491517955497,4.22502293224118,5.168157944389407e-4,0.007895888591076724,0.006031110834717083,CHP1/BCL2/PAWR/ITM2C/PLCB1/BACE2/SOAT1/CST3/NCSTN/ACER2,10,Module 1
GO:1904645,response to amyloid-beta,10/1068,34/12061,0.29411764705882354,3.321491517955497,4.22502293224118,5.168157944389407e-4,0.007895888591076724,0.006031110834717083,BCL2L2/LRP1/TLR6/ADRB2/PRNP/APP/EPHB2/CACNA1A/EPHA4/TLR4,10,Module 1
GO:2000107,negative regulation of leukocyte apoptotic process,11/1068,40/12061,0.275,3.1055945692883897,4.15753213926767,5.201848886330498e-4,0.007922051393131352,0.006051094748765279,BCL2/FOXP1/ITPKB/BMP4/IRS2/LILRB1/BCL3/SELENOS/CCR5/GAS6/IRF7,11,Module 1
GO:0030323,respiratory tube development,25/1068,140/12061,0.17857142857142858,2.016619850187266,3.771094586069825,5.253359160295795e-4,0.007975099525249045,0.0060916144649043975,SELENON/ACVR2B/COL3A1/DLG5/HOXA5/HES1/BMP4/TBX2/CEBPA/SPRY2/MMP14/SPRY1/BMP2/NKX2-1/NOTCH1/TULP3/FGFR2/PCSK5/CELSR1/FOXA1/SOX9/FOXF1/PROX1/ANXA2/LAMA5,25,Module 1
GO:0044344,cellular response to fibroblast growth factor stimulus,16/1068,73/12061,0.2191780821917808,2.4751936791339593,3.9403815058817817,5.335385379783157e-4,0.008073991419659195,0.006167150988623437,DSTYK/KDM5B/FLRT3/FGFR3/TBX2/THBS1/NDST1/CXCL8/SPRY2/TBX1/LHX1/SPRY1/FGFR2/CXCL13/NDNF/SULF2,16,Module 1
GO:0001709,cell fate determination,8/1068,23/12061,0.34782608695652173,3.9280247516691094,4.380893125461117,5.387406949618852e-4,0.00810144026197401,0.006188117217867401,HES1/BMP4/TBX2/GATA2/KLF4/PAX2/CYP26B1/PROX1,8,Module 1
GO:1904861,excitatory synapse assembly,8/1068,23/12061,0.34782608695652173,3.9280247516691094,4.380893125461117,5.387406949618852e-4,0.00810144026197401,0.006188117217867401,PLXNB2/IL1RAP/SRGAP2/PTPN13/CBLN1/NRXN1/NLGN2/SRGAP2C,8,Module 1
GO:0045765,regulation of angiogenesis,32/1068,197/12061,0.16243654822335024,1.8344074982414114,3.6804159865750763,5.510177412840947e-4,0.008255833895820686,0.0063060475948178,GADD45A/HSPB1/PPARG/RUNX1/IL1A/CXCL10/HOXA5/SASH1/GPNMB/HHEX/RHOB/THBS1/CXCL8/PRKCB/GATA2/MINAR1/SPRY2/CCR3/SPARC/HMOX1/TNN/TWIST1/SPINK5/KLF4/PLK2/CXCL13/ADAMTS1/PRKD1/RAPGEF3/SMAD1/COL4A3/CX3CR1,32,Module 1
GO:0003401,axis elongation,7/1068,18/12061,0.3888888888888889,4.391749895963379,4.488424207489182,5.559135329264452e-4,0.008255833895820686,0.0063060475948178,BMP4/SIX1/SPRY2/SPRY1/FGFR2/MAGI2/SOX9,7,Module 1
GO:0048596,embryonic camera-type eye morphogenesis,7/1068,18/12061,0.3888888888888889,4.391749895963379,4.488424207489182,5.559135329264452e-4,0.008255833895820686,0.0063060475948178,TBX2/TWIST1/IFT172/SIX3/PAX2/ALDH1A3/PROX1,7,Module 1
GO:0060037,pharyngeal system development,7/1068,18/12061,0.3888888888888889,4.391749895963379,4.488424207489182,5.559135329264452e-4,0.008255833895820686,0.0063060475948178,TGFBR1/HES1/BMP4/TBX2/SIX1/TBX1/EYA1,7,Module 1
GO:0045669,positive regulation of osteoblast differentiation,12/1068,47/12061,0.2553191489361702,2.8833373177145587,4.032128770349966,6.155763294168875e-4,0.009113578969880978,0.006961218390342512,ACVR2B/BMP4/CEBPA/FZD1/BMP2/TENT5A/IL6ST/FFAR4/PRKD1/SMAD1/CTHRC1/NELL1,12,Module 1
GO:0008589,regulation of smoothened signaling pathway,15/1068,67/12061,0.22388059701492538,2.528299513667617,3.9098943308585246,6.221543664975309e-4,0.009182537594417261,0.007013891006323692,WDR11/MKS1/CTNNA1/CHSY1/GAS8/DLG5/GAS1/DYNC2H1/NDST1/TULP3/SHOX2/IFT172/FGFR2/FOXA1/FBXL17,15,Module 1
GO:0018108,peptidyl-tyrosine phosphorylation,30/1068,182/12061,0.16483516483516483,1.861495246326707,3.6500583273866174,6.317218987593316e-4,0.009295058830360381,0.007099838020064392,TP53/DUSP22/PTK2/ZFYVE28/HES1/FGFR3/CLCF1/TTBK1/NTRK1/DDR1/PRNP/APP/EPHB2/ERBB4/PECAM1/IL31RA/TSLP/BANK1/ABL2/IL6ST/FGFR2/PDGFC/GFRA1/EPHA4/ANGPT1/LRP4/LRRK1/PLPP3/SYK/IL22RA2,30,Module 1
GO:0048483,autonomic nervous system development,9/1068,29/12061,0.3103448275862069,3.5047462223944206,4.209155631496651,6.346023961408479e-4,0.0093087995654771,0.00711033359576604,FZD3/HES1/EGR2/NTRK1/SIX1/TBX1/TLX2/RET/SLC6A4,9,Module 1
GO:0007204,positive regulation of cytosolic calcium ion concentration,19/1068,96/12061,0.19791666666666666,2.2350870006242194,3.786848947923715,6.560221242707694e-4,0.00959357124851015,0.007327850543117882,BCL2/F2R/CD24/CCL1/GATA2/CD38/CCR3/HRH4/ABL2/CACNA1A/LPAR2/CCR5/GIPR/CXCL13/FFAR4/SLC8A1/LPAR3/CX3CR1/ADCY5,19,Module 1
GO:0043068,positive regulation of programmed cell death,58/1068,428/12061,0.13551401869158877,1.5303694564037942,3.4822158834266475,6.730780704163027e-4,0.009812985770520609,0.007495445777742525,LAPTM5/TP53/PMAIP1/GADD45A/BBC3/NQO1/CTNNA1/TGFBR1/BCL2/PPARG/PAWR/CIDEB/CDKN1A/LATS2/FOXP1/BID/TNFRSF10A/TXNIP/ITM2C/CNR1/HOXA5/PNMA3/TLR6/USP27X/BMP4/RHOB/THBS1/NTRK1/LILRB1/RAPSN/PRNP/PYCARD/NACC2/PITX3/HMOX1/BMP2/HPGD/NOTCH1/SQSTM1/DCUN1D3/TP53INP1/DAPK1/UNC5C/PHLDA3/GBP2/BMF/ALDH1A3/CTSL/RARB/FOSL1/GSN/FOXA1/AKAP12/TLR4/SNCA/SYK/RET/PIDD1,58,Module 1
GO:0010977,negative regulation of neuron projection development,20/1068,104/12061,0.19230769230769232,2.171744454047825,3.740585860985609,7.03693015626788e-4,0.010228145898867174,0.007812557236362037,MDM2/SEMA4F/PTPRG/RTN4RL2/ITM2C/PRAG1/HES1/EPHB2/CD38/MINAR1/NTN1/ZNF365/STMN2/TSKU/SEMA6C/EPHA4/SEMA3B/LRP4/MAP2/FAT3,20,Module 1
GO:0022612,gland morphogenesis,17/1068,82/12061,0.2073170731707317,2.3412464602174112,3.798449866622279,7.151370563186546e-4,0.010362986070653958,0.007915552106621154,CSF1/BCL2/KDM5B/BMP4/TBX2/DDR1/NTN1/NOTCH1/FGFR2/NTN4/CYP7B1/TBX3/SULF2/FOXA1/SOX9/PROX1/LAMA5,17,Module 1
GO:2000116,regulation of cysteine-type endopeptidase activity,26/1068,151/12061,0.17218543046357615,1.9445023191209663,3.640296748707243,7.281704237669506e-4,0.010519972708318906,0.008035463095790488,LAPTM5/PMAIP1/BBC3/SMAD3/PPARG/ROBO1/F2R/BID/MAPT/TTBK1/THBS1/SH3RF1/PYCARD/CST3/DAPK1/KLF4/PAX2/NOL3/NLRP2/GAS6/GSN/SNCA/SYK/COL4A3/ACER2/PIDD1,26,Module 1
GO:0032526,response to retinoic acid,15/1068,68/12061,0.22058823529411764,2.4911186384666224,3.8432966251290943,7.341086984928778e-4,0.010542065454032858,0.008052338181666781,TBX2/CD38/TBX1/ABL2/KLF4/FGFR2/PAX2/IGFBP7/CYP26B1/TRIML2/ABCA1/SOX9/RET/ACER2/SLC6A4,15,Module 1
GO:0060349,bone morphogenesis,15/1068,68/12061,0.22058823529411764,2.4911186384666224,3.8432966251290943,7.341086984928778e-4,0.010542065454032858,0.008052338181666781,CHSY1/COL3A1/LOC102724560/FGFR3/BMP4/CBS/MMP14/TSKU/TWIST1/SHOX2/FGFR2/CYP26B1/RARB/SOX9/NAB1,15,Module 1
GO:0007015,actin filament organization,50/1068,357/12061,0.1400560224089636,1.5816626275978556,3.4772769249735997,7.410390650861991e-4,0.010609726973779054,0.008104020031040375,ACTN1/SMAD3/TGFBR1/BCL2/RHOQ/RHOU/PAWR/PFN2/ARHGAP18/SVIL/ADD2/SPIRE2/ARHGAP12/F11R/CDC42EP3/POF1B/FAM171A1/CRACD/PICK1/WASF3/TMOD2/SAMD14/MYO1D/SNX9/CDC42EP4/SORBS1/CYFIP1/RHOB/MYO1B/TMEFF2/KANK3/TENM1/PXN/LIMA1/FHDC1/PYCARD/PDLIM1/PHLDB2/ASAP3/PLEKHG2/WASHC1/SPTA1/ACTN2/ENAH/MICALL2/RAPGEF3/GSN/PROX1/ITGB5/BAIAP2L2,50,Module 1
GO:0048546,digestive tract morphogenesis,8/1068,24/12061,0.3333333333333333,3.7643570536828963,4.225146715281627,7.459757946659821e-4,0.01064852611967978,0.008133655954409923,ID2/SMAD3/ACVR2B/BCL2/NOTCH1/SHOX2/FGFR2/FOXF1,8,Module 1
GO:0001655,urogenital system development,12/1068,48/12061,0.25,2.823267790262172,3.944995446236125,7.556756871404534e-4,0.010754884333052524,0.00821489547110706,BMP4/EPHB2/GATA2/LHX1/NOTCH1/EAF2/FGFR2/PAX2/CYP7B1/FOXA1/SOX9/SRD5A1,12,Module 1
GO:0072273,metanephric nephron morphogenesis,6/1068,14/12061,0.42857142857142855,4.839887640449438,4.480683268811633,7.655925197021799e-4,0.010858587401862158,0.008294106910665367,HES1/BMP4/LGR4/LHX1/PAX2/SOX9,6,Module 1
GO:0035265,organ growth,22/1068,120/12061,0.18333333333333332,2.070396379525593,3.672958924804839,7.697743892160753e-4,0.010858587401862158,0.008294106910665367,BASP1/ACVR2B/TGFBR1/BCL2/RUNX1/LATS2/FOXP1/FGFR3/TBX2/ARX/SPRY2/ERBB4/TSKU/NOTCH1/FGFR2/IGF2/SMAD1/RARB/HEY2/SOX9/PROX1/SLC6A4,22,Module 1
GO:0120161,regulation of cold-induced thermogenesis,22/1068,120/12061,0.18333333333333332,2.070396379525593,3.672958924804839,7.697743892160753e-4,0.010858587401862158,0.008294106910665367,ACVR2B/TRPV2/ACOT11/IL18R1/PCTP/NOVA2/HOXC10/ADRB2/ELOVL3/ELOVL6/LGR4/ZNF516/FABP5/NOTCH1/SFXN5/PDGFC/FFAR4/ZNF423/NOVA1/TLR4/SYK/OXT,22,Module 1
GO:0031099,regeneration,23/1068,128/12061,0.1796875,2.029223724250936,3.648724889450736,7.895682794653963e-4,0.011066349094874816,0.008452801373399287,SELENON/CTNNA1/BCL2/RUNX1/CDKN1A/PTGFRN/RTN4RL2/LARGE1/PTPRU/TXK/PTPRF/ERBB4/MYMX/CPQ/NOTCH1/BCL9/KLF4/CCN3/GAS6/SULF2/EPHA4/CSPG5/MSTN,23,Module 1
GO:0035270,endocrine system development,18/1068,90/12061,0.2,2.2586142322097382,3.73550948905123,7.914452928580484e-4,0.011066349094874816,0.008452801373399287,SMAD3/TGFBR1/HOXA5/HES1/HOXA3/BMP4/ONECUT1/SIX1/GATA2/TBX1/BMP2/NKX2-1/SIX3/GIPR/PITX2/PITX1/SOX9/SRD5A1,18,Module 1
GO:0043280,positive regulation of cysteine-type endopeptidase activity involved in apoptotic process,18/1068,90/12061,0.2,2.2586142322097382,3.73550948905123,7.914452928580484e-4,0.011066349094874816,0.008452801373399287,LAPTM5/PMAIP1/BBC3/SMAD3/PPARG/ROBO1/F2R/BID/MAPT/PYCARD/DAPK1/NLRP2/GSN/SNCA/SYK/COL4A3/ACER2/PIDD1,18,Module 1
GO:0016331,morphogenesis of embryonic epithelium,20/1068,105/12061,0.19047619047619047,2.1510611735330833,3.692336450068744,7.985330491390569e-4,0.011132900994119446,0.008503635662152917,PLXNB2/LUZP1/MKS1/FZD3/BMP4/CLUAP1/SIX1/FZD1/TULP3/TWIST1/IFT172/FGFR2/PAX2/CELSR1/ALDH1A3/CTHRC1/SOX9/VANGL2/RET/LAMA5,20,Module 1
GO:0120163,negative regulation of cold-induced thermogenesis,11/1068,42/12061,0.2619047619047619,2.95770911360799,3.9613189037933134,8.172534715960685e-4,0.011360773549919765,0.008677691390570251,ACVR2B/ACOT11/IL18R1/PCTP/NOVA2/HOXC10/LGR4/NOTCH1/ZNF423/NOVA1/TLR4,11,Module 1
GO:0006919,activation of cysteine-type endopeptidase activity involved in apoptotic process,13/1068,55/12061,0.23636363636363636,2.6692713653387807,3.8673215669276457,8.205027504340798e-4,0.011372881601668897,0.008686939874923744,LAPTM5/BBC3/SMAD3/PPARG/ROBO1/F2R/BID/MAPT/PYCARD/SNCA/COL4A3/ACER2/PIDD1,13,Module 1
GO:0048638,regulation of developmental growth,35/1068,227/12061,0.15418502202643172,1.741222425712353,3.513960398824336,8.299745266021168e-4,0.011470919613327522,0.008761824178002269,BASP1/CSF1/TRPV2/TGFBR1/BCL2/RUNX1/SEMA4F/CDKN1A/LATS2/FOXP1/MAPT/FGFR3/TBX2/TLL2/ARX/ADRB2/CYFIP1/SOCS2/SYT3/PLCB1/APP/SIX1/ERBB4/NTN1/NOTCH1/FGFR2/SEMA6C/IGF2/HEY2/SEMA3B/MAP2/MSTN/LPAR3/PROX1/SLC6A4,35,Module 1
GO:0001736,establishment of planar polarity,9/1068,30/12061,0.3,3.3879213483146065,4.081604766460221,8.36185260434224e-4,0.011490338837346147,0.008776657149748207,FZD3/JHY/BRSK2/FZD1/ERBB4/ASTN2/CELSR1/CTHRC1/VANGL2,9,Module 1
GO:0007164,establishment of tissue polarity,9/1068,30/12061,0.3,3.3879213483146065,4.081604766460221,8.36185260434224e-4,0.011490338837346147,0.008776657149748207,FZD3/JHY/BRSK2/FZD1/ERBB4/ASTN2/CELSR1/CTHRC1/VANGL2,9,Module 1
GO:0071774,response to fibroblast growth factor,16/1068,76/12061,0.21052631578947367,2.3774886654839347,3.7547149961452835,8.518404738086138e-4,0.011637469321363291,0.00888903972025152,DSTYK/KDM5B/FLRT3/FGFR3/TBX2/THBS1/NDST1/CXCL8/SPRY2/TBX1/LHX1/SPRY1/FGFR2/CXCL13/NDNF/SULF2,16,Module 1
GO:0006029,proteoglycan metabolic process,14/1068,62/12061,0.22580645161290322,2.5500483266884135,3.813903699344816,8.541931685065904e-4,0.011637469321363291,0.00888903972025152,HEXB/CHST14/CHSY1/GLCE/IDUA/NDST1/HS3ST3A1/BMP2/GUSB/SULF2/CHST3/HPSE/HS3ST5/HS3ST1,14,Module 1
GO:0021954,central nervous system neuron development,14/1068,62/12061,0.22580645161290322,2.5500483266884135,3.813903699344816,8.541931685065904e-4,0.011637469321363291,0.00888903972025152,BTG2/MAPT/NOVA2/ARX/EPHB2/GATA2/DCLK2/TSKU/FGFR2/SOX1/NDNF/EPHA4/MAP2/AGBL4,14,Module 1
GO:0016485,protein processing,28/1068,169/12061,0.16568047337278108,1.8710413757950493,3.5543145013558375,8.694445807060249e-4,0.011811602229932418,0.009022047533043979,MDM2/RUNX1/C1RL/GGT1/GAS1/PSEN2/DYNC2H1/SLC30A8/TLL2/THBS1/BACE2/PRNP/C1R/PLAT/MMP14/NCSTN/DISP1/IFT172/PCSK5/NOL3/PRSS12/CTSL/PCSK6/GSN/CPE/CHAC1/ANXA2/PIDD1,28,Module 1
GO:0001710,mesodermal cell fate commitment,5/1068,10/12061,0.5,5.646535580524344,4.581618145336044,9.304194925313235e-4,0.012466567139264893,0.009522328902958283,BMP4/KLF4/PAX2/SMAD1/EYA1,5,Module 1
GO:0030201,heparan sulfate proteoglycan metabolic process,5/1068,10/12061,0.5,5.646535580524344,4.581618145336044,9.304194925313235e-4,0.012466567139264893,0.009522328902958283,NDST1/HS3ST3A1/SULF2/HS3ST5/HS3ST1,5,Module 1
GO:0060973,cell migration involved in heart development,5/1068,10/12061,0.5,5.646535580524344,4.581618145336044,9.304194925313235e-4,0.012466567139264893,0.009522328902958283,FLRT3/BMP4/NOTCH1/TWIST1/PITX2,5,Module 1
GO:1905962,glutamatergic neuron differentiation,5/1068,10/12061,0.5,5.646535580524344,4.581618145336044,9.304194925313235e-4,0.012466567139264893,0.009522328902958283,PRDM1/ZHX2/KNDC1/PROX1/CBLN1,5,Module 1
GO:0002237,response to molecule of bacterial origin,36/1068,237/12061,0.1518987341772152,1.7154032143365099,3.466921560971091,9.306910223165133e-4,0.012466567139264893,0.009522328902958283,CD86/NQO1/TNFRSF11A/BCR/FOXP1/MGST2/F2R/IL1A/CXCL10/CNR1/SMAD6/SASH1/TLR6/TICAM2/CXCL8/CD24/LILRB1/MAPKAPK2/EPHB2/PYCARD/FOS/TNIP3/HPGD/NOTCH1/SELENOS/GBP2/FGFR2/CXCL11/CCR5/CXCL13/ABCA1/AKAP12/TLR4/SNCA/CXCL9/CX3CR1,36,Module 1
GO:0051897,positive regulation of phosphatidylinositol 3-kinase/protein kinase B signal transduction,21/1068,114/12061,0.18421052631578946,2.0803025822984424,3.612181585352852,9.41729439086103e-4,0.012579190440530012,0.009608353877179586,TGFBR1/PTK2/F2R/NEDD4/FGFR3/MEIS3/IRS2/THBS1/PRR5/SPRY2/PLXNB1/ERBB4/GAS6/PRKD1/IGF2/HPSE/UNC5B/ANGPT1/SOX9/CX3CR1/RET,21,Module 1
GO:0140747,regulation of ncRNA transcription,17/1068,84/12061,0.20238095238095238,2.2855024968789013,3.685018810058272,9.527209264825299e-4,0.012688895156533622,0.009692149550545174,TP53/SMAD3/PPARG/SMAD6/BMP4/GATA2/FOS/EGR1/BMP2/TWIST1/MACROH2A2/KLF4/TEAD1/SMAD1/FOSL1/FOXA1/SOX9,17,Module 1
GO:0060560,developmental growth involved in morphogenesis,28/1068,170/12061,0.16470588235294117,1.8600352500550783,3.519919159443587,9.55249321696383e-4,0.012688895156533622,0.009692149550545174,CSF1/TRPV2/LZTS2/SEMA4F/KDM5B/FLRT3/MAPT/BMP4/TBX2/CYFIP1/SYT3/DDR1/APP/SIX1/SPRY2/NTN1/LHX1/SPRY1/TNN/NOTCH1/FGFR2/SEMA6C/MAGI2/NLGN3/SEMA3B/MAP2/SOX9/LPAR3,28,Module 1
GO:0070374,positive regulation of ERK1 and ERK2 cascade,22/1068,122/12061,0.18032786885245902,2.0364554552710747,3.5863093398769568,9.68057905175172e-4,0.01282341524251433,0.00979489992989604,DSTYK/F2R/IL1A/FGFR3/BMP4/GPNMB/NTRK1/CCL1/APP/PYCARD/SPRY2/ERBB4/BMP2/NOTCH1/FGFR2/PDGFC/FFAR4/GAS6/ANGPT1/AKAP12/TLR4/HTR2C,22,Module 1
GO:0048167,regulation of synaptic plasticity,23/1068,130/12061,0.17692307692307693,1.998004897723999,3.5658830222004396,9.843333628251271e-4,0.01300298933986121,0.0099320638819517075,LARGE1/PICK1/HRH1/GRIN2C/MAPT/TSHZ3/EGR2/SYT7/PRNP/APP/EPHB2/CD38/NCSTN/SQSTM1/CPEB3/ADCY1/PLK2/EPHA4/NETO1/SNCA/SLC1A1/CX3CR1/CBLN1,23,Module 1
GO:0008544,epidermis development,34/1068,221/12061,0.15384615384615385,1.73739556323826,3.448434426698478,0.0010170906702377553,0.01339869858147919,0.010234318183920578,BCL2/CDKN1A/LATS2/FZD3/BCR/ALDH3A2/IL1A/TXNIP/DSG4/HES1/BMP4/PDZD7/PALLD/LGR4/FABP5/NOTCH1/MACROH2A2/SPINK5/IFT172/POU3F1/KLF4/FGFR2/PITX2/HPSE/CYP26B1/HEY2/LRP4/SOX21/EDA2R/SOX9/TCHH/MCOLN3/NAB1/LAMA5,34,Module 1
GO:0042098,T cell proliferation,28/1068,171/12061,0.16374269005847952,1.849157850931949,3.48575391167325,0.0010483334321817078,0.013761713045075884,0.010511599257393586,CD86/TP53/HLA-DPB1/PAWR/IL1A/BID/CD276/DLG5/HES1/BMP4/GPNMB/MAPK8IP1/CD24/SH3RF1/LILRB1/PRNP/IL4I1/PYCARD/TNFRSF21/HLA-A/NCSTN/PLA2G2F/IL6ST/SOS2/SPTA1/IGF2/SYK/IL20RB,28,Module 1
GO:0006935,chemotaxis,42/1068,291/12061,0.14432989690721648,1.6299277964400167,3.3903942432680605,0.0010532804212667866,0.013761713045075884,0.010511599257393586,MTUS1/TYMP/HSPB1/CSF1/SMAD3/SEMA4F/PTK2/TNFRSF11A/ROBO1/FLRT3/CXCL10/NOVA2/BMP4/GPNMB/THBS1/CXCL8/CCL1/CXCL16/CCR3/NTN1/NOTCH1/UNC5C/SEMA6C/CXCL11/CCR5/CCN3/CXCL13/GAS6/PRKD1/CYP7B1/ROBO2/FOSL1/ANGPT1/SEMA3B/SYK/GPR15LG/ARTN/MSTN/CXCL9/CX3CR1/FCER1G/LYST,42,Module 1
GO:0042330,taxis,42/1068,291/12061,0.14432989690721648,1.6299277964400167,3.3903942432680605,0.0010532804212667866,0.013761713045075884,0.010511599257393586,MTUS1/TYMP/HSPB1/CSF1/SMAD3/SEMA4F/PTK2/TNFRSF11A/ROBO1/FLRT3/CXCL10/NOVA2/BMP4/GPNMB/THBS1/CXCL8/CCL1/CXCL16/CCR3/NTN1/NOTCH1/UNC5C/SEMA6C/CXCL11/CCR5/CCN3/CXCL13/GAS6/PRKD1/CYP7B1/ROBO2/FOSL1/ANGPT1/SEMA3B/SYK/GPR15LG/ARTN/MSTN/CXCL9/CX3CR1/FCER1G/LYST,42,Module 1
GO:0043542,endothelial cell migration,27/1068,163/12061,0.1656441717791411,1.8706314193148132,3.4881272666917567,0.0010695500348342493,0.013936207810837547,0.010644883467302009,GADD45A/HSPB1/LGALS8/TGFBR1/PPARG/PTK2/FOXP1/ROBO1/SASH1/RHOB/THBS1/PXN/GATA2/SPARC/NR2F2/HMOX1/NOTCH1/RIN2/KLF4/PLK2/CCN3/CXCL13/PRKD1/ANGPT1/PLPP3/FSTL1/PROX1,27,Module 1
GO:0007157,heterophilic cell-cell adhesion via plasma membrane cell adhesion molecules,9/1068,31/12061,0.2903225806451613,3.2786335628851035,3.959348132261818,0.0010868748260669746,0.014085190835372012,0.010758681062480109,ADGRL1/NECTIN4/TENM1/ITGAL/FAT4/AMIGO1/CRB1/HMCN1/CBLN1,9,Module 1
GO:0010559,regulation of glycoprotein biosynthetic process,9/1068,31/12061,0.2903225806451613,3.2786335628851035,3.959348132261818,0.0010868748260669746,0.014085190835372012,0.010758681062480109,CHP1/BCL2/PAWR/ITM2C/PLCB1/BACE2/SOAT1/NCSTN/ACER2,9,Module 1
GO:0030326,embryonic limb morphogenesis,17/1068,85/12061,0.2,2.2586142322097382,3.6295047894173886,0.0010947635831739825,0.01411094192651748,0.010778350499684267,MKS1/HOXC10/DYNC2H1/BMP4/TBX2/SP9/HOXC11/NOTCH1/TULP3/TWIST1/SHOX2/AFF3/TBX3/CYP26B1/RARB/LRP4/PITX1,17,Module 1
GO:0035113,embryonic appendage morphogenesis,17/1068,85/12061,0.2,2.2586142322097382,3.6295047894173886,0.0010947635831739825,0.01411094192651748,0.010778350499684267,MKS1/HOXC10/DYNC2H1/BMP4/TBX2/SP9/HOXC11/NOTCH1/TULP3/TWIST1/SHOX2/AFF3/TBX3/CYP26B1/RARB/LRP4/PITX1,17,Module 1
GO:0060760,positive regulation of response to cytokine stimulus,12/1068,50/12061,0.24,2.710337078651685,3.777272318013081,0.00111641822603668,0.014312900688759794,0.010932612514032113,LAPTM5/CSF1/RBM47/USP27X/TXK/TICAM2/TSLP/TRIM32/GAS6/IRF7/TLR4/C1QTNF4,12,Module 1
GO:1901568,fatty acid derivative metabolic process,12/1068,50/12061,0.24,2.710337078651685,3.777272318013081,0.00111641822603668,0.014312900688759794,0.010932612514032113,ABCD1/SLC27A2/DGAT2/ALDH3A2/GGT1/HACD1/FAR2/ELOVL3/ELOVL6/GGT7/HPGD/FITM2,12,Module 1
GO:0002053,positive regulation of mesenchymal cell proliferation,7/1068,20/12061,0.35,3.952574906367041,4.118943268349793,0.0011566006584013547,0.014709745607647018,0.011235734279542836,IRS2/SIX1/TBX1/SHOX2/FGFR2/SOX9/FOXF1,7,Module 1
GO:0030574,collagen catabolic process,7/1068,20/12061,0.35,3.952574906367041,4.118943268349793,0.0011566006584013547,0.014709745607647018,0.011235734279542836,CTSB/MRC2/MMP15/CST3/MMP14/RETREG1/CTSL,7,Module 1
GO:0048665,neuron fate specification,7/1068,20/12061,0.35,3.952574906367041,4.118943268349793,0.0011566006584013547,0.014709745607647018,0.011235734279542836,HOXC10/SIX1/SOX1/EYA1/FOXA1/SOX9/MYT1L,7,Module 1
GO:0055092,sterol homeostasis,13/1068,57/12061,0.22807017543859648,2.575612720940929,3.716422487103448,0.0011726796364117187,0.014822503122969032,0.011321861770389517,ABCD1/DGAT2/LDLRAP1/ACSM3/TTC39B/CD24/SOAT1/LIMA1/TSKU/CYP7B1/ABCA1/MALRD1/DISP3,13,Module 1
GO:0071277,cellular response to calcium ion,13/1068,57/12061,0.22807017543859648,2.575612720940929,3.716422487103448,0.0011726796364117187,0.014822503122969032,0.011321861770389517,NFATC2/CPNE3/CPNE8/ITPKB/SYT7/SYT3/RYR1/FOS/NCSTN/ADCY1/KCNH1/SYT8/JUNB,13,Module 1
GO:0010586,miRNA metabolic process,18/1068,93/12061,0.1935483870967742,2.185755708590069,3.577890742381407,0.001180681903643088,0.014822503122969032,0.011321861770389517,TP53/SMAD3/PPARG/AGO4/SMAD6/BMP4/GATA2/FOS/EGR1/BMP2/TWIST1/XIST/KLF4/TEAD1/SMAD1/FOSL1/FOXA1/SOX9,18,Module 1
GO:0003184,pulmonary valve morphogenesis,6/1068,15/12061,0.4,4.5172284644194765,4.248405335167729,0.0011809648033984108,0.014822503122969032,0.011321861770389517,ROBO1/SMAD6/BMP4/NOTCH1/ROBO2/HEY2,6,Module 1
GO:0060740,prostate gland epithelium morphogenesis,6/1068,15/12061,0.4,4.5172284644194765,4.248405335167729,0.0011809648033984108,0.014822503122969032,0.011321861770389517,BMP4/NOTCH1/FGFR2/CYP7B1/FOXA1/SOX9,6,Module 1
GO:0015908,fatty acid transport,14/1068,64/12061,0.21875,2.4703593164794007,3.676023689841867,0.001190016243751416,0.014897009627275581,0.011378772019337046,ABCD1/SLC27A2/PPARG/TNFRSF11A/FABP6/IL1A/SLCO3A1/SLC27A3/IRS2/THBS1/FABP5/PLA2G2F/SLC2A1/SYK,14,Module 1
GO:0002064,epithelial cell development,26/1068,156/12061,0.16666666666666666,1.8821785268414482,3.45664872878843,0.001196311593492948,0.014897817812716867,0.011379389335034346,PRDM1/PODXL/CDKN1A/F11R/IL1A/POF1B/HOXA5/BMP4/CEBPA/ONECUT1/NTRK1/PLCB1/PALLD/GATA2/PECAM1/NOTCH1/IL6ST/SIX3/MAGI2/RAPGEF3/HPSE/RARB/DMRT1/FOXA1/SOX9/PROX1,26,Module 1
GO:0007599,hemostasis,26/1068,156/12061,0.16666666666666666,1.8821785268414482,3.45664872878843,0.001196311593492948,0.014897817812716867,0.011379389335034346,CD59/HSPB1/RAB27A/TFPI/TYRO3/COL3A1/F2R/F11R/ZNF385A/PROS1/TXK/THBS1/EPHB2/PLAT/IL6ST/GAS6/FBLN1/HPSE/ADRA2C/PAPSS2/TLR4/SYK/FCER1G/SLC6A4/TPH1/ANXA2,26,Module 1
GO:0045859,regulation of protein kinase activity,50/1068,365/12061,0.136986301369863,1.5469960494587245,3.3076009534471456,0.0012161291212515546,0.015104756331024437,0.01153745503283251,CD86/GADD45A/CHP1/HSPB1/DUSP22/CSF1/PPARG/PTK2/CDKN1A/LATS2/ZFYVE28/TNFRSF11A/ROBO1/TNFRSF10A/CAMK2N1/SASH1/TLR6/MAPRE3/SNX9/CDK5R2/CCNB3/HHEX/ADRB2/TTBK1/THBS1/NEK10/MAPK8IP1/TENM1/CD24/PRNP/APP/EPHB2/PYCARD/SPRY2/NR2F2/SPRY1/BMP2/UCHL1/PDGFC/DBNDD1/GAS6/EPHA4/ADRA2C/ANGPT1/TLR4/SNCA/SLC8A1/PROX1/PTPRB/CCNP,50,Module 1
GO:1990845,adaptive thermogenesis,23/1068,132/12061,0.17424242424242425,1.9677320962433325,3.4845063305655617,0.001219246328685787,0.015104756331024437,0.01153745503283251,ACVR2B/TRPV2/ACOT11/IL18R1/PCTP/NOVA2/HOXC10/ADRB2/ELOVL3/ELOVL6/LGR4/ZNF516/FABP5/NOTCH1/SFXN5/PDGFC/FFAR4/IGF2BP2/ZNF423/NOVA1/TLR4/SYK/OXT,23,Module 1
GO:0060350,endochondral bone morphogenesis,11/1068,44/12061,0.25,2.823267790262172,3.776416910826551,0.0012427505599011531,0.015356158081259211,0.011729483048706656,COL3A1/LOC102724560/FGFR3/BMP4/CBS/MMP14/TSKU/SHOX2/RARB/SOX9/NAB1,11,Module 1
GO:0030879,mammary gland development,19/1068,101/12061,0.18811881188118812,2.124439129306189,3.5369768191669397,0.0012473004557132404,0.015372656647476071,0.011742085136529964,ID2/CSF1/ATP7B/TNFRSF11A/KDM5B/ROBO1/HOXA5/BMP4/TBX2/SOCS2/IRS2/DDR1/ERBB4/NTN1/FGFR2/TBX3/SOX9/FOXF1/TPH1,19,Module 1
GO:0001649,osteoblast differentiation,27/1068,165/12061,0.16363636363636364,1.8479570990806944,3.418350106994539,0.0012896999092194008,0.015834852181076126,0.012095123614504868,SMAD3/ACVR2B/PPARG/PTK2/MRC2/SMAD6/BMP4/CEBPA/FZD1/LGR4/BMP2/TNN/NOTCH1/TENT5A/TWIST1/IL6ST/SHOX2/FGFR2/FFAR4/PRKD1/IGF2/SMAD1/CTHRC1/NELL1/SOX9/CRIM1/JUNB,27,Module 1
GO:0090092,regulation of transmembrane receptor protein serine/threonine kinase signaling pathway,30/1068,190/12061,0.15789473684210525,1.783116499112951,3.391256883226275,0.0012914245818945397,0.015834852181076126,0.012095123614504868,TP53/SMAD3/ACVR2B/TGFBR1/PPARG/GLCE/LATS2/LTBP1/LRP1/SMAD6/HES1/BMP4/ONECUT1/THBS1/SPRY2/FZD1/SPRY1/BMP2/NKX2-1/NOTCH1/FSTL5/CCN3/IGSF1/MAGI2/ZNF423/PCSK6/ITGA8/DMRT1/FSTL1/CRIM1,30,Module 1
GO:0045685,regulation of glial cell differentiation,12/1068,51/12061,0.23529411764705882,2.6571932143643977,3.69647605228448,0.0013444018421689514,0.01618813792327835,0.012364973605797155,ID2/HES1/CLCF1/TTBK1/EGR2/ZNF365/TNFRSF21/BMP2/NOTCH1/IL6ST/SOX1/EPHA4,12,Module 1
GO:0048644,muscle organ morphogenesis,12/1068,51/12061,0.23529411764705882,2.6571932143643977,3.69647605228448,0.0013444018421689514,0.01618813792327835,0.012364973605797155,TGFBR1/COL3A1/FZD1/TBX1/BMP2/NOTCH1/SHOX2/FGFR2/GSC/MYLK/HEY2/PROX1,12,Module 1
GO:1903317,regulation of protein maturation,12/1068,51/12061,0.23529411764705882,2.6571932143643977,3.69647605228448,0.0013444018421689514,0.01618813792327835,0.012364973605797155,MDM2/RUNX1/GAS1/THBS1/PRNP/PLAT/MMP14/NOL3/GSN/RASAL2/CHAC1/ANXA2,12,Module 1
GO:0015909,long-chain fatty acid transport,10/1068,38/12061,0.2631578947368421,2.9718608318549182,3.7945720325634738,0.0013449858656170363,0.01618813792327835,0.012364973605797155,ABCD1/SLC27A2/PPARG/SLC27A3/IRS2/THBS1/FABP5/PLA2G2F/SLC2A1/SYK,10,Module 1
GO:0031638,zymogen activation,10/1068,38/12061,0.2631578947368421,2.9718608318549182,3.7945720325634738,0.0013449858656170363,0.01618813792327835,0.012364973605797155,RUNX1/C1RL/GGT1/THBS1/C1R/PLAT/MMP14/PRSS12/CTSL/ANXA2,10,Module 1
GO:0001837,epithelial to mesenchymal transition,22/1068,125/12061,0.176,1.9875805243445692,3.4593880790029603,0.001347447131810581,0.01618813792327835,0.012364973605797155,SMAD3/TGFBR1/PTK2/DLG5/BMP4/DACT3/SPRY2/PHLDB2/SPRY1/BMP2/NKX2-1/NOTCH1/USF3/TWIST1/CUL7/FGFR2/GSC/TBX3/EPHA4/HEY2/FOXA1/SOX9,22,Module 1
GO:0010830,regulation of myotube differentiation,8/1068,26/12061,0.3076923076923077,3.47479112647652,3.937343845697928,0.0013507041052672653,0.01618813792327835,0.012364973605797155,BCL2/TBX1/MMP14/NOTCH1/HDAC4/SHOX2/CCN3/CYP26B1,8,Module 1
GO:0031076,embryonic camera-type eye development,8/1068,26/12061,0.3076923076923077,3.47479112647652,3.937343845697928,0.0013507041052672653,0.01618813792327835,0.012364973605797155,TBX2/TULP3/TWIST1/IFT172/SIX3/PAX2/ALDH1A3/PROX1,8,Module 1
GO:0050919,negative chemotaxis,8/1068,26/12061,0.3076923076923077,3.47479112647652,3.937343845697928,0.0013507041052672653,0.01618813792327835,0.012364973605797155,SEMA4F/ROBO1/FLRT3/NTN1/UNC5C/SEMA6C/ROBO2/SEMA3B,8,Module 1
GO:0043500,muscle adaptation,15/1068,72/12061,0.20833333333333334,2.3527231585518105,3.588267896458993,0.001368352641983351,0.016358655834910963,0.01249522017811113,SELENON/SMAD3/PPARG/FOXP1/GTF2IRD1/HMOX1/TNNT1/NOTCH1/HDAC4/IL6ST/CASQ1/HEY2/FBXO32/GSN/MSTN,15,Module 1
GO:0032496,response to lipopolysaccharide,34/1068,225/12061,0.1511111111111111,1.706508531002913,3.3343206135755077,0.0013937740297521504,0.016594452251689183,0.012675328383491046,CD86/NQO1/TNFRSF11A/BCR/FOXP1/MGST2/F2R/IL1A/CXCL10/CNR1/SMAD6/SASH1/TICAM2/CXCL8/LILRB1/MAPKAPK2/EPHB2/PYCARD/FOS/TNIP3/HPGD/NOTCH1/SELENOS/GBP2/FGFR2/CXCL11/CCR5/CXCL13/ABCA1/AKAP12/TLR4/SNCA/CXCL9/CX3CR1,34,Module 1
GO:0045687,positive regulation of glial cell differentiation,9/1068,32/12061,0.28125,3.176176264044944,3.8419832050329523,0.0013950166886614495,0.016594452251689183,0.012675328383491046,ID2/HES1/CLCF1/TTBK1/EGR2/ZNF365/BMP2/NOTCH1/IL6ST,9,Module 1
GO:2001056,positive regulation of cysteine-type endopeptidase activity,19/1068,102/12061,0.18627450980392157,2.1036112947051477,3.488750853447761,0.001408574040448669,0.016714146554405795,0.012766754395603715,LAPTM5/PMAIP1/BBC3/SMAD3/PPARG/ROBO1/F2R/BID/MAPT/TTBK1/PYCARD/DAPK1/NLRP2/GSN/SNCA/SYK/COL4A3/ACER2/PIDD1,19,Module 1
GO:1902903,regulation of supramolecular fiber organization,43/1068,305/12061,0.14098360655737704,1.5921379013937496,3.264706601463423,0.0014824865727153089,0.01754765047209061,0.013403409086300475,SMAD3/TGFBR1/PFN2/ARHGAP18/SVIL/ADD2/F11R/CDC42EP3/CRACD/PICK1/CAMSAP2/MAPT/WASF3/TMOD2/MAPRE3/SNX9/CDC42EP4/CYFIP1/TMEFF2/KANK3/TENM1/PXN/LIMA1/APP/PYCARD/PHLDB2/STMN2/ASAP3/PLEKHG2/MID1/WASHC1/SPTA1/ACTN2/PRKD1/RAPGEF3/GSN/MAP2/SNCA/SPEF1/PROX1/EML2/TTBK2/BAIAP2L2,43,Module 1
GO:0060759,regulation of response to cytokine stimulus,23/1068,134/12061,0.17164179104477612,1.9383629604785064,3.404542912303499,0.0015008342268094184,0.01771414568812023,0.013530583005960335,LAPTM5/CSF1/PPARG/RBM47/ROBO1/USP27X/USP18/TXK/TICAM2/CD24/MAPKAPK2/PYCARD/TSLP/TRIM32/SPPL2A/SAMHD1/KLF4/GAS6/IRF7/ANGPT1/TLR4/SYK/C1QTNF4,23,Module 1
GO:0050769,positive regulation of neurogenesis,28/1068,175/12061,0.16,1.8068913857677902,3.351331639605086,0.0015039613444953605,0.01771414568812023,0.013530583005960335,PLXNB2/ID2/TRPV2/FZD3/ROBO1/SMARCD3/MAPT/HES1/CLCF1/CYFIP1/TTBK1/EGR2/EPHB2/PLXNB1/NTN1/ZNF365/BMP2/NOTCH1/TRIM32/CUL7/IL6ST/SHOX2/AMIGO1/ROBO2/EPHA4/BCAN/LPAR3/CX3CR1,28,Module 1
GO:0016486,peptide hormone processing,7/1068,21/12061,0.3333333333333333,3.7643570536828963,3.951770432131613,0.001603667674479599,0.018818426762526264,0.014374065215163476,SLC30A8/BACE2/DISP1/PCSK5/CTSL/PCSK6/CPE,7,Module 1
GO:0050727,regulation of inflammatory response,37/1068,253/12061,0.14624505928853754,1.651555861497239,3.2645619223222684,0.0016066774570433105,0.018818426762526264,0.014374065215163476,CREB3L3/SMAD3/PPARG/TNFRSF11A/TYRO3/BCR/FOXP1/MGST2/GGT1/CAMK2N1/CNR1/AOAH/USP18/CEBPA/NLRP11/TTBK1/TRIM45/NT5E/CCL1/APP/PYCARD/TSLP/SELENOS/LPCAT3/IL6ST/KLF4/PLK2/CCN3/FFAR4/NLRP2/C1QTNF3/TLR4/SNCA/SYK/FOXF1/IL22RA2/IL20RB,37,Module 1
GO:0001738,morphogenesis of a polarized epithelium,12/1068,52/12061,0.23076923076923078,2.6060933448573897,3.6175971111368512,0.0016095224897267342,0.018818426762526264,0.014374065215163476,FZD3/DLG5/JHY/BRSK2/FZD1/ERBB4/ASTN2/CELSR1/CTHRC1/FOXF1/VANGL2/LAMA5,12,Module 1
GO:1902807,negative regulation of cell cycle G1/S phase transition,14/1068,66/12061,0.21212121212121213,2.3954999432527524,3.5432584462409253,0.0016299335966012808,0.01901059136328616,0.014520846162275855,TP53/MDM2/BCL2/CDKN1A/CTDSPL/GPNMB/SUSD2/CACNB4/DCUN1D3/E2F7/KLF4/PLK2/GPR15LG/PIDD1,14,Module 1
GO:0007548,sex differentiation,28/1068,176/12061,0.1590909090909091,1.796624957439564,3.318270723980614,0.001641547744569856,0.019065973623345795,0.014563148753661739,MAMLD1/BASP1/CTNNA1/TGFBR1/BCL2/BCL2L2/AGO4/TYRO3/IL1A/PLEKHA1/SYCP2/NTRK1/LGR4/NR2F2/MMP14/LHX1/NKX2-1/NOTCH1/ADGRG1/LFNG/DMRT2/ADAMTS1/TBX3/ROBO2/GFRA1/DMRT1/SOX9/SRD5A1,28,Module 1
GO:0014855,striated muscle cell proliferation,13/1068,59/12061,0.22033898305084745,2.4883038151463213,3.571839666128597,0.0016426560294476092,0.019065973623345795,0.014563148753661739,SELENON/TGFBR1/RUNX1/TBX2/SIX1/ERBB4/FOS/NOTCH1/FGFR2/SMAD1/HEY2/ANGPT1/MSTN,13,Module 1
GO:0010950,positive regulation of endopeptidase activity,21/1068,119/12061,0.17647058823529413,1.992894910773298,3.392652655120255,0.001656499866392969,0.019165151651990602,0.014638903835084942,LAPTM5/PMAIP1/BBC3/SMAD3/PPARG/ROBO1/F2R/BID/MAPT/TTBK1/PYCARD/NCSTN/DAPK1/NLRP2/EPHA4/GSN/SNCA/SYK/COL4A3/ACER2/PIDD1,21,Module 1
GO:0051345,positive regulation of hydrolase activity,48/1068,352/12061,0.13636363636363635,1.539964249233912,3.204627840584673,0.0016610655170921963,0.019165151651990602,0.014638903835084942,LAPTM5/CD86/PMAIP1/TBC1D1/BBC3/SMAD3/PPARG/RASGRP3/BCR/ROBO1/F2R/BID/ITK/MAPT/FGFR3/SNX9/TXK/TTBK1/NTRK1/CCL1/SYDE2/PYCARD/PLXNB1/TBC1D9/RALGPS2/BMP2/ASAP3/SRGAP2/ABL2/NCSTN/RGL1/LPAR2/DAPK1/SOS2/FGFR2/CXCL13/NLRP2/MAGI2/RAPGEF3/CTSL/TBC1D3F/EPHA4/GSN/SNCA/SYK/COL4A3/ACER2/PIDD1,48,Module 1
GO:0090130,tissue migration,35/1068,236/12061,0.1483050847457627,1.6748198755792547,3.263205756969888,0.0016632241605136133,0.019165151651990602,0.014638903835084942,GADD45A/HSPB1/LGALS8/TGFBR1/PPARG/PFN2/PTK2/MCC/EPB41L4B/FOXP1/ROBO1/PTPRG/SASH1/RHOB/IRS2/THBS1/PXN/GATA2/SPARC/NR2F2/HMOX1/NOTCH1/RIN2/KLF4/PLK2/CCN3/CXCL13/PRKD1/NANOS1/ANGPT1/PLPP3/SOX9/FSTL1/FOXF1/PROX1,35,Module 1
GO:0060191,regulation of lipase activity,10/1068,39/12061,0.2564102564102564,2.895659272063766,3.6957738429625278,0.0016675796057041487,0.019169148255954904,0.01464195655818167,CD86/LRP1/ITK/FGFR3/TXK/APOC1/ABL2/LPAR2/FGFR2/SNCA,10,Module 1
GO:0015718,monocarboxylic acid transport,18/1068,96/12061,0.1875,2.117450842696629,3.426169610629467,0.0017219419114336584,0.01974658566061332,0.015083020150636868,ABCD1/SLC27A2/PPARG/TNFRSF11A/FABP6/IL1A/SLCO3A1/SLC6A8/SLC27A3/IRS2/THBS1/SLC6A13/FABP5/PLA2G2F/SLC2A1/SLCO1C1/SLC51A/SYK,18,Module 1
GO:0046883,regulation of hormone secretion,26/1068,160/12061,0.1625,1.835124063670412,3.3145183508315195,0.0017398122315944622,0.01982029222147973,0.015139319379368833,RAB11FIP5/PPARG/ILDR1/KDM5B/GNAZ/PICK1/CNR1/PFKFB2/SLC30A8/BRSK2/IRS2/SYT7/PLCB1/PRKCB/CD38/DOC2B/GIPR/CCN3/FFAR4/PRKD1/C1QTNF3/MYRIP/HTR2C/MTNR1B/ADCY5/NLGN2,26,Module 1
GO:0060512,prostate gland morphogenesis,6/1068,16/12061,0.375,4.234901685393258,4.035699691575006,0.0017490931236855804,0.01982029222147973,0.015139319379368833,BMP4/NOTCH1/FGFR2/CYP7B1/FOXA1/SOX9,6,Module 1
GO:0072010,glomerular epithelium development,6/1068,16/12061,0.375,4.234901685393258,4.035699691575006,0.0017490931236855804,0.01982029222147973,0.015139319379368833,BASP1/PODXL/PROM1/CD24/PECAM1/MAGI2,6,Module 1
GO:0072012,glomerulus vasculature development,6/1068,16/12061,0.375,4.234901685393258,4.035699691575006,0.0017490931236855804,0.01982029222147973,0.015139319379368833,HES1/BMP4/PECAM1/EGR1/NOTCH1/ANGPT1,6,Module 1
GO:1901201,regulation of extracellular matrix assembly,6/1068,16/12061,0.375,4.234901685393258,4.035699691575006,0.0017490931236855804,0.01982029222147973,0.015139319379368833,SMAD3/TGFBR1/PPARG/PHLDB2/NOTCH1/SOX9,6,Module 1
GO:0003176,aortic valve development,9/1068,33/12061,0.2727272727272727,3.079928498467824,3.7291498229655717,0.0017697018919381234,0.01989580612179471,0.01519699910687615,ROBO1/SMAD6/BMP4/BMP2/NOTCH1/TWIST1/ROBO2/HEY2/SOX9,9,Module 1
GO:0010517,regulation of phospholipase activity,9/1068,33/12061,0.2727272727272727,3.079928498467824,3.7291498229655717,0.0017697018919381234,0.01989580612179471,0.01519699910687615,CD86/LRP1/ITK/FGFR3/TXK/ABL2/LPAR2/FGFR2/SNCA,9,Module 1
GO:0050885,neuromuscular process controlling balance,9/1068,33/12061,0.2727272727272727,3.079928498467824,3.7291498229655717,0.0017697018919381234,0.01989580612179471,0.01519699910687615,HEXB/BCR/GRIN2C/APP/GM2A/ALDH1A3/ADCY5/NRXN1/NLGN2,9,Module 1
GO:0010464,regulation of mesenchymal cell proliferation,8/1068,27/12061,0.2962962962962963,3.3460951588292414,3.8038524993725265,0.0017723992906492152,0.01989580612179471,0.01519699910687615,BMP4/IRS2/SIX1/TBX1/SHOX2/FGFR2/SOX9/FOXF1,8,Module 1
GO:0036293,response to decreased oxygen levels,36/1068,246/12061,0.14634146341463414,1.6526445601534667,3.2235067155336785,0.0018233285498753299,0.020231294588478527,0.015453255018164717,TP53/PMAIP1/MDM2/SMAD3/BCL2/PPARG/AK4/IL1A/PICK1/LOC102724560/PSEN2/CBS/THBS1/ARNT2/CD24/RYR1/CD38/PLAT/PDLIM1/MMP14/FOS/HMOX1/EGR1/BMP2/ITPR2/NOTCH1/SLC2A1/TWIST1/FGFR2/OPRD1/NOL3/NDNF/EPHA4/SLC1A1/MSTN/SLC6A4,36,Module 1
GO:0030902,hindbrain development,20/1068,112/12061,0.17857142857142858,2.016619850187266,3.3690152929508015,0.0018245975994870642,0.020231294588478527,0.015453255018164717,TP53/BCL2/HES1/LOC102724560/CBS/CDK5R2/KNDC1/EGR2/EPHB2/GATA2/ZNF365/LHX1/NCSTN/CNTN1/SMAD1/NANOS1/PROX1/CBLN1/SLC6A4/TTBK2,20,Module 1
GO:0001961,positive regulation of cytokine-mediated signaling pathway,11/1068,46/12061,0.2391304347826087,2.7005170167725128,3.60163067653597,0.001835277462951653,0.020231294588478527,0.015453255018164717,LAPTM5/CSF1/RBM47/USP27X/TXK/TICAM2/TSLP/TRIM32/GAS6/IRF7/C1QTNF4,11,Module 1
GO:0015844,monoamine transport,11/1068,46/12061,0.2391304347826087,2.7005170167725128,3.60163067653597,0.001835277462951653,0.020231294588478527,0.015453255018164717,PICK1/CNR1/SYT7/SYT3/LILRB1/PRKCB/SYT8/ADRA2C/SNCA/SYK/SLC6A4,11,Module 1
GO:0060415,muscle tissue morphogenesis,11/1068,46/12061,0.2391304347826087,2.7005170167725128,3.60163067653597,0.001835277462951653,0.020231294588478527,0.015453255018164717,TGFBR1/COL3A1/FZD1/TBX1/BMP2/NOTCH1/SHOX2/FGFR2/MYLK/HEY2/PROX1,11,Module 1
GO:0030324,lung development,23/1068,136/12061,0.16911764705882354,1.9098576228244108,3.3259434790462197,0.001836355236280824,0.020231294588478527,0.015453255018164717,SELENON/ACVR2B/COL3A1/DLG5/HOXA5/HES1/BMP4/TBX2/CEBPA/SPRY2/MMP14/SPRY1/BMP2/NKX2-1/NOTCH1/FGFR2/CELSR1/FOXA1/SOX9/FOXF1/PROX1/ANXA2/LAMA5,23,Module 1
GO:0051216,cartilage development,23/1068,136/12061,0.16911764705882354,1.9098576228244108,3.3259434790462197,0.001836355236280824,0.020231294588478527,0.015453255018164717,NFATC2/SMAD3/CHSY1/TGFBR1/RUNX1/COL3A1/SOX5/HOXA5/LOC102724560/FGFR3/HOXA3/BMP4/CBS/BMP2/TSKU/SHOX2/CCN3/SMAD1/SULF2/RARB/PITX1/SOX9/BBS1,23,Module 1
GO:0032946,positive regulation of mononuclear cell proliferation,21/1068,120/12061,0.175,1.9762874531835204,3.3500334856650746,0.0018445931494304973,0.020231294588478527,0.015453255018164717,CD86/NFATC2/CSF1/BCL2/HLA-DPB1/CDKN1A/IL1A/CD276/HES1/CLCF1/IRS2/CD24/EPHB2/CD38/PYCARD/HLA-A/IL6ST/SPTA1/IGF2/TLR4/SYK,21,Module 1
GO:0071706,tumor necrosis factor superfamily cytokine production,21/1068,120/12061,0.175,1.9762874531835204,3.3500334856650746,0.0018445931494304973,0.020231294588478527,0.015453255018164717,CD86/HSPB1/FOXP1/IL1A/GPNMB/THBS1/LILRB1/APP/BCL3/MAPKAPK2/EPHB2/PYCARD/SELENOS/TWIST1/GAS6/ANGPT1/AKAP12/TLR4/SYK/CX3CR1/C1QTNF4,21,Module 1
GO:1903555,regulation of tumor necrosis factor superfamily cytokine production,21/1068,120/12061,0.175,1.9762874531835204,3.3500334856650746,0.0018445931494304973,0.020231294588478527,0.015453255018164717,CD86/HSPB1/FOXP1/IL1A/GPNMB/THBS1/LILRB1/APP/BCL3/MAPKAPK2/EPHB2/PYCARD/SELENOS/TWIST1/GAS6/ANGPT1/AKAP12/TLR4/SYK/CX3CR1/C1QTNF4,21,Module 1
GO:0032102,negative regulation of response to external stimulus,40/1068,282/12061,0.14184397163120568,1.6018540653969773,3.1875918515945987,0.001902574996363767,0.020819481996822733,0.015902529778109773,SMAD3/PPARG/SEMA4F/TFPI/TYRO3/BCR/ROBO1/DHX58/AOAH/PROS1/USP18/TRIM45/THBS1/LILRB1/NT5E/PLAT/PHLDB2/NOTCH1/HLA-A/SELENOS/LPCAT3/SAMHD1/DTX4/SPINK5/KLF4/PLK2/SEMA6C/CCN3/CXCL13/FFAR4/C1QTNF3/ROBO2/EPHA4/SEMA3B/SYK/FOXF1/IL22RA2/ANXA2/MAPKBP1/IL20RB,40,Module 1
GO:0043491,phosphatidylinositol 3-kinase/protein kinase B signal transduction,32/1068,212/12061,0.1509433962264151,1.7046145148752738,3.226114909625257,0.0019327309511688211,0.021101185864130827,0.016117703438009636,TGFBR1/PTK2/TYRO3/F2R/NEDD4/PLEKHA1/FGFR3/MEIS3/IRS2/THBS1/NTRK1/PRR5/SPRY2/PLXNB1/ERBB4/BANK1/TWIST1/PTPN13/PHLDA3/PAX2/MAGI2/GAS6/PRKD1/IGF2/RAPGEF3/HPSE/UNC5B/ANGPT1/SOX9/MSTN/CX3CR1/RET,32,Module 1
GO:0031032,actomyosin structure organization,25/1068,153/12061,0.16339869281045752,1.8452730655308316,3.2796273475373035,0.001954023507984975,0.021285057893357974,0.016258150276244727,SMAD3/TGFBR1/PFN2/MYH10/EPB41L4B/F11R/FAM171A1/TMOD2/SORBS1/TMEFF2/PXN/FHDC1/KRT8/PDLIM1/PHLDB2/ASAP3/TNNT1/EPB41L4A/ACTN2/PRKD1/CASQ1/RAPGEF3/FRMD5/PROX1/ITGB5,25,Module 1
GO:0050817,coagulation,25/1068,154/12061,0.16233766233766234,1.8332907728975145,3.2438213115110384,0.0021418846405016688,0.02327839170654314,0.01778071699172438,CD59/HSPB1/RAB27A/TFPI/TYRO3/COL3A1/F2R/F11R/PROS1/TXK/THBS1/EPHB2/PLAT/IL6ST/GAS6/FBLN1/HPSE/ADRA2C/HS3ST5/PAPSS2/TLR4/SYK/FCER1G/SLC6A4/ANXA2,25,Module 1
GO:0007215,glutamate receptor signaling pathway,7/1068,22/12061,0.3181818181818182,3.593249914879128,3.7945621618822925,0.0021744059034938964,0.02341893925790048,0.017888071325566197,GRIN2C/HOMER3/PLCB1/PRNP/APP/NCSTN/SLC1A1,7,Module 1
GO:0010955,negative regulation of protein processing,7/1068,22/12061,0.3181818181818182,3.593249914879128,3.7945621618822925,0.0021744059034938964,0.02341893925790048,0.017888071325566197,MDM2/GAS1/THBS1/PRNP/PLAT/NOL3/CHAC1,7,Module 1
GO:1901889,negative regulation of cell junction assembly,7/1068,22/12061,0.3181818181818182,3.593249914879128,3.7945621618822925,0.0021744059034938964,0.02341893925790048,0.017888071325566197,DUSP22/THBS1/MMP14/PHLDB2/PTPN13/ROBO2/CBLN1,7,Module 1
GO:1903318,negative regulation of protein maturation,7/1068,22/12061,0.3181818181818182,3.593249914879128,3.7945621618822925,0.0021744059034938964,0.02341893925790048,0.017888071325566197,MDM2/GAS1/THBS1/PRNP/PLAT/NOL3/CHAC1,7,Module 1
GO:0070613,regulation of protein processing,11/1068,47/12061,0.23404255319148937,2.6430592079050124,3.5177056394877453,0.0022079639204206063,0.023726929140340088,0.01812332301326908,MDM2/RUNX1/GAS1/THBS1/PRNP/PLAT/MMP14/NOL3/GSN/CHAC1/ANXA2,11,Module 1
GO:0006959,humoral immune response,19/1068,106/12061,0.1792452830188679,2.0242297364143873,3.301236887504601,0.002242490876173188,0.024043926838251534,0.018365455134106593,CD59/SH2D1A/BCL2/C1RL/CXCL10/CXCL8/CFH/BCL3/C1R/TSLP/TNFRSF21/NOTCH1/HLA-A/SPINK5/CXCL11/CXCL13/BLNK/CXCL9/LGALS4,19,Module 1
GO:1901890,positive regulation of cell junction assembly,13/1068,61/12061,0.21311475409836064,2.4067200835021794,3.4330738722596004,0.002258649193780202,0.024122698360465298,0.01842562312857747,SMAD3/FLRT3/IL1RAP/DLG5/NTRK1/CLSTN3/EPHB2/CBLN2/NLGN3/AMIGO1/CBLN1/NRXN1/NLGN2,13,Module 1
GO:0070665,positive regulation of leukocyte proliferation,22/1068,130/12061,0.16923076923076924,1.9111351195620858,3.2554963018583605,0.0022623739637574742,0.024122698360465298,0.01842562312857747,CD86/NFATC2/CSF1/BCL2/HLA-DPB1/PTK2/CDKN1A/IL1A/CD276/HES1/CLCF1/IRS2/CD24/EPHB2/CD38/PYCARD/HLA-A/IL6ST/SPTA1/IGF2/TLR4/SYK,22,Module 1
GO:1904888,cranial skeletal system development,12/1068,54/12061,0.2222222222222222,2.509571369121931,3.4652489544945673,0.0022691758600897377,0.024122698360465298,0.01842562312857747,SMAD3/TGFBR1/HOXA1/BMP4/NDST1/SIX1/TBX1/MMP14/LHX1/TULP3/TWIST1/FGFR2,12,Module 1
GO:0002790,peptide secretion,26/1068,163/12061,0.15950920245398773,1.8013487741550056,3.2105509257406717,0.0022755287860784824,0.024122698360465298,0.01842562312857747,RAB11FIP5/ACVR2B/ILDR1/GNAZ/PICK1/CNR1/PFKFB2/SLC30A8/BRSK2/IRS2/SYT7/PLCB1/PRKCB/CD38/DOC2B/GIPR/CCN3/FFAR4/PRKD1/MYRIP/ABCA1/HTR2C/CPE/MTNR1B/ADCY5/NLGN2,26,Module 1
GO:0003180,aortic valve morphogenesis,8/1068,28/12061,0.2857142857142857,3.2265917602996255,3.676493658249568,0.002291542717765313,0.024122698360465298,0.01842562312857747,ROBO1/SMAD6/BMP4/NOTCH1/TWIST1/ROBO2/HEY2/SOX9,8,Module 1
GO:0030501,positive regulation of bone mineralization,8/1068,28/12061,0.2857142857142857,3.2265917602996255,3.676493658249568,0.002291542717765313,0.024122698360465298,0.01842562312857747,SMAD3/ACVR2B/BMP4/ADRB2/BMP2/TENT5A/NELL1/SLC8A1,8,Module 1
GO:0035025,positive regulation of Rho protein signal transduction,8/1068,28/12061,0.2857142857142857,3.2265917602996255,3.676493658249568,0.002291542717765313,0.024122698360465298,0.01842562312857747,COL3A1/ROBO1/F2R/F11R/PRAG1/PLXNB1/ADGRG1/LPAR2,8,Module 1
GO:1900271,regulation of long-term synaptic potentiation,8/1068,28/12061,0.2857142857142857,3.2265917602996255,3.676493658249568,0.002291542717765313,0.024122698360465298,0.01842562312857747,PRNP/APP/EPHB2/NCSTN/SQSTM1/ADCY1/EPHA4/CX3CR1,8,Module 1
GO:0006816,calcium ion transport,38/1068,267/12061,0.14232209737827714,1.6072535734825848,3.1274927700182813,0.0022952379243019053,0.024122698360465298,0.01842562312857747,NCS1/SELENON/TRPV2/BCL2/F2R/CXCL10/GRIN2C/HOMER3/CACNA2D4/HES1/PSEN2/PLCD1/CACNB4/PLCB1/LILRB1/RYR1/PRNP/PRKCB/ITPR2/CACNA1A/WFS1/TSPAN13/CXCL11/OPRD1/CCR5/NOL3/GAS6/PRKD1/CASQ1/CATSPER2/MYLK/CACHD1/SNCA/HTR2C/CXCL9/SLC8A1/MCOLN3/ANXA2,38,Module 1
GO:0010631,epithelial cell migration,34/1068,232/12061,0.14655172413793102,1.6550190494640318,3.1399669238310555,0.002348858476363413,0.02457820838943072,0.018773555022414012,GADD45A/HSPB1/LGALS8/TGFBR1/PPARG/PFN2/PTK2/MCC/EPB41L4B/FOXP1/ROBO1/PTPRG/SASH1/RHOB/IRS2/THBS1/PXN/GATA2/SPARC/NR2F2/HMOX1/NOTCH1/RIN2/KLF4/PLK2/CCN3/CXCL13/PRKD1/NANOS1/ANGPT1/PLPP3/SOX9/FSTL1/PROX1,34,Module 1
GO:0090132,epithelium migration,34/1068,232/12061,0.14655172413793102,1.6550190494640318,3.1399669238310555,0.002348858476363413,0.02457820838943072,0.018773555022414012,GADD45A/HSPB1/LGALS8/TGFBR1/PPARG/PFN2/PTK2/MCC/EPB41L4B/FOXP1/ROBO1/PTPRG/SASH1/RHOB/IRS2/THBS1/PXN/GATA2/SPARC/NR2F2/HMOX1/NOTCH1/RIN2/KLF4/PLK2/CCN3/CXCL13/PRKD1/NANOS1/ANGPT1/PLPP3/SOX9/FSTL1/PROX1,34,Module 1
GO:0040008,regulation of growth,57/1068,442/12061,0.12895927601809956,1.456346280949718,3.046649125994961,0.0023950601269648497,0.025006937832196315,0.019101031120588436,TP53/GNG4/BASP1/CSF1/SMAD3/TRPV2/TGFBR1/BCL2/RUNX1/SEMA4F/CDKN1A/LATS2/FOXP1/MAPT/FGFR3/TBX2/TLL2/ARX/ADRB2/CYFIP1/SOCS2/SYT3/DACT3/PLCB1/DDR1/CLSTN3/APP/PRKCB/PRR5/SIX1/CXCL16/CD38/MINAR1/ERBB4/NTN1/MMP14/NOTCH1/TRIM32/DCUN1D3/WFS1/EAF2/FGFR2/SEMA6C/IGFBP7/CCN3/TEAD1/IGF2/OSGIN1/NANOS1/HEY2/SEMA3B/MAP2/MSTN/LPAR3/PROX1/SLC6A4/KLHL22,57,Module 1
GO:0032271,regulation of protein polymerization,26/1068,164/12061,0.15853658536585366,1.7903649401662558,3.17637688267931,0.002482843338037774,0.025476853697031787,0.019459966613550882,PFN2/ARHGAP18/SVIL/ADD2/CDC42EP3/CRACD/CAMSAP2/MAPT/TMOD2/MAPRE3/SNX9/CDC42EP4/CYFIP1/TTBK1/TPPP/KANK3/TENM1/PYCARD/STMN2/PLEKHG2/SPTA1/GSN/MAP2/SNCA/EML2/BAIAP2L2,26,Module 1
GO:0010952,positive regulation of peptidase activity,22/1068,131/12061,0.16793893129770993,1.896546301855505,3.2158021093209888,0.002497712160456743,0.025476853697031787,0.019459966613550882,LAPTM5/PMAIP1/BBC3/SMAD3/PPARG/ROBO1/F2R/BID/MAPT/TTBK1/PYCARD/NCSTN/DAPK1/NLRP2/CTSL/EPHA4/GSN/SNCA/SYK/COL4A3/ACER2/PIDD1,22,Module 1
GO:0071300,cellular response to retinoic acid,10/1068,41/12061,0.24390243902439024,2.7544076002557776,3.5072874471970024,0.0025001131022297433,0.025476853697031787,0.019459966613550882,TBX1/ABL2/KLF4/FGFR2/PAX2/CYP26B1/ABCA1/SOX9/RET/SLC6A4,10,Module 1
GO:2000179,positive regulation of neural precursor cell proliferation,10/1068,41/12061,0.24390243902439024,2.7544076002557776,3.5072874471970024,0.0025001131022297433,0.025476853697031787,0.019459966613550882,FZD3/SMARCD3/PITX3/LHX1/NOTCH1/ADGRG1/BCAN/CX3CR1/PROX1/DISP3,10,Module 1
GO:0006977,"DNA damage response, signal transduction by p53 class mediator resulting in cell cycle arrest",6/1068,17/12061,0.35294117647058826,3.985789821546596,3.8397193884944216,0.002502601206763595,0.025476853697031787,0.019459966613550882,TP53/MDM2/CDKN1A/E2F7/PLK2/PIDD1,6,Module 1
GO:0045662,negative regulation of myoblast differentiation,6/1068,17/12061,0.35294117647058826,3.985789821546596,3.8397193884944216,0.002502601206763595,0.025476853697031787,0.019459966613550882,CXCL10/BMP4/NOTCH1/TBX3/SOX9/MSTN,6,Module 1
GO:0061437,renal system vasculature development,6/1068,17/12061,0.35294117647058826,3.985789821546596,3.8397193884944216,0.002502601206763595,0.025476853697031787,0.019459966613550882,HES1/BMP4/PECAM1/EGR1/NOTCH1/ANGPT1,6,Module 1
GO:0061440,kidney vasculature development,6/1068,17/12061,0.35294117647058826,3.985789821546596,3.8397193884944216,0.002502601206763595,0.025476853697031787,0.019459966613550882,HES1/BMP4/PECAM1/EGR1/NOTCH1/ANGPT1,6,Module 1
GO:0055088,lipid homeostasis,19/1068,107/12061,0.17757009345794392,2.005311701494627,3.2556459314503408,0.0025060906594049927,0.025476853697031787,0.019459966613550882,ABCD1/PPARG/DGAT2/LDLRAP1/ACSM3/CEBPA/IRS2/TTC39B/CD24/SOAT1/LIMA1/PNPLA3/TSKU/FITM2/CYP7B1/C1QTNF3/ABCA1/MALRD1/DISP3,19,Module 1
GO:0003128,heart field specification,5/1068,12/12061,0.4166666666666667,4.705446317103621,4.00273476192897,0.0025152385892928523,0.025476853697031787,0.019459966613550882,ROBO1/SMARCD3/BMP4/BMP2/ROBO2,5,Module 1
GO:0034104,negative regulation of tissue remodeling,5/1068,12/12061,0.4166666666666667,4.705446317103621,4.00273476192897,0.0025152385892928523,0.025476853697031787,0.019459966613550882,PPARG/BCR/GPR137B/CD38/CST3,5,Module 1
GO:0042430,indole-containing compound metabolic process,5/1068,12/12061,0.4166666666666667,4.705446317103621,4.00273476192897,0.0025152385892928523,0.025476853697031787,0.019459966613550882,IL4I1/DDC/ALDH2/TPH1/SRD5A1,5,Module 1
GO:0071599,otic vesicle development,5/1068,12/12061,0.4166666666666667,4.705446317103621,4.00273476192897,0.0025152385892928523,0.025476853697031787,0.019459966613550882,SIX1/FGFR2/EYA1/SOX9/PROX1,5,Module 1
GO:0051017,actin filament bundle assembly,21/1068,123/12061,0.17073170731707318,1.9280853201790447,3.2245999139405805,0.002521167959438212,0.025476853697031787,0.019459966613550882,ACTN1/SMAD3/TGFBR1/PAWR/PFN2/ADD2/SPIRE2/F11R/FAM171A1/SORBS1/MYO1B/TMEFF2/PXN/LIMA1/FHDC1/PDLIM1/PHLDB2/ASAP3/RAPGEF3/ITGB5/BAIAP2L2,21,Module 1
GO:0032640,tumor necrosis factor production,20/1068,115/12061,0.17391304347826086,1.9640123758345547,3.237586948017015,0.0025253092121273663,0.025476853697031787,0.019459966613550882,HSPB1/FOXP1/IL1A/GPNMB/THBS1/LILRB1/APP/BCL3/MAPKAPK2/EPHB2/PYCARD/SELENOS/TWIST1/GAS6/ANGPT1/AKAP12/TLR4/SYK/CX3CR1/C1QTNF4,20,Module 1
GO:0032680,regulation of tumor necrosis factor production,20/1068,115/12061,0.17391304347826086,1.9640123758345547,3.237586948017015,0.0025253092121273663,0.025476853697031787,0.019459966613550882,HSPB1/FOXP1/IL1A/GPNMB/THBS1/LILRB1/APP/BCL3/MAPKAPK2/EPHB2/PYCARD/SELENOS/TWIST1/GAS6/ANGPT1/AKAP12/TLR4/SYK/CX3CR1/C1QTNF4,20,Module 1
GO:0046620,regulation of organ growth,14/1068,69/12061,0.2028985507246377,2.29134777180698,3.3529194429542697,0.002537147611784548,0.025542399746428857,0.019510032604747662,BASP1/TGFBR1/RUNX1/LATS2/FOXP1/TBX2/ARX/ERBB4/NOTCH1/FGFR2/IGF2/HEY2/PROX1/SLC6A4,14,Module 1
GO:0070555,response to interleukin-1,16/1068,84/12061,0.19047619047619047,2.1510611735330833,3.299629589437307,0.0025698738724839174,0.025817514408021203,0.01972017323644227,TNFRSF11A/IL1RAP/HES1/SLC30A8/CXCL8/PLCB1/CCL1/APP/CD38/PYCARD/EGR1/HDAC4/GBP2/AKAP12/SNCA/SOX9,16,Module 1
GO:0010632,regulation of epithelial cell migration,27/1068,173/12061,0.15606936416184972,1.7625024355393908,3.148553337864876,0.0026065862369124755,0.026022455986517538,0.019876713613158084,GADD45A/HSPB1/PPARG/PFN2/PTK2/MCC/EPB41L4B/FOXP1/PTPRG/SASH1/RHOB/IRS2/THBS1/GATA2/SPARC/NR2F2/HMOX1/NOTCH1/RIN2/KLF4/PLK2/CXCL13/PRKD1/ANGPT1/PLPP3/SOX9/PROX1,27,Module 1
GO:0032956,regulation of actin cytoskeleton organization,37/1068,260/12061,0.1423076923076923,1.6070908959953905,3.0844813967910643,0.002606598999904203,0.026022455986517538,0.019876713613158084,SMAD3/TGFBR1/RHOQ/PFN2/ARHGAP18/SVIL/ADD2/F11R/IL1A/CDC42EP3/LRP1/CRACD/PICK1/WASF3/TMOD2/SNX9/CDC42EP4/CYFIP1/TMEFF2/KANK3/TENM1/PXN/LIMA1/PYCARD/PHLDB2/ASAP3/ABL2/PLEKHG2/WASHC1/SPTA1/ACTN2/PRKD1/CELSR1/RAPGEF3/GSN/PROX1/BAIAP2L2,37,Module 1
GO:0050900,leukocyte migration,37/1068,260/12061,0.1423076923076923,1.6070908959953905,3.0844813967910643,0.002606598999904203,0.026022455986517538,0.019876713613158084,MTUS1/CSF1/PTK2/ADD2/TNFRSF11A/BCR/GCSAM/F11R/IL1A/CXCL10/THBS1/CXCL8/PLCB1/CCL1/ITGAL/APP/CXCL16/PYCARD/PECAM1/MMP14/HMOX1/ABL2/CXCL11/CCR5/CCN3/CXCL13/GAS6/CYP7B1/SYK/GPR15LG/ARTN/MSTN/CXCL9/CX3CR1/FCER1G/RET/LYST,37,Module 1
GO:0033673,negative regulation of kinase activity,24/1068,148/12061,0.16216216216216217,1.8313088369268145,3.171639735404459,0.002638014558029436,0.026189141748497367,0.02000403307739239,GADD45A/CHP1/HSPB1/DUSP22/PPARG/CDKN1A/LATS2/ZFYVE28/CAMK2N1/MAPT/HHEX/IRS2/MAPK8IP1/EPHB2/PYCARD/SPRY2/NR2F2/SPRY1/BMP2/UCHL1/DBNDD1/SNCA/SLC8A1/PTPRB,24,Module 1
GO:0001819,positive regulation of cytokine production,48/1068,360/12061,0.13333333333333333,1.5057428214731585,3.036481601937515,0.0026381272257622827,0.026189141748497367,0.02000403307739239,LAPTM5/CD86/HSPB1/SMAD3/UNC93B1/RUNX1/HLA-DPB1/RNF135/RBM47/FOXP1/IL18R1/DHX58/F2R/IL1A/CD276/ITK/IL1RAP/TLR5/TLR6/TXK/TICAM2/THBS1/PLCB1/LILRB1/CCL1/APP/BCL3/MAPKAPK2/EPHB2/PYCARD/HMOX1/TSLP/EGR1/HLA-A/TRIM32/TWIST1/IL6ST/NLRP2/C1QTNF3/IRF7/SULF2/HPSE/AKAP12/TLR4/SYK/FCER1G/C1QTNF4/IL20RB,48,Module 1
GO:0042490,mechanoreceptor differentiation,11/1068,48/12061,0.22916666666666666,2.5879954744069913,3.4359379070028697,0.002639725287071462,0.026189141748497367,0.02000403307739239,MKS1/HES1/BMP4/NTRK1/PDZD7/TSKU/NOTCH1/CTHRC1/HEY2/GABRB2/MCOLN3,11,Module 1
GO:0033865,nucleoside bisphosphate metabolic process,17/1068,92/12061,0.18478260869565216,2.086763149324214,3.261377345235839,0.002683742971118623,0.026461152346163412,0.02021180273419777,ABCD1/PANK1/SLC27A2/ACSS2/DGAT2/ACOT11/PDK2/TPST1/HACD1/FAR2/ACSM3/ELOVL3/ELOVL6/FITM2/ACOT4/PAPSS2/SNCA,17,Module 1
GO:0033875,ribonucleoside bisphosphate metabolic process,17/1068,92/12061,0.18478260869565216,2.086763149324214,3.261377345235839,0.002683742971118623,0.026461152346163412,0.02021180273419777,ABCD1/PANK1/SLC27A2/ACSS2/DGAT2/ACOT11/PDK2/TPST1/HACD1/FAR2/ACSM3/ELOVL3/ELOVL6/FITM2/ACOT4/PAPSS2/SNCA,17,Module 1
GO:0034032,purine nucleoside bisphosphate metabolic process,17/1068,92/12061,0.18478260869565216,2.086763149324214,3.261377345235839,0.002683742971118623,0.026461152346163412,0.02021180273419777,ABCD1/PANK1/SLC27A2/ACSS2/DGAT2/ACOT11/PDK2/TPST1/HACD1/FAR2/ACSM3/ELOVL3/ELOVL6/FITM2/ACOT4/PAPSS2/SNCA,17,Module 1
GO:0003018,vascular process in circulatory system,26/1068,165/12061,0.15757575757575756,1.779514243559187,3.142437985085773,0.0027060212455865254,0.026625912749783466,0.020337651553357684,SLC1A4/SLC44A1/BCR/F2R/ATP1A4/SLCO3A1/LRP1/HRH1/LOC102724560/CBS/ADRB2/SLC6A9/CD38/SLC6A13/FABP5/SLC2A1/PDE3A/HTR7/SLCO1C1/ADRA2C/ANGPT1/AKAP12/SLC1A1/SLC8A1/MTNR1B/SLC6A4,26,Module 1
GO:0010717,regulation of epithelial to mesenchymal transition,15/1068,77/12061,0.19480519480519481,2.1999489274770174,3.2923681412311563,0.0027532046828158603,0.026976996133699343,0.020605819318923316,SMAD3/TGFBR1/PTK2/BMP4/DACT3/SPRY2/PHLDB2/SPRY1/BMP2/NKX2-1/NOTCH1/USF3/TWIST1/EPHA4/FOXA1,15,Module 1
GO:0007265,Ras protein signal transduction,18/1068,100/12061,0.18,2.032752808988764,3.232315955156645,0.0027569002868794313,0.026976996133699343,0.020605819318923316,TP53/CSF1/CDKN1A/RASGRP3/ITPKB/NTRK1/EPHB2/SYDE2/SPRY2/NTN1/RALGPS2/SPRY1/NOTCH1/SQSTM1/RGL1/SOS2/PLK2/RAPGEF3,18,Module 1
GO:0046622,positive regulation of organ growth,9/1068,35/12061,0.2571428571428571,2.9039325842696626,3.5158161375359827,0.0027586263298575867,0.026976996133699343,0.020605819318923316,BASP1/TBX2/ARX/ERBB4/NOTCH1/FGFR2/IGF2/HEY2/PROX1,9,Module 1
GO:0010594,regulation of endothelial cell migration,21/1068,124/12061,0.1693548387096774,1.9125362450163101,3.1835709646439496,0.002788722169067006,0.027189130270861752,0.020767853582489226,GADD45A/HSPB1/PPARG/PTK2/FOXP1/SASH1/RHOB/THBS1/GATA2/SPARC/NR2F2/HMOX1/NOTCH1/RIN2/KLF4/PLK2/CXCL13/PRKD1/ANGPT1/PLPP3/PROX1,21,Module 1
GO:1904018,positive regulation of vasculature development,19/1068,108/12061,0.17592592592592593,1.986744000554862,3.2105473456552365,0.0027951927540141837,0.027189130270861752,0.020767853582489226,HSPB1/TGFBR1/RUNX1/IL1A/SASH1/RHOB/THBS1/CXCL8/PRKCB/GATA2/CCR3/HMOX1/TNN/TWIST1/KLF4/PRKD1/RAPGEF3/SMAD1/CX3CR1,19,Module 1
GO:1901653,cellular response to peptide,38/1068,270/12061,0.14074074074074075,1.5893952004438898,3.052912264866047,0.0027973760128113725,0.027189130270861752,0.020767853582489226,TP53/MDM2/RHOQ/PPARG/PTK2/BCL2L2/MTCL2/PDK2/LRP1/PTPRE/TLR6/ADRB2/SORBS1/CYFIP1/SOCS2/IRS2/PLCB1/PXN/PRNP/APP/PRKCB/EPHB2/PNPLA3/FOS/C2CD5/SELENOS/CACNA1A/SOS2/KLF4/ACTN2/PRKD1/IGF2/EPHA4/DNAI1/TLR4/MSTN/SRD5A1/GKAP1,38,Module 1
GO:0060317,cardiac epithelial to mesenchymal transition,7/1068,23/12061,0.30434782608695654,3.437021657710471,3.6462572322100946,0.002890009432226658,0.02791924263617753,0.02132553477900373,TGFBR1/SPRY1/BMP2/NOTCH1/TWIST1/TBX3/HEY2,7,Module 1
GO:0071404,cellular response to low-density lipoprotein particle stimulus,7/1068,23/12061,0.30434782608695654,3.437021657710471,3.6462572322100946,0.002890009432226658,0.02791924263617753,0.02132553477900373,PPARG/TXNIP/TLR6/ABCA1/TLR4/SYK/FCER1G,7,Module 1
GO:0140448,signaling receptor ligand precursor processing,7/1068,23/12061,0.30434782608695654,3.437021657710471,3.6462572322100946,0.002890009432226658,0.02791924263617753,0.02132553477900373,SLC30A8/BACE2/DISP1/PCSK5/CTSL/PCSK6/CPE,7,Module 1
GO:0046942,carboxylic acid transport,30/1068,200/12061,0.15,1.6939606741573032,3.0845397506480383,0.0028963134408243984,0.027923731600851355,0.0213289635816228,ABCD1/SLC1A4/SLC27A2/PPARG/TNFRSF11A/FABP6/IL1A/SLCO3A1/SLC6A8/SLC27A3/IRS2/SLC6A9/THBS1/CACNB4/SLC46A1/SV2A/SLC6A13/FABP5/SFXN2/PLA2G2F/SLC2A1/SFXN5/SLC47A1/SLCO1C1/SNCA/SLC51A/SYK/SLC1A1/SLC26A4/SLC6A4,30,Module 1
GO:0001666,response to hypoxia,34/1068,235/12061,0.14468085106382977,1.6338911467049166,3.058657483503848,0.0029056312703525334,0.027957200673693793,0.021354528239168256,TP53/PMAIP1/MDM2/SMAD3/BCL2/PPARG/AK4/IL1A/LOC102724560/PSEN2/CBS/THBS1/ARNT2/CD24/RYR1/CD38/PLAT/PDLIM1/MMP14/FOS/HMOX1/EGR1/BMP2/ITPR2/NOTCH1/SLC2A1/TWIST1/FGFR2/OPRD1/NOL3/NDNF/EPHA4/MSTN/SLC6A4,34,Module 1
GO:0014888,striated muscle adaptation,8/1068,29/12061,0.27586206896551724,3.115329975461707,3.554752572967949,0.0029227580783841665,0.02800927681529676,0.02139430552050007,SMAD3/PPARG/GTF2IRD1/TNNT1/HDAC4/HEY2/GSN/MSTN,8,Module 1
GO:0051602,response to electrical stimulus,8/1068,29/12061,0.27586206896551724,3.115329975461707,3.554752572967949,0.0029227580783841665,0.02800927681529676,0.02139430552050007,NQO1/FZD3/BTG2/CYFIP1/NTRK1/AKAP12/MSTN/ADSS1,8,Module 1
GO:0001838,embryonic epithelial tube formation,17/1068,93/12061,0.1827956989247312,2.0643248358906208,3.2114861009167193,0.0030199539993697472,0.028871187534687873,0.02205265815786545,PLXNB2/LUZP1/MKS1/FZD3/BMP4/CLUAP1/SIX1/FZD1/TULP3/TWIST1/IFT172/PAX2/CELSR1/CTHRC1/SOX9/VANGL2/RET,17,Module 1
GO:0051148,negative regulation of muscle cell differentiation,10/1068,42/12061,0.23809523809523808,2.6888264669163546,3.4172493564648256,0.0030260067368027524,0.028871187534687873,0.02205265815786545,NFATC2/ID2/FOXP1/BMP2/NOTCH1/HDAC4/CCN3/IGF2/SMAD1/HEY2,10,Module 1
GO:0090276,regulation of peptide hormone secretion,22/1068,133/12061,0.16541353383458646,1.86802680859452,3.137446362451055,0.0030308105693043316,0.028871187534687873,0.02205265815786545,ILDR1/GNAZ/PICK1/CNR1/PFKFB2/SLC30A8/BRSK2/IRS2/SYT7/PLCB1/PRKCB/CD38/DOC2B/GIPR/CCN3/FFAR4/PRKD1/MYRIP/HTR2C/MTNR1B/ADCY5/NLGN2,22,Module 1
GO:0022404,molting cycle process,13/1068,63/12061,0.20634920634920634,2.3303162713275074,3.299680689902718,0.003052673175154047,0.028964053816640183,0.022123592142407153,LRIG1/BCL2/FZD3/DSG4/LGR4/NOTCH1/SPINK5/FGFR2/HPSE/LRP4/SOX21/SOX9/LAMA5,13,Module 1
GO:0022405,hair cycle process,13/1068,63/12061,0.20634920634920634,2.3303162713275074,3.299680689902718,0.003052673175154047,0.028964053816640183,0.022123592142407153,LRIG1/BCL2/FZD3/DSG4/LGR4/NOTCH1/SPINK5/FGFR2/HPSE/LRP4/SOX21/SOX9/LAMA5,13,Module 1
GO:0048863,stem cell differentiation,27/1068,175/12061,0.15428571428571428,1.7423595505617977,3.0833059983574267,0.0030749046214267285,0.029105452658276014,0.022231596716682685,TP53/BCL2/SEMA4F/NRTN/SOX5/HES1/BMP4/TBX2/SIX1/FZD1/ERBB4/TBX1/NOTCH1/TWIST1/FGFR2/PAX2/SEMA6C/GSC/PITX2/TBX3/SEMA3B/SOX21/FOXA1/SOX9/RET/FBXL17/LAMA5,27,Module 1
GO:0061572,actin filament bundle organization,21/1068,125/12061,0.168,1.89723595505618,3.1429207952780875,0.003079748859282238,0.029105452658276014,0.022231596716682685,ACTN1/SMAD3/TGFBR1/PAWR/PFN2/ADD2/SPIRE2/F11R/FAM171A1/SORBS1/MYO1B/TMEFF2/PXN/LIMA1/FHDC1/PDLIM1/PHLDB2/ASAP3/RAPGEF3/ITGB5/BAIAP2L2,21,Module 1
GO:0050671,positive regulation of lymphocyte proliferation,20/1068,117/12061,0.17094017094017094,1.9304395147091777,3.1521534112361764,0.0031083140397689373,0.029186210572932445,0.022293281975847054,CD86/NFATC2/BCL2/HLA-DPB1/CDKN1A/IL1A/CD276/HES1/CLCF1/IRS2/CD24/EPHB2/CD38/PYCARD/HLA-A/IL6ST/SPTA1/IGF2/TLR4/SYK,20,Module 1
GO:0050770,regulation of axonogenesis,20/1068,117/12061,0.17094017094017094,1.9304395147091777,3.1521534112361764,0.0031083140397689373,0.029186210572932445,0.022293281975847054,PLXNB2/TRPV2/SEMA4F/ROBO1/MAPT/BRSK2/CYFIP1/EPHB2/PLXNB1/NTN1/SHOX2/SEMA6C/AMIGO1/ROBO2/EPHA4/SEMA3B/LRP4/MAP2/LPAR3/RET,20,Module 1
GO:0015849,organic acid transport,30/1068,201/12061,0.14925373134328357,1.6855330091117444,3.054817162005,0.0031246557481930223,0.029186210572932445,0.022293281975847054,ABCD1/SLC1A4/SLC27A2/PPARG/TNFRSF11A/FABP6/IL1A/SLCO3A1/SLC6A8/SLC27A3/IRS2/SLC6A9/THBS1/CACNB4/SLC46A1/SV2A/SLC6A13/FABP5/SFXN2/PLA2G2F/SLC2A1/SFXN5/SLC47A1/SLCO1C1/SNCA/SLC51A/SYK/SLC1A1/SLC26A4/SLC6A4,30,Module 1
GO:0042632,cholesterol homeostasis,12/1068,56/12061,0.21428571428571427,2.419943820224719,3.319596205757341,0.003134359141540579,0.029186210572932445,0.022293281975847054,DGAT2/LDLRAP1/ACSM3/TTC39B/CD24/SOAT1/LIMA1/TSKU/CYP7B1/ABCA1/MALRD1/DISP3,12,Module 1
GO:0050853,B cell receptor signaling pathway,12/1068,56/12061,0.21428571428571427,2.419943820224719,3.319596205757341,0.003134359141540579,0.029186210572932445,0.022293281975847054,NFATC2/BCL2/GCSAM/FOXP1/ITK/PLEKHA1/LAT2/PRKCB/CD38/BANK1/BLNK/SYK,12,Module 1
GO:0034103,regulation of tissue remodeling,11/1068,49/12061,0.22448979591836735,2.53517924023542,3.3562216413011976,0.0031371209189642985,0.029186210572932445,0.022293281975847054,TP53/PPARG/RUNX1/TNFRSF11A/BCR/GPR137B/GPNMB/SYT7/CD38/CST3/SYK,11,Module 1
GO:0097006,regulation of plasma lipoprotein particle levels,11/1068,49/12061,0.22448979591836735,2.53517924023542,3.3562216413011976,0.0031371209189642985,0.029186210572932445,0.022293281975847054,CIDEB/DGAT2/LDLRAP1/APOC1/SOAT1/HMOX1/LPCAT3/PCSK5/PCSK6/ABCA1/ANXA2,11,Module 1
GO:2000379,positive regulation of reactive oxygen species metabolic process,11/1068,49/12061,0.22448979591836735,2.53517924023542,3.3562216413011976,0.0031371209189642985,0.029186210572932445,0.022293281975847054,TP53/GADD45A/RAB27A/CDKN1A/CBR1/MAPT/TLR6/THBS1/TLR4/SNCA/SYK,11,Module 1
GO:0051249,regulation of lymphocyte activation,52/1068,401/12061,0.12967581047381546,1.4644381555474608,2.9481662421319896,0.0032418076394107927,0.030101600255655166,0.02299248341084405,LAPTM5/CD86/TESPA1/NFATC2/DUSP22/ID2/PRDM1/BCL2/RUNX1/HLA-DPB1/PAWR/CDKN1A/TYRO3/SMARCD3/IL1A/BID/CD276/ITPKB/DLG5/HES1/BMP4/GPNMB/CLCF1/IRS2/TICAM2/MAPK8IP1/CD24/SH3RF1/LILRB1/HMCES/PRNP/IL4I1/EPHB2/CD38/PYCARD/MMP14/TNFRSF21/BANK1/HLA-A/ABL2/PLA2G2F/IL6ST/SPINK5/SOS2/SPTA1/GAS6/IGF2/CYP26B1/TLR4/SYK/JUNB/IL20RB,52,Module 1
GO:0032368,regulation of lipid transport,16/1068,86/12061,0.18604651162790697,2.101036495078826,3.193848747582672,0.003290794904546705,0.03049725045260144,0.023294692612764317,PPARG/TNFRSF11A/KDM5B/IL1A/LRP1/LDLRAP1/IRS2/TTC39B/THBS1/APOC1/LPCAT3/DENND5B/ABCA1/SYK/ANXA2/DISP3,16,Module 1
GO:0009743,response to carbohydrate,25/1068,159/12061,0.15723270440251572,1.7756401196617435,3.068668816879454,0.003328924818935124,0.03075381410449062,0.023490663440221545,RAB11FIP5/SMAD3/NQO1/ACVR2B/IL1A/TXNIP/PFKFB2/SLC30A8/BRSK2/SLC12A7/IRS2/THBS1/PLCB1/PRKCB/PNPLA3/EGR1/SLC12A6/SELENOS/PAX2/GIPR/GJD3/GAS6/RASAL2/COL4A3/ADCY5,25,Module 1
GO:0002791,regulation of peptide secretion,22/1068,134/12061,0.16417910447761194,1.854086310022919,3.098772666603545,0.0033313416365801213,0.03075381410449062,0.023490663440221545,ILDR1/GNAZ/PICK1/CNR1/PFKFB2/SLC30A8/BRSK2/IRS2/SYT7/PLCB1/PRKCB/CD38/DOC2B/GIPR/CCN3/FFAR4/PRKD1/MYRIP/HTR2C/MTNR1B/ADCY5/NLGN2,22,Module 1
GO:0060976,coronary vasculature development,9/1068,36/12061,0.25,2.823267790262172,3.4147611670407763,0.003394485172116469,0.031108819645316293,0.02376182706404445,PRDM1/TGFBR1/SMAD6/DYNC2H1/BMP4/NDST1/TBX1/NOTCH1/HEY2,9,Module 1
GO:1905314,semi-lunar valve development,9/1068,36/12061,0.25,2.823267790262172,3.4147611670407763,0.003394485172116469,0.031108819645316293,0.02376182706404445,ROBO1/SMAD6/BMP4/BMP2/NOTCH1/TWIST1/ROBO2/HEY2/SOX9,9,Module 1
GO:0001959,regulation of cytokine-mediated signaling pathway,21/1068,126/12061,0.16666666666666666,1.8821785268414482,3.1026423026244894,0.0033958184556367845,0.031108819645316293,0.02376182706404445,LAPTM5/CSF1/PPARG/RBM47/ROBO1/USP27X/USP18/TXK/TICAM2/CD24/MAPKAPK2/PYCARD/TSLP/TRIM32/SPPL2A/SAMHD1/GAS6/IRF7/ANGPT1/SYK/C1QTNF4,21,Module 1
GO:0097553,calcium ion transmembrane import into cytosol,21/1068,126/12061,0.16666666666666666,1.8821785268414482,3.1026423026244894,0.0033958184556367845,0.031108819645316293,0.02376182706404445,SELENON/TRPV2/BCL2/F2R/CXCL10/GRIN2C/PLCD1/PLCB1/RYR1/PRNP/ITPR2/CACNA1A/CXCL11/CCR5/NOL3/PRKD1/CASQ1/SNCA/HTR2C/CXCL9/SLC8A1,21,Module 1
GO:0070372,regulation of ERK1 and ERK2 cascade,28/1068,185/12061,0.15135135135135136,1.7092215811316935,3.029938952750523,0.0034482950212317487,0.031529152565067345,0.024082889652156925,DSTYK/F2R/IL1A/FGFR3/BMP4/GPNMB/NEK10/NTRK1/CCL1/APP/EPHB2/PYCARD/SPRY2/ERBB4/SPRY1/BMP2/NOTCH1/FGFR2/PDGFC/FFAR4/GAS6/FBLN1/EPHA4/ANGPT1/AKAP12/TLR4/SYK/HTR2C,28,Module 1
GO:0046661,male sex differentiation,19/1068,110/12061,0.17272727272727273,1.9506213823629557,3.1217848187879627,0.0034574747461547047,0.03155275617578587,0.02410091878094983,MAMLD1/CTNNA1/TGFBR1/BCL2/BCL2L2/AGO4/IL1A/PLEKHA1/SYCP2/NTRK1/LGR4/MMP14/NKX2-1/ADGRG1/TBX3/GFRA1/DMRT1/SOX9/SRD5A1,19,Module 1
GO:1905523,positive regulation of macrophage migration,6/1068,18/12061,0.3333333333333333,3.7643570536828963,3.6581727717189407,0.003475945043682167,0.03160070189902685,0.02413754112783094,CSF1/PTK2/THBS1/MMP14/MSTN/CX3CR1,6,Module 1
GO:2000178,negative regulation of neural precursor cell proliferation,6/1068,18/12061,0.3333333333333333,3.7643570536828963,3.6581727717189407,0.003475945043682167,0.03160070189902685,0.02413754112783094,TP53/CTNNA1/BTG2/GATA2/PROX1/SLC6A4,6,Module 1
GO:0001708,cell fate specification,13/1068,64/12061,0.203125,2.293905079588015,3.234873048827929,0.0035274680792370732,0.031947637035817586,0.024402540340814686,HOXC10/TBX2/SIX1/TBX1/NOTCH1/PAX2/GSC/SOX1/TBX3/EYA1/FOXA1/SOX9/MYT1L,13,Module 1
GO:0018958,phenol-containing compound metabolic process,13/1068,64/12061,0.203125,2.293905079588015,3.234873048827929,0.0035274680792370732,0.031947637035817586,0.024402540340814686,CTSB/BCL2/CYP2E1/DDC/CPQ/TPO/GPR37/SLCO1C1/SNCA/SLC1A1/ALDH2/TPH1/SRD5A1,13,Module 1
GO:0021543,pallium development,23/1068,143/12061,0.16083916083916083,1.816368088839999,3.06093082267434,0.0035582876794562754,0.032081767239386286,0.024504992916566604,COL3A1/ROBO1/BTG2/LARGE1/ARX/CDK5R2/PLCB1/CCDC85C/POU3F3/DCLK2/NKX2-1/TSKU/SRGAP2/ADGRG1/SLC2A1/FAT4/BCAN/BTBD3/FEZ1/BBS1/PROX1/SRD5A1/SRGAP2C,23,Module 1
GO:0034284,response to monosaccharide,23/1068,143/12061,0.16083916083916083,1.816368088839999,3.06093082267434,0.0035582876794562754,0.032081767239386286,0.024504992916566604,RAB11FIP5/SMAD3/ACVR2B/IL1A/TXNIP/PFKFB2/SLC30A8/BRSK2/SLC12A7/IRS2/THBS1/PLCB1/PRKCB/EGR1/SLC12A6/SELENOS/PAX2/GIPR/GJD3/GAS6/RASAL2/COL4A3/ADCY5,23,Module 1
GO:0002062,chondrocyte differentiation,15/1068,79/12061,0.189873417721519,2.1442540179206375,3.18033230248471,0.0035624045177988536,0.032081767239386286,0.024504992916566604,SMAD3/CHSY1/TGFBR1/RUNX1/COL3A1/SOX5/FGFR3/BMP4/BMP2/TSKU/SHOX2/CCN3/SULF2/RARB/SOX9,15,Module 1
GO:0030072,peptide hormone secretion,25/1068,160/12061,0.15625,1.7645423689138577,3.034387131195492,0.003623204927701912,0.03254597019612881,0.024859564723099116,RAB11FIP5/ACVR2B/ILDR1/GNAZ/PICK1/CNR1/PFKFB2/SLC30A8/BRSK2/IRS2/SYT7/PLCB1/PRKCB/CD38/DOC2B/GIPR/CCN3/FFAR4/PRKD1/MYRIP/HTR2C/CPE/MTNR1B/ADCY5/NLGN2,25,Module 1
GO:0009914,hormone transport,30/1068,203/12061,0.1477832512315271,1.668926772568772,2.995863628044736,0.003627562131856264,0.03254597019612881,0.024859564723099116,RAB11FIP5/ACVR2B/PPARG/ILDR1/KDM5B/GNAZ/PICK1/CNR1/PFKFB2/SLC30A8/BRSK2/IRS2/SYT7/PLCB1/PRKCB/CD38/DOC2B/GIPR/CCN3/FFAR4/PRKD1/C1QTNF3/MYRIP/TBX3/SLCO1C1/HTR2C/CPE/MTNR1B/ADCY5/NLGN2,30,Module 1
GO:0019730,antimicrobial humoral response,10/1068,43/12061,0.23255813953488372,2.6262956188485322,3.329804886128904,0.0036364075552021732,0.03256423394939475,0.02487351511246115,CXCL10/CXCL8/BCL3/TSLP/HLA-A/SPINK5/CXCL11/CXCL13/CXCL9/LGALS4,10,Module 1
GO:0035850,epithelial cell differentiation involved in kidney development,8/1068,30/12061,0.26666666666666666,3.011485642946317,3.438174123159737,0.0036815118303659584,0.032906522566000025,0.025134965177314072,BASP1/PODXL/PROM1/CD24/LHX1/NOTCH1/PAX2/MAGI2,8,Module 1
GO:0070588,calcium ion transmembrane transport,31/1068,212/12061,0.14622641509433962,1.6513453112854215,2.982219037063639,0.0036950847580531753,0.03296622259889978,0.025180565809985306,NCS1/SELENON/TRPV2/BCL2/F2R/CXCL10/GRIN2C/CACNA2D4/PSEN2/PLCD1/CACNB4/PLCB1/RYR1/PRNP/ITPR2/CACNA1A/TSPAN13/CXCL11/CCR5/NOL3/GAS6/PRKD1/CASQ1/CATSPER2/CACHD1/SNCA/HTR2C/CXCL9/SLC8A1/MCOLN3/ANXA2,31,Module 1
GO:0007596,blood coagulation,24/1068,152/12061,0.15789473684210525,1.783116499112951,3.0283891853891287,0.0037606715009677995,0.0331487240567247,0.025319965765663942,CD59/HSPB1/RAB27A/TFPI/TYRO3/COL3A1/F2R/F11R/PROS1/TXK/THBS1/EPHB2/PLAT/IL6ST/GAS6/FBLN1/HPSE/ADRA2C/PAPSS2/TLR4/SYK/FCER1G/SLC6A4/ANXA2,24,Module 1
GO:0003161,cardiac conduction system development,7/1068,24/12061,0.2916666666666667,3.2938124219725347,3.5059487005332404,0.0037728468123986937,0.0331487240567247,0.025319965765663942,ID2/BMP4/NOTCH1/SHOX2/TBX3/SMAD1/HEY2,7,Module 1
GO:0036037,"CD8-positive, alpha-beta T cell activation",7/1068,24/12061,0.2916666666666667,3.2938124219725347,3.5059487005332404,0.0037728468123986937,0.0331487240567247,0.025319965765663942,BCL2/RUNX1/WDFY4/MAPK8IP1/SH3RF1/LILRB1/HLA-A,7,Module 1
GO:0055094,response to lipoprotein particle,7/1068,24/12061,0.2916666666666667,3.2938124219725347,3.5059487005332404,0.0037728468123986937,0.0331487240567247,0.025319965765663942,PPARG/TXNIP/TLR6/ABCA1/TLR4/SYK/FCER1G,7,Module 1
GO:0006750,glutathione biosynthetic process,5/1068,13/12061,0.38461538461538464,4.34348890809565,3.759371543987741,0.0037917925677600187,0.0331487240567247,0.025319965765663942,MGST2/GGT1/GGT7/SLC1A1/CHAC1,5,Module 1
GO:0006837,serotonin transport,5/1068,13/12061,0.38461538461538464,4.34348890809565,3.759371543987741,0.0037917925677600187,0.0331487240567247,0.025319965765663942,CNR1/LILRB1/SNCA/SYK/SLC6A4,5,Module 1
GO:0016553,base conversion or substitution editing,5/1068,13/12061,0.38461538461538464,4.34348890809565,3.759371543987741,0.0037917925677600187,0.0331487240567247,0.025319965765663942,RBM47/APOBEC3F/APOBEC3D/APOBEC3C/APOBEC3B,5,Module 1
GO:0030497,fatty acid elongation,5/1068,13/12061,0.38461538461538464,4.34348890809565,3.759371543987741,0.0037917925677600187,0.0331487240567247,0.025319965765663942,ABCD1/HACD3/HACD1/ELOVL3/ELOVL6,5,Module 1
GO:0042983,amyloid precursor protein biosynthetic process,5/1068,13/12061,0.38461538461538464,4.34348890809565,3.759371543987741,0.0037917925677600187,0.0331487240567247,0.025319965765663942,PAWR/ITM2C/BACE2/SOAT1/NCSTN,5,Module 1
GO:0042984,regulation of amyloid precursor protein biosynthetic process,5/1068,13/12061,0.38461538461538464,4.34348890809565,3.759371543987741,0.0037917925677600187,0.0331487240567247,0.025319965765663942,PAWR/ITM2C/BACE2/SOAT1/NCSTN,5,Module 1
GO:0097164,ammonium ion metabolic process,5/1068,13/12061,0.38461538461538464,4.34348890809565,3.759371543987741,0.0037917925677600187,0.0331487240567247,0.025319965765663942,SLC44A1/DDC/ALDH2/TPH1/SRD5A1,5,Module 1
GO:0016525,negative regulation of angiogenesis,14/1068,72/12061,0.19444444444444445,2.1958749479816895,3.1722083390782077,0.0038241661994286307,0.03323514189109274,0.025385974237181495,GADD45A/PPARG/CXCL10/HOXA5/HHEX/THBS1/MINAR1/SPRY2/SPARC/SPINK5/KLF4/PLK2/ADAMTS1/COL4A3,14,Module 1
GO:1901343,negative regulation of vasculature development,14/1068,72/12061,0.19444444444444445,2.1958749479816895,3.1722083390782077,0.0038241661994286307,0.03323514189109274,0.025385974237181495,GADD45A/PPARG/CXCL10/HOXA5/HHEX/THBS1/MINAR1/SPRY2/SPARC/SPINK5/KLF4/PLK2/ADAMTS1/COL4A3,14,Module 1
GO:2000181,negative regulation of blood vessel morphogenesis,14/1068,72/12061,0.19444444444444445,2.1958749479816895,3.1722083390782077,0.0038241661994286307,0.03323514189109274,0.025385974237181495,GADD45A/PPARG/CXCL10/HOXA5/HHEX/THBS1/MINAR1/SPRY2/SPARC/SPINK5/KLF4/PLK2/ADAMTS1/COL4A3,14,Module 1
GO:0071772,response to BMP,18/1068,103/12061,0.17475728155339806,1.9735464164939458,3.092766742500853,0.0038364279221838543,0.03323514189109274,0.025385974237181495,ACVR2B/PPARG/SMAD6/DSG4/HES1/BMP4/FZD1/EGR1/BMP2/SMAD9/NOTCH1/FSTL5/ZNF423/SMAD1/PCSK6/SOX9/FSTL1/CRIM1,18,Module 1
GO:0071773,cellular response to BMP stimulus,18/1068,103/12061,0.17475728155339806,1.9735464164939458,3.092766742500853,0.0038364279221838543,0.03323514189109274,0.025385974237181495,ACVR2B/PPARG/SMAD6/DSG4/HES1/BMP4/FZD1/EGR1/BMP2/SMAD9/NOTCH1/FSTL5/ZNF423/SMAD1/PCSK6/SOX9/FSTL1/CRIM1,18,Module 1
GO:0070482,response to oxygen levels,37/1068,266/12061,0.13909774436090225,1.5708407254090282,2.9343232943930855,0.00385159165454949,0.03330616870172814,0.02544022659424523,TP53/PMAIP1/MDM2/SMAD3/BCL2/PPARG/CDKN1A/AK4/IL1A/PICK1/LOC102724560/PSEN2/CBS/THBS1/ARNT2/CD24/RYR1/CD38/PLAT/PDLIM1/MMP14/FOS/HMOX1/EGR1/BMP2/ITPR2/NOTCH1/SLC2A1/TWIST1/FGFR2/OPRD1/NOL3/NDNF/EPHA4/SLC1A1/MSTN/SLC6A4,37,Module 1
GO:0042886,amide transport,30/1068,204/12061,0.14705882352941177,1.6607457589777486,2.966628907821649,0.003903724205449631,0.033690214377310464,0.02573357192305957,ABCD1/RAB11FIP5/ACVR2B/ILDR1/GNAZ/PICK1/CNR1/PFKFB2/SLC30A8/BRSK2/IRS2/SYT7/PLCB1/PRKCB/SLC46A1/CD38/POU3F3/DISP1/DOC2B/GIPR/CCN3/FFAR4/PRKD1/MYRIP/ABCA1/HTR2C/CPE/MTNR1B/ADCY5/NLGN2,30,Module 1
GO:0015833,peptide transport,27/1068,178/12061,0.15168539325842698,1.712993940159071,2.9869912994751515,0.003910093889462005,0.033690214377310464,0.02573357192305957,RAB11FIP5/ACVR2B/ILDR1/GNAZ/PICK1/CNR1/PFKFB2/SLC30A8/BRSK2/IRS2/SYT7/PLCB1/PRKCB/CD38/DISP1/DOC2B/GIPR/CCN3/FFAR4/PRKD1/MYRIP/ABCA1/HTR2C/CPE/MTNR1B/ADCY5/NLGN2,27,Module 1
GO:1903530,regulation of secretion by cell,50/1068,386/12061,0.12953367875647667,1.4628330519493118,2.8806516234906123,0.003932996479012647,0.03382659921337855,0.025837746653112236,RAB11FIP5/PPARG/PFN2/RAB27A/TNFRSF11A/ILDR1/MYH10/BCR/KDM5B/F2R/IL1A/GNAZ/PICK1/CNR1/PFKFB2/SLC30A8/RHBDF1/CDK5R2/BRSK2/IRS2/SYT7/CACNB4/SYT3/PLCB1/LILRB1/PRKCB/GATA2/CD38/BMP2/NOTCH1/DOC2B/GIPR/CCN3/FFAR4/PRKD1/C1QTNF3/MYRIP/SYT8/ADRA2C/TLR4/SNCA/SYK/HTR2C/CSPG5/FOXF1/MTNR1B/ADCY5/NLGN2/SLC6A4/ANXA2,50,Module 1
GO:0090087,regulation of peptide transport,22/1068,136/12061,0.16176470588235295,1.8268203348755234,3.02240442035925,0.004007718843640054,0.03440738152654711,0.02628136518459981,ILDR1/GNAZ/PICK1/CNR1/PFKFB2/SLC30A8/BRSK2/IRS2/SYT7/PLCB1/PRKCB/CD38/DOC2B/GIPR/CCN3/FFAR4/PRKD1/MYRIP/HTR2C/MTNR1B/ADCY5/NLGN2,22,Module 1
GO:1902905,positive regulation of supramolecular fiber organization,21/1068,128/12061,0.1640625,1.8527694873595506,3.023172882802994,0.0041096857425302145,0.03521956491179119,0.02690173462852263,SMAD3/TGFBR1/PFN2/CDC42EP3/CRACD/MAPT/WASF3/SNX9/CDC42EP4/CYFIP1/TENM1/PXN/APP/PYCARD/STMN2/ACTN2/PRKD1/RAPGEF3/GSN/PROX1/BAIAP2L2,21,Module 1
GO:0021545,cranial nerve development,9/1068,37/12061,0.24324324324324326,2.746963255390222,3.317121008710149,0.004140020694277438,0.035416062540312536,0.027051825269075812,HOXA1/HES1/HOXA3/EGR2/NTRK1/SIX1/EPHB2/TBX1/PAX2,9,Module 1
GO:0050768,negative regulation of neurogenesis,17/1068,96/12061,0.17708333333333334,1.9998146847690388,3.065490273335219,0.004244208355494087,0.036215829992965444,0.02766271106024568,TP53/CTNNA1/SEMA4F/BTG2/HES1/EPHB2/GATA2/NTN1/PRTG/PITX3/NOTCH1/SEMA6C/SEMA3B/LRP4/MAP2/TLX2/PROX1,17,Module 1
GO:0003170,heart valve development,12/1068,58/12061,0.20689655172413793,2.3364974815962802,3.1800826305027194,0.00424865759641439,0.036215829992965444,0.02766271106024568,MDM2/PRDM1/ROBO1/SMAD6/BMP4/BMP2/NOTCH1/TWIST1/SHOX2/ROBO2/HEY2/SOX9,12,Module 1
GO:0050731,positive regulation of peptidyl-tyrosine phosphorylation,18/1068,104/12061,0.17307692307692307,1.9545700086430422,3.0472950525314273,0.004265854169250816,0.03623324091892967,0.027676010035150668,TP53/HES1/FGFR3/CLCF1/PRNP/ERBB4/PECAM1/IL31RA/TSLP/BANK1/IL6ST/GFRA1/EPHA4/ANGPT1/LRP4/LRRK1/PLPP3/SYK,18,Module 1
GO:0060041,retina development in camera-type eye,18/1068,104/12061,0.17307692307692307,1.9545700086430422,3.0472950525314273,0.004265854169250816,0.03623324091892967,0.027676010035150668,ACVR2B/PRDM1/ZHX2/SMARCD3/LARGE1/HES1/PROM1/LHX1/NOTCH1/SIX3/SAMD11/PAX2/CRB1/FAT3/SOX9/SLC1A1/PROX1/RET,18,Module 1
GO:0051056,regulation of small GTPase mediated signal transduction,35/1068,250/12061,0.14,1.5810299625468167,2.8935191735325074,0.004374583690218428,0.03709088511812859,0.028331103779503448,PLEKHG4/CSF1/RHOU/ARHGAP18/ARHGAP12/BCR/COL3A1/ROBO1/F2R/F11R/ITPKB/CYTH3/DOCK3/CHN2/PRAG1/ARHGEF17/PLEKHG6/ARFGEF3/NTRK1/EPHB2/SYDE2/SPRY2/PLXNB1/SPRY1/ARHGEF25/NOTCH1/SRGAP2/ABL2/SQSTM1/ADGRG1/LPAR2/SOS2/LRP4/ABCA1/ARHGAP21,35,Module 1
GO:0002274,myeloid leukocyte activation,26/1068,171/12061,0.15204678362573099,1.7170751472939527,2.943560489843342,0.00443403086717615,0.03752838160502009,0.0286652764026106,CSF1/BCR/FOXP1/MAPT/CNR1/GPR137B/TLR6/LAT2/CEBPA/TTBK1/THBS1/NECTIN2/CXCL8/APP/GATA2/PYCARD/IL31RA/TSLP/TLR4/SNCA/SYK/GPR15LG/FOXF1/CX3CR1/FCER1G/RELB,26,Module 1
GO:0021879,forebrain neuron differentiation,8/1068,31/12061,0.25806451612903225,2.9143409447867583,3.326354165808433,0.004583994266643865,0.03845729926858064,0.029374810905363275,HES1/GATA2/DCLK2/NKX2-1/FGFR2/SOX1/NDNF/PROX1,8,Module 1
GO:0060443,mammary gland morphogenesis,8/1068,31/12061,0.25806451612903225,2.9143409447867583,3.326354165808433,0.004583994266643865,0.03845729926858064,0.029374810905363275,CSF1/KDM5B/BMP4/TBX2/DDR1/NTN1/FGFR2/TBX3,8,Module 1
GO:0061844,antimicrobial humoral immune response mediated by antimicrobial peptide,8/1068,31/12061,0.25806451612903225,2.9143409447867583,3.326354165808433,0.004583994266643865,0.03845729926858064,0.029374810905363275,CXCL10/CXCL8/TSLP/SPINK5/CXCL11/CXCL13/CXCL9/LGALS4,8,Module 1
GO:0070306,lens fiber cell differentiation,8/1068,31/12061,0.25806451612903225,2.9143409447867583,3.326354165808433,0.004583994266643865,0.03845729926858064,0.029374810905363275,SMAD3/KDM5B/PLAAT3/SPRY2/PITX3/SPRY1/SIX3/PROX1,8,Module 1
GO:0071825,protein-lipid complex organization,8/1068,31/12061,0.25806451612903225,2.9143409447867583,3.326354165808433,0.004583994266643865,0.03845729926858064,0.029374810905363275,CIDEB/SNX9/APOC1/SOAT1/LPCAT3/PCSK5/PCSK6/ABCA1,8,Module 1
GO:0002768,immune response-regulating cell surface receptor signaling pathway,37/1068,269/12061,0.137546468401487,1.5533220556089276,2.860629103096948,0.004644452638309578,0.03885730721329195,0.02968034868258669,LAPTM5/SH2D1A/TESPA1/NFATC2/DUSP22/BCL2/HLA-DPB1/PAWR/PTK2/GCSAM/FOXP1/CD276/ITK/TLR5/TLR6/PLEKHA1/LAT2/TXK/TICAM2/NECTIN2/CD24/CACNB4/LILRB1/PRNP/PRKCB/CD38/TNIP3/TNFRSF21/BANK1/HLA-A/TRIM32/SQSTM1/ERMAP/TLR4/BLNK/SYK/FCER1G,37,Module 1
GO:1904892,regulation of receptor signaling pathway via STAT,13/1068,66/12061,0.19696969696969696,2.2243928044489842,3.108807110209047,0.00465660561862263,0.03885730721329195,0.02968034868258669,GADD45A/PPARG/F2R/MGAT5/HES1/SOCS2/BCL3/EPHB2/ERBB4/TSLP/NOTCH1/IFNAR2/RET,13,Module 1
GO:0031214,biomineral tissue development,19/1068,113/12061,0.168141592920354,1.8988349739816381,2.9920768478776196,0.004691637594664935,0.03885730721329195,0.02968034868258669,SMAD3/ACVR2B/FGFR3/BMP4/ADRB2/KLF10/FAM83H/TBX1/LGR4/BMP2/NOTCH1/TENT5A/TWIST1/FGFR2/GAS6/HEY2/NELL1/SOX9/SLC8A1,19,Module 1
GO:0043524,negative regulation of neuron apoptotic process,19/1068,113/12061,0.168141592920354,1.8988349739816381,2.9920768478776196,0.004691637594664935,0.03885730721329195,0.02968034868258669,GBE1/BCL2/TYRO3/BTG2/F2R/CLCF1/NTRK1/SIX1/FZD1/WFS1/IL6ST/RETREG1/NDNF/UNC5B/ANGPT1/SNCA/SLC1A1/CX3CR1/MTNR1B,19,Module 1
GO:0002070,epithelial cell maturation,6/1068,19/12061,0.3157894736842105,3.566232998225902,3.48919097446678,0.004704805703993316,0.03885730721329195,0.02968034868258669,CDKN1A/HOXA5/CEBPA/GATA2/SIX3/FOXA1,6,Module 1
GO:0003177,pulmonary valve development,6/1068,19/12061,0.3157894736842105,3.566232998225902,3.48919097446678,0.004704805703993316,0.03885730721329195,0.02968034868258669,ROBO1/SMAD6/BMP4/NOTCH1/ROBO2/HEY2,6,Module 1
GO:0010842,retina layer formation,6/1068,19/12061,0.3157894736842105,3.566232998225902,3.48919097446678,0.004704805703993316,0.03885730721329195,0.02968034868258669,LARGE1/PROM1/LHX1/CRB1/FAT3/SLC1A1,6,Module 1
GO:0035767,endothelial cell chemotaxis,6/1068,19/12061,0.3157894736842105,3.566232998225902,3.48919097446678,0.004704805703993316,0.03885730721329195,0.02968034868258669,HSPB1/THBS1/NOTCH1/CCN3/CXCL13/PRKD1,6,Module 1
GO:0061036,positive regulation of cartilage development,6/1068,19/12061,0.3157894736842105,3.566232998225902,3.48919097446678,0.004704805703993316,0.03885730721329195,0.02968034868258669,SMAD3/SOX5/BMP4/BMP2/SMAD1/SOX9,6,Module 1
GO:0071900,regulation of protein serine/threonine kinase activity,30/1068,207/12061,0.14492753623188406,1.636676979862129,2.8798709368950197,0.00484118348621271,0.03988736586990389,0.03046713763643632,GADD45A/PPARG/CDKN1A/LATS2/TNFRSF11A/ROBO1/SASH1/TLR6/MAPRE3/CDK5R2/CCNB3/HHEX/ADRB2/THBS1/NEK10/MAPK8IP1/TENM1/CD24/PYCARD/SPRY2/NR2F2/SPRY1/BMP2/UCHL1/PDGFC/TLR4/SNCA/SLC8A1/PROX1/CCNP,30,Module 1
GO:0030279,negative regulation of ossification,7/1068,25/12061,0.28,3.1620599250936334,3.3728560631914397,0.004846206518279834,0.03988736586990389,0.03046713763643632,CHSY1/BCL2/SMAD6/NOTCH1/LRP4/SOX9/TPH1,7,Module 1
GO:0003013,circulatory system process,47/1068,362/12061,0.1298342541436464,1.4662274711858794,2.8072361032090045,0.004863035099835963,0.03995710283061095,0.03052040476836823,SLC1A4/MDM2/ID2/SMAD3/SLC44A1/PPARG/RNF207/BCR/F2R/ATP1A4/CXCL10/SLCO3A1/LRP1/HRH1/CNR1/LOC102724560/TBX2/CBS/ACSM3/ADAMTS16/ADRB2/CHRM2/SLC6A9/CD38/GJC1/NR2F2/SLC6A13/FABP5/SLC2A1/SHOX2/PDE3A/KCND3/PCSK5/GJD3/GAS6/HTR7/SLCO1C1/HEY2/ADRA2C/ANGPT1/GSN/AKAP12/SLC1A1/COL4A3/SLC8A1/MTNR1B/SLC6A4,47,Module 1
GO:0010469,regulation of signaling receptor activity,12/1068,59/12061,0.2033898305084746,2.2968958293658353,3.112472009426525,0.004914019698618672,0.040306761919029994,0.030787484615341323,PPARG/ZFYVE28/ADRB2/SLC6A9/APP/EPHB2/DAPK1/NLGN3/ADRA2C/NETO1/DLGAP1/NLGN2,12,Module 1
GO:0045927,positive regulation of growth,27/1068,181/12061,0.14917127071823205,1.6846017754050533,2.8924792656429674,0.004928728764668994,0.04035818656275193,0.030826764263520927,BASP1/CSF1/TRPV2/TGFBR1/BCL2/MAPT/TBX2/ARX/CYFIP1/SYT3/PLCB1/PRR5/CXCL16/CD38/ERBB4/NTN1/MMP14/NOTCH1/TRIM32/WFS1/FGFR2/TEAD1/IGF2/HEY2/LPAR3/PROX1/KLHL22,27,Module 1
GO:0009791,post-embryonic development,14/1068,74/12061,0.1891891891891892,2.136526976414617,3.056620503507478,0.004945479783720135,0.040426127052563564,0.030878659198396528,ACVR2B/PRDM1/TGFBR1/BCL2/KDM5B/LARGE1/PLEKHA1/BMP4/ASL/LHX1/KLF4/FGFR2/CRB1/TAL2,14,Module 1
GO:0051258,protein polymerization,33/1068,234/12061,0.14102564102564102,1.5926125996350715,2.8532687338238163,0.004959499171894157,0.04047154443685642,0.030913350325979392,PFN2/ARHGAP18/RNF135/SVIL/ADD2/SPIRE2/CDC42EP3/CRACD/CAMSAP2/MAPT/WASF3/TMOD2/MAPRE3/SNX9/CDC42EP4/CYFIP1/TTBK1/TPPP/KANK3/TENM1/FHDC1/PYCARD/STMN2/TRIM32/PLEKHG2/SPTA1/MICALL2/CASQ1/GSN/MAP2/SNCA/EML2/BAIAP2L2,33,Module 1
GO:0021795,cerebral cortex cell migration,9/1068,38/12061,0.23684210526315788,2.674674748669426,3.2226787318268624,0.005007445296275489,0.040654674714413225,0.031053230592576087,COL3A1/ROBO1/ARX/CDK5R2/POU3F3/NKX2-1/SRGAP2/ADGRG1/SRGAP2C,9,Module 1
GO:0046578,regulation of Ras protein signal transduction,9/1068,38/12061,0.23684210526315788,2.674674748669426,3.2226787318268624,0.005007445296275489,0.040654674714413225,0.031053230592576087,CSF1/ITPKB/NTRK1/EPHB2/SYDE2/SPRY2/SPRY1/NOTCH1/SQSTM1,9,Module 1
GO:0060071,"Wnt signaling pathway, planar cell polarity pathway",9/1068,38/12061,0.23684210526315788,2.674674748669426,3.2226787318268624,0.005007445296275489,0.040654674714413225,0.031053230592576087,MKS1/FZD3/FZD1/MAGI2/CELSR1/CTHRC1/SPEF1/VANGL2/CELSR3,9,Module 1
GO:0042130,negative regulation of T cell proliferation,11/1068,52/12061,0.21153846153846154,2.3889188994526074,3.1284290009366007,0.005093867403782147,0.04121636873923219,0.0314822689306689,CD86/PAWR/DLG5/BMP4/GPNMB/LILRB1/PRNP/IL4I1/TNFRSF21/PLA2G2F/IL20RB,11,Module 1
GO:0061180,mammary gland epithelium development,11/1068,52/12061,0.21153846153846154,2.3889188994526074,3.1284290009366007,0.005093867403782147,0.04121636873923219,0.0314822689306689,ID2/CSF1/KDM5B/ROBO1/HOXA5/DDR1/ERBB4/NTN1/FGFR2/TBX3/FOXF1,11,Module 1
GO:0010720,positive regulation of cell development,44/1068,335/12061,0.13134328358208955,1.4832690480183353,2.7960028231468477,0.005121664161957353,0.04131908467028771,0.03156072636551507,CD86/PLXNB2/TESPA1/ID2/CSF1/TRPV2/BCL2/RUNX1/FZD3/TNFRSF11A/ROBO1/SMARCD3/F11R/ITPKB/MAPT/HES1/BMP4/CLCF1/CYFIP1/TTBK1/EGR2/KLF10/IL4I1/EPHB2/PLXNB1/NTN1/ZNF365/MMP14/FOS/BMP2/NOTCH1/TRIM32/CUL7/IL6ST/SHOX2/GAS6/AMIGO1/ROBO2/EPHA4/BCAN/SYK/LPAR3/CX3CR1/RET,44,Module 1
GO:0046879,hormone secretion,29/1068,199/12061,0.1457286432160804,1.6457239380422712,2.8628304728488327,0.00512504754292535,0.04131908467028771,0.03156072636551507,RAB11FIP5/ACVR2B/PPARG/ILDR1/KDM5B/GNAZ/PICK1/CNR1/PFKFB2/SLC30A8/BRSK2/IRS2/SYT7/PLCB1/PRKCB/CD38/DOC2B/GIPR/CCN3/FFAR4/PRKD1/C1QTNF3/MYRIP/TBX3/HTR2C/CPE/MTNR1B/ADCY5/NLGN2,29,Module 1
GO:0021761,limbic system development,15/1068,82/12061,0.18292682926829268,2.065805700191833,3.01839344208424,0.005132483541227709,0.04131908467028771,0.03156072636551507,BTG2/LARGE1/CDK5R2/DCLK2/NKX2-1/TSKU/FGFR2/NDNF/ALDH1A3/TBX3/BCAN/FEZ1/BBS1/PROX1/SRD5A1,15,Module 1
GO:0021885,forebrain cell migration,10/1068,45/12061,0.2222222222222222,2.509571369121931,3.162140143669745,0.005147552475559976,0.04137074947584505,0.031600189456334575,TYRO3/COL3A1/ROBO1/ARX/CDK5R2/POU3F3/NKX2-1/SRGAP2/ADGRG1/SRGAP2C,10,Module 1
GO:0016358,dendrite development,26/1068,173/12061,0.15028901734104047,1.6972245675564506,2.87900554424898,0.005184345918223863,0.041526871324868535,0.031719439894625424,TANC2/NEDD4/DLG5/CAMSAP2/CTNND2/KNDC1/CYFIP1/FOXO6/APP/EPHB2/ZNF365/SRGAP2/CUL7/FARP1/CPEB3/HECW2/GPR37/EPHA4/LRP4/MAP2/FAT3/TLX2/BTBD3/BBS1/NLGN2/SRGAP2C,26,Module 1
GO:0050851,antigen receptor-mediated signaling pathway,26/1068,173/12061,0.15028901734104047,1.6972245675564506,2.87900554424898,0.005184345918223863,0.041526871324868535,0.031719439894625424,LAPTM5/SH2D1A/TESPA1/NFATC2/DUSP22/BCL2/HLA-DPB1/PAWR/GCSAM/FOXP1/CD276/ITK/PLEKHA1/LAT2/TXK/NECTIN2/CACNB4/PRNP/PRKCB/CD38/TNFRSF21/BANK1/HLA-A/ERMAP/BLNK/SYK,26,Module 1
GO:0072676,lymphocyte migration,16/1068,90/12061,0.17777777777777778,2.007657095297545,2.9906801821120035,0.005234561013213925,0.041792788669799207,0.03192255534662952,GCSAM/F11R/CXCL10/CCL1/ITGAL/APP/CXCL16/PYCARD/ABL2/CXCL11/CXCL13/GAS6/CYP7B1/GPR15LG/ARTN/RET,16,Module 1
GO:0052547,regulation of peptidase activity,31/1068,217/12061,0.14285714285714285,1.6132958801498127,2.8415276156235767,0.005242904713905495,0.041792788669799207,0.03192255534662952,LAPTM5/PMAIP1/BBC3/SMAD3/PPARG/ROBO1/F2R/BID/LRP1/MAPT/TTBK1/THBS1/SH3RF1/PYCARD/CST3/NCSTN/SPINK5/DAPK1/KLF4/PAX2/NOL3/NLRP2/GAS6/CTSL/EPHA4/GSN/SNCA/SYK/COL4A3/ACER2/PIDD1,31,Module 1
GO:0045766,positive regulation of angiogenesis,18/1068,106/12061,0.16981132075471697,1.9176913292346827,2.9578485760610347,0.005243762693826751,0.041792788669799207,0.03192255534662952,HSPB1/RUNX1/IL1A/SASH1/RHOB/THBS1/CXCL8/PRKCB/GATA2/CCR3/HMOX1/TNN/TWIST1/KLF4/PRKD1/RAPGEF3/SMAD1/CX3CR1,18,Module 1
GO:0030509,BMP signaling pathway,17/1068,98/12061,0.17346938775510204,1.9590021401819155,2.971075780659788,0.005267151840744736,0.04183973438943742,0.031958413861486686,ACVR2B/PPARG/SMAD6/DSG4/HES1/BMP4/FZD1/EGR1/BMP2/SMAD9/NOTCH1/FSTL5/ZNF423/SMAD1/PCSK6/FSTL1/CRIM1,17,Module 1
GO:0051208,sequestering of calcium ion,17/1068,98/12061,0.17346938775510204,1.9590021401819155,2.971075780659788,0.005267151840744736,0.04183973438943742,0.031958413861486686,SELENON/ATP7B/F2R/CXCL10/PLCD1/PLCB1/RYR1/ITPR2/CXCL11/CCR5/NOL3/PRKD1/CASQ1/SNCA/HTR2C/CXCL9/SLC8A1,17,Module 1
GO:0070167,regulation of biomineral tissue development,13/1068,67/12061,0.19402985074626866,2.1911929118452678,3.0474644343802346,0.005321162293428314,0.04212880478008973,0.032179214287550106,SMAD3/ACVR2B/BMP4/ADRB2/BMP2/NOTCH1/TENT5A/TWIST1/GAS6/HEY2/NELL1/SOX9/SLC8A1,13,Module 1
GO:2000106,regulation of leukocyte apoptotic process,13/1068,67/12061,0.19402985074626866,2.1911929118452678,3.0474644343802346,0.005321162293428314,0.04212880478008973,0.032179214287550106,TP53/BCL2/FOXP1/ITPKB/BMP4/IRS2/LILRB1/BCL3/GIMAP8/SELENOS/CCR5/GAS6/IRF7,13,Module 1
GO:0043065,positive regulation of apoptotic process,52/1068,411/12061,0.12652068126520682,1.4288070568723403,2.7569001590325173,0.0053489621819697375,0.0422789043870732,0.032293864761087414,TP53/PMAIP1/GADD45A/BBC3/NQO1/CTNNA1/TGFBR1/BCL2/PPARG/PAWR/CIDEB/LATS2/BID/TNFRSF10A/TXNIP/ITM2C/CNR1/HOXA5/PNMA3/TLR6/USP27X/BMP4/RHOB/THBS1/LILRB1/RAPSN/PRNP/PYCARD/NACC2/PITX3/HMOX1/BMP2/HPGD/NOTCH1/SQSTM1/DCUN1D3/TP53INP1/DAPK1/UNC5C/PHLDA3/BMF/ALDH1A3/CTSL/RARB/FOSL1/GSN/FOXA1/AKAP12/TLR4/SNCA/RET/PIDD1,52,Module 1
GO:1901615,organic hydroxy compound metabolic process,47/1068,364/12061,0.12912087912087913,1.458171276289254,2.7665751520791333,0.005394421940337849,0.042556027403851775,0.03250553943326195,TP53/FDXR/CTSB/NQO1/SLC27A2/BCL2/ACSS2/DGAT2/ALDH3A2/ITPKB/LDLRAP1/PFKFB2/CYP2E1/CEBPA/TTC39B/APOC1/PLPP2/PLCB1/AKR1B15/SOAT1/LIMA1/APP/DDC/CPQ/BMP2/TSKU/TPK1/LDHB/LPCAT3/TPO/LDHC/CYP7B1/ALDH1A3/GPR37/CYP26B1/SLCO1C1/PLPP3/ABCA1/SNCA/MALRD1/SLC1A1/PROX1/ALDH2/ACER2/TPH1/SRD5A1/DISP3,47,Module 1
GO:0034762,regulation of transmembrane transport,40/1068,299/12061,0.13377926421404682,1.510778750641965,2.7875906193865294,0.005414650392103867,0.042556027403851775,0.03250553943326195,CHP1/SELENON/BCL2/RHOQ/RNF207/F2R/CXCL10/STOM/NEDD4/GRIN2C/PSEN2/ADRB2/SORBS1/IRS2/SLC6A9/THBS1/CACNB4/PRNP/APP/PRKCB/EPHB2/FABP5/C2CD5/SELENOS/TSPAN13/DAPK1/CXCL11/ACTN2/FFAR4/HECW2/NLGN3/PRKD1/CASQ1/AMIGO1/NETO1/FGF11/SNCA/CXCL9/SLC8A1/NLGN2,40,Module 1
GO:0006691,leukotriene metabolic process,5/1068,14/12061,0.35714285714285715,4.033239700374532,3.5394229332639084,0.005473014816681063,0.042556027403851775,0.03250553943326195,MGST2/GGT1/MAPKAPK2/GGT7/SYK,5,Module 1
GO:0030202,heparin metabolic process,5/1068,14/12061,0.35714285714285715,4.033239700374532,3.5394229332639084,0.005473014816681063,0.042556027403851775,0.03250553943326195,GLCE/IDUA/NDST1/HPSE/ANGPT1,5,Module 1
GO:0061318,renal filtration cell differentiation,5/1068,14/12061,0.35714285714285715,4.033239700374532,3.5394229332639084,0.005473014816681063,0.042556027403851775,0.03250553943326195,BASP1/PODXL/PROM1/CD24/MAGI2,5,Module 1
GO:0072112,podocyte differentiation,5/1068,14/12061,0.35714285714285715,4.033239700374532,3.5394229332639084,0.005473014816681063,0.042556027403851775,0.03250553943326195,BASP1/PODXL/PROM1/CD24/MAGI2,5,Module 1
GO:0072170,metanephric tubule development,5/1068,14/12061,0.35714285714285715,4.033239700374532,3.5394229332639084,0.005473014816681063,0.042556027403851775,0.03250553943326195,HES1/POU3F3/LGR4/PAX2/SOX9,5,Module 1
GO:0072234,metanephric nephron tubule development,5/1068,14/12061,0.35714285714285715,4.033239700374532,3.5394229332639084,0.005473014816681063,0.042556027403851775,0.03250553943326195,HES1/POU3F3/LGR4/PAX2/SOX9,5,Module 1
GO:0072311,glomerular epithelial cell differentiation,5/1068,14/12061,0.35714285714285715,4.033239700374532,3.5394229332639084,0.005473014816681063,0.042556027403851775,0.03250553943326195,BASP1/PODXL/PROM1/CD24/MAGI2,5,Module 1
GO:2001026,regulation of endothelial cell chemotaxis,5/1068,14/12061,0.35714285714285715,4.033239700374532,3.5394229332639084,0.005473014816681063,0.042556027403851775,0.03250553943326195,HSPB1/THBS1/NOTCH1/CXCL13/PRKD1,5,Module 1
GO:0071560,cellular response to transforming growth factor beta stimulus,29/1068,200/12061,0.145,1.6374953183520597,2.833560637563197,0.0055030199929892885,0.04271987273778373,0.03263068929540812,TP53/DUSP22/SMAD3/TGFBR1/PPARG/PTK2/LATS2/LTBP1/COL3A1/SOX5/SMAD6/ONECUT1/THBS1/PXN/SPRY2/FOS/SPRY1/BMP2/SMAD9/HPGD/NKX2-1/PDE3A/FGFR2/SMAD1/ITGA8/SOX9/MSTN/CX3CR1/ITGB5,29,Module 1
GO:0110053,regulation of actin filament organization,30/1068,209/12061,0.14354066985645933,1.6210149991935916,2.8228030473633723,0.005565936143528224,0.04296947110233144,0.03282133983250569,SMAD3/TGFBR1/PFN2/ARHGAP18/SVIL/ADD2/F11R/CDC42EP3/CRACD/PICK1/WASF3/TMOD2/SNX9/CDC42EP4/CYFIP1/TMEFF2/KANK3/TENM1/PXN/LIMA1/PYCARD/PHLDB2/ASAP3/PLEKHG2/WASHC1/SPTA1/ACTN2/RAPGEF3/GSN/BAIAP2L2,30,Module 1
GO:0021915,neural tube development,20/1068,123/12061,0.16260162601626016,1.8362717335038519,2.905596825265192,0.005568937190877583,0.04296947110233144,0.03282133983250569,PLXNB2/LUZP1/MKS1/FZD3/HES1/BMP4/CLUAP1/FZD1/NOTCH1/TULP3/TWIST1/IFT172/PAX2/GSC/CELSR1/CTHRC1/FOXA1/DZIP1L/PROX1/VANGL2,20,Module 1
GO:0006637,acyl-CoA metabolic process,14/1068,75/12061,0.18666666666666668,2.1080399500624223,3.0001991267792243,0.005598072040307922,0.04296947110233144,0.03282133983250569,ABCD1/SLC27A2/ACSS2/DGAT2/ACOT11/PDK2/HACD1/FAR2/ACSM3/ELOVL3/ELOVL6/FITM2/ACOT4/SNCA,14,Module 1
GO:0035383,thioester metabolic process,14/1068,75/12061,0.18666666666666668,2.1080399500624223,3.0001991267792243,0.005598072040307922,0.04296947110233144,0.03282133983250569,ABCD1/SLC27A2/ACSS2/DGAT2/ACOT11/PDK2/HACD1/FAR2/ACSM3/ELOVL3/ELOVL6/FITM2/ACOT4/SNCA,14,Module 1
GO:0042303,molting cycle,14/1068,75/12061,0.18666666666666668,2.1080399500624223,3.0001991267792243,0.005598072040307922,0.04296947110233144,0.03282133983250569,LRIG1/BCL2/FZD3/DSG4/LGR4/TSKU/NOTCH1/SPINK5/FGFR2/HPSE/LRP4/SOX21/SOX9/LAMA5,14,Module 1
GO:0042633,hair cycle,14/1068,75/12061,0.18666666666666668,2.1080399500624223,3.0001991267792243,0.005598072040307922,0.04296947110233144,0.03282133983250569,LRIG1/BCL2/FZD3/DSG4/LGR4/TSKU/NOTCH1/SPINK5/FGFR2/HPSE/LRP4/SOX21/SOX9/LAMA5,14,Module 1
GO:0048534,hematopoietic or lymphoid organ development,14/1068,75/12061,0.18666666666666668,2.1080399500624223,3.0001991267792243,0.005598072040307922,0.04296947110233144,0.03282133983250569,TP53/TGFBR1/BCL2/TNFRSF11A/HES1/HOXA3/ONECUT1/CACNB4/BCL3/SIX1/TBX1/PITX2/ARTN/RET,14,Module 1
GO:0007622,rhythmic behavior,8/1068,32/12061,0.25,2.823267790262172,3.21893237427579,0.0056469867926379844,0.04320622534783175,0.03300217965550115,TP53/ID2/GPR157/EGR2/CIART/EGR1/C3orf70/MTNR1B,8,Module 1
GO:1905521,regulation of macrophage migration,8/1068,32/12061,0.25,2.823267790262172,3.21893237427579,0.0056469867926379844,0.04320622534783175,0.03300217965550115,MTUS1/CSF1/PTK2/BCR/THBS1/MMP14/MSTN/CX3CR1,8,Module 1
GO:0032963,collagen metabolic process,12/1068,60/12061,0.2,2.2586142322097382,3.046216119689298,0.0056599026081909564,0.04323586944467916,0.03302482268441672,CTSB/P3H4/RUNX1/MRC2/F2R/BMP4/MMP15/CST3/MMP14/NOTCH1/RETREG1/CTSL,12,Module 1
GO:0003341,cilium movement,19/1068,115/12061,0.16521739130434782,1.8658117570428268,2.9077851221721396,0.005700533258251667,0.043452394173154364,0.03319021061014895,GAS8/ATP1A4/JHY/CFAP47/DYNC2H1/NEK10/TCTE1/TTLL3/DZIP1/DNAAF4/CFAP70/DNAH14/LDHC/CATSPER2/DNAI1/SPEF1/BBS1/DNAI2/CFAP53,19,Module 1
GO:0006469,negative regulation of protein kinase activity,22/1068,140/12061,0.15714285714285714,1.774625468164794,2.8734299341980805,0.005706420648419268,0.043452394173154364,0.03319021061014895,GADD45A/CHP1/HSPB1/DUSP22/PPARG/CDKN1A/LATS2/ZFYVE28/CAMK2N1/HHEX/MAPK8IP1/EPHB2/PYCARD/SPRY2/NR2F2/SPRY1/BMP2/UCHL1/DBNDD1/SNCA/SLC8A1/PTPRB,22,Module 1
GO:0042110,T cell activation,56/1068,451/12061,0.12416851441241686,1.4022438692211234,2.7137057875790305,0.005838505615369829,0.044286096875496304,0.03382701713838566,LAPTM5/CD86/TP53/TESPA1/DUSP22/SMAD3/PRDM1/BCL2/RUNX1/HLA-DPB1/PAWR/RAB27A/FOXP1/IL18R1/SMARCD3/IL1A/BID/CD276/ITK/ITPKB/DLG5/HES1/BMP4/GPNMB/WDFY4/MAPK8IP1/CD24/SH3RF1/LILRB1/PRNP/ITGAL/BCL3/ENTPD7/IL4I1/PYCARD/EGR1/TNFRSF21/HLA-A/ABL2/NCSTN/PLA2G2F/LFNG/MR1/IL6ST/SPINK5/SOS2/SPTA1/IGF2/CTSL/CYP26B1/GSN/SYK/FCER1G/JUNB/RELB/IL20RB,56,Module 1
GO:0043405,regulation of MAP kinase activity,16/1068,91/12061,0.17582417582417584,1.9855949294151543,2.9415297677984893,0.005843690323805556,0.044286096875496304,0.03382701713838566,PPARG/TNFRSF11A/ROBO1/SASH1/TLR6/THBS1/NEK10/MAPK8IP1/TENM1/CD24/SPRY2/SPRY1/BMP2/UCHL1/PDGFC/TLR4,16,Module 1
GO:0051209,release of sequestered calcium ion into cytosol,16/1068,91/12061,0.17582417582417584,1.9855949294151543,2.9415297677984893,0.005843690323805556,0.044286096875496304,0.03382701713838566,SELENON/F2R/CXCL10/PLCD1/PLCB1/RYR1/ITPR2/CXCL11/CCR5/NOL3/PRKD1/CASQ1/SNCA/HTR2C/CXCL9/SLC8A1,16,Module 1
GO:0031346,positive regulation of cell projection organization,37/1068,273/12061,0.13553113553113552,1.530562758090848,2.763752754213431,0.005913453151410939,0.044677503898343365,0.034125985279722534,PLXNB2/TRPV2/TGFBR1/RHOQ/ROBO1/CDC42EP3/MAPT/CNR1/ENC1/CDC42EP4/CYFIP1/NTRK1/TENM1/DDR1/FNBP1L/EPHB2/PLXNB1/FZD1/NTN1/STMN2/DZIP1/TNN/ABL2/CUL7/SHOX2/WASHC1/CNTN1/MAGI2/PRKD1/NDNF/AMIGO1/ROBO2/EPHA4/FEZ1/MSTN/LPAR3/RET,37,Module 1
GO:1902904,negative regulation of supramolecular fiber organization,21/1068,132/12061,0.1590909090909091,1.796624957439564,2.8684020278549367,0.005914023414398024,0.044677503898343365,0.034125985279722534,PFN2/SVIL/ADD2/F11R/CRACD/PICK1/CAMSAP2/TMOD2/TMEFF2/KANK3/LIMA1/PHLDB2/STMN2/MID1/SPTA1/GSN/MAP2/SNCA/SPEF1/EML2/TTBK2,21,Module 1
GO:1902476,chloride transmembrane transport,11/1068,53/12061,0.20754716981132076,2.3438449579535017,3.055997028675412,0.005926112268716953,0.044698215881710524,0.034141805698900594,TTYH3/SLC1A4/CLIC5/SLC12A7/SLC12A6/SLC12A8/CLCN4/GABRB2/SLC1A1/ANO2/SLC26A4,11,Module 1
GO:1901652,response to peptide,47/1068,366/12061,0.1284153005464481,1.450203127238493,2.7261522290691365,0.0059744167763304025,0.04499159216442832,0.03436589509136593,TP53/MDM2/SMAD3/RHOQ/PPARG/PTK2/BCL2L2/TNFRSF11A/COL3A1/BTG2/MTCL2/PDK2/LRP1/PTPRE/TCF12/TLR6/ADRB2/SORBS1/CYFIP1/SOCS2/IRS2/EGR2/PLCB1/PXN/PRNP/APP/PRKCB/EPHB2/PNPLA3/FOS/EGR1/NOTCH1/C2CD5/SELENOS/SLC2A1/CACNA1A/SOS2/KLF4/ACTN2/PRKD1/IGF2/EPHA4/DNAI1/TLR4/MSTN/SRD5A1/GKAP1,47,Module 1
GO:0002429,immune response-activating cell surface receptor signaling pathway,35/1068,255/12061,0.13725490196078433,1.5500293750458987,2.766978287374914,0.00599139405389082,0.04504850057500928,0.03440936340119356,LAPTM5/SH2D1A/TESPA1/NFATC2/DUSP22/BCL2/HLA-DPB1/PAWR/PTK2/GCSAM/FOXP1/CD276/ITK/TLR5/TLR6/PLEKHA1/LAT2/TXK/TICAM2/NECTIN2/CACNB4/PRNP/PRKCB/CD38/TNIP3/TNFRSF21/BANK1/HLA-A/TRIM32/SQSTM1/ERMAP/TLR4/BLNK/SYK/FCER1G,35,Module 1
GO:0050922,negative regulation of chemotaxis,9/1068,39/12061,0.23076923076923078,2.6060933448573897,3.1312366419193016,0.006009405003446893,0.04511299015146474,0.0344586224274324,SEMA4F/ROBO1/THBS1/NOTCH1/SEMA6C/CCN3/CXCL13/ROBO2/SEMA3B,9,Module 1
GO:0060113,inner ear receptor cell differentiation,10/1068,46/12061,0.21739130434782608,2.455015469793193,3.0816676923278337,0.006067628867951162,0.04540751368785987,0.03468358812583895,MKS1/HES1/BMP4/PDZD7/TSKU/NOTCH1/CTHRC1/HEY2/GABRB2/MCOLN3,10,Module 1
GO:0060420,regulation of heart growth,10/1068,46/12061,0.21739130434782608,2.455015469793193,3.0816676923278337,0.006067628867951162,0.04540751368785987,0.03468358812583895,BASP1/TGFBR1/RUNX1/FOXP1/TBX2/ERBB4/NOTCH1/FGFR2/HEY2/PROX1,10,Module 1
GO:0010518,positive regulation of phospholipase activity,7/1068,26/12061,0.2692307692307692,3.0404422356669545,3.246303331685083,0.006134023196758133,0.04554797970015123,0.034790880177755355,CD86/ITK/FGFR3/TXK/ABL2/LPAR2/FGFR2,7,Module 1
GO:0010719,negative regulation of epithelial to mesenchymal transition,7/1068,26/12061,0.2692307692307692,3.0404422356669545,3.246303331685083,0.006134023196758133,0.04554797970015123,0.034790880177755355,DACT3/SPRY2/SPRY1/NKX2-1/USF3/EPHA4/FOXA1,7,Module 1
GO:0060421,positive regulation of heart growth,7/1068,26/12061,0.2692307692307692,3.0404422356669545,3.246303331685083,0.006134023196758133,0.04554797970015123,0.034790880177755355,BASP1/TBX2/ERBB4/NOTCH1/FGFR2/HEY2/PROX1,7,Module 1
GO:0071402,cellular response to lipoprotein particle stimulus,7/1068,26/12061,0.2692307692307692,3.0404422356669545,3.246303331685083,0.006134023196758133,0.04554797970015123,0.034790880177755355,PPARG/TXNIP/TLR6/ABCA1/TLR4/SYK/FCER1G,7,Module 1
GO:1905332,positive regulation of morphogenesis of an epithelium,7/1068,26/12061,0.2692307692307692,3.0404422356669545,3.246303331685083,0.006134023196758133,0.04554797970015123,0.034790880177755355,HOXB7/BMP4/SIX1/LGR4/LHX1/PAX2/SOX9,7,Module 1
GO:0043269,regulation of monoatomic ion transport,38/1068,283/12061,0.13427561837455831,1.5163841134977039,2.739879618965206,0.006210612237328112,0.04601263319044706,0.03514579611500392,CHP1/SELENON/TRPV2/BCL2/RNF207/F2R/CXCL10/STOM/NEDD4/GRIN2C/CNR1/HOMER3/HES1/PSEN2/ADRB2/SLC6A9/CACNB4/LILRB1/PRNP/EPHB2/WFS1/TSPAN13/CXCL11/OPRD1/ACTN2/CNTN1/HECW2/NLGN3/PRKD1/CASQ1/AMIGO1/MYLK/NETO1/FGF11/SNCA/CXCL9/SLC8A1/SLC6A4,38,Module 1
GO:0009954,proximal/distal pattern formation,6/1068,20/12061,0.3,3.3879213483146065,3.3312321871255897,0.006225465009247019,0.04601263319044706,0.03514579611500392,CHSY1/HOXC10/HOXC11/SIX3/CYP26B1/LRP4,6,Module 1
GO:0051968,"positive regulation of synaptic transmission, glutamatergic",6/1068,20/12061,0.3,3.3879213483146065,3.3312321871255897,0.006225465009247019,0.04601263319044706,0.03514579611500392,GRIN2C/TSHZ3/NTRK1/NLGN3/NRXN1/NLGN2,6,Module 1
GO:0001818,negative regulation of cytokine production,30/1068,211/12061,0.14218009478672985,1.605649928111188,2.7663357466922442,0.00637936353327873,0.047068861511806524,0.035952574224827456,LAPTM5/ABCD1/DHX58/HOMER3/TLR6/GPNMB/THBS1/CD24/LILRB1/PRNP/BCL3/EPHB2/PYCARD/LGR4/TNFRSF21/BANK1/TSKU/SELENOS/TWIST1/KLF4/FFAR4/GAS6/C1QTNF3/ANGPT1/TLR4/CX3CR1/KLHL22/RELB/MAPKBP1/IL20RB,30,Module 1
GO:0007266,Rho protein signal transduction,18/1068,108/12061,0.16666666666666666,1.8821785268414482,2.870324953738988,0.006397900456435433,0.047068861511806524,0.035952574224827456,RHOU/HACD3/BCR/COL3A1/ROBO1/F2R/F11R/CDC42EP3/PRAG1/CDC42EP4/RHOB/PLXNB1/NTN1/ABL2/ADGRG1/LPAR2/CELSR1/ABCA1,18,Module 1
GO:0008360,regulation of cell shape,18/1068,108/12061,0.16666666666666666,1.8821785268414482,2.870324953738988,0.006397900456435433,0.047068861511806524,0.035952574224827456,HEXB/PLXNB2/RHOQ/RHOU/PTK2/ARHGAP18/MYO10/MYH10/F11R/CDC42EP3/FAM171A1/WASF3/PRAG1/CDC42EP4/CYFIP1/PLXNB1/SPTA1/PALMD,18,Module 1
GO:0030041,actin filament polymerization,21/1068,133/12061,0.15789473684210525,1.783116499112951,2.830541622897111,0.006454625822853121,0.04708889946671846,0.03596787980134124,PFN2/ARHGAP18/SVIL/ADD2/SPIRE2/CDC42EP3/CRACD/WASF3/TMOD2/SNX9/CDC42EP4/CYFIP1/KANK3/TENM1/FHDC1/PYCARD/PLEKHG2/SPTA1/MICALL2/GSN/BAIAP2L2,21,Module 1
GO:0051494,negative regulation of cytoskeleton organization,21/1068,133/12061,0.15789473684210525,1.783116499112951,2.830541622897111,0.006454625822853121,0.04708889946671846,0.03596787980134124,PFN2/SVIL/ADD2/F11R/CRACD/PICK1/CAMSAP2/TMOD2/TMEFF2/KANK3/LIMA1/PHLDB2/STMN2/MID1/SPTA1/GSN/MAP2/SNCA/SPEF1/EML2/TTBK2,21,Module 1
GO:0008037,cell recognition,15/1068,84/12061,0.17857142857142858,2.016619850187266,2.914240368816342,0.0064604602572925435,0.04708889946671846,0.03596787980134124,ROBO1/CNR1/NCAM2/ZPBP2/OPCML/APP/PALLD/EPHB2/PECAM1/TNFRSF21/TNN/AMIGO1/ROBO2/EPHA4/CNTNAP3,15,Module 1
GO:0051592,response to calcium ion,17/1068,100/12061,0.17,1.9198220973782776,2.878864734507637,0.006482713046390389,0.04708889946671846,0.03596787980134124,NFATC2/CPNE3/TXNIP/CPNE8/ITPKB/NEDD4/THBS1/SYT7/SYT3/RYR1/FOS/NCSTN/ADCY1/GIPR/KCNH1/SYT8/JUNB,17,Module 1
GO:0001942,hair follicle development,12/1068,61/12061,0.19672131147540983,2.2215877693866273,2.9812619460953464,0.006492862628046651,0.04708889946671846,0.03596787980134124,BCL2/FZD3/DSG4/LGR4/NOTCH1/SPINK5/FGFR2/HPSE/LRP4/SOX21/SOX9/LAMA5,12,Module 1
GO:0035282,segmentation,12/1068,61/12061,0.19672131147540983,2.2215877693866273,2.9812619460953464,0.006492862628046651,0.04708889946671846,0.03596787980134124,TP53/BASP1/SMAD3/EGR2/LHX1/NOTCH1/LFNG/DMRT2/TBX3/PCSK6/FOXF1/LAMA5,12,Module 1
GO:1901880,negative regulation of protein depolymerization,12/1068,61/12061,0.19672131147540983,2.2215877693866273,2.9812619460953464,0.006492862628046651,0.04708889946671846,0.03596787980134124,SVIL/ADD2/CRACD/CAMSAP2/TMOD2/LIMA1/STMN2/MID1/SPTA1/GSN/SPEF1/TTBK2,12,Module 1
GO:2000134,negative regulation of G1/S transition of mitotic cell cycle,12/1068,61/12061,0.19672131147540983,2.2215877693866273,2.9812619460953464,0.006492862628046651,0.04708889946671846,0.03596787980134124,TP53/MDM2/BCL2/CDKN1A/CTDSPL/GPNMB/CACNB4/DCUN1D3/E2F7/KLF4/PLK2/PIDD1,12,Module 1
GO:0071216,cellular response to biotic stimulus,26/1068,176/12061,0.14772727272727273,1.6682946033367383,2.7837219968278135,0.006506215745276024,0.04708889946671846,0.03596787980134124,CD86/TP53/BCR/IL1A/CXCL10/TXNIP/SASH1/TLR6/TICAM2/CXCL8/LILRB1/EPHB2/PYCARD/TNIP3/NOTCH1/SELENOS/WFS1/GBP2/CXCL11/CCR5/CXCL13/ABCA1/TLR4/SYK/CXCL9/CX3CR1,26,Module 1
GO:0051283,negative regulation of sequestering of calcium ion,16/1068,92/12061,0.17391304347826086,1.9640123758345547,2.8930021458942945,0.006508942398055396,0.04708889946671846,0.03596787980134124,SELENON/F2R/CXCL10/PLCD1/PLCB1/RYR1/ITPR2/CXCL11/CCR5/NOL3/PRKD1/CASQ1/SNCA/HTR2C/CXCL9/SLC8A1,16,Module 1
GO:0071887,leukocyte apoptotic process,16/1068,92/12061,0.17391304347826086,1.9640123758345547,2.8930021458942945,0.006508942398055396,0.04708889946671846,0.03596787980134124,TP53/BCL2/FOXP1/ITPKB/EBF4/BMP4/IRS2/LILRB1/BCL3/GIMAP8/TNFRSF21/SELENOS/CCR5/GAS6/IRF7/CTSL,16,Module 1
GO:0008154,actin polymerization or depolymerization,24/1068,159/12061,0.1509433962264151,1.7046145148752738,2.7876698676460214,0.006683830809876028,0.048281086001249494,0.03687850677416095,PFN2/ARHGAP18/SVIL/ADD2/SPIRE2/CDC42EP3/CRACD/WASF3/TMOD2/SNX9/CDC42EP4/CYFIP1/KANK3/TENM1/LIMA1/FHDC1/PYCARD/PLEKHG2/SPTA1/ACTN2/ENAH/MICALL2/GSN/BAIAP2L2,24,Module 1
GO:0051493,regulation of cytoskeleton organization,52/1068,416/12061,0.125,1.411633895131086,2.6631106646620197,0.00678228028636403,0.048918347404815675,0.03736526568815303,SMAD3/TGFBR1/RHOQ/PFN2/CEP70/PTK2/ARHGAP18/SVIL/ADD2/F11R/IL1A/CDC42EP3/LRP1/CRACD/PICK1/CAMSAP2/MAPT/WASF3/TMOD2/MAPRE3/SNX9/CDC42EP4/TRIM36/CYFIP1/TMEFF2/TPPP/KANK3/TENM1/PXN/LIMA1/PYCARD/PLXNB1/PHLDB2/STMN2/ASAP3/ABL2/PLEKHG2/MID1/WASHC1/SPTA1/ACTN2/PRKD1/CELSR1/RAPGEF3/GSN/MAP2/SNCA/SPEF1/PROX1/EML2/TTBK2/BAIAP2L2,52,Module 1
GO:0048332,mesoderm morphogenesis,11/1068,54/12061,0.2037037037037037,2.3004404216951033,2.9851850027353324,0.00686160762906348,0.04941597542497223,0.037745368536541334,SMAD3/BMP4/KLF4/FGFR2/PAX2/TBX3/SMAD1/ITGA8/EYA1/TLX2/FOXF1,11,Module 1
GO:0045778,positive regulation of ossification,8/1068,33/12061,0.24242424242424243,2.7377142208602883,3.115586273210606,0.006887717960861934,0.04945505598925191,0.03777521941550642,SMAD3/ACVR2B/BMP4/ADRB2/BMP2/TENT5A/NELL1/SLC8A1,8,Module 1
GO:0098815,modulation of excitatory postsynaptic potential,8/1068,33/12061,0.24242424242424243,2.7377142208602883,3.115586273210606,0.006887717960861934,0.04945505598925191,0.03777521941550642,GRIN2C/ADRB2/APP/NLGN3/NETO1/CBLN1/NRXN1/NLGN2,8,Module 1
GO:0009100,glycoprotein metabolic process,38/1068,285/12061,0.13333333333333333,1.5057428214731585,2.6931120609484935,0.006964071806328669,0.049928322905342874,0.03813671453950995,HEXB/CHP1/CHST14/CHSY1/BCL2/GNPTAB/PAWR/GLCE/ST3GAL5/IDUA/MGAT5/ITM2C/LARGE1/ST8SIA6/MAN1C1/NDST1/PLCB1/BACE2/SOAT1/HS3ST3A1/CST3/BMP2/GUSB/NCSTN/EOGT/TUSC3/A4GALT/ST6GALNAC2/SULF2/CHST3/HPSE/CTSL/HS3ST5/PCSK6/HS3ST1/B3GALT1/ACER2/MAN2B1,38,Module 1
GO:0022407,regulation of cell-cell adhesion,83/1244,366/12061,0.226775956284153,2.198669460404477,7.897148404141459,2.1156732414420373e-12,1.0144653192714568e-8,8.500552381667637e-9,CD55/PAG1/TWSG1/TYK2/MAP2K5/PRKCA/CD80/JAK3/EMILIN1/STAT5B/BCL6/IL15/CD44/SASH3/RASAL3/TIGIT/NR4A3/SPN/SMAD7/TNFSF4/WNT10B/MBP/DPP4/GCNT1/IL7R/ZP3/IL2RA/CBLB/MAD1L1/ADAM19/NFKBIZ/KLHL25/ICOS/FXYD5/CD274/SLAMF1/CD40LG/SDC4/ABCA12/RHOH/CARD11/CDH1/GCNT2/MAGI1/ADTRP/EMILIN2/IL12RB1/CTLA4/EBI3/IL6/CD9/HLA-DQB2/ZNF703/HLA-DOB/TGFBR2/TNF/IL1RN/PDCD1LG2/ADORA2A/TNFAIP8L2/LYN/TJP1/HLX/EGR3/FUT7/FOXP3/NCKAP1L/HLA-DOA/MAP3K8/IRF1/AFDN/SOCS1/ETS1/CORO1A/ZAP70/FERMT3/CCL5/LGALS3/RASGRP1/HLA-DMB/IL4R/ZMIZ1/ST3GAL4,83,Module 2
GO:0045785,positive regulation of cell adhesion,80/1244,369/12061,0.21680216802168023,2.1019702158436373,7.290697269789597,5.911853947360693e-11,1.417366983879726e-7,1.1876603430039875e-7,CD55/TYK2/PRKCA/CD80/NEDD9/EMILIN1/STAT5B/BCL6/IL15/CD44/SASH3/RASAL3/FN1/NR4A3/SPN/SMAD7/TNFSF4/STX3/WNT10B/DPP4/PRKCE/GCNT1/IL7R/FERMT2/ZP3/IL2RA/ADAM19/NFKBIZ/KLHL25/LIF/ICOS/CD274/SLAMF1/CD40LG/SDC4/RHOH/CARD11/GCNT2/MAGI1/ITGA3/EMILIN2/LAMA2/IL12RB1/TNFRSF18/EBI3/CD36/LAMA1/IL6/HLA-DQB2/HLA-DOB/TGFBR2/TNF/CARMIL1/PDCD1LG2/LYN/LAMB2/TJP1/HLX/COL16A1/EGR3/LAMB1/FUT7/FOXP3/SAA1/NCKAP1L/HLA-DOA/MAP3K8/AFDN/SOCS1/UNC13D/ETS1/CORO1A/ZAP70/ZFHX3/CCL5/RASGRP1/HLA-DMB/IL4R/ZMIZ1/ST3GAL4,80,Module 2
GO:0046631,alpha-beta T cell activation,44/1244,155/12061,0.2838709677419355,2.752224872938492,7.44565964768664,2.203278706494455e-10,2.820579576516963e-7,2.3634602367741065e-7,CD55/TWSG1/TYK2/SOCS3/CD80/JAK3/GPR183/BCL6/IL15/SASH3/RASAL3/STAT3/SPN/SMAD7/TNFSF4/IL2RA/CBLB/NFKBIZ/CD3G/KLHL25/CD274/CD3D/STAT4/CARD11/GPR18/IL12RB1/EBI3/SEMA4A/IL6/TGFBR2/ADORA2A/HLX/FUT7/FOXP3/RORC/NCKAP1L/IRF1/SOCS1/BATF/ZAP70/CD247/TRBC2/STOML2/IL4R,44,Module 2
GO:0007159,leukocyte cell-cell adhesion,71/1244,320/12061,0.221875,2.1511530345659162,7.07759874154174,2.479594813724578e-10,2.820579576516963e-7,2.3634602367741065e-7,CD55/PAG1/TWSG1/TYK2/CD80/JAK3/CERCAM/STAT5B/BCL6/IL15/CD44/SASH3/RASAL3/TIGIT/NR4A3/SPN/SMAD7/TNFSF4/WNT10B/DPP4/GCNT1/IL7R/ZP3/IL2RA/CBLB/MAD1L1/NFKBIZ/KLHL25/ICOS/CD274/SLAMF1/CD40LG/SDC4/RHOH/CARD11/ADTRP/IL12RB1/CTLA4/EBI3/IL6/LRG1/HLA-DQB2/HLA-DOB/TGFBR2/TNF/PDCD1LG2/ADORA2A/TNFAIP8L2/LYN/HLX/EGR3/FUT7/FOXP3/NCKAP1L/HLA-DOA/MAP3K8/IRF1/SOCS1/ETS1/CORO1A/ZAP70/FERMT3/CCL5/LGALS3/RASGRP1/HLA-DMB/SEMA4D/IL4R/ZMIZ1/SELPLG/ST3GAL4,71,Module 2
GO:0002250,adaptive immune response,79/1244,374/12061,0.21122994652406418,2.047945647127603,6.981575941271675,2.941167441623528e-10,2.820579576516963e-7,2.3634602367741065e-7,CD55/ERAP2/PAG1/TYK2/CTSH/SOCS3/SAMSN1/CD80/ORAI1/JAK3/EIF2AK4/GPR183/BCL6/SASH3/BACH2/STAT3/SPN/SMAD7/TNFSF4/IL7R/ZP3/NFKBIZ/CD3G/PLA2G4A/IL1R1/CD274/CD3D/SLAMF1/CD40LG/IL9/STAT4/FCER2/C4BPB/TEC/PVR/SIT1/IL12RB1/CTLA4/IL1RL1/CARD9/EBI3/SEMA4A/KDM5D/IL6/HLA-DQB2/BTNL8/HLA-DOB/CD8A/TRAV4/TNF/PDCD1LG2/FCER1A/CCR6/CFI/LYN/IL17F/HLX/FUT7/FOXP3/RORC/NCKAP1L/HLA-DOA/IRF1/UNC13D/BATF/PIK3CD/ZAP70/CD247/TRBC2/MYO1G/WAS/TRGV3/TRBJ2-7/TAP1/NFKB2/HLA-DMB/IL4R/SLC11A1/TRGV4,79,Module 2
GO:0022409,positive regulation of cell-cell adhesion,60/1244,253/12061,0.23715415019762845,2.299289554287457,7.082856850680033,4.0308580223746545e-10,3.2213273695477444e-7,2.699260538842817e-7,CD55/TYK2/CD80/EMILIN1/STAT5B/BCL6/IL15/CD44/SASH3/RASAL3/NR4A3/SPN/SMAD7/TNFSF4/WNT10B/DPP4/GCNT1/IL7R/ZP3/IL2RA/ADAM19/NFKBIZ/KLHL25/ICOS/CD274/SLAMF1/CD40LG/RHOH/CARD11/GCNT2/MAGI1/EMILIN2/IL12RB1/EBI3/IL6/HLA-DQB2/HLA-DOB/TGFBR2/TNF/PDCD1LG2/LYN/TJP1/HLX/EGR3/FUT7/FOXP3/NCKAP1L/HLA-DOA/MAP3K8/AFDN/SOCS1/ETS1/CORO1A/ZAP70/CCL5/RASGRP1/HLA-DMB/IL4R/ZMIZ1/ST3GAL4,60,Module 2
GO:1903037,regulation of leukocyte cell-cell adhesion,66/1244,292/12061,0.22602739726027396,2.1914119279390385,6.9889835341965805,4.733785695214121e-10,3.242643201221673e-7,2.717121804305609e-7,CD55/PAG1/TWSG1/TYK2/CD80/JAK3/STAT5B/BCL6/IL15/CD44/SASH3/RASAL3/TIGIT/NR4A3/SPN/SMAD7/TNFSF4/WNT10B/DPP4/GCNT1/IL7R/ZP3/IL2RA/CBLB/MAD1L1/NFKBIZ/KLHL25/ICOS/CD274/SLAMF1/CD40LG/SDC4/RHOH/CARD11/ADTRP/IL12RB1/CTLA4/EBI3/IL6/HLA-DQB2/HLA-DOB/TGFBR2/TNF/PDCD1LG2/ADORA2A/TNFAIP8L2/LYN/HLX/EGR3/FUT7/FOXP3/NCKAP1L/HLA-DOA/MAP3K8/IRF1/SOCS1/ETS1/CORO1A/ZAP70/CCL5/LGALS3/RASGRP1/HLA-DMB/IL4R/ZMIZ1/ST3GAL4,66,Module 2
GO:0050865,regulation of cell activation,92/1244,479/12061,0.19206680584551147,1.8621525283783875,6.529659153358401,1.907349563277156e-9,1.1432176444892456e-6,9.579412214511718e-7,CD55/PAG1/TWSG1/TYK2/PRKCA/SAMSN1/CD80/JAK3/NEDD9/RPS6KA1/RASSF5/EMILIN1/GPR183/STAT5B/BCL6/IL15/SASH3/RASAL3/FN1/TIGIT/NR4A3/SPN/SMAD7/TNFSF4/WNT10B/TNFRSF4/DPP4/IL7R/ZP3/MZB1/IL2RA/CBLB/MAD1L1/NFKBIZ/KLHL25/ICOS/PLA2G4A/CD274/SLAMF1/CLNK/CD40LG/SDC4/RHOH/CARD11/CD22/TEC/PRLR/IL13/SIT1/EMILIN2/IL12RB1/CTLA4/IL1RL1/EBI3/NFAM1/IL6/CD9/INHBA/LRFN5/HLA-DQB2/HLA-DOB/TGFBR2/TNF/IL5/PDCD1LG2/ADORA2A/CD33/SPHK1/PGLYRP3/TNFAIP8L2/LYN/CCL3/HLX/PDGFRA/EGR3/FOXP3/NCKAP1L/HLA-DOA/MAP3K8/IRF1/SOCS1/BATF/CORO1A/ZAP70/CCL5/TNFRSF9/LGALS3/RASGRP1/HLA-DMB/IL4R/MYO18A/ZMIZ1,92,Module 2
GO:0042110,T cell activation,87/1244,451/12061,0.19290465631929046,1.8702757715972365,6.387920216386113,4.3039168170207325e-9,2.293031237512713e-6,1.9214094141015364e-6,CD55/PAG1/TWSG1/TYK2/SOCS3/CD80/JAK3/PIK3R1/EIF2AK4/GPR183/STAT5B/BCL6/IL15/CD44/SASH3/RASAL3/TIGIT/STAT3/SPN/SMAD7/TNFSF4/WNT10B/TNFRSF4/SH2D2A/NLRC3/DPP4/IL7R/ZP3/IL2RA/CBLB/MAD1L1/NFKBIZ/CD3G/KLHL25/ICOS/CD274/CD3D/SLAMF1/CD40LG/STAT4/SDC4/RHOH/CARD11/SIT1/GPR18/IL12RB1/CTLA4/EBI3/SEMA4A/IL6/HLA-DQB2/HLA-DOB/CD8A/JAG2/TGFBR2/PDCD1LG2/ADORA2A/CCR6/TNFAIP8L2/LYN/HLX/EGR3/FUT7/FOXP3/RORC/CCND3/NCKAP1L/HLA-DOA/MAP3K8/IRF1/SOCS1/BATF/PIK3CD/CORO1A/ZAP70/CD247/TRBC2/CCL5/WAS/TNFRSF9/LGALS3/RASGRP1/HLA-DMB/STOML2/IL4R/ZMIZ1/SLC11A1,87,Module 2
GO:0035710,"CD4-positive, alpha-beta T cell activation",32/1244,104/12061,0.3076923076923077,2.983180806331932,6.888081781862095,7.385652431559391e-9,3.5414203409327283e-6,2.9674774032907574e-6,CD55/TWSG1/SOCS3/CD80/JAK3/GPR183/BCL6/SASH3/STAT3/SPN/SMAD7/TNFSF4/IL2RA/CBLB/NFKBIZ/KLHL25/CD274/STAT4/CARD11/IL12RB1/SEMA4A/IL6/TGFBR2/HLX/FUT7/FOXP3/RORC/NCKAP1L/SOCS1/BATF/STOML2/IL4R,32,Module 2
GO:0002694,regulation of leukocyte activation,85/1244,447/12061,0.19015659955257272,1.843632433443392,6.163771746454546,1.3121883556286425e-8,5.719948332035765e-6,4.792940625296199e-6,CD55/PAG1/TWSG1/TYK2/SAMSN1/CD80/JAK3/NEDD9/RASSF5/GPR183/STAT5B/BCL6/IL15/SASH3/RASAL3/FN1/TIGIT/NR4A3/SPN/SMAD7/TNFSF4/WNT10B/TNFRSF4/DPP4/IL7R/ZP3/MZB1/IL2RA/CBLB/MAD1L1/NFKBIZ/KLHL25/ICOS/PLA2G4A/CD274/SLAMF1/CLNK/CD40LG/SDC4/RHOH/CARD11/CD22/PRLR/IL13/SIT1/IL12RB1/CTLA4/IL1RL1/EBI3/NFAM1/IL6/INHBA/LRFN5/HLA-DQB2/HLA-DOB/TGFBR2/TNF/IL5/PDCD1LG2/ADORA2A/CD33/SPHK1/PGLYRP3/TNFAIP8L2/LYN/CCL3/HLX/EGR3/FOXP3/NCKAP1L/HLA-DOA/MAP3K8/IRF1/SOCS1/BATF/CORO1A/ZAP70/CCL5/TNFRSF9/LGALS3/RASGRP1/HLA-DMB/IL4R/MYO18A/ZMIZ1,85,Module 2
GO:1903039,positive regulation of leukocyte cell-cell adhesion,52/1244,225/12061,0.2311111111111111,2.2407002500893176,6.37068423698688,1.5252154031209388e-8,6.094506548304084e-6,5.106795783958442e-6,CD55/TYK2/CD80/STAT5B/BCL6/IL15/CD44/SASH3/RASAL3/NR4A3/SPN/TNFSF4/WNT10B/DPP4/GCNT1/IL7R/ZP3/IL2RA/NFKBIZ/KLHL25/ICOS/CD274/SLAMF1/CD40LG/RHOH/CARD11/IL12RB1/EBI3/IL6/HLA-DQB2/HLA-DOB/TGFBR2/TNF/PDCD1LG2/LYN/HLX/EGR3/FUT7/FOXP3/NCKAP1L/HLA-DOA/MAP3K8/SOCS1/ETS1/CORO1A/ZAP70/CCL5/RASGRP1/HLA-DMB/IL4R/ZMIZ1/ST3GAL4,52,Module 2
GO:0007162,negative regulation of cell adhesion,49/1244,208/12061,0.23557692307692307,2.283997804847885,6.334498472576292,2.0664989496775447e-8,7.62220189515679e-6,6.386904041230112e-6,PAG1/TWSG1/MAP2K5/CASK/CD80/JAK3/PIK3R1/BCL6/DMTN/TIGIT/CYP1B1/SPN/SMAD7/TNFSF4/MBP/IL2RA/CBLB/MAD1L1/FXYD5/CD274/SPOCK1/SDC4/ABCA12/CDH1/GCNT2/MUC1/COL1A1/ADTRP/CTLA4/HSPG2/CD9/DSCAM/CLDN7/ZNF703/IL1RN/PDCD1LG2/ADORA2A/PLXNB3/TNFAIP8L2/HLX/ACVRL1/PLXNA2/FOXP3/IRF1/SOCS1/DLC1/LGALS3/SEMA4D/IL4R,49,Module 2
GO:0032944,regulation of mononuclear cell proliferation,45/1244,185/12061,0.24324324324324326,2.358325367167811,6.3137155277641455,2.7954703979126404e-8,9.574486112850794e-6,8.022789856265073e-6,CD55/TWSG1/TYK2/CD80/RASSF5/GPR183/STAT5B/BCL2L1/BCL6/IL15/SASH3/RASAL3/SPN/TNFSF4/TNFRSF4/ZP3/MZB1/IL2RA/CBLB/MAD1L1/CD274/SLAMF1/CD40LG/SDC4/CARD11/CD22/PRLR/IL13/IL12RB1/CTLA4/EBI3/IL6/TGFBR2/IL5/PDCD1LG2/LYN/FOXP3/NCKAP1L/IRF1/CORO1A/ZAP70/CCL5/TNFRSF9/LGALS3/HLA-DMB,45,Module 2
GO:0019221,cytokine-mediated signaling pathway,70/1244,350/12061,0.2,1.9390675241157558,6.045946258224453,3.299813098940583e-8,1.0548402539613397e-5,8.83886778853067e-6,IFITM1/STAT5A/TYK2/OSM/JAK3/PIK3R1/FAS/COMMD7/IL10RA/IFITM2/UGCG/STAT5B/IL15/CD44/STING1/STAT3/SIGIRR/TNFRSF4/IKBKE/IL17REL/IL7R/IL2RA/MST1R/NFKBIZ/OAS2/IL1R1/CARD16/STAT4/SMIM30/PRLR/ACKR3/IL12RB1/TNFRSF18/IL1RL1/EBI3/PADI2/IL6/EDN2/CXCL3/SLIT3/INHBA/GPR35/CCR10/IRAK2/YAP1/TNF/IL1RN/IL5/IL18RAP/TNFRSF1A/PRKN/CCR6/SPHK1/IL1R2/LYN/IL17F/CCL3/IL11/PPBP/IRS1/IRF1/SOCS1/IL12RB2/CSF1R/CCL5/MIB2/NKIRAS1/AIM2/IL4R/BIRC3,70,Module 2
GO:0032943,mononuclear cell proliferation,52/1244,231/12061,0.22510822510822512,2.1825002435934913,6.153827039537348,3.873728956181938e-8,1.1609081465557744e-5,9.727646990622668e-6,CD55/TWSG1/TYK2/CD80/RASSF5/GPR183/STAT5B/BCL2L1/BCL6/IL15/SASH3/RASAL3/SPN/TNFSF4/TNFRSF4/SH2D2A/IL7R/ZP3/MZB1/IL2RA/CBLB/MAD1L1/NFKBIZ/CD274/SLAMF1/CD40LG/IL9/SDC4/CARD11/CD22/PRLR/IL13/IL12RB1/CTLA4/EBI3/IL6/TGFBR2/IL5/PDCD1LG2/LYN/FOXP3/CCND3/NCKAP1L/IRF1/CORO1A/ZAP70/CCL5/TNFRSF9/LGALS3/RASGRP1/HLA-DMB/SLC11A1,52,Module 2
GO:0045055,regulated exocytosis,42/1244,169/12061,0.2485207100591716,2.409492189729637,6.257617382080821,4.1991083152632755e-8,1.1843955512757297e-5,9.924455999603666e-6,RAB11FIP1/NLGN1/CASK/SYNGR3/SYT4/SCAMP5/NR4A3/HYAL3/STX3/SCN11A/ZP3/GAB2/S100A13/CLNK/OTOF/ABCA12/ITGAM/IL13/ERC2/RIMS2/RAB26/P2RX1/CADPS2/RPH3AL/FCER1A/SYN1/GRIK5/LYN/CCL3/STX1B/PRAM1/SYT5/UNC13B/UNC13A/NCKAP1L/CPLX1/UNC13D/PIK3CD/CORO1A/RAB3D/RASGRP1/IL4R,42,Module 2
GO:0046651,lymphocyte proliferation,51/1244,226/12061,0.22566371681415928,2.1878859232279546,6.113293594276134,4.807245958426799e-8,1.2194521133784738e-5,1.0218206940926698e-5,CD55/TWSG1/TYK2/CD80/RASSF5/GPR183/STAT5B/BCL6/IL15/SASH3/RASAL3/SPN/TNFSF4/TNFRSF4/SH2D2A/IL7R/ZP3/MZB1/IL2RA/CBLB/MAD1L1/NFKBIZ/CD274/SLAMF1/CD40LG/IL9/SDC4/CARD11/CD22/PRLR/IL13/IL12RB1/CTLA4/EBI3/IL6/TGFBR2/IL5/PDCD1LG2/LYN/FOXP3/CCND3/NCKAP1L/IRF1/CORO1A/ZAP70/CCL5/TNFRSF9/LGALS3/RASGRP1/HLA-DMB/SLC11A1,51,Module 2
GO:0050670,regulation of lymphocyte proliferation,44/1244,182/12061,0.24175824175824176,2.343927776403661,6.195154078688213,4.832031314742649e-8,1.2194521133784738e-5,1.0218206940926698e-5,CD55/TWSG1/TYK2/CD80/RASSF5/GPR183/STAT5B/BCL6/IL15/SASH3/RASAL3/SPN/TNFSF4/TNFRSF4/ZP3/MZB1/IL2RA/CBLB/MAD1L1/CD274/SLAMF1/CD40LG/SDC4/CARD11/CD22/PRLR/IL13/IL12RB1/CTLA4/EBI3/IL6/TGFBR2/IL5/PDCD1LG2/LYN/FOXP3/NCKAP1L/IRF1/CORO1A/ZAP70/CCL5/TNFRSF9/LGALS3/HLA-DMB,44,Module 2
GO:0070665,positive regulation of leukocyte proliferation,35/1244,130/12061,0.2692307692307692,2.61028320554044,6.259879106434423,6.6916826370190145e-08,1.6043309122253086e-5,1.34432382239482e-5,CD55/TYK2/CD80/GPR183/STAT5B/BCL2L1/BCL6/IL15/SASH3/RASAL3/SPN/TNFSF4/TNFRSF4/ZP3/IL2RA/CD274/SLAMF1/CD40LG/CARD11/PRLR/IL13/IL12RB1/EBI3/IL6/TGFBR2/IL5/PDCD1LG2/LYN/FOXP3/NCKAP1L/CSF1R/CORO1A/ZAP70/CCL5/HLA-DMB,35,Module 2
GO:0032946,positive regulation of mononuclear cell proliferation,33/1244,120/12061,0.275,2.666217845659164,6.220602988213502,9.11830540930693e-8,2.0820130684584157e-5,1.7445900625225337e-5,CD55/TYK2/CD80/GPR183/STAT5B/BCL2L1/BCL6/IL15/SASH3/RASAL3/SPN/TNFSF4/TNFRSF4/ZP3/IL2RA/CD274/SLAMF1/CD40LG/CARD11/PRLR/IL13/IL12RB1/EBI3/IL6/TGFBR2/IL5/PDCD1LG2/FOXP3/NCKAP1L/CORO1A/ZAP70/CCL5/HLA-DMB,33,Module 2
GO:0070663,regulation of leukocyte proliferation,46/1244,200/12061,0.23,2.229927652733119,5.947909337555923,1.1992056057961546e-7,2.613723127178437e-5,2.1901281326908715e-5,CD55/TWSG1/TYK2/CD80/RASSF5/GPR183/STAT5B/BCL2L1/BCL6/IL15/SASH3/RASAL3/SPN/TNFSF4/TNFRSF4/ZP3/MZB1/IL2RA/CBLB/MAD1L1/CD274/SLAMF1/CD40LG/SDC4/CARD11/CD22/PRLR/IL13/IL12RB1/CTLA4/EBI3/IL6/TGFBR2/IL5/PDCD1LG2/LYN/FOXP3/NCKAP1L/IRF1/CSF1R/CORO1A/ZAP70/CCL5/TNFRSF9/LGALS3/HLA-DMB,46,Module 2
GO:0050671,positive regulation of lymphocyte proliferation,32/1244,117/12061,0.27350427350427353,2.6517162722950505,6.08812989828987,1.6349739003026574e-7,3.4085651530222795e-5,2.8561534908261978e-5,CD55/TYK2/CD80/GPR183/STAT5B/BCL6/IL15/SASH3/RASAL3/SPN/TNFSF4/TNFRSF4/ZP3/IL2RA/CD274/SLAMF1/CD40LG/CARD11/PRLR/IL13/IL12RB1/EBI3/IL6/TGFBR2/IL5/PDCD1LG2/FOXP3/NCKAP1L/CORO1A/ZAP70/CCL5/HLA-DMB,32,Module 2
GO:0051046,regulation of secretion,76/1244,408/12061,0.18627450980392157,1.805994262656831,5.616601193382838,1.8951129894532048e-7,3.701194899268564e-5,3.1013579782686145e-5,RAB11FIP1/NLGN1/CASK/SEPTIN1/OSM/ORAI1/SYT4/ITPR1/PTGER3/SCAMP5/HYAL3/STXBP6/PRKCE/ZP3/GAB2/LIF/ALOX12B/OAS2/FRMD4A/PLA2G4A/MCTP2/ABCG1/OTOF/SDC4/ABCA12/ITGAM/IL13/ADTRP/SYBU/ABAT/PTGES/CHRNA4/IL6/ACHE/RIMS2/INHBA/GABBR1/RAB26/P2RX1/FFAR1/CADPS2/TNF/RPH3AL/ANG/TNFRSF1A/ADORA2A/CD33/PRKN/GHRL/SYN1/SPP1/LYN/IL11/STX1B/PRAM1/SYT5/UNC13B/VEGFC/CORIN/SAA1/NCKAP1L/IRS1/CPLX1/APBB1/UNC13D/CYBA/RAB9A/RAB3D/CCL5/FOXO1/NEO1/PCK2/C2CD2L/IL4R/MYO18A/RHBDF2,76,Module 2
GO:0051249,regulation of lymphocyte activation,75/1244,401/12061,0.18703241895261846,1.813342447739173,5.6172891365436115,1.92971579732459e-7,3.701194899268564e-5,3.1013579782686145e-5,CD55/PAG1/TWSG1/TYK2/SAMSN1/CD80/JAK3/NEDD9/RASSF5/GPR183/STAT5B/BCL6/IL15/SASH3/RASAL3/TIGIT/SPN/SMAD7/TNFSF4/WNT10B/TNFRSF4/DPP4/IL7R/ZP3/MZB1/IL2RA/CBLB/MAD1L1/NFKBIZ/KLHL25/ICOS/CD274/SLAMF1/CLNK/CD40LG/SDC4/RHOH/CARD11/CD22/PRLR/IL13/SIT1/IL12RB1/CTLA4/EBI3/NFAM1/IL6/INHBA/HLA-DQB2/HLA-DOB/TGFBR2/IL5/PDCD1LG2/ADORA2A/PGLYRP3/TNFAIP8L2/LYN/HLX/EGR3/FOXP3/NCKAP1L/HLA-DOA/MAP3K8/IRF1/SOCS1/BATF/CORO1A/ZAP70/CCL5/TNFRSF9/LGALS3/RASGRP1/HLA-DMB/IL4R/ZMIZ1,75,Module 2
GO:0042391,regulation of membrane potential,55/1244,263/12061,0.20912547528517111,2.0275420879537367,5.7135196729813345,2.1897041991935092e-7,3.8227667746839835e-5,3.203227216721095e-5,DMD/NLGN1/BIN1/PRKAR1B/BCL2L1/SLC9A1/GLRX/SMAD7/SCN11A/KCNH4/MTLN/SLC4A11/CACNA1D/CNTNAP1/NTRK2/ATP1B2/ABAT/ABCC9/POPDC3/CD36/CHRNA4/RYR2/KCNH8/KCND2/FHL1/RIMS2/GNA15/GPR35/KCNK5/GABBR1/HTR3B/PIEZO2/NRCAM/P2RX1/TNF/ADORA2A/PRKN/HCN4/KCNK12/GHRL/GRIK5/SCN1B/CACNA1G/STX1B/UNC13B/SCN8A/CACNA2D1/MAPK8IP2/ATP5IF1/NPR2/RNF122/PTPN3/GRIN2D/RANGRF/ATP1B3,55,Module 2
GO:0046634,regulation of alpha-beta T cell activation,28/1244,96/12061,0.2916666666666667,2.827806806002144,6.097333984908658,2.2414731807485478e-7,3.8227667746839835e-5,3.203227216721095e-5,CD55/TWSG1/TYK2/CD80/JAK3/BCL6/SASH3/RASAL3/SMAD7/TNFSF4/IL2RA/CBLB/NFKBIZ/KLHL25/CD274/CARD11/IL12RB1/EBI3/TGFBR2/ADORA2A/HLX/FOXP3/NCKAP1L/IRF1/SOCS1/BATF/ZAP70/IL4R,28,Module 2
GO:0050863,regulation of T cell activation,61/1244,304/12061,0.20065789473684212,1.945446035708242,5.661815422769917,2.2538766996550368e-7,3.8227667746839835e-5,3.203227216721095e-5,CD55/PAG1/TWSG1/TYK2/CD80/JAK3/STAT5B/BCL6/IL15/SASH3/RASAL3/TIGIT/SPN/SMAD7/TNFSF4/WNT10B/DPP4/IL7R/ZP3/IL2RA/CBLB/MAD1L1/NFKBIZ/KLHL25/ICOS/CD274/SLAMF1/CD40LG/SDC4/RHOH/CARD11/SIT1/IL12RB1/CTLA4/EBI3/IL6/HLA-DQB2/HLA-DOB/TGFBR2/PDCD1LG2/ADORA2A/TNFAIP8L2/LYN/HLX/EGR3/FOXP3/NCKAP1L/HLA-DOA/MAP3K8/IRF1/SOCS1/BATF/CORO1A/ZAP70/CCL5/TNFRSF9/LGALS3/RASGRP1/HLA-DMB/IL4R/ZMIZ1,61,Module 2
GO:0001819,positive regulation of cytokine production,69/1244,360/12061,0.19166666666666668,1.8582730439442658,5.606549522923869,2.311996589485621e-7,3.8227667746839835e-5,3.203227216721095e-5,CD55/HK1/TYK2/OSM/CD80/PIK3R1/MAPK13/TRIM16/STAT5B/IL15/SASH3/TIGIT/STING1/STAT3/SCAMP5/TLR1/CYP1B1/NR4A3/SPN/TNFSF4/MBP/ZNF580/IKBKE/ZP3/PDE4B/OAS2/IL1R1/CD274/SLAMF1/S100A13/CLNK/CD40LG/IL9/TLR7/CARD11/LTB/IL13/PTGS2/GBP5/GATA6/IL12RB1/IL1RL1/CARD9/LY96/EBI3/CD36/TRAF3IP3/NFAM1/IL6/PDE4D/TNF/SPHK1/GARIN5A/IL17F/CCL3/FOXP3/SAA1/IRF1/IL12RB2/CSF1R/BATF/PIK3CD/CYBA/ATF4/RASGRP1/AIM2/STOML2/IL4R/SLC11A1,69,Module 2
GO:0042102,positive regulation of T cell proliferation,26/1244,86/12061,0.3023255813953488,2.931148582965677,6.094773682463191,2.761914791592607e-7,4.41446047522885e-5,3.699027634915432e-5,CD55/TYK2/CD80/STAT5B/IL15/SASH3/RASAL3/SPN/TNFSF4/ZP3/IL2RA/CD274/SLAMF1/CD40LG/CARD11/IL12RB1/EBI3/IL6/TGFBR2/PDCD1LG2/FOXP3/NCKAP1L/CORO1A/ZAP70/CCL5/HLA-DMB,26,Module 2
GO:2000514,"regulation of CD4-positive, alpha-beta T cell activation",22/1244,66/12061,0.3333333333333333,3.2317792068595925,6.165289833962473,3.454657431533261e-7,5.343574962645802e-5,4.477564487661275e-5,CD55/TWSG1/CD80/JAK3/BCL6/SASH3/SMAD7/TNFSF4/IL2RA/CBLB/NFKBIZ/KLHL25/CD274/CARD11/IL12RB1/TGFBR2/HLX/FOXP3/NCKAP1L/SOCS1/BATF/IL4R,22,Module 2
GO:0070661,leukocyte proliferation,53/1244,254/12061,0.20866141732283464,2.0230428893333667,5.58819235782614,3.9098036134717584e-7,5.858596352061588e-5,4.909118550204507e-5,CD55/TWSG1/TYK2/CD80/RASSF5/GPR183/STAT5B/BCL2L1/BCL6/IL15/SASH3/RASAL3/SPN/TNFSF4/TNFRSF4/SH2D2A/IL7R/ZP3/MZB1/IL2RA/CBLB/MAD1L1/NFKBIZ/CD274/SLAMF1/CD40LG/IL9/SDC4/CARD11/CD22/PRLR/IL13/IL12RB1/CTLA4/EBI3/IL6/TGFBR2/IL5/PDCD1LG2/LYN/FOXP3/CCND3/NCKAP1L/IRF1/CSF1R/CORO1A/ZAP70/CCL5/TNFRSF9/LGALS3/RASGRP1/HLA-DMB/SLC11A1,53,Module 2
GO:0002252,immune effector process,80/1244,445/12061,0.1797752808988764,1.7429820441489938,5.415772980493438,4.1684725985030153e-7,6.056917002976351e-5,5.075298216422969e-5,CD55/HK1/CTSH/SOCS3/CD80/JAK3/EIF2AK4/GPR183/STAT5B/BCL6/SASH3/STAT3/NR4A3/SPN/SMAD7/TNFSF4/SCN11A/TNFRSF4/PRKCE/IL7R/ZP3/MZB1/GAB2/NFKBIZ/IL1R1/COLEC10/SLAMF1/S100A13/CLNK/CD40LG/IL9/STAT4/FCER2/C4BPB/TLR7/CD22/ITM2A/ITGAM/IL13/PVR/IL12RB1/CARD9/SEMA4A/CD36/KDM5D/IL6/CD8A/PLPP4/TNF/IL5/IL18RAP/FCER1A/CCR6/PGLYRP3/CFI/LYN/IL17F/CCL3/HLX/PRAM1/GZMB/FUT7/FOXP3/RORC/NCKAP1L/CD96/UNC13D/BATF/PIK3CD/CORO1A/MYO1G/WAS/LGALS3/RASGRP1/HLA-DMB/IL4R/NLRX1/MYO18A/SLC11A1/CFD,80,Module 2
GO:0042098,T cell proliferation,40/1244,171/12061,0.23391812865497075,2.2679152328839245,5.662755057865636,4.960395954756296e-7,6.995617236193071e-5,5.861867293902409e-5,CD55/TWSG1/TYK2/CD80/STAT5B/BCL6/IL15/SASH3/RASAL3/SPN/TNFSF4/TNFRSF4/SH2D2A/ZP3/IL2RA/CBLB/MAD1L1/CD274/SLAMF1/CD40LG/SDC4/CARD11/IL12RB1/CTLA4/EBI3/IL6/TGFBR2/PDCD1LG2/FOXP3/CCND3/NCKAP1L/IRF1/CORO1A/ZAP70/CCL5/TNFRSF9/LGALS3/RASGRP1/HLA-DMB/SLC11A1,40,Module 2
GO:0042088,T-helper 1 type immune response,16/1244,39/12061,0.41025641025641024,3.977574408442575,6.315925433889093,5.621346424117576e-7,7.701244601041079e-5,6.453136631836629e-5,CD80/JAK3/SPN/TNFSF4/NFKBIZ/PLA2G4A/IL1R1/SLAMF1/STAT4/IL12RB1/IL1RL1/EBI3/SEMA4A/HLX/IL4R/SLC11A1,16,Module 2
GO:0002460,adaptive immune response based on somatic recombination of immune receptors built from immunoglobulin superfamily domains,50/1244,238/12061,0.21008403361344538,2.0368356345753735,5.478541778154099,6.713303132956125e-7,8.902456276102205e-5,7.459673037897398e-5,CD55/TYK2/CTSH/SOCS3/CD80/JAK3/BCL6/SASH3/BACH2/STAT3/SPN/SMAD7/TNFSF4/IL7R/ZP3/NFKBIZ/PLA2G4A/IL1R1/CD274/SLAMF1/CD40LG/IL9/STAT4/FCER2/C4BPB/PVR/IL12RB1/IL1RL1/CARD9/EBI3/SEMA4A/KDM5D/IL6/CD8A/TNF/FCER1A/CCR6/CFI/HLX/FUT7/FOXP3/RORC/NCKAP1L/UNC13D/BATF/MYO1G/WAS/NFKB2/IL4R/SLC11A1,50,Module 2
GO:0042129,regulation of T cell proliferation,35/1244,142/12061,0.24647887323943662,2.3896958923961775,5.649037599578731,6.86946573964091e-7,8.902456276102205e-5,7.459673037897398e-5,CD55/TWSG1/TYK2/CD80/STAT5B/BCL6/IL15/SASH3/RASAL3/SPN/TNFSF4/ZP3/IL2RA/CBLB/MAD1L1/CD274/SLAMF1/CD40LG/SDC4/CARD11/IL12RB1/CTLA4/EBI3/IL6/TGFBR2/PDCD1LG2/FOXP3/NCKAP1L/IRF1/CORO1A/ZAP70/CCL5/TNFRSF9/LGALS3/HLA-DMB,35,Module 2
GO:1903530,regulation of secretion by cell,71/1244,386/12061,0.18393782383419688,1.7833393032670808,5.304513442535686,7.874141735513215e-7,9.866030607854663e-5,8.267084974519784e-5,RAB11FIP1/NLGN1/CASK/SEPTIN1/OSM/ORAI1/SYT4/ITPR1/SCAMP5/HYAL3/STXBP6/PRKCE/ZP3/GAB2/LIF/FRMD4A/PLA2G4A/MCTP2/ABCG1/OTOF/SDC4/ABCA12/ITGAM/IL13/ADTRP/SYBU/ABAT/PTGES/CHRNA4/IL6/ACHE/RIMS2/INHBA/GABBR1/RAB26/P2RX1/FFAR1/CADPS2/TNF/RPH3AL/ANG/TNFRSF1A/ADORA2A/CD33/PRKN/GHRL/SYN1/SPP1/LYN/IL11/STX1B/PRAM1/SYT5/UNC13B/VEGFC/SAA1/NCKAP1L/IRS1/CPLX1/APBB1/UNC13D/RAB9A/RAB3D/CCL5/FOXO1/NEO1/PCK2/C2CD2L/IL4R/MYO18A/RHBDF2,71,Module 2
GO:0050866,negative regulation of cell activation,36/1244,149/12061,0.24161073825503357,2.342497680139839,5.591711612443374,8.024508732144565e-7,9.866030607854663e-5,8.267084974519784e-5,PAG1/TWSG1/SAMSN1/CD80/JAK3/RASSF5/EMILIN1/BCL6/FN1/TIGIT/SPN/SMAD7/TNFSF4/IL2RA/CBLB/MAD1L1/CD274/CLNK/SDC4/CTLA4/CD9/INHBA/LRFN5/PDCD1LG2/ADORA2A/CD33/PGLYRP3/TNFAIP8L2/LYN/HLX/PDGFRA/FOXP3/IRF1/SOCS1/LGALS3/IL4R,36,Module 2
GO:0050870,positive regulation of T cell activation,45/1244,209/12061,0.215311004784689,2.087512884813613,5.378264565272736,1.1879528298599527e-6,1.3899453607710516e-4,1.1646828257643606e-4,CD55/TYK2/CD80/STAT5B/BCL6/IL15/SASH3/RASAL3/SPN/TNFSF4/WNT10B/DPP4/IL7R/ZP3/IL2RA/NFKBIZ/KLHL25/ICOS/CD274/SLAMF1/CD40LG/RHOH/CARD11/IL12RB1/EBI3/IL6/HLA-DQB2/HLA-DOB/TGFBR2/PDCD1LG2/LYN/HLX/EGR3/FOXP3/NCKAP1L/HLA-DOA/MAP3K8/SOCS1/CORO1A/ZAP70/CCL5/RASGRP1/HLA-DMB/IL4R/ZMIZ1,45,Module 2
GO:0051250,negative regulation of lymphocyte activation,30/1244,115/12061,0.2608695652173913,2.5292185097162028,5.587758659857043,1.1884829987823381e-6,1.3899453607710516e-4,1.1646828257643606e-4,PAG1/TWSG1/SAMSN1/CD80/JAK3/RASSF5/BCL6/TIGIT/SPN/SMAD7/TNFSF4/IL2RA/CBLB/MAD1L1/CD274/CLNK/SDC4/CTLA4/INHBA/PDCD1LG2/ADORA2A/PGLYRP3/TNFAIP8L2/LYN/HLX/FOXP3/IRF1/SOCS1/LGALS3/IL4R,30,Module 2
GO:0099536,synaptic signaling,83/1244,479/12061,0.1732776617954071,1.6799854332109367,5.149985602277884,1.2181066079054301e-6,1.3906717106920328e-4,1.1652914592418614e-4,DMD/NLGN1/CASK/RPS6KA1/COMT/GIPC1/DLG3/PRKAR1B/EIF2AK4/SYT4/RAPGEF2/ITPR1/CACNA1E/STX3/MBP/MAP1A/PRKCE/TPGS1/NR4A1/ADARB1/APBA1/MPZ/MCTP2/OTOF/NRXN2/KCNQ2/NEURL1/PDE9A/CDH1/PTGS2/NTRK2/SYBU/LAMA2/ABAT/CNTNAP4/CHRNA4/SLC4A10/ERC2/PPP1R9A/ACHE/KCND2/RIMS2/GNA15/JPH4/GABBR1/HTR3B/PMCH/PDLIM4/P2RX1/ADGRB1/CADPS2/TNF/CDH8/RPH3AL/ADORA2A/BEGAIN/PRKN/GHRL/SYN1/GRIK5/DGKI/CDH11/EPHB1/FBXO2/DCC/CACNA1G/STX1B/DAGLA/SYT5/UNC13B/EGR3/UNC13A/MAPK8IP2/CPLX1/MYCBPAP/DNM1/NPR2/ATF4/GAD1/ITPKA/SLC17A7/UNC119/GRIN2D,83,Module 2
GO:0002274,myeloid leukocyte activation,39/1244,171/12061,0.22807017543859648,2.2112173520618263,5.409531338275706,1.3572677600566498e-6,1.5135113742957294e-4,1.2682230208411829e-4,IL15/FN1/TLR1/NR4A3/SCN11A/PRKCE/GAB2/PLA2G4A/LCP2/SLAMF1/S100A13/CLNK/FCER2/RHOH/ITGAM/IL13/IL1RL1/IL6/EDN2/LRFN5/TGFBR2/TNF/DHRS2/IL18RAP/FCER1A/CD33/SPHK1/LYN/CCL3/PRAM1/CRTC3/UNC13D/BATF/PIK3CD/CCL5/RASGRP1/IL4R/MYO18A/SLC11A1,39,Module 2
GO:0099537,trans-synaptic signaling,80/1244,459/12061,0.17429193899782136,1.689819193129199,5.109820157248459,1.5043628597243182e-6,1.6116559234462705e-4,1.35046170019086e-4,NLGN1/CASK/RPS6KA1/COMT/GIPC1/DLG3/PRKAR1B/EIF2AK4/SYT4/RAPGEF2/CACNA1E/STX3/MBP/MAP1A/PRKCE/TPGS1/NR4A1/ADARB1/APBA1/MPZ/MCTP2/OTOF/NRXN2/KCNQ2/NEURL1/PDE9A/CDH1/PTGS2/NTRK2/SYBU/LAMA2/ABAT/CNTNAP4/CHRNA4/SLC4A10/ERC2/PPP1R9A/ACHE/KCND2/RIMS2/JPH4/GABBR1/HTR3B/PMCH/PDLIM4/P2RX1/ADGRB1/CADPS2/TNF/CDH8/RPH3AL/ADORA2A/BEGAIN/PRKN/GHRL/SYN1/GRIK5/DGKI/CDH11/EPHB1/FBXO2/DCC/CACNA1G/STX1B/DAGLA/SYT5/UNC13B/EGR3/UNC13A/MAPK8IP2/CPLX1/MYCBPAP/DNM1/NPR2/ATF4/GAD1/ITPKA/SLC17A7/UNC119/GRIN2D,80,Module 2
GO:0043367,"CD4-positive, alpha-beta T cell differentiation",24/1244,82/12061,0.2926829268292683,2.837659791388911,5.662291009794561,1.512502952139357e-6,1.6116559234462705e-4,1.35046170019086e-4,SOCS3/CD80/JAK3/GPR183/BCL6/SASH3/STAT3/SPN/SMAD7/TNFSF4/NFKBIZ/KLHL25/STAT4/IL12RB1/SEMA4A/IL6/HLX/FUT7/FOXP3/RORC/NCKAP1L/SOCS1/BATF/IL4R,24,Module 2
GO:0002695,negative regulation of leukocyte activation,33/1244,135/12061,0.24444444444444444,2.3699714183637015,5.428269704990991,1.7324232958968442e-6,1.8058629790924713e-4,1.513194444036214e-4,PAG1/TWSG1/SAMSN1/CD80/JAK3/RASSF5/BCL6/FN1/TIGIT/SPN/SMAD7/TNFSF4/IL2RA/CBLB/MAD1L1/CD274/CLNK/SDC4/CTLA4/INHBA/LRFN5/PDCD1LG2/ADORA2A/CD33/PGLYRP3/TNFAIP8L2/LYN/HLX/FOXP3/IRF1/SOCS1/LGALS3/IL4R,33,Module 2
GO:0007268,chemical synaptic transmission,79/1244,455/12061,0.17362637362637362,1.683366312144447,5.039047010910658,2.0399287984325312e-6,2.0378038726008305e-4,1.7075456630738972e-4,NLGN1/CASK/RPS6KA1/COMT/GIPC1/DLG3/PRKAR1B/EIF2AK4/SYT4/RAPGEF2/CACNA1E/STX3/MBP/MAP1A/PRKCE/TPGS1/NR4A1/ADARB1/APBA1/MPZ/MCTP2/OTOF/NRXN2/KCNQ2/NEURL1/PDE9A/CDH1/PTGS2/NTRK2/SYBU/LAMA2/ABAT/CNTNAP4/CHRNA4/SLC4A10/ERC2/PPP1R9A/ACHE/KCND2/RIMS2/JPH4/GABBR1/HTR3B/PMCH/PDLIM4/P2RX1/ADGRB1/CADPS2/TNF/CDH8/RPH3AL/ADORA2A/BEGAIN/PRKN/GHRL/SYN1/GRIK5/DGKI/CDH11/EPHB1/FBXO2/DCC/CACNA1G/STX1B/SYT5/UNC13B/EGR3/UNC13A/MAPK8IP2/CPLX1/MYCBPAP/DNM1/NPR2/ATF4/GAD1/ITPKA/SLC17A7/UNC119/GRIN2D,79,Module 2
GO:0098916,anterograde trans-synaptic signaling,79/1244,455/12061,0.17362637362637362,1.683366312144447,5.039047010910658,2.0399287984325312e-6,2.0378038726008305e-4,1.7075456630738972e-4,NLGN1/CASK/RPS6KA1/COMT/GIPC1/DLG3/PRKAR1B/EIF2AK4/SYT4/RAPGEF2/CACNA1E/STX3/MBP/MAP1A/PRKCE/TPGS1/NR4A1/ADARB1/APBA1/MPZ/MCTP2/OTOF/NRXN2/KCNQ2/NEURL1/PDE9A/CDH1/PTGS2/NTRK2/SYBU/LAMA2/ABAT/CNTNAP4/CHRNA4/SLC4A10/ERC2/PPP1R9A/ACHE/KCND2/RIMS2/JPH4/GABBR1/HTR3B/PMCH/PDLIM4/P2RX1/ADGRB1/CADPS2/TNF/CDH8/RPH3AL/ADORA2A/BEGAIN/PRKN/GHRL/SYN1/GRIK5/DGKI/CDH11/EPHB1/FBXO2/DCC/CACNA1G/STX1B/SYT5/UNC13B/EGR3/UNC13A/MAPK8IP2/CPLX1/MYCBPAP/DNM1/NPR2/ATF4/GAD1/ITPKA/SLC17A7/UNC119/GRIN2D,79,Module 2
GO:0007186,G protein-coupled receptor signaling pathway,76/1244,434/12061,0.17511520737327188,1.6978010579815372,5.020801842990456,2.2991474249380973e-6,2.2498799801179954e-4,1.8852514975271144e-4,GPR171/PRKCA/S1PR4/ORAI1/GIPC1/CISH/RAPGEF2/ITPR1/GPR183/PDGFRL/DGKB/PTGER3/PTH2R/SCN11A/AKAP13/RGS12/ADM2/PDE4B/APLP1/CYSLTR2/PLCB2/GPR55/CACNA1D/GPR18/GNAO1/PTGIR/IQGAP2/ACKR3/PADI2/RAMP3/RGS18/TMEM145/PDE4D/HCAR1/RIMS2/CXCL3/SLIT3/GPR141/GNA15/GPR35/AGTRAP/ADGRA2/GABBR1/RXFP1/CCR10/CGB2/PMCH/FFAR1/GPR85/ADGRB1/RPH3AL/INSL3/ADORA2A/RGS13/GHRL/CCR6/SPHK1/S1PR3/DGKI/LYN/CCL3/ADGRD1/GPR3/GAP43/GPR87/PPBP/DAGLA/GRK7/CRTC3/GNGT2/GNG2/GPR65/CCL5/RGS1/PDE6H/AKR1C2,76,Module 2
GO:0002697,regulation of immune effector process,54/1244,276/12061,0.1956521739130435,1.8969138822871523,5.11176550348256,2.49572000810615e-6,2.393395487773798e-4,2.0055080570402473e-4,CD55/HK1/CD80/JAK3/STAT5B/BCL6/SASH3/NR4A3/SPN/SMAD7/TNFSF4/TNFRSF4/IL7R/ZP3/MZB1/GAB2/NFKBIZ/IL1R1/COLEC10/SLAMF1/CLNK/CD40LG/FCER2/C4BPB/TLR7/CD22/ITGAM/IL13/PVR/IL12RB1/CARD9/CD36/IL6/TNF/IL5/IL18RAP/PGLYRP3/LYN/IL17F/HLX/PRAM1/FUT7/FOXP3/NCKAP1L/CD96/UNC13D/BATF/WAS/LGALS3/RASGRP1/HLA-DMB/IL4R/NLRX1/MYO18A,54,Module 2
GO:0048514,blood vessel morphogenesis,77/1244,444/12061,0.17342342342342343,1.68139864140668,4.9610794586505556,2.879231760854167e-6,2.7070424104501433e-4,2.2683235564871734e-4,MAP2K5/CTSH/PRKCA/MTDH/PRKX/RAPGEF2/EMILIN1/GPX1/VASH1/WARS1/FN1/STAT3/CYP1B1/BCAS3/SMAD7/SH2D2A/ADM2/COL4A2/NR4A1/STRA6/STARD13/FKBP10/TNFSF12/PTPRM/PTGS2/ADTRP/GATA6/EMILIN2/NTRK2/COL15A1/ACKR3/SEMA4A/HSPG2/SPRED1/LAMA1/CALD1/IL6/EDN2/ARHGAP22/ITGAX/LRG1/ADGRA2/ADAMTS9/TGFBR2/NRCAM/YAP1/ADGRB1/TNF/ANG/HEY1/GHRL/SPHK1/NOTCH3/IL17F/EPHB1/PGF/TJP1/ACVRL1/COL18A1/PDGFRA/VEGFC/EGR3/HSPB6/ACVR1/ETS1/ATP5IF1/PIK3CD/PPP1R16B/NPR2/HTATIP2/B4GALT1/PKD2/ETV2/ZMIZ1/HK2/KLF5/SAT1,77,Module 2
GO:0046632,alpha-beta T cell differentiation,28/1244,108/12061,0.25925925925925924,2.513606049779683,5.358172636098019,3.053096891380763e-6,2.799330325915737e-4,2.3456547618726448e-4,SOCS3/CD80/JAK3/GPR183/BCL6/SASH3/STAT3/SPN/SMAD7/TNFSF4/NFKBIZ/KLHL25/STAT4/GPR18/IL12RB1/SEMA4A/IL6/TGFBR2/HLX/FUT7/FOXP3/RORC/NCKAP1L/IRF1/SOCS1/BATF/ZAP70/IL4R,28,Module 2
GO:0051606,detection of stimulus,30/1244,120/12061,0.25,2.4238344051446945,5.315696611003686,3.0941503081029e-6,2.799330325915737e-4,2.3456547618726448e-4,COMT/TLR1/SCN11A/ANO3/NR4A1/PLCB2/PGLYRP4/RTP4/WHRN/LY96/RYR2/PLEKHB1/ROM1/ATP8A2/TMC1/PIEZO2/YAP1/TNF/CST4/PRDM12/PGLYRP3/CACNA1F/EPHB1/ABCA4/BEST1/GRK7/GNGT2/PKD2/UNC119/TMEM107,30,Module 2
GO:0022408,negative regulation of cell-cell adhesion,33/1244,139/12061,0.23741007194244604,2.301770802007911,5.234772315400926,3.450405897141293e-6,3.0638326438504627e-4,2.567290313720919e-4,PAG1/TWSG1/MAP2K5/CD80/JAK3/BCL6/TIGIT/SPN/SMAD7/TNFSF4/MBP/IL2RA/CBLB/MAD1L1/FXYD5/CD274/SDC4/ABCA12/CDH1/ADTRP/CTLA4/CD9/ZNF703/IL1RN/PDCD1LG2/ADORA2A/TNFAIP8L2/HLX/FOXP3/IRF1/SOCS1/LGALS3/IL4R,33,Module 2
GO:0002526,acute inflammatory response,19/1244,59/12061,0.3220338983050847,3.1222273693389284,5.5414259603797955,3.8847792352129125e-6,3.386821169608348e-4,2.837933462355538e-4,OSM/PTGER3/FN1/SIGIRR/SPN/TNFSF4/SCN11A/ZP3/PTGS2/PTGES/IL6/TNF/FCER1A/AHSG/IL22/FUT7/SAA1/ACVR1/B4GALT1,19,Module 2
GO:0050727,regulation of inflammatory response,50/1244,253/12061,0.1976284584980237,1.9160746285728811,4.9938256159381735,4.345432437487405e-6,3.720776524598591e-4,3.117766092836358e-4,SOCS3/OSM/MAPK13/IL10RA/GPX1/STAT5B/BCL6/PTGER3/IL15/STING1/STAT3/SPN/TNFSF4/NLRC3/FURIN/ZP3/IL2RA/NFKBIZ/WFDC1/IL1R1/CARD16/TLR7/IL13/PTGS2/IL1RL1/PTGES/IL6/TNFAIP6/LRFN5/TNF/TNFRSF1A/ADORA2A/PIK3AP1/GHRL/SPHK1/TNFAIP8L2/LYN/CCL3/AHSG/DAGLA/IL22/FUT7/FOXP3/SAA1/ETS1/CCL5/AIM2/NLRX1/RHBDF2/BIRC3,50,Module 2
GO:0001508,action potential,25/1244,93/12061,0.26881720430107525,2.606273553919026,5.273277453410387,5.078337122695268e-6,4.2720397374252305e-4,3.5796884205591573e-4,DMD/BIN1/SLC9A1/SCN11A/CACNA1D/CNTNAP1/NTRK2/ABCC9/CD36/CHRNA4/RYR2/KCND2/GNA15/GPR35/NRCAM/P2RX1/TNF/HCN4/SCN1B/CACNA1G/SCN8A/CACNA2D1/NPR2/PTPN3/RANGRF,25,Module 2
GO:0002366,leukocyte activation involved in immune response,46/1244,227/12061,0.2026431718061674,1.9646939671657435,4.9758483748796145,5.209538485777019e-6,4.3068512136725526e-4,3.6088581488585993e-4,SOCS3/CD80/JAK3/EIF2AK4/GPR183/BCL6/STAT3/NR4A3/SPN/SMAD7/TNFSF4/SCN11A/PRKCE/GAB2/NFKBIZ/SLAMF1/S100A13/CLNK/CD40LG/STAT4/ITM2A/ITGAM/IL13/IL12RB1/SEMA4A/IL6/TNF/FCER1A/CCR6/PGLYRP3/LYN/CCL3/HLX/PRAM1/FOXP3/RORC/NCKAP1L/UNC13D/BATF/PIK3CD/CORO1A/LGALS3/RASGRP1/HLA-DMB/IL4R/SLC11A1,46,Module 2
GO:0050867,positive regulation of cell activation,56/1244,297/12061,0.18855218855218855,1.8280771271124967,4.900066058200199,5.3367678524400516e-6,4.313156283891708e-4,3.614141383154524e-4,CD55/TYK2/CD80/RPS6KA1/GPR183/STAT5B/BCL6/IL15/SASH3/RASAL3/NR4A3/SPN/TNFSF4/WNT10B/TNFRSF4/DPP4/IL7R/ZP3/IL2RA/NFKBIZ/KLHL25/ICOS/PLA2G4A/CD274/SLAMF1/CD40LG/RHOH/CARD11/PRLR/IL13/IL12RB1/IL1RL1/EBI3/IL6/HLA-DQB2/HLA-DOB/TGFBR2/TNF/IL5/PDCD1LG2/LYN/CCL3/HLX/EGR3/FOXP3/NCKAP1L/HLA-DOA/MAP3K8/SOCS1/CORO1A/ZAP70/CCL5/RASGRP1/HLA-DMB/IL4R/ZMIZ1,56,Module 2
GO:0002696,positive regulation of leukocyte activation,55/1244,290/12061,0.1896551724137931,1.8387709280408027,4.903047691942633,5.397067299968769e-6,4.313156283891708e-4,3.614141383154524e-4,CD55/TYK2/CD80/GPR183/STAT5B/BCL6/IL15/SASH3/RASAL3/NR4A3/SPN/TNFSF4/WNT10B/TNFRSF4/DPP4/IL7R/ZP3/IL2RA/NFKBIZ/KLHL25/ICOS/PLA2G4A/CD274/SLAMF1/CD40LG/RHOH/CARD11/PRLR/IL13/IL12RB1/IL1RL1/EBI3/IL6/HLA-DQB2/HLA-DOB/TGFBR2/TNF/IL5/PDCD1LG2/LYN/CCL3/HLX/EGR3/FOXP3/NCKAP1L/HLA-DOA/MAP3K8/SOCS1/CORO1A/ZAP70/CCL5/RASGRP1/HLA-DMB/IL4R/ZMIZ1,55,Module 2
GO:0001525,angiogenesis,67/1244,377/12061,0.17771883289124668,1.7230440864158572,4.836933411820427,5.4939431667501605e-6,4.318599587633938e-4,3.618702513802478e-4,MAP2K5/CTSH/PRKCA/MTDH/PRKX/EMILIN1/GPX1/VASH1/WARS1/FN1/STAT3/CYP1B1/BCAS3/SH2D2A/ADM2/COL4A2/NR4A1/STARD13/TNFSF12/PTPRM/PTGS2/ADTRP/GATA6/EMILIN2/COL15A1/ACKR3/SEMA4A/HSPG2/SPRED1/CALD1/IL6/EDN2/ARHGAP22/ITGAX/LRG1/ADGRA2/ADAMTS9/TGFBR2/NRCAM/ADGRB1/TNF/ANG/HEY1/GHRL/SPHK1/NOTCH3/IL17F/EPHB1/PGF/TJP1/ACVRL1/COL18A1/PDGFRA/VEGFC/EGR3/HSPB6/ACVR1/ETS1/ATP5IF1/PIK3CD/PPP1R16B/NPR2/HTATIP2/B4GALT1/HK2/KLF5/SAT1,67,Module 2
GO:0002825,regulation of T-helper 1 type immune response,11/1244,23/12061,0.4782608695652174,4.6369006011463725,5.920366730016088,5.626866126001847e-6,4.351745657125622e-4,3.646476740738378e-4,CD80/JAK3/TNFSF4/PLA2G4A/IL1R1/SLAMF1/IL12RB1/IL1RL1/HLX/IL4R/SLC11A1,11,Module 2
GO:0019226,transmission of nerve impulse,14/1244,36/12061,0.3888888888888889,3.7704090746695247,5.645248164148899,6.118089045508401e-6,4.656545551303616e-4,3.9018790119808795e-4,SCN11A/CNTNAP1/NTRK2/OTOA/KCND2/GPR35/CNTNAP2/NRCAM/P2RX1/SPTBN4/GHRL/SCN1B/SCN8A/NPR2,14,Module 2
GO:0046633,alpha-beta T cell proliferation,15/1244,41/12061,0.36585365853658536,3.547074739236138,5.54002612180928,6.938311461724618e-6,5.198313040463992e-4,4.355844547599156e-4,CD55/TWSG1/TYK2/IL15/RASAL3/TNFSF4/IL2RA/CBLB/CD274/CARD11/EBI3/TGFBR2/FOXP3/IRF1/ZAP70,15,Module 2
GO:0002263,cell activation involved in immune response,46/1244,230/12061,0.2,1.9390675241157558,4.876188002669718,7.502234158260343e-6,5.53434042905513e-4,4.6374134060048146e-4,SOCS3/CD80/JAK3/EIF2AK4/GPR183/BCL6/STAT3/NR4A3/SPN/SMAD7/TNFSF4/SCN11A/PRKCE/GAB2/NFKBIZ/SLAMF1/S100A13/CLNK/CD40LG/STAT4/ITM2A/ITGAM/IL13/IL12RB1/SEMA4A/IL6/TNF/FCER1A/CCR6/PGLYRP3/LYN/CCL3/HLX/PRAM1/FOXP3/RORC/NCKAP1L/UNC13D/BATF/PIK3CD/CORO1A/LGALS3/RASGRP1/HLA-DMB/IL4R/SLC11A1,46,Module 2
GO:0007600,sensory perception,52/1244,273/12061,0.19047619047619047,1.8467309753483385,4.798849574709501,8.527128178733783e-6,6.156664510116586e-4,5.158880069176228e-4,GPR171/RDH10/COMT/GPX1/REEP2/ZIC2/TMPRSS3/WNT10B/SCN11A/MBP/PLCB2/PGAP1/OTOF/RTP4/WHRN/CACNA1D/COL1A1/GJB2/ANKRD24/PTGES/CD36/CHRNA4/SLC4A10/OTOA/ZFHX2/LAMC3/KCND2/ROM1/ATP8A2/BBS5/TMC1/PIEZO2/TNF/SPTBN4/ADORA2A/CST4/PRDM12/ATP2B2/CACNA1F/USH1G/CCL3/EPHB1/ABCA4/CABP1/LAMB2/COL18A1/BEST1/GRK7/NPR2/PDE6H/UNC119/GRIN2D,52,Module 2
GO:0044057,regulation of system process,58/1244,316/12061,0.18354430379746836,1.7795239936505352,4.761863556468694,8.60263862727448e-6,6.156664510116586e-4,5.158880069176228e-4,DMD/GPR171/NLGN1/PRKCA/BIN1/PRKAR1B/SLC9A1/PTGER3/ATP2A3/TMEM65/NR4A3/SMAD7/GAA/MYL5/ADM2/PDE4B/ACTN3/NR4A1/GSTO1/PDE9A/PTGS2/CACNA1D/ATP1B2/ABAT/ABCC9/RYR2/ZFHX2/PDE4D/KCNJ12/EDN2/KCND2/RIMS2/ITGAX/INHBA/GPR35/P2RX1/TNF/SPTBN4/TNFRSF1A/BEGAIN/HCN4/GHRL/SPHK1/ATP2B2/SPP1/SCN1B/CCL3/CACNA1G/STX1B/SGCA/UNC13B/CORIN/ACACB/TBXAS1/CACNA2D1/FOXO1/GRIN2D/RANGRF,58,Module 2
GO:0002286,T cell activation involved in immune response,24/1244,90/12061,0.26666666666666666,2.585423365487674,5.119549222730604,9.070246026043328e-6,6.395857308070259e-4,5.359307907338603e-4,SOCS3/CD80/JAK3/EIF2AK4/GPR183/BCL6/STAT3/SPN/SMAD7/TNFSF4/NFKBIZ/STAT4/IL12RB1/SEMA4A/IL6/HLX/FOXP3/RORC/NCKAP1L/BATF/LGALS3/HLA-DMB/IL4R/SLC11A1,24,Module 2
GO:0007259,receptor signaling pathway via JAK-STAT,27/1244,108/12061,0.25,2.4238344051446945,5.040380585880773,9.512005639100154e-6,6.610154643403658e-4,5.538874984659845e-4,STAT5A/TYK2/SOCS3/OSM/JAK3/IL10RA/STAT5B/IL15/STAT3/CYP1B1/IL7R/LIF/IL9/STAT4/PRLR/IL13/TNFRSF18/IL6/TNF/IL5/TNFRSF1A/LYN/SOCS1/CSF1R/CCL5/PKD2/MST1,27,Module 2
GO:0050868,negative regulation of T cell activation,24/1244,91/12061,0.26373626373626374,2.5570121197130846,5.0558716851542,1.1132590018501742e-5,7.625824162673694e-4,6.3899392632513e-4,PAG1/TWSG1/CD80/JAK3/BCL6/TIGIT/SPN/SMAD7/TNFSF4/IL2RA/CBLB/MAD1L1/CD274/SDC4/CTLA4/PDCD1LG2/ADORA2A/TNFAIP8L2/HLX/FOXP3/IRF1/SOCS1/LGALS3/IL4R,24,Module 2
GO:0006887,exocytosis,50/1244,262/12061,0.19083969465648856,1.8502552711028204,4.718541806974529,1.1982084374003459e-5,8.092125996245998e-4,6.780669541226271e-4,RAB11FIP1/NLGN1/CASK/SEPTIN1/SYNGR3/SYT4/SCAMP5/NR4A3/HYAL3/STX3/SCN11A/ITSN1/STXBP6/ZP3/GAB2/S100A13/CLNK/OTOF/SDC4/ABCA12/ITGAM/IL13/ERC2/RIMS2/RAB26/P2RX1/CADPS2/RPH3AL/FCER1A/PRKN/SYN1/GRIK5/LYN/CCL3/STX1B/PRAM1/SYT5/UNC13B/UNC13A/NCKAP1L/CPLX1/UNC13D/PIK3CD/CORO1A/RAB9A/RAB3D/CCL5/MYO1G/RASGRP1/IL4R,50,Module 2
GO:0046640,regulation of alpha-beta T cell proliferation,14/1244,38/12061,0.3684210526315789,3.571966491792181,5.384942994467282,1.2782709698912748e-5,8.512929584206477e-4,7.133275280811397e-4,CD55/TWSG1/TYK2/RASAL3/TNFSF4/IL2RA/CBLB/CD274/CARD11/EBI3/TGFBR2/FOXP3/IRF1/ZAP70,14,Module 2
GO:0002443,leukocyte mediated immunity,53/1244,285/12061,0.18596491228070175,1.80299261014272,4.652276402510269,1.4250991062190602e-5,9.279177388053197e-4,7.775340560934975e-4,CD55/CTSH/CD80/JAK3/STAT5B/BCL6/SASH3/NR4A3/SPN/SMAD7/TNFSF4/SCN11A/IL7R/ZP3/GAB2/NFKBIZ/IL1R1/SLAMF1/S100A13/CLNK/CD40LG/IL9/FCER2/C4BPB/ITGAM/IL13/PVR/IL12RB1/CARD9/KDM5D/IL6/CD8A/TNF/IL18RAP/FCER1A/CCR6/CFI/LYN/CCL3/PRAM1/GZMB/FUT7/FOXP3/NCKAP1L/CD96/UNC13D/BATF/PIK3CD/CORO1A/MYO1G/WAS/RASGRP1/IL4R,53,Module 2
GO:0002819,regulation of adaptive immune response,35/1244,161/12061,0.21739130434782608,2.1076820914301693,4.798273741209702,1.4320315468528396e-5,9.279177388053197e-4,7.775340560934975e-4,CD55/TYK2/SAMSN1/CD80/JAK3/EIF2AK4/BCL6/SASH3/SPN/SMAD7/TNFSF4/IL7R/ZP3/NFKBIZ/PLA2G4A/IL1R1/CD274/SLAMF1/FCER2/C4BPB/PVR/IL12RB1/IL1RL1/CARD9/IL6/TNF/HLX/FUT7/FOXP3/NCKAP1L/IRF1/BATF/WAS/IL4R/SLC11A1,35,Module 2
GO:0003015,heart process,34/1244,155/12061,0.21935483870967742,2.1267192199979252,4.787723288360149,1.5460283793139492e-5,9.884274771747182e-4,8.282372384338728e-4,DMD/BIN1/GPX1/SLC9A1/ATP2A3/TMEM65/SMAD7/GAA/SCN11A/AKAP13/ADM2/PDE4B/GSTO1/CACNA1D/GATA6/ATP1B2/ABCC9/RAMP3/RYR2/PDE4D/KCNJ12/EDN2/KCND2/YAP1/TNF/SPTBN4/HCN4/ATP2B2/SCN1B/CACNA1G/CORIN/SCN8A/CACNA2D1/RANGRF,34,Module 2
GO:0040017,positive regulation of locomotion,71/1244,419/12061,0.16945107398568018,1.642885372460843,4.54210518853558,1.586121846347515e-5,0.0010007176648995177,8.38535607688153e-4,STAT5A/CTSH/PRKCA/PIK3R1/NEDD9/RAPGEF2/FAT1/BCL6/DMTN/RRAS2/FN1/RHOC/STAT3/CYP1B1/BCAS3/NR4A3/SPN/STX3/ZNF580/IQSEC1/PRKCE/FERMT2/ZP3/IL1R1/CD274/SLAMF1/GCNT2/ITGA3/PTGS2/COL1A1/ENPP2/ACVR1B/ACKR3/TNFRSF18/SEMA4A/PLAU/IL6/EDN2/DSCAM/TNFAIP6/ITGAX/CLDN7/ADGRA2/ZNF703/TGFBR2/TNF/CARMIL1/INSL3/LAMC2/CCR6/SPHK1/CLDN4/LYN/CCL3/PGF/TJP1/PDGFRA/DAPK2/VEGFC/LAMB1/FUT7/NCKAP1L/ACVR1/CSF1R/ETS1/PIK3CD/CORO1A/FERMT3/CCL5/LGALS3/SEMA4D,71,Module 2
GO:1903038,negative regulation of leukocyte cell-cell adhesion,25/1244,99/12061,0.25252525252525254,2.4483175809542375,4.906930762283072,1.671501068725975e-5,0.0010408893018884482,8.721967982675389e-4,PAG1/TWSG1/CD80/JAK3/BCL6/TIGIT/SPN/SMAD7/TNFSF4/IL2RA/CBLB/MAD1L1/CD274/SDC4/ADTRP/CTLA4/PDCD1LG2/ADORA2A/TNFAIP8L2/HLX/FOXP3/IRF1/SOCS1/LGALS3/IL4R,25,Module 2
GO:2000516,"positive regulation of CD4-positive, alpha-beta T cell activation",14/1244,39/12061,0.358974358974359,3.480377607387253,5.2612891794499905,1.806197017260994e-5,0.001110348038175188,9.303986524811355e-4,CD55/CD80/SASH3/TNFSF4/NFKBIZ/KLHL25/CARD11/IL12RB1/TGFBR2/HLX/FOXP3/NCKAP1L/SOCS1/IL4R,14,Module 2
GO:0042093,T-helper cell differentiation,19/1244,65/12061,0.2923076923076923,2.834021766015335,5.027746409564299,1.874617694937241e-5,0.0011378217528131736,9.534198189973949e-4,SOCS3/CD80/JAK3/GPR183/BCL6/STAT3/SPN/SMAD7/TNFSF4/NFKBIZ/STAT4/IL12RB1/SEMA4A/IL6/HLX/FOXP3/RORC/BATF/IL4R,19,Module 2
GO:0097696,receptor signaling pathway via STAT,27/1244,113/12061,0.23893805309734514,2.31658509518254,4.768381322696818,2.3069233851725892e-5,0.0013827122039878207,0.0011586219159478647,STAT5A/TYK2/SOCS3/OSM/JAK3/IL10RA/STAT5B/IL15/STAT3/CYP1B1/IL7R/LIF/IL9/STAT4/PRLR/IL13/TNFRSF18/IL6/TNF/IL5/TNFRSF1A/LYN/SOCS1/CSF1R/CCL5/PKD2/MST1,27,Module 2
GO:0002294,"CD4-positive, alpha-beta T cell differentiation involved in immune response",19/1244,66/12061,0.2878787878787879,2.7910820422878304,4.947863961259954,2.3810819666610607e-5,0.001409541732116023,0.0011811032965231016,SOCS3/CD80/JAK3/GPR183/BCL6/STAT3/SPN/SMAD7/TNFSF4/NFKBIZ/STAT4/IL12RB1/SEMA4A/IL6/HLX/FOXP3/RORC/BATF/IL4R,19,Module 2
GO:2000147,positive regulation of cell motility,69/1244,409/12061,0.1687041564792176,1.6356437550609675,4.43512260313551,2.4179569717711826e-5,0.0014139150828832707,0.0011847678769256232,STAT5A/CTSH/PRKCA/PIK3R1/NEDD9/RAPGEF2/FAT1/BCL6/DMTN/RRAS2/FN1/RHOC/STAT3/CYP1B1/BCAS3/NR4A3/SPN/ZNF580/IQSEC1/PRKCE/FERMT2/ZP3/IL1R1/CD274/SLAMF1/GCNT2/ITGA3/PTGS2/COL1A1/ENPP2/ACVR1B/ACKR3/TNFRSF18/SEMA4A/PLAU/IL6/EDN2/TNFAIP6/ITGAX/CLDN7/ADGRA2/ZNF703/TGFBR2/TNF/CARMIL1/INSL3/LAMC2/CCR6/SPHK1/CLDN4/LYN/CCL3/PGF/TJP1/PDGFRA/DAPK2/VEGFC/LAMB1/FUT7/NCKAP1L/ACVR1/CSF1R/ETS1/PIK3CD/CORO1A/FERMT3/CCL5/LGALS3/SEMA4D,69,Module 2
GO:0002820,negative regulation of adaptive immune response,14/1244,40/12061,0.35,3.393368167202572,5.141615980798788,2.5170659953695463e-5,0.0014517901816885335,0.0012165047195006053,SAMSN1/CD80/JAK3/BCL6/SPN/SMAD7/TNFSF4/IL7R/SLAMF1/C4BPB/IL1RL1/FOXP3/NCKAP1L/IL4R,14,Module 2
GO:0030217,T cell differentiation,48/1244,255/12061,0.18823529411764706,1.8250047285795348,4.515497100566143,2.5848091009433836e-5,0.0014517901816885335,0.0012165047195006053,SOCS3/CD80/JAK3/PIK3R1/GPR183/STAT5B/BCL6/IL15/SASH3/STAT3/SPN/SMAD7/TNFSF4/WNT10B/IL7R/IL2RA/NFKBIZ/CD3G/KLHL25/CD3D/STAT4/RHOH/CARD11/GPR18/IL12RB1/CTLA4/SEMA4A/IL6/CD8A/JAG2/TGFBR2/CCR6/HLX/EGR3/FUT7/FOXP3/RORC/NCKAP1L/HLA-DOA/IRF1/SOCS1/BATF/PIK3CD/ZAP70/TNFRSF9/RASGRP1/IL4R/ZMIZ1,48,Module 2
GO:0033627,cell adhesion mediated by integrin,20/1244,72/12061,0.2777777777777778,2.693149339049661,4.886528800184907,2.6089738014192382e-5,0.0014517901816885335,0.0012165047195006053,EMILIN1/CYP1B1/DPP4/LIF/ITGAM/ITGA3/MUC1/EMILIN2/PLAU/FBN1/ITGAX/ITGBL1/LYN/COL16A1/TESC/NCKAP1L/ITGA1/FERMT3/CCL5/ITGA10,20,Module 2
GO:0007188,adenylate cyclase-modulating G protein-coupled receptor signaling pathway,28/1244,120/12061,0.23333333333333334,2.262245444801715,4.712425692863809,2.617124279203084e-5,0.0014517901816885335,0.0012165047195006053,GPR171/PRKCA/S1PR4/RAPGEF2/PTGER3/PTH2R/AKAP13/ADM2/PDE4B/APLP1/CACNA1D/GNAO1/PTGIR/RAMP3/RIMS2/GNA15/GABBR1/RXFP1/ADGRB1/INSL3/ADORA2A/S1PR3/ADGRD1/GPR3/CRTC3/GNG2/GPR65/RGS1,28,Module 2
GO:0051047,positive regulation of secretion,42/1244,213/12061,0.19718309859154928,1.911756713916942,4.552780140721857,2.6341135726152747e-5,0.0014517901816885335,0.0012165047195006053,NLGN1/ORAI1/SYT4/ITPR1/SCAMP5/HYAL3/PRKCE/ZP3/GAB2/ALOX12B/FRMD4A/PLA2G4A/ABCG1/SDC4/ITGAM/IL13/SYBU/ABAT/PTGES/ACHE/INHBA/GABBR1/FFAR1/CADPS2/RPH3AL/ANG/ADORA2A/CD33/GHRL/SPP1/STX1B/UNC13B/VEGFC/APBB1/UNC13D/CYBA/RAB9A/RAB3D/PCK2/C2CD2L/IL4R/MYO18A,42,Module 2
GO:1902307,positive regulation of sodium ion transmembrane transport,7/1244,11/12061,0.6363636363636364,6.169760304004677,5.817061506781564,2.7728922081679907e-5,0.0014964652675735917,0.0012539395041607814,DMD/SLC9A1/ATP1B2/FXYD2/SCN1B/TESC/ATP1B3,7,Module 2
GO:0051251,positive regulation of lymphocyte activation,50/1244,270/12061,0.18518518518518517,1.7954328926997736,4.4827089018441315,2.7775893391876886e-5,0.0014964652675735917,0.0012539395041607814,CD55/TYK2/CD80/GPR183/STAT5B/BCL6/IL15/SASH3/RASAL3/SPN/TNFSF4/WNT10B/TNFRSF4/DPP4/IL7R/ZP3/IL2RA/NFKBIZ/KLHL25/ICOS/CD274/SLAMF1/CD40LG/RHOH/CARD11/PRLR/IL13/IL12RB1/EBI3/IL6/HLA-DQB2/HLA-DOB/TGFBR2/IL5/PDCD1LG2/LYN/HLX/EGR3/FOXP3/NCKAP1L/HLA-DOA/MAP3K8/SOCS1/CORO1A/ZAP70/CCL5/RASGRP1/HLA-DMB/IL4R/ZMIZ1,50,Module 2
GO:0002287,alpha-beta T cell activation involved in immune response,19/1244,67/12061,0.2835820895522388,2.749424101358161,4.869461244894696,3.006351060774447e-5,0.001584115751254228,0.0013273848466137726,SOCS3/CD80/JAK3/GPR183/BCL6/STAT3/SPN/SMAD7/TNFSF4/NFKBIZ/STAT4/IL12RB1/SEMA4A/IL6/HLX/FOXP3/RORC/BATF/IL4R,19,Module 2
GO:0002293,alpha-beta T cell differentiation involved in immune response,19/1244,67/12061,0.2835820895522388,2.749424101358161,4.869461244894696,3.006351060774447e-5,0.001584115751254228,0.0013273848466137726,SOCS3/CD80/JAK3/GPR183/BCL6/STAT3/SPN/SMAD7/TNFSF4/NFKBIZ/STAT4/IL12RB1/SEMA4A/IL6/HLX/FOXP3/RORC/BATF/IL4R,19,Module 2
GO:0002822,regulation of adaptive immune response based on somatic recombination of immune receptors built from immunoglobulin superfamily domains,32/1244,147/12061,0.21768707482993196,2.110549686112387,4.594077237108457,3.199147526693113e-5,0.0016673817815753779,0.0013971563054219235,CD55/TYK2/CD80/JAK3/BCL6/SASH3/SPN/SMAD7/TNFSF4/IL7R/ZP3/NFKBIZ/PLA2G4A/IL1R1/CD274/SLAMF1/FCER2/C4BPB/PVR/IL12RB1/IL1RL1/CARD9/IL6/TNF/HLX/FUT7/FOXP3/NCKAP1L/BATF/WAS/IL4R/SLC11A1,32,Module 2
GO:0002823,negative regulation of adaptive immune response based on somatic recombination of immune receptors built from immunoglobulin superfamily domains,13/1244,36/12061,0.3611111111111111,3.501094140764559,5.096466523882921,3.342693048872372e-5,0.0017234637816497876,0.0014441493341874184,CD80/JAK3/BCL6/SPN/SMAD7/TNFSF4/IL7R/SLAMF1/C4BPB/IL1RL1/FOXP3/NCKAP1L/IL4R,13,Module 2
GO:0030335,positive regulation of cell migration,67/1244,398/12061,0.16834170854271358,1.6321296999466788,4.348835929243922,3.3929877074050865e-5,0.0017274571531730716,0.0014474955169664922,STAT5A/CTSH/PRKCA/PIK3R1/NEDD9/RAPGEF2/FAT1/DMTN/RRAS2/FN1/RHOC/STAT3/CYP1B1/BCAS3/NR4A3/SPN/ZNF580/IQSEC1/PRKCE/FERMT2/ZP3/IL1R1/CD274/SLAMF1/GCNT2/ITGA3/PTGS2/COL1A1/ENPP2/ACVR1B/ACKR3/TNFRSF18/SEMA4A/PLAU/IL6/EDN2/TNFAIP6/ITGAX/ADGRA2/ZNF703/TGFBR2/TNF/CARMIL1/INSL3/LAMC2/CCR6/SPHK1/CLDN4/LYN/CCL3/PGF/TJP1/PDGFRA/DAPK2/VEGFC/LAMB1/FUT7/NCKAP1L/ACVR1/CSF1R/ETS1/PIK3CD/CORO1A/FERMT3/CCL5/LGALS3/SEMA4D,67,Module 2
GO:0046635,positive regulation of alpha-beta T cell activation,18/1244,62/12061,0.2903225806451613,2.814775438232549,4.8582139874962,3.422490710144772e-5,0.0017274571531730716,0.0014474955169664922,CD55/TYK2/CD80/SASH3/RASAL3/TNFSF4/NFKBIZ/KLHL25/CARD11/IL12RB1/EBI3/TGFBR2/HLX/FOXP3/NCKAP1L/SOCS1/ZAP70/IL4R,18,Module 2
GO:0030198,extracellular matrix organization,38/1244,188/12061,0.20212765957446807,1.9596959020318807,4.497412890095925,3.567458748768861e-5,0.00178187132295278,0.001493091013602055,EMILIN1/CYP1B1/DPP4/FURIN/MATN4/COLGALT2/COL4A2/APLP1/KAZALD1/FKBP10/COL1A1/ADTRP/LAMA2/COL15A1/NID2/LOXL1/LAMA1/IL6/RXFP1/ELF3/ADAMTS9/APBB2/COL1A2/SERPINH1/TNF/TNFRSF1A/COL5A2/PHLDB1/LAMB2/COL18A1/COL16A1/PDGFRA/NOXO1/LAMB1/NFKB2/B4GALT1/CFLAR/FGFR4,38,Module 2
GO:0043299,leukocyte degranulation,17/1244,57/12061,0.2982456140350877,2.8915919219270036,4.8543637315591,3.8378397191279884e-5,0.0018971589127029591,0.0015896944338482399,NR4A3/SCN11A/GAB2/S100A13/CLNK/ITGAM/IL13/FCER1A/LYN/CCL3/PRAM1/NCKAP1L/UNC13D/PIK3CD/CORO1A/RASGRP1/IL4R,17,Module 2
GO:0120039,plasma membrane bounded cell projection morphogenesis,77/1244,477/12061,0.16142557651991615,1.5650754649571614,4.2703826834746526,4.02151463741532e-5,0.0019329538632732535,0.0016196882489685545,NLGN1/EIF2AK4/SYT4/RAPGEF2/MACF1/CD44/UST/FN1/KIFBP/PRDM8/CYFIP2/SCN11A/MAP1A/MAP2K1/APLP1/ADARB1/MFSD2A/MYO16/PTPRM/CDH1/NKX2-8/CNTNAP1/DSCAML1/ENPP2/ROBO3/NTRK2/LAMA2/ULK2/CHODL/SEMA4A/FSTL4/HMCN2/EDN2/RIMS2/SLIT3/DSCAM/ATP8A2/GAS7/CNTNAP2/APBB2/NRCAM/ADGRB1/SPTBN4/ADORA2A/OLFM1/PRKN/GRIP1/PLXNB3/NOTCH3/SPP1/SCN1B/CDH11/EPHB1/SPAG6/GAP43/LAMB2/DCC/PLXNA2/UNC13A/NCKAP1L/TIAM2/FOXD1/MAPK8IP2/APBB1/CRPPA/ITGA1/CSF1R/NPR2/NEO1/DNM3/ITPKA/PGRMC1/TTL/SEMA4D/TUBB3/TAOK3/VCL,77,Module 2
GO:0043062,extracellular structure organization,38/1244,189/12061,0.20105820105820105,1.9493271406454686,4.460826012432961,4.031186367618881e-5,0.0019329538632732535,0.0016196882489685545,EMILIN1/CYP1B1/DPP4/FURIN/MATN4/COLGALT2/COL4A2/APLP1/KAZALD1/FKBP10/COL1A1/ADTRP/LAMA2/COL15A1/NID2/LOXL1/LAMA1/IL6/RXFP1/ELF3/ADAMTS9/APBB2/COL1A2/SERPINH1/TNF/TNFRSF1A/COL5A2/PHLDB1/LAMB2/COL18A1/COL16A1/PDGFRA/NOXO1/LAMB1/NFKB2/B4GALT1/CFLAR/FGFR4,38,Module 2
GO:0045229,external encapsulating structure organization,38/1244,189/12061,0.20105820105820105,1.9493271406454686,4.460826012432961,4.031186367618881e-5,0.0019329538632732535,0.0016196882489685545,EMILIN1/CYP1B1/DPP4/FURIN/MATN4/COLGALT2/COL4A2/APLP1/KAZALD1/FKBP10/COL1A1/ADTRP/LAMA2/COL15A1/NID2/LOXL1/LAMA1/IL6/RXFP1/ELF3/ADAMTS9/APBB2/COL1A2/SERPINH1/TNF/TNFRSF1A/COL5A2/PHLDB1/LAMB2/COL18A1/COL16A1/PDGFRA/NOXO1/LAMB1/NFKB2/B4GALT1/CFLAR/FGFR4,38,Module 2
GO:0009617,response to bacterium,68/1244,408/12061,0.16666666666666666,1.6158896034297963,4.291849758598971,4.1107234783837376e-5,0.0019515761464207943,0.001635292497862504,CD55/PRKCA/CD80/MTDH/IL10RA/EMILIN1/NAALADL2/GPX1/CDK19/TLR1/SIGIRR/VIM/SPN/TNFSF4/PRKCE/IL7R/PDE4B/NR4A1/NFKBIZ/CPS1/OAS2/PGLYRP4/CD274/CARD16/C4BPB/CDH1/ITGAM/PRLR/IL13/PTGS2/PTGIR/GBP5/EMILIN2/GJB2/CARD9/LY96/CD36/LOXL1/IL6/CXCL3/LRG1/ADAMTS9/IRAK2/TRAV4/ADGRB1/TNF/CUBN/PDCD1LG2/ANG/TNFRSF1A/UPK1B/PGLYRP3/CYP1A1/LYN/IL17F/PPBP/DMBT1/FOXP3/CD96/IL12RB2/CYBA/RGS1/NFKB2/GSDMB/PCK2/PLSCR3/SLC11A1/CFD,68,Module 2
GO:0008016,regulation of heart contraction,27/1244,117/12061,0.23076923076923078,2.237385604748949,4.560931209764012,4.460040385755014e-5,0.0020927245502698815,0.0017535655800186899,DMD/BIN1/SLC9A1/ATP2A3/TMEM65/SMAD7/GAA/ADM2/PDE4B/GSTO1/CACNA1D/ATP1B2/ABCC9/RYR2/PDE4D/KCNJ12/EDN2/KCND2/TNF/SPTBN4/HCN4/ATP2B2/SCN1B/CACNA1G/CORIN/CACNA2D1/RANGRF,27,Module 2
GO:0043370,"regulation of CD4-positive, alpha-beta T cell differentiation",15/1244,47/12061,0.3191489361702128,3.0942566874187594,4.878265749002755,4.53095434755752e-5,0.0020927245502698815,0.0017535655800186899,CD80/JAK3/BCL6/SASH3/SMAD7/TNFSF4/NFKBIZ/KLHL25/IL12RB1/HLX/FOXP3/NCKAP1L/SOCS1/BATF/IL4R,15,Module 2
GO:0045063,T-helper 1 cell differentiation,9/1244,19/12061,0.47368421052631576,4.592528346589947,5.31444750886689,4.5389646137240394e-5,0.0020927245502698815,0.0017535655800186899,CD80/JAK3/SPN/TNFSF4/NFKBIZ/STAT4/SEMA4A/HLX/IL4R,9,Module 2
GO:0048812,neuron projection morphogenesis,75/1244,464/12061,0.16163793103448276,1.5671343136711386,4.224764599170102,4.83607528234108e-5,0.0022084743789357597,0.0018505563260848021,NLGN1/EIF2AK4/SYT4/RAPGEF2/MACF1/UST/FN1/KIFBP/PRDM8/CYFIP2/SCN11A/MAP1A/MAP2K1/APLP1/ADARB1/MFSD2A/MYO16/PTPRM/CDH1/NKX2-8/CNTNAP1/DSCAML1/ROBO3/NTRK2/LAMA2/ULK2/CHODL/SEMA4A/FSTL4/HMCN2/EDN2/RIMS2/SLIT3/DSCAM/ATP8A2/GAS7/CNTNAP2/APBB2/NRCAM/ADGRB1/SPTBN4/ADORA2A/OLFM1/PRKN/GRIP1/PLXNB3/NOTCH3/SPP1/SCN1B/CDH11/EPHB1/SPAG6/GAP43/LAMB2/DCC/PLXNA2/UNC13A/NCKAP1L/TIAM2/FOXD1/MAPK8IP2/APBB1/CRPPA/ITGA1/CSF1R/NPR2/NEO1/DNM3/ITPKA/PGRMC1/TTL/SEMA4D/TUBB3/TAOK3/VCL,75,Module 2
GO:0061337,cardiac conduction,17/1244,58/12061,0.29310344827586204,2.841736888790331,4.767899688968413,4.9136890321892754e-5,0.0022227489537120356,0.0018625174812181198,BIN1/SLC9A1/ATP2A3/TMEM65/CACNA1D/ATP1B2/ABCC9/RYR2/PDE4D/SPTBN4/HCN4/ATP2B2/SCN1B/CACNA1G/CORIN/CACNA2D1/RANGRF,17,Module 2
GO:0048858,cell projection morphogenesis,77/1244,480/12061,0.16041666666666668,1.555293743301179,4.210181293242035,4.995500559365571e-5,0.0022386378674913937,0.0018758313462959551,NLGN1/EIF2AK4/SYT4/RAPGEF2/MACF1/CD44/UST/FN1/KIFBP/PRDM8/CYFIP2/SCN11A/MAP1A/MAP2K1/APLP1/ADARB1/MFSD2A/MYO16/PTPRM/CDH1/NKX2-8/CNTNAP1/DSCAML1/ENPP2/ROBO3/NTRK2/LAMA2/ULK2/CHODL/SEMA4A/FSTL4/HMCN2/EDN2/RIMS2/SLIT3/DSCAM/ATP8A2/GAS7/CNTNAP2/APBB2/NRCAM/ADGRB1/SPTBN4/ADORA2A/OLFM1/PRKN/GRIP1/PLXNB3/NOTCH3/SPP1/SCN1B/CDH11/EPHB1/SPAG6/GAP43/LAMB2/DCC/PLXNA2/UNC13A/NCKAP1L/TIAM2/FOXD1/MAPK8IP2/APBB1/CRPPA/ITGA1/CSF1R/NPR2/NEO1/DNM3/ITPKA/PGRMC1/TTL/SEMA4D/TUBB3/TAOK3/VCL,77,Module 2
GO:0002683,negative regulation of immune system process,62/1244,366/12061,0.16939890710382513,1.6423795969286454,4.232165059937602,5.4766048626916455e-5,0.002431511140426522,0.002037446467923393,CD55/PAG1/TWSG1/SAMSN1/CD80/JAK3/PIK3R1/RASSF5/EMILIN1/GPX1/BCL6/FN1/TIGIT/SPN/SMAD7/TNFSF4/NLRC3/DPP4/UBASH3A/IL7R/FURIN/IL2RA/CBLB/MAD1L1/CD274/GPR55/SLAMF1/CLNK/SDC4/C4BPB/SMIM30/CD22/GPR18/ADTRP/CTLA4/IL1RL1/PADI2/FBN1/TNFAIP6/INHBA/LRFN5/HLA-DOB/TNF/PDCD1LG2/ADORA2A/PYDC5/CD33/PGLYRP3/TNFAIP8L2/LYN/CCL3/HLX/FOXP3/NCKAP1L/CD96/HLA-DOA/IRF1/SOCS1/LGALS3/IL4R/NLRX1/RHBDF2,62,Module 2
GO:1903532,positive regulation of secretion by cell,40/1244,206/12061,0.1941747572815534,1.8825898292385976,4.332835277692406,5.831961089875571e-5,0.0025655278372434275,0.0021497436484843122,NLGN1/ORAI1/SYT4/ITPR1/SCAMP5/HYAL3/PRKCE/ZP3/GAB2/FRMD4A/PLA2G4A/ABCG1/SDC4/ITGAM/IL13/SYBU/ABAT/PTGES/ACHE/INHBA/GABBR1/FFAR1/CADPS2/RPH3AL/ANG/ADORA2A/CD33/GHRL/SPP1/STX1B/UNC13B/VEGFC/APBB1/UNC13D/RAB9A/RAB3D/PCK2/C2CD2L/IL4R/MYO18A,40,Module 2
GO:0050906,detection of stimulus involved in sensory perception,15/1244,48/12061,0.3125,3.029793006430868,4.778340139979813,5.9686136564881e-5,0.002601772952987313,0.002180114672422495,COMT/SCN11A/PLCB2/RTP4/WHRN/ROM1/ATP8A2/TMC1/PIEZO2/TNF/CST4/PRDM12/CACNA1F/EPHB1/BEST1,15,Module 2
GO:0002449,lymphocyte mediated immunity,42/1244,221/12061,0.19004524886877827,1.8425528509697224,4.286944562148728,6.461634233642328e-5,0.002791309563091438,0.002338933889977503,CD55/CTSH/CD80/STAT5B/BCL6/SASH3/SPN/SMAD7/TNFSF4/IL7R/ZP3/NFKBIZ/IL1R1/SLAMF1/CLNK/CD40LG/IL9/FCER2/C4BPB/PVR/IL12RB1/CARD9/KDM5D/IL6/CD8A/TNF/IL18RAP/FCER1A/CCR6/CFI/GZMB/FUT7/FOXP3/NCKAP1L/CD96/UNC13D/BATF/CORO1A/MYO1G/WAS/RASGRP1/IL4R,42,Module 2
GO:0006953,acute-phase response,10/1244,24/12061,0.4166666666666667,4.039724008574491,5.054882599647082,6.638241338808219e-5,0.0028310722693950293,0.0023722524235290764,PTGER3/FN1/SIGIRR/PTGS2/PTGES/IL6/TNF/AHSG/IL22/SAA1,10,Module 2
GO:0008015,blood circulation,53/1244,301/12061,0.1760797342192691,1.707152471397592,4.213306755378408,6.671765723496107e-5,0.0028310722693950293,0.0023722524235290764,ERAP2/DMD/BIN1/COMT/PTP4A3/EMILIN1/GPX1/SLC9A1/ATP2A3/TMEM65/SMAD7/GAA/SCN11A/SLC4A5/FERMT2/ADM2/PDE4B/CPS1/GSTO1/PTGS2/CACNA1D/GATA6/EMILIN2/ATP1B2/ABAT/ABCC9/RYR2/PDE4D/KCNJ12/EDN2/KCND2/AGTRAP/COL1A2/P2RX1/TNF/SPTBN4/ADORA2A/HCN4/GHRL/ATP2B2/SCN1B/TJP1/CACNA1G/ACVRL1/VEGFC/KL/CORIN/TBXAS1/SCN8A/CACNA2D1/ITGA1/NPR2/RANGRF,53,Module 2
GO:0060047,heart contraction,31/1244,146/12061,0.21232876712328766,2.058599083821521,4.3640663772543,6.973961731711143e-5,0.0029333461845223625,0.0024579512400684607,DMD/BIN1/GPX1/SLC9A1/ATP2A3/TMEM65/SMAD7/GAA/SCN11A/ADM2/PDE4B/GSTO1/CACNA1D/GATA6/ATP1B2/ABCC9/RYR2/PDE4D/KCNJ12/EDN2/KCND2/TNF/SPTBN4/HCN4/ATP2B2/SCN1B/CACNA1G/CORIN/SCN8A/CACNA2D1/RANGRF,31,Module 2
GO:0002292,T cell differentiation involved in immune response,19/1244,71/12061,0.2676056338028169,2.5945269688872785,4.569638881896228,7.22617091089442e-5,0.0029870249584257537,0.002502930523310708,SOCS3/CD80/JAK3/GPR183/BCL6/STAT3/SPN/SMAD7/TNFSF4/NFKBIZ/STAT4/IL12RB1/SEMA4A/IL6/HLX/FOXP3/RORC/BATF/IL4R,19,Module 2
GO:0033559,unsaturated fatty acid metabolic process,19/1244,71/12061,0.2676056338028169,2.5945269688872785,4.569638881896228,7.22617091089442e-5,0.0029870249584257537,0.002502930523310708,COMT/GPX1/CYP1B1/FADS3/FADS2/ALOX12B/PLA2G4A/PTGS2/CYP1A2/PTGES/EDN2/AKR1C4/TNFRSF1A/CYP1A1/CYP4Z1/DAGLA/TBXAS1/FADS1/AKR1C2,19,Module 2
GO:1903522,regulation of blood circulation,31/1244,147/12061,0.2108843537414966,2.0445950084213753,4.321238581395722,7.98274828650045e-5,0.0032715622251085178,0.0027413540449457686,DMD/BIN1/SLC9A1/ATP2A3/TMEM65/SMAD7/GAA/ADM2/PDE4B/GSTO1/PTGS2/CACNA1D/ATP1B2/ABCC9/RYR2/PDE4D/KCNJ12/EDN2/KCND2/P2RX1/TNF/SPTBN4/HCN4/GHRL/ATP2B2/SCN1B/CACNA1G/CORIN/TBXAS1/CACNA2D1/RANGRF,31,Module 2
GO:0050679,positive regulation of epithelial cell proliferation,29/1244,134/12061,0.21641791044776118,2.0982447089312277,4.335271876158773,8.250887101621634e-5,0.003352796919684384,0.0028094233779562693,STAT5A/MAP2K5/PRKCA/STAT3/NR4A3/ZNF580/ST8SIA1/NR4A1/TNFSF12/HSPG2/LRG1/ZNF703/YAP1/TNF/ANG/GHRL/PLXNB3/IQGAP3/PGF/HLX/ACVRL1/VEGFC/EGR3/LAMB1/PIK3CD/CCL5/PPP1R16B/B4GALT1/CFLAR,29,Module 2
GO:0042060,wound healing,51/1244,289/12061,0.17647058823529413,1.7109419330433138,4.1484738284390525,8.583322632906381e-5,0.003458574119729924,0.0028980577169220394,CASK/PRKCA/EMILIN1/GPX1/MACF1/DGKB/DMTN/CD44/FN1/RHOC/PRKCE/FERMT2/WFDC1/FKBP10/PLA2G4A/CD40LG/SDC4/C4BPB/TEC/ADTRP/EMILIN2/CD36/PLAU/IL6/CD9/LRG1/YAP1/P2RX1/TNF/INSL3/ADORA2A/CLDN4/DGKI/LYN/ACVRL1/PDGFRA/SAA1/SMPD1/ENTPD1/ITPK1/FERMT3/FUT10/WAS/NPR2/B4GALT1/CFLAR/FIGNL2/SLC11A1/MYL12A/ST3GAL4/VCL,51,Module 2
GO:0046636,negative regulation of alpha-beta T cell activation,12/1244,34/12061,0.35294117647058826,3.4218838660866275,4.795617610267093,8.682325204112727e-5,0.0034693124461433775,0.0029070557284296733,TWSG1/JAK3/BCL6/SMAD7/TNFSF4/CBLB/CD274/ADORA2A/HLX/FOXP3/SOCS1/IL4R,12,Module 2
GO:0030855,epithelial cell differentiation,73/1244,458/12061,0.15938864628820962,1.5453267386512026,4.034918944272852,9.619253620256484e-5,0.003811927364390896,0.003194144503568421,PRKX/ASCL1/ANXA4/RAPGEF2/UGCG/TRIM16/GPX1/STAT5B/TST/FRMD6/FAT1/VIM/TIGAR/WNT10B/SGPP1/SLC4A5/SFN/RILPL1/MAP2K1/NFKBIZ/LIF/CPS1/ABCA12/WHRN/PRLR/IL13/GATA6/ANKRD24/MAF/SPRED1/LAMA1/PDE4D/LBH/CSTA/ZNF703/PLAAT4/TMC1/JAG2/YAP1/BFSP1/TNF/HEY1/TNFRSF1A/ACTL8/PRKCH/UPK1B/OTP/S1PR3/CYP1A1/LAMB2/TJP1/UPK1A/ACVRL1/COL18A1/DMBT1/FOXP3/MESP1/AFDN/ACVR1/IPO7/KRT7/PPP1R16B/NPR2/LGALS3/ATF4/B4GALT1/CFLAR/ETV2/AKR1C2/PCK2/FLNB/KLF5/VCL,73,Module 2
GO:0046637,regulation of alpha-beta T cell differentiation,17/1244,61/12061,0.2786885245901639,2.70197933688261,4.519173414678295,9.901962090467008e-5,0.003891795756048304,0.0032610689645653636,CD80/JAK3/BCL6/SASH3/SMAD7/TNFSF4/NFKBIZ/KLHL25/IL12RB1/TGFBR2/HLX/FOXP3/NCKAP1L/SOCS1/BATF/ZAP70/IL4R,17,Module 2
GO:0045765,regulation of angiogenesis,38/1244,197/12061,0.19289340101522842,1.8701666476243328,4.175903043474127,1.0234646808420132e-4,0.003945217594087551,0.0033058329524465573,CTSH/PRKCA/MTDH/EMILIN1/VASH1/WARS1/STAT3/CYP1B1/ADM2/COL4A2/TNFSF12/PTPRM/GATA6/EMILIN2/SEMA4A/HSPG2/SPRED1/IL6/ITGAX/LRG1/ADGRA2/ADAMTS9/TGFBR2/ADGRB1/TNF/GHRL/SPHK1/IL17F/PGF/TJP1/ACVRL1/VEGFC/HSPB6/ETS1/PIK3CD/PPP1R16B/HTATIP2/HK2,38,Module 2
GO:0006935,chemotaxis,51/1244,291/12061,0.17525773195876287,1.6991828819571053,4.094298283031629,1.028471739855983e-4,0.003945217594087551,0.0033058329524465573,HSD3B7/NEDD9/GPR183/SPN/STX3/ZNF580/DPP4/MAP2K1/PDE4B/NR4A1/COLEC10/SLAMF1/GPR18/ENPP2/ROBO3/ACKR3/PADI2/SEMA4A/PLAU/PLEKHG5/IL6/EDN2/CXCL3/SLIT3/DSCAM/TNFAIP6/ADGRA2/CCR10/PIK3C2G/CCR6/PLXNB3/LYN/CCL3/EPHB1/PGF/PPBP/PDGFRA/DAPK2/VEGFC/EGR3/SAA1/NCKAP1L/ITGA1/CSF1R/PIK3CD/CORO1A/S100A4/CCL5/LGALS3/RHOG/SEMA4D,51,Module 2
GO:0042330,taxis,51/1244,291/12061,0.17525773195876287,1.6991828819571053,4.094298283031629,1.028471739855983e-4,0.003945217594087551,0.0033058329524465573,HSD3B7/NEDD9/GPR183/SPN/STX3/ZNF580/DPP4/MAP2K1/PDE4B/NR4A1/COLEC10/SLAMF1/GPR18/ENPP2/ROBO3/ACKR3/PADI2/SEMA4A/PLAU/PLEKHG5/IL6/EDN2/CXCL3/SLIT3/DSCAM/TNFAIP6/ADGRA2/CCR10/PIK3C2G/CCR6/PLXNB3/LYN/CCL3/EPHB1/PGF/PPBP/PDGFRA/DAPK2/VEGFC/EGR3/SAA1/NCKAP1L/ITGA1/CSF1R/PIK3CD/CORO1A/S100A4/CCL5/LGALS3/RHOG/SEMA4D,51,Module 2
GO:0002698,negative regulation of immune effector process,20/1244,79/12061,0.25316455696202533,2.4545158533110834,4.398430928968914,1.0977661708701639e-4,0.0041776101502559015,0.003500562635097256,CD55/CD80/JAK3/BCL6/SPN/SMAD7/TNFSF4/IL7R/SLAMF1/C4BPB/CD22/TNF/PGLYRP3/HLX/FOXP3/NCKAP1L/CD96/LGALS3/IL4R/NLRX1,20,Module 2
GO:0003012,muscle system process,48/1244,270/12061,0.17777777777777778,1.723615576991783,4.07797819057309,1.1410292538625276e-4,0.004307741195784111,0.0036096038953532627,DMD/PRKCA/BIN1/SLC9A1/PTGER3/NR4A3/SMAD7/GAA/SCN11A/MYL5/PDE4B/ACTN3/NR4A1/GSTO1/TPM2/PDE9A/PTGS2/CACNA1D/GNAO1/GATA6/SNTB1/ABAT/ABCC9/RYR2/CALD1/PDE4D/KCNJ12/EDN2/KCND2/ATP8A2/APBB2/P2RX1/TNF/TNFRSF1A/HCN4/GHRL/SPHK1/SCN1B/CACNA1G/SGCA/ACACB/SCN8A/CACNA2D1/APBB1/CYBA/FOXO1/CFLAR/RANGRF,48,Module 2
GO:0043372,"positive regulation of CD4-positive, alpha-beta T cell differentiation",11/1244,30/12061,0.36666666666666664,3.5549571275455523,4.7514242536606766,1.1499288280716708e-4,0.004307741195784111,0.0036096038953532627,CD80/SASH3/TNFSF4/NFKBIZ/KLHL25/IL12RB1/HLX/FOXP3/NCKAP1L/SOCS1/IL4R,11,Module 2
GO:0007409,axonogenesis,55/1244,323/12061,0.17027863777089783,1.6509088827610923,4.02119224259698,1.2355925170287585e-4,0.004567135184735309,0.0038269590033773496,MACF1/UST/FN1/KIFBP/PRDM8/CYFIP2/SCN11A/MAP1A/MAP2K1/APLP1/ADARB1/PTPRM/CDH1/NKX2-8/CNTNAP1/DSCAML1/ROBO3/NTRK2/LAMA2/ULK2/CHODL/SEMA4A/FSTL4/HMCN2/EDN2/SLIT3/DSCAM/ATP8A2/APBB2/NRCAM/ADGRB1/SPTBN4/OLFM1/PLXNB3/NOTCH3/SPP1/SCN1B/CDH11/EPHB1/GAP43/LAMB2/DCC/PLXNA2/TIAM2/FOXD1/APBB1/CRPPA/CSF1R/NPR2/NEO1/PGRMC1/TTL/SEMA4D/TUBB3/VCL,55,Module 2
GO:1902105,regulation of leukocyte differentiation,45/1244,249/12061,0.18072289156626506,1.7521694495021887,4.067092721415646,1.2479829572510534e-4,0.004567135184735309,0.0038269590033773496,PRKCA/CD80/JAK3/PIK3R1/NEDD9/STAT5B/BCL6/IL15/SASH3/SMAD7/TNFSF4/WNT10B/IL7R/IL2RA/NFKBIZ/KLHL25/LIF/GPR55/RHOH/CARD11/IL12RB1/CTLA4/NFAM1/FBN1/TNFAIP6/INHBA/TGFBR2/TNF/IL5/PGLYRP3/LYN/CCL3/HLX/EGR3/FOXP3/TESC/NCKAP1L/HLA-DOA/IRF1/SOCS1/BATF/ZAP70/RASGRP1/IL4R/ZMIZ1,45,Module 2
GO:0006936,muscle contraction,39/1244,206/12061,0.18932038834951456,1.8355250835076327,4.101783679449232,1.2658684829748048e-4,0.004567135184735309,0.0038269590033773496,DMD/BIN1/SLC9A1/PTGER3/SMAD7/GAA/SCN11A/MYL5/PDE4B/ACTN3/NR4A1/GSTO1/TPM2/PTGS2/CACNA1D/GNAO1/SNTB1/ABAT/ABCC9/RYR2/CALD1/PDE4D/KCNJ12/EDN2/KCND2/ATP8A2/APBB2/P2RX1/TNF/HCN4/GHRL/SPHK1/SCN1B/CACNA1G/SGCA/SCN8A/CACNA2D1/APBB1/RANGRF,39,Module 2
GO:0032609,type II interferon production,22/1244,92/12061,0.2391304347826087,2.3184503005731862,4.304861395734868,1.267834670343828e-4,0.004567135184735309,0.0038269590033773496,TYK2/SASH3/TNFSF4/ZP3/PDE4B/IL1R1/CD274/SLAMF1/TLR7/IL12RB1/IL1RL1/EBI3/PDE4D/INHBA/TNF/PDCD1LG2/PGLYRP3/FOXP3/CD96/IL12RB2/RASGRP1/SLC11A1,22,Module 2
GO:0032649,regulation of type II interferon production,22/1244,92/12061,0.2391304347826087,2.3184503005731862,4.304861395734868,1.267834670343828e-4,0.004567135184735309,0.0038269590033773496,TYK2/SASH3/TNFSF4/ZP3/PDE4B/IL1R1/CD274/SLAMF1/TLR7/IL12RB1/IL1RL1/EBI3/PDE4D/INHBA/TNF/PDCD1LG2/PGLYRP3/FOXP3/CD96/IL12RB2/RASGRP1/SLC11A1,22,Module 2
GO:0034329,cell junction assembly,50/1244,286/12061,0.17482517482517482,1.6949890945067791,4.033768570060227,1.276321407204445e-4,0.004567135184735309,0.0038269590033773496,NLGN1/PRKCA/RAPGEF2/MACF1/SLC9A1/DMTN/FN1/RHOC/SMAD7/FERMT2/LRRN3/ACTN3/SDC4/NRXN2/CLDN16/CDH1/CNTNAP1/NTRK2/GJB2/SEMA4A/ACHE/SIX4/CD9/DSCAM/CLDN7/LRFN5/LRRTM3/ZNF703/CNTNAP2/LSR/NRCAM/ADGRB1/TNF/CDH8/LRFN1/PRKCH/GHRL/LRRC4B/CLDN4/CDH11/EPHB1/GAP43/TJP1/ACVRL1/COL16A1/AFDN/DLC1/DNM3/SEMA4D/VCL,50,Module 2
GO:0086010,membrane depolarization during action potential,8/1244,17/12061,0.47058823529411764,4.562511821448837,4.984548552318828,1.296694705659543e-4,0.004596867716249856,0.00385187290992277,SCN11A/CACNA1D/HCN4/SCN1B/CACNA1G/CACNA2D1/PTPN3/RANGRF,8,Module 2
GO:0002521,leukocyte differentiation,76/1244,486/12061,0.15637860082304528,1.5161433316131423,3.9387497153465865,1.3038039820854647e-4,0.004596867716249856,0.00385187290992277,STAT5A/PRKCA/SOCS3/CD80/TSPAN2/JAK3/PIK3R1/NEDD9/GPR183/STAT5B/BCL6/IL15/SASH3/STAT3/DHRS7B/SPN/SMAD7/TNFSF4/WNT10B/IL7R/IL2RA/GAB2/NFKBIZ/CD3G/KLHL25/LIF/GPR55/CD3D/SLAMF1/CD40LG/IL9/STAT4/RHOH/CARD11/ITM2A/GPR18/IL12RB1/CTLA4/IL1RL1/SEMA4A/NFAM1/IL6/FBN1/TNFAIP6/INHBA/CD8A/JAG2/TGFBR2/TNF/DHRS2/IL5/CCR6/PGLYRP3/LYN/CCL3/IL11/HLX/EGR3/FUT7/FOXP3/RORC/TESC/NCKAP1L/HLA-DOA/PDE1B/IRF1/SOCS1/LYL1/CSF1R/BATF/PIK3CD/ZAP70/TNFRSF9/RASGRP1/IL4R/ZMIZ1,76,Module 2
GO:0003013,circulatory system process,60/1244,362/12061,0.16574585635359115,1.6069620365600183,3.976233429687128,1.3462508615820552e-4,0.004711878015537193,0.003948243978992474,ERAP2/DMD/BIN1/COMT/SLC2A3/PTP4A3/EMILIN1/GPX1/SLC9A1/ATP2A3/TMEM65/SMAD7/GAA/SCN11A/AKAP13/SLC4A5/FERMT2/ADM2/PDE4B/MFSD2A/CPS1/GSTO1/PTGS2/CACNA1D/GATA6/EMILIN2/ATP1B2/ABAT/ABCC9/RAMP3/CD36/RYR2/PDE4D/KCNJ12/EDN2/KCND2/AGTRAP/COL1A2/YAP1/P2RX1/TNF/SPTBN4/ADORA2A/HCN4/GHRL/ATP2B2/SCN1B/SLC2A4/TJP1/CACNA1G/ACVRL1/VEGFC/KL/CORIN/TBXAS1/SCN8A/CACNA2D1/ITGA1/NPR2/RANGRF,60,Module 2
GO:0009636,response to toxic substance,32/1244,158/12061,0.20253164556962025,1.9636126826488665,4.134597743350376,1.3808309995534419e-4,0.004797887422361416,0.004020314206937824,PIM1/COMT/TXN/GPX1/CYP1B1/SCN11A/MBP/IPCEF1/MT2A/CPS1/GSTO1/PON2/CDH1/PTGS2/GATA6/PTGES/CD36/TNF/ABCB6/DHRS2/PRKN/OSCP1/CYP1A1/LYN/CCL3/SLC23A1/AIFM2/MT1X/CCL5/ATF4/SESN2/SLC11A1,32,Module 2
GO:1901342,regulation of vasculature development,38/1244,200/12061,0.19,1.8421141479099679,4.072449783945549,1.4226231402471732e-4,0.004907538098910212,0.004112194264538781,CTSH/PRKCA/MTDH/EMILIN1/VASH1/WARS1/STAT3/CYP1B1/ADM2/COL4A2/TNFSF12/PTPRM/GATA6/EMILIN2/SEMA4A/HSPG2/SPRED1/IL6/ITGAX/LRG1/ADGRA2/ADAMTS9/TGFBR2/ADGRB1/TNF/GHRL/SPHK1/IL17F/PGF/TJP1/ACVRL1/VEGFC/HSPB6/ETS1/PIK3CD/PPP1R16B/HTATIP2/HK2,38,Module 2
GO:0086003,cardiac muscle cell contraction,14/1244,46/12061,0.30434782608695654,2.950754928002237,4.495211914718593,1.439044725427312e-4,0.0049287281845885435,0.004129950163124849,BIN1/SLC9A1/SCN11A/PDE4B/CACNA1D/ABCC9/RYR2/PDE4D/HCN4/SCN1B/CACNA1G/SCN8A/CACNA2D1/RANGRF,14,Module 2
GO:0002456,T cell mediated immunity,22/1244,93/12061,0.23655913978494625,2.2935207274487435,4.246533021061191,1.5017609407950736e-4,0.0051070522773846655,0.004279374028379839,CD55/CTSH/CD80/SASH3/SPN/SMAD7/TNFSF4/IL7R/ZP3/NFKBIZ/IL1R1/SLAMF1/PVR/IL12RB1/KDM5D/IL6/CD8A/FUT7/FOXP3/NCKAP1L/MYO1G/WAS,22,Module 2
GO:0009581,detection of external stimulus,19/1244,75/12061,0.25333333333333335,2.4561521972132905,4.289737269821526,1.6025344975655208e-4,0.0053735335075710995,0.004502667778584904,COMT/SCN11A/ANO3/WHRN/PLEKHB1/ROM1/ATP8A2/TMC1/PIEZO2/TNF/PRDM12/CACNA1F/EPHB1/ABCA4/BEST1/GRK7/GNGT2/PKD2/UNC119,19,Module 2
GO:0009582,detection of abiotic stimulus,19/1244,75/12061,0.25333333333333335,2.4561521972132905,4.289737269821526,1.6025344975655208e-4,0.0053735335075710995,0.004502667778584904,COMT/SCN11A/ANO3/WHRN/PLEKHB1/ROM1/ATP8A2/TMC1/PIEZO2/TNF/PRDM12/CACNA1F/EPHB1/ABCA4/BEST1/GRK7/GNGT2/PKD2/UNC119,19,Module 2
GO:0007015,actin filament organization,59/1244,357/12061,0.16526610644257703,1.602310699199294,3.91758076432759,1.6547889641337177e-4,0.0055102174187647065,0.0046171999094286546,PIK3R1/BIN1/NEDD9/ARHGAP25/FAT1/SLC9A1/DMTN/RHOC/PSTPIP1/CYFIP2/MICAL2/PRKCE/MSRB2/ERMN/FERMT2/RHPN1/GAS2L1/CARMIL3/RFLNB/TPM2/SDC4/RHOH/RHPN2/PLEKHH2/IQGAP2/SHROOM3/MYO5C/OOEP/SPTB/VILL/CALD1/PPP1R9A/CAPG/GAS7/GMFG/CARMIL1/ANG/SPTBN4/ACTL8/PRKN/GHRL/SPTBN5/IQGAP3/TJP1/CORO6/NCKAP1L/DLC1/WIPF1/RHOF/CORO1A/JMY/GPR65/MYO1G/WAS/TLE6/MYO5A/NAA80/RHOG/INF2,59,Module 2
GO:0060397,growth hormone receptor signaling pathway via JAK-STAT,6/1244,10/12061,0.6,5.8172025723472665,5.167896361317504,1.7320591148010407e-4,0.005727740314117925,0.004799469793971377,STAT5A/TYK2/JAK3/STAT5B/STAT3/LYN,6,Module 2
GO:0050900,leukocyte migration,46/1244,260/12061,0.17692307692307693,1.7153289636408608,3.954244397701681,1.7638056121890722e-4,0.005792772541401781,0.004853962524676055,HSD3B7/PIK3R1/NEDD9/EMILIN1/GPR183/STAT5B/SPN/ZNF580/DPP4/GCNT1/ZP3/PDE4B/IL1R1/SLAMF1/ITGA3/GPR18/ADTRP/TNFRSF18/PADI2/IL6/EDN2/CD9/CXCL3/TNFAIP6/TNF/CCR6/LYN/CCL3/PGF/PPBP/DAPK2/VEGFC/FUT7/SAA1/NCKAP1L/ITGA1/CSF1R/PIK3CD/CORO1A/ZAP70/CCL5/MYO1G/LGALS3/B4GALT1/SELPLG/ST3GAL4,46,Module 2
GO:0043269,regulation of monoatomic ion transport,49/1244,283/12061,0.17314487632508835,1.6786980332450887,3.9180002798188593,1.887962671421861e-4,0.006151701669415709,0.005154721534967294,DMD/CASK/ORAI1/BIN1/SLC9A1/PRKCE/PDE4B/FXYD5/GSTO1/IL13/PTGS2/CACNA1D/ATP1B2/RYR2/PDE4D/KCNJ12/FHL1/KCNJ18/JPH4/SIK1/GPR35/TMC1/PLPP4/KCNJ16/ANO9/P2RX1/FFAR1/FXYD2/SPTBN4/ADORA2A/CD33/LYN/SCN1B/CCL3/BEST1/DPP6/TESC/TCAF1/CACNA2D1/CORO1A/CYBA/CCL5/PTPN3/LGALS3/ATF4/PKD2/GRIN2D/RANGRF/ATP1B3,49,Module 2
GO:0009611,response to wounding,62/1244,382/12061,0.16230366492146597,1.5735888284709012,3.8633136242122426,1.9136964435857533e-4,0.006151701669415709,0.005154721534967294,CASK/PRKCA/COMT/EMILIN1/GPX1/MACF1/VASH1/DGKB/DMTN/CD44/FN1/RHOC/STAT3/PRKCE/FERMT2/MAP2K1/NFKBIZ/WFDC1/FKBP10/PLA2G4A/CD40LG/SDC4/C4BPB/TEC/ADTRP/EMILIN2/CD36/PLAU/IL6/CD9/LRG1/TMPRSS4/YAP1/P2RX1/TNF/INSL3/ADORA2A/CLDN4/DGKI/SPP1/LYN/GAP43/LAMB2/ACVRL1/PDGFRA/SAA1/SMPD1/ENTPD1/ITPK1/FERMT3/FUT10/WAS/NPR2/NEO1/B4GALT1/CFLAR/MORN4/FIGNL2/SLC11A1/MYL12A/ST3GAL4/VCL,62,Module 2
GO:0045580,regulation of T cell differentiation,30/1244,147/12061,0.20408163265306123,1.978640330730363,4.048399925682987,1.9154889992604735e-4,0.006151701669415709,0.005154721534967294,CD80/JAK3/STAT5B/BCL6/IL15/SASH3/SMAD7/TNFSF4/WNT10B/IL7R/IL2RA/NFKBIZ/KLHL25/RHOH/CARD11/IL12RB1/CTLA4/TGFBR2/HLX/EGR3/FOXP3/NCKAP1L/HLA-DOA/IRF1/SOCS1/BATF/ZAP70/RASGRP1/IL4R/ZMIZ1,30,Module 2
GO:0042100,B cell proliferation,18/1244,70/12061,0.2571428571428571,2.493086816720257,4.2485116022075005,1.9309938958932482e-4,0.006151701669415709,0.005154721534967294,GPR183/BCL6/SASH3/TNFRSF4/IL7R/MZB1/NFKBIZ/CD40LG/IL9/CARD11/CD22/PRLR/IL13/CTLA4/IL5/LYN/NCKAP1L/RASGRP1,18,Module 2
GO:0010959,regulation of metal ion transport,43/1244,239/12061,0.1799163179916318,1.744349446380282,3.941493111481135,1.9372407759786698e-4,0.006151701669415709,0.005154721534967294,DMD/CASK/ORAI1/BIN1/SLC9A1/PRKCE/PDE4B/FXYD5/GSTO1/IL13/PTGS2/CACNA1D/ATP1B2/RYR2/PDE4D/FHL1/JPH4/SIK1/GPR35/TMC1/PLPP4/P2RX1/FFAR1/FXYD2/SPTBN4/ADORA2A/CD33/LYN/SCN1B/CCL3/BEST1/DPP6/TESC/CACNA2D1/CORO1A/CYBA/CCL5/PTPN3/LGALS3/ATF4/PKD2/RANGRF/ATP1B3,43,Module 2
GO:0010631,epithelial cell migration,42/1244,232/12061,0.1810344827586207,1.7551904313116753,3.9387361073122005,1.991298529916591e-4,0.006240703562712453,0.005229299269825681,STAT5A/MAP2K5/CTSH/PRKCA/GIPC1/PTP4A3/PRKX/GPX1/MACF1/VASH1/CYP1B1/BCAS3/ZNF580/IQSEC1/DPP4/PRKCE/NR4A1/STARD13/TNFSF12/PTPRM/ITGA3/PTGS2/ADTRP/ENPP2/SEMA4A/SPRED1/PLEKHG5/EDN2/LRG1/ADGRA2/ADAMTS9/TGFBR2/ADGRB1/TNF/INSL3/DNAJA4/ACVRL1/VEGFC/EGR3/ETS1/PIK3CD/CORO1A,42,Module 2
GO:0090132,epithelium migration,42/1244,232/12061,0.1810344827586207,1.7551904313116753,3.9387361073122005,1.991298529916591e-4,0.006240703562712453,0.005229299269825681,STAT5A/MAP2K5/CTSH/PRKCA/GIPC1/PTP4A3/PRKX/GPX1/MACF1/VASH1/CYP1B1/BCAS3/ZNF580/IQSEC1/DPP4/PRKCE/NR4A1/STARD13/TNFSF12/PTPRM/ITGA3/PTGS2/ADTRP/ENPP2/SEMA4A/SPRED1/PLEKHG5/EDN2/LRG1/ADGRA2/ADAMTS9/TGFBR2/ADGRB1/TNF/INSL3/DNAJA4/ACVRL1/VEGFC/EGR3/ETS1/PIK3CD/CORO1A,42,Module 2
GO:0018108,peptidyl-tyrosine phosphorylation,35/1244,182/12061,0.19230769230769232,1.8644880039574574,3.985062648251613,2.011288464178196e-4,0.006262420899827565,0.00524749697044988,SOCS3/OSM/SAMSN1/CD80/JAK3/NEDD9/DLG3/DMTN/IL15/CD44/PRKCE/CBLB/LIF/IL9/PRLR/IL13/ENPP2/TNFRSF18/CD36/IL6/TNF/IL5/TNFRSF1A/LYN/IL11/PDGFRA/ACVR1/SOCS1/MVP/CSF1R/ZAP70/CCL5/FGFR4/SEMA4D/UNC119,35,Module 2
GO:0030098,lymphocyte differentiation,57/1244,345/12061,0.16521739130434782,1.6018383894869284,3.846185107182448,2.139430073046711e-4,0.0066184304517799865,0.005545809567958774,SOCS3/CD80/JAK3/PIK3R1/GPR183/STAT5B/BCL6/IL15/SASH3/STAT3/SPN/SMAD7/TNFSF4/WNT10B/IL7R/IL2RA/NFKBIZ/CD3G/KLHL25/CD3D/SLAMF1/CD40LG/IL9/STAT4/RHOH/CARD11/ITM2A/GPR18/IL12RB1/CTLA4/SEMA4A/NFAM1/IL6/INHBA/CD8A/JAG2/TGFBR2/CCR6/PGLYRP3/IL11/HLX/EGR3/FUT7/FOXP3/RORC/NCKAP1L/HLA-DOA/IRF1/SOCS1/LYL1/BATF/PIK3CD/ZAP70/TNFRSF9/RASGRP1/IL4R/ZMIZ1,57,Module 2
GO:0045623,negative regulation of T-helper cell differentiation,7/1244,14/12061,0.5,4.847668810289389,4.88486622484517,2.1796207068318713e-4,0.006679718572550272,0.005597164983573765,JAK3/BCL6/SMAD7/TNFSF4/HLX/FOXP3/IL4R,7,Module 2
GO:0007043,cell-cell junction assembly,21/1244,89/12061,0.23595505617977527,2.2876639329455544,4.13470576754561,2.1871028485722477e-4,0.006679718572550272,0.005597164983573765,PRKCA/RHOC/SMAD7/CLDN16/CDH1/CNTNAP1/GJB2/CD9/CLDN7/ZNF703/CNTNAP2/LSR/TNF/CDH8/PRKCH/CLDN4/CDH11/TJP1/ACVRL1/AFDN/VCL,21,Module 2
GO:1902305,regulation of sodium ion transmembrane transport,11/1244,32/12061,0.34375,3.332772307073955,4.48087683793615,2.2371612857645355e-4,0.006789359724836043,0.005689037060468509,DMD/SLC9A1/PRKCE/FXYD5/ATP1B2/FXYD2/SCN1B/TESC/PTPN3/RANGRF/ATP1B3,11,Module 2
GO:0030048,actin filament-based movement,20/1244,83/12061,0.24096385542168675,2.3362259326695853,4.142449446228129,2.268334957566095e-4,0.006840670516685174,0.005732032130440108,BIN1/FRMD6/SLC9A1/SCN11A/PDE4B/CACNA1D/MYO5C/ABCC9/RYR2/PDE4D/HCN4/SCN1B/CACNA1G/SCN8A/CACNA2D1/WIPF1/MYO1G/WAS/MYO5A/RANGRF,20,Module 2
GO:0002275,myeloid cell activation involved in immune response,18/1244,71/12061,0.2535211267605634,2.4579729178932115,4.178298557725742,2.3413860182794512e-4,0.00701684122353123,0.005879651599850436,NR4A3/SCN11A/PRKCE/GAB2/SLAMF1/S100A13/CLNK/ITGAM/IL13/TNF/FCER1A/LYN/CCL3/PRAM1/UNC13D/PIK3CD/RASGRP1/IL4R,18,Module 2
GO:0071417,cellular response to organonitrogen compound,68/1244,432/12061,0.1574074074074074,1.5261179587948077,3.776454389811796,2.4024492621058831e-4,0.0071551206284457824,0.00599552064953132,STAT5A/LPIN2/TYK2/PRKCA/SOCS3/SESN3/JAK3/PIK3R1/COMT/MAPK13/RAPGEF2/STAT5B/BCL2L1/FAT1/SLC9A1/DMTN/STAT3/CYP1B1/NR4A3/VIM/WNT10B/MZB1/NR4A1/APLP1/CPS1/NEURL1/CDH1/PTGS2/GNAO1/COL1A1/NTRK2/GJB2/CD36/RYR2/FBN1/INHBA/GNA15/AGTRAP/HTR3B/COL1A2/TNF/GRB10/TNS2/COL5A2/PRKN/HCN4/GHRL/LYN/SLC2A4/AHSG/COL16A1/PDGFRA/FUT7/IRS1/SOCS1/CACNA2D1/GNG2/TBC1D4/STAMBPL1/NPR2/FOXO1/SGCB/MYO5A/PKD2/CFLAR/PCK2/GRIN2D/SESN2,68,Module 2
GO:0045582,positive regulation of T cell differentiation,22/1244,96/12061,0.22916666666666666,2.22184820471597,4.075932181973491,2.448307445698295e-4,0.007246687779088472,0.0060722479013842695,CD80/STAT5B/BCL6/SASH3/TNFSF4/WNT10B/IL7R/IL2RA/NFKBIZ/KLHL25/RHOH/IL12RB1/TGFBR2/HLX/EGR3/FOXP3/NCKAP1L/SOCS1/ZAP70/RASGRP1/IL4R/ZMIZ1,22,Module 2
GO:0018212,peptidyl-tyrosine modification,35/1244,184/12061,0.19021739130434784,1.8442218300013984,3.9132945719404515,2.5050012477311433e-4,0.007353634642830551,0.0061618623416243275,SOCS3/OSM/SAMSN1/CD80/JAK3/NEDD9/DLG3/DMTN/IL15/CD44/PRKCE/CBLB/LIF/IL9/PRLR/IL13/ENPP2/TNFRSF18/CD36/IL6/TNF/IL5/TNFRSF1A/LYN/IL11/PDGFRA/ACVR1/SOCS1/MVP/CSF1R/ZAP70/CCL5/FGFR4/SEMA4D/UNC119,35,Module 2
GO:0043542,endothelial cell migration,32/1244,163/12061,0.19631901840490798,1.903379164776202,3.9378332258394217,2.515111744367488e-4,0.007353634642830551,0.0061618623416243275,STAT5A/MAP2K5/PRKCA/GIPC1/PTP4A3/PRKX/GPX1/VASH1/CYP1B1/BCAS3/ZNF580/DPP4/NR4A1/STARD13/TNFSF12/PTPRM/PTGS2/ADTRP/SEMA4A/SPRED1/PLEKHG5/EDN2/ADGRA2/ADAMTS9/ADGRB1/TNF/DNAJA4/ACVRL1/VEGFC/EGR3/ETS1/PIK3CD,32,Module 2
GO:0060326,cell chemotaxis,37/1244,199/12061,0.18592964824120603,1.8026507133739438,3.8717258989734176,2.7150130519861974e-4,0.007889992475317464,0.006611294940626038,HSD3B7/NEDD9/GPR183/ZNF580/DPP4/PDE4B/NR4A1/SLAMF1/GPR18/ACKR3/PADI2/PLEKHG5/IL6/EDN2/CXCL3/TNFAIP6/CCR10/CCR6/PLXNB3/LYN/CCL3/EPHB1/PGF/PPBP/PDGFRA/DAPK2/VEGFC/EGR3/SAA1/NCKAP1L/ITGA1/CSF1R/PIK3CD/CORO1A/CCL5/LGALS3/RHOG,37,Module 2
GO:0045619,regulation of lymphocyte differentiation,33/1244,171/12061,0.19298245614035087,1.871030067129238,3.890189020736129,2.824708240498647e-4,0.008113604015786946,0.00679866670945805,CD80/JAK3/STAT5B/BCL6/IL15/SASH3/SMAD7/TNFSF4/WNT10B/IL7R/IL2RA/NFKBIZ/KLHL25/RHOH/CARD11/IL12RB1/CTLA4/NFAM1/INHBA/TGFBR2/PGLYRP3/HLX/EGR3/FOXP3/NCKAP1L/HLA-DOA/IRF1/SOCS1/BATF/ZAP70/RASGRP1/IL4R/ZMIZ1,33,Module 2
GO:1902106,negative regulation of leukocyte differentiation,18/1244,72/12061,0.25,2.4238344051446945,4.109270025371121,2.825801607166674e-4,0.008113604015786946,0.00679866670945805,JAK3/PIK3R1/BCL6/SMAD7/TNFSF4/GPR55/CTLA4/FBN1/TNFAIP6/INHBA/PGLYRP3/LYN/CCL3/HLX/FOXP3/IRF1/SOCS1/IL4R,18,Module 2
GO:0043303,mast cell degranulation,12/1244,38/12061,0.3157894736842105,3.061685564393298,4.31656449343473,2.9017837881732515e-4,0.008217174882703886,0.0068854522863247315,NR4A3/SCN11A/GAB2/S100A13/CLNK/IL13/FCER1A/LYN/UNC13D/PIK3CD/RASGRP1/IL4R,12,Module 2
GO:0045620,negative regulation of lymphocyte differentiation,12/1244,38/12061,0.3157894736842105,3.061685564393298,4.31656449343473,2.9017837881732515e-4,0.008217174882703886,0.0068854522863247315,JAK3/BCL6/SMAD7/TNFSF4/CTLA4/INHBA/PGLYRP3/HLX/FOXP3/IRF1/SOCS1/IL4R,12,Module 2
GO:0090130,tissue migration,42/1244,236/12061,0.17796610169491525,1.7254414409504604,3.816701689030325,2.913284108570721e-4,0.008217174882703886,0.0068854522863247315,STAT5A/MAP2K5/CTSH/PRKCA/GIPC1/PTP4A3/PRKX/GPX1/MACF1/VASH1/CYP1B1/BCAS3/ZNF580/IQSEC1/DPP4/PRKCE/NR4A1/STARD13/TNFSF12/PTPRM/ITGA3/PTGS2/ADTRP/ENPP2/SEMA4A/SPRED1/PLEKHG5/EDN2/LRG1/ADGRA2/ADAMTS9/TGFBR2/ADGRB1/TNF/INSL3/DNAJA4/ACVRL1/VEGFC/EGR3/ETS1/PIK3CD/CORO1A,42,Module 2
GO:0060416,response to growth hormone,10/1244,28/12061,0.35714285714285715,3.462620578778135,4.424049635302543,3.0216042644540356e-4,0.008423600260498314,0.007058423180796238,STAT5A/TYK2/JAK3/PIK3R1/TRIM16/STAT5B/STAT3/CPS1/GHRL/LYN,10,Module 2
GO:2000515,"negative regulation of CD4-positive, alpha-beta T cell activation",10/1244,28/12061,0.35714285714285715,3.462620578778135,4.424049635302543,3.0216042644540356e-4,0.008423600260498314,0.007058423180796238,TWSG1/JAK3/BCL6/SMAD7/TNFSF4/CBLB/CD274/HLX/FOXP3/IL4R,10,Module 2
GO:0050730,regulation of peptidyl-tyrosine phosphorylation,30/1244,151/12061,0.1986754966887417,1.926226017333532,3.8840069479157626,3.126984363589389e-4,0.008666988452838798,0.007262366483614662,SOCS3/OSM/SAMSN1/CD80/NEDD9/DLG3/DMTN/IL15/CD44/PRKCE/CBLB/LIF/IL9/IL13/ENPP2/TNFRSF18/CD36/IL6/TNF/IL5/TNFRSF1A/LYN/IL11/ACVR1/SOCS1/MVP/CSF1R/CCL5/SEMA4D/UNC119,30,Module 2
GO:0060396,growth hormone receptor signaling pathway,8/1244,19/12061,0.42105263157894735,4.082247419191065,4.559586045905464,3.338129318437301e-4,0.009199040276957966,0.007708190930716986,STAT5A/TYK2/JAK3/PIK3R1/STAT5B/STAT3/GHRL/LYN,8,Module 2
GO:1903131,mononuclear cell differentiation,61/1244,382/12061,0.15968586387434555,1.5482083634955641,3.6923676586336334,3.3607528239371754e-4,0.00920846273758786,0.007716086333213954,SOCS3/CD80/JAK3/PIK3R1/GPR183/STAT5B/BCL6/IL15/SASH3/STAT3/SPN/SMAD7/TNFSF4/WNT10B/IL7R/IL2RA/NFKBIZ/CD3G/KLHL25/CD3D/SLAMF1/CD40LG/IL9/STAT4/RHOH/CARD11/ITM2A/GPR18/IL12RB1/CTLA4/SEMA4A/NFAM1/IL6/INHBA/CD8A/JAG2/TGFBR2/DHRS2/CCR6/PGLYRP3/LYN/IL11/HLX/EGR3/FUT7/FOXP3/RORC/NCKAP1L/HLA-DOA/PDE1B/IRF1/SOCS1/LYL1/CSF1R/BATF/PIK3CD/ZAP70/TNFRSF9/RASGRP1/IL4R/ZMIZ1,61,Module 2
GO:0001938,positive regulation of endothelial cell proliferation,17/1244,67/12061,0.2537313432835821,2.460011038057302,4.063890031821952,3.4242137633217374e-4,0.009278939813108483,0.007775141488751458,STAT5A/PRKCA/STAT3/ZNF580/NR4A1/TNFSF12/HSPG2/LRG1/ANG/GHRL/PLXNB3/PGF/ACVRL1/VEGFC/EGR3/PIK3CD/PPP1R16B,17,Module 2
GO:0046638,positive regulation of alpha-beta T cell differentiation,13/1244,44/12061,0.29545454545454547,2.8645315697164575,4.201733255213632,3.425176948738689e-4,0.009278939813108483,0.007775141488751458,CD80/SASH3/TNFSF4/NFKBIZ/KLHL25/IL12RB1/TGFBR2/HLX/FOXP3/NCKAP1L/SOCS1/ZAP70/IL4R,13,Module 2
GO:0001936,regulation of endothelial cell proliferation,21/1244,92/12061,0.22826086956521738,2.2130661960016775,3.960772609607134,3.5571752517264406e-4,0.009582390635970946,0.008029413326930706,STAT5A/PRKCA/VASH1/STAT3/ZNF580/NR4A1/TNFSF12/PTPRM/HSPG2/LRG1/TNF/ANG/GHRL/PLXNB3/PGF/ACVRL1/VEGFC/EGR3/ATP5IF1/PIK3CD/PPP1R16B,21,Module 2
GO:0007260,tyrosine phosphorylation of STAT protein,14/1244,50/12061,0.28,2.7146945337620583,4.1201460519725766,3.7958358326787905e-4,0.010111684898719334,0.008472927118909322,SOCS3/OSM/JAK3/IL15/LIF/IL13/TNFRSF18/IL6/TNF/TNFRSF1A/LYN/SOCS1/CSF1R/CCL5,14,Module 2
GO:0045576,mast cell activation,14/1244,50/12061,0.28,2.7146945337620583,4.1201460519725766,3.7958358326787905e-4,0.010111684898719334,0.008472927118909322,NR4A3/SCN11A/GAB2/LCP2/S100A13/CLNK/RHOH/IL13/FCER1A/LYN/UNC13D/PIK3CD/RASGRP1/IL4R,14,Module 2
GO:0002699,positive regulation of immune effector process,35/1244,188/12061,0.18617021276595744,1.8049830676609424,3.7723837490003342,3.828271389611601e-4,0.010141746581871617,0.008498116832886001,CD55/HK1/CD80/STAT5B/SASH3/NR4A3/TNFSF4/TNFRSF4/ZP3/MZB1/GAB2/NFKBIZ/IL1R1/COLEC10/SLAMF1/CLNK/FCER2/TLR7/ITGAM/IL13/PVR/IL12RB1/CARD9/CD36/IL6/TNF/IL5/IL18RAP/IL17F/HLX/FOXP3/RASGRP1/HLA-DMB/IL4R/MYO18A,35,Module 2
GO:0002685,regulation of leukocyte migration,32/1244,167/12061,0.19161676646706588,1.8577892446618018,3.7853434888196125,3.9568525372052707e-4,0.010424784569175425,0.008735284056976586,PIK3R1/NEDD9/EMILIN1/SPN/ZNF580/DPP4/GCNT1/ZP3/IL1R1/SLAMF1/GPR18/ADTRP/TNFRSF18/PADI2/IL6/EDN2/CD9/TNFAIP6/TNF/CCR6/LYN/CCL3/PGF/DAPK2/VEGFC/FUT7/NCKAP1L/CSF1R/CORO1A/CCL5/LGALS3/ST3GAL4,32,Module 2
GO:0006690,icosanoid metabolic process,17/1244,68/12061,0.25,2.4238344051446945,3.992826614016051,4.134172308911351e-4,0.010742648072207941,0.009001632773528941,COMT/GPX1/CYP1B1/ALOX12B/PLA2G4A/PTGS2/CYP1A2/PTGES/EDN2/AKR1C4/TNFRSF1A/CYP1A1/CYP4Z1/DAGLA/TBXAS1/FADS1/AKR1C2,17,Module 2
GO:0001935,endothelial cell proliferation,23/1244,106/12061,0.2169811320754717,2.1037053327670936,3.870452238035053,4.165733417424182e-4,0.010742648072207941,0.009001632773528941,STAT5A/PRKCA/PRKX/VASH1/STAT3/ZNF580/ERN1/NR4A1/TNFSF12/PTPRM/HSPG2/LRG1/TNF/ANG/GHRL/PLXNB3/PGF/ACVRL1/VEGFC/EGR3/ATP5IF1/PIK3CD/PPP1R16B,23,Module 2
GO:0045766,positive regulation of angiogenesis,23/1244,106/12061,0.2169811320754717,2.1037053327670936,3.870452238035053,4.165733417424182e-4,0.010742648072207941,0.009001632773528941,CTSH/PRKCA/MTDH/EMILIN1/STAT3/CYP1B1/ADM2/TNFSF12/GATA6/EMILIN2/ITGAX/LRG1/TGFBR2/GHRL/SPHK1/PGF/TJP1/ACVRL1/VEGFC/HSPB6/ETS1/PIK3CD/HK2,23,Module 2
GO:0023061,signal release,53/1244,323/12061,0.16408668730650156,1.5908758324788708,3.650319386982705,4.1708578799152184e-4,0.010742648072207941,0.009001632773528941,RAB11FIP1/NLGN1/CASK/OSM/ORAI1/COMT/SYT4/ITPR1/STX3/PRKCE/NR4A1/LIF/PLA2G4A/MCTP2/OTOF/ABCA12/NRXN2/PTGS2/SYBU/ABAT/PTGES/CHRNA4/ERC2/IL6/RIMS2/INHBA/GABBR1/P2RX1/FFAR1/CADPS2/TNF/IL1RN/RPH3AL/ADORA2A/PRKN/GHRL/SYN1/GRIK5/SPP1/LYN/IL11/STX1B/SYT5/UNC13B/UNC13A/IRS1/FOXD1/CPLX1/SELENOM/CCL5/FOXO1/PCK2/C2CD2L,53,Module 2
GO:0019369,arachidonic acid metabolic process,10/1244,29/12061,0.3448275862068966,3.3432198691650963,4.284237692697018,4.1895207288902717e-4,0.010742648072207941,0.009001632773528941,GPX1/CYP1B1/ALOX12B/PLA2G4A/PTGS2/CYP1A2/CYP1A1/CYP4Z1/DAGLA/TBXAS1,10,Module 2
GO:0007189,adenylate cyclase-activating G protein-coupled receptor signaling pathway,19/1244,81/12061,0.2345679012345679,2.2742149974197132,3.901999793091921,4.647194558924297e-4,0.011852818037256385,0.009931882212437872,PRKCA/S1PR4/RAPGEF2/PTGER3/AKAP13/ADM2/PDE4B/APLP1/PTGIR/RAMP3/RXFP1/ADGRB1/ADORA2A/S1PR3/ADGRD1/GPR3/CRTC3/GNG2/GPR65,19,Module 2
GO:0032612,interleukin-1 production,18/1244,75/12061,0.24,2.3268810289389066,3.9089121407441922,4.837779184243656e-4,0.012209026941288595,0.010230361853882567,HK1/TRIM16/STAT3/CARD16/S100A13/GBP5/CD36/IL6/FFAR1/TNF/CD33/GHRL/SPHK1/S1PR3/IL1R2/CCL3/SAA1/AIM2,18,Module 2
GO:0032652,regulation of interleukin-1 production,18/1244,75/12061,0.24,2.3268810289389066,3.9089121407441922,4.837779184243656e-4,0.012209026941288595,0.010230361853882567,HK1/TRIM16/STAT3/CARD16/S100A13/GBP5/CD36/IL6/FFAR1/TNF/CD33/GHRL/SPHK1/S1PR3/IL1R2/CCL3/SAA1/AIM2,18,Module 2
GO:0016042,lipid catabolic process,40/1244,227/12061,0.1762114537444934,1.708429536665864,3.6540478936465894,4.941802637569007e-4,0.012387714495432162,0.010380090275849747,LPIN2/ACAA2/GALC/NUDT8/CYP1B1/MTLN/PRKCE/AIG1/MFSD2A/PLCB2/CPS1/PLA2G4A/LIPE/ADTRP/ENPP2/CYP1A2/HCAR1/PLAAT4/HSD17B14/TNF/ABHD1/ECHDC2/SPHK1/SPP1/PLA1A/DAGLA/CRTC3/ACACB/IRS1/SMPD1/SRD5A3/PLCXD2/PLD6/ACADS/LCT/AUH/PCK2/HSD17B11/SESN2/FMC1,40,Module 2
GO:0031338,regulation of vesicle fusion,8/1244,20/12061,0.4,3.8781350482315116,4.368429356454821,5.063591326600008e-4,0.012387714495432162,0.010380090275849747,SYT4/SLAMF1/ERC2/SPHK1/GRIK5/CPLX1/CORO1A/TBC1D4,8,Module 2
GO:0035739,"CD4-positive, alpha-beta T cell proliferation",8/1244,20/12061,0.4,3.8781350482315116,4.368429356454821,5.063591326600008e-4,0.012387714495432162,0.010380090275849747,CD55/TWSG1/IL2RA/CBLB/CD274/CARD11/TGFBR2/FOXP3,8,Module 2
GO:0046639,negative regulation of alpha-beta T cell differentiation,8/1244,20/12061,0.4,3.8781350482315116,4.368429356454821,5.063591326600008e-4,0.012387714495432162,0.010380090275849747,JAK3/BCL6/SMAD7/TNFSF4/HLX/FOXP3/SOCS1/IL4R,8,Module 2
GO:0071378,cellular response to growth hormone stimulus,8/1244,20/12061,0.4,3.8781350482315116,4.368429356454821,5.063591326600008e-4,0.012387714495432162,0.010380090275849747,STAT5A/TYK2/JAK3/PIK3R1/STAT5B/STAT3/GHRL/LYN,8,Module 2
GO:2000561,"regulation of CD4-positive, alpha-beta T cell proliferation",8/1244,20/12061,0.4,3.8781350482315116,4.368429356454821,5.063591326600008e-4,0.012387714495432162,0.010380090275849747,CD55/TWSG1/IL2RA/CBLB/CD274/CARD11/TGFBR2/FOXP3,8,Module 2
GO:0002703,regulation of leukocyte mediated immunity,34/1244,184/12061,0.18478260869565216,1.7915297777156436,3.6690465379919535,5.305710048012235e-4,0.01291415212193841,0.010821210394476463,CD55/CD80/JAK3/STAT5B/BCL6/SASH3/SPN/SMAD7/TNFSF4/IL7R/ZP3/GAB2/IL1R1/SLAMF1/CLNK/FCER2/C4BPB/ITGAM/IL13/PVR/IL12RB1/IL6/TNF/IL18RAP/LYN/PRAM1/FUT7/FOXP3/NCKAP1L/CD96/UNC13D/WAS/RASGRP1/IL4R,34,Module 2
GO:0045622,regulation of T-helper cell differentiation,11/1244,35/12061,0.3142857142857143,3.047106109324759,4.112862646650862,5.41178280124737e-4,0.013026233233348204,0.010915126996693945,CD80/JAK3/BCL6/SMAD7/TNFSF4/NFKBIZ/IL12RB1/HLX/FOXP3/BATF/IL4R,11,Module 2
GO:0120254,olefinic compound metabolic process,19/1244,82/12061,0.23170731707317074,2.2464806681828877,3.840719764565489,5.474783185087282e-4,0.013026233233348204,0.010915126996693945,RDH10/DHRS7/GPX1/STAT5B/CYP1B1/FADS2/ALOX12B/PLA2G4A/LIPE/PTGS2/CYP1A2/AKR1C4/CYP1A1/ABCA4/CYP4Z1/DAGLA/TBXAS1/FADS1/AKR1C2,19,Module 2
GO:0098742,cell-cell adhesion via plasma-membrane adhesion molecules,27/1244,135/12061,0.2,1.9390675241157558,3.7208891541598286,5.481192040726533e-4,0.013026233233348204,0.010915126996693945,MAP2K5/NLGN1/FAT1/MBP/FXYD5/MPZ/PTPRM/CLDN16/CDH1/ITGAM/ITGA3/PVR/DSCAML1/ROBO3/HMCN2/DSCAM/CLDN7/LRFN5/TGFBR2/CDH8/IL1RN/CEACAM19/LRRC4B/PLXNB3/CLDN4/CDH11/ACVR1,27,Module 2
GO:0045621,positive regulation of lymphocyte differentiation,23/1244,108/12061,0.21296296296296297,2.06474782660474,3.769212385011791,5.514755675432087e-4,0.013026233233348204,0.010915126996693945,CD80/STAT5B/BCL6/IL15/SASH3/TNFSF4/WNT10B/IL7R/IL2RA/NFKBIZ/KLHL25/RHOH/IL12RB1/TGFBR2/HLX/EGR3/FOXP3/NCKAP1L/SOCS1/ZAP70/RASGRP1/IL4R/ZMIZ1,23,Module 2
GO:0050905,neuromuscular process,23/1244,108/12061,0.21296296296296297,2.06474782660474,3.769212385011791,5.514755675432087e-4,0.013026233233348204,0.010915126996693945,DMD/COMT/ASCL1/ITPR1/GAA/MAP1A/ACTN3/NR4A1/STRA6/ADARB1/GSTO1/CNTNAP1/NPAS1/ATP8A2/JPH4/CNTNAP2/TNF/SPTBN4/ADORA2A/PRKN/USH1G/NPR2/GRIN2D,23,Module 2
GO:1904018,positive regulation of vasculature development,23/1244,108/12061,0.21296296296296297,2.06474782660474,3.769212385011791,5.514755675432087e-4,0.013026233233348204,0.010915126996693945,CTSH/PRKCA/MTDH/EMILIN1/STAT3/CYP1B1/ADM2/TNFSF12/GATA6/EMILIN2/ITGAX/LRG1/TGFBR2/GHRL/SPHK1/PGF/TJP1/ACVRL1/VEGFC/HSPB6/ETS1/PIK3CD/HK2,23,Module 2
GO:0017157,regulation of exocytosis,28/1244,142/12061,0.19718309859154928,1.911756713916942,3.7062410465244615,5.543636829094773e-4,0.013030264017406586,0.01091850452871762,NLGN1/CASK/SEPTIN1/SYT4/SCAMP5/HYAL3/STXBP6/ZP3/GAB2/SDC4/ITGAM/IL13/RIMS2/RAB26/P2RX1/CADPS2/RPH3AL/PRKN/SYN1/LYN/PRAM1/SYT5/NCKAP1L/CPLX1/UNC13D/RAB9A/RAB3D/IL4R,28,Module 2
GO:1901699,cellular response to nitrogen compound,72/1244,477/12061,0.1509433962264151,1.463447188011891,3.502358479749316,5.605103162416086e-4,0.013110473006724455,0.010985714388160308,STAT5A/LPIN2/TYK2/PRKCA/SOCS3/SESN3/JAK3/PIK3R1/COMT/MAPK13/RAPGEF2/ITPR1/STAT5B/BCL2L1/FAT1/SLC9A1/DMTN/STING1/STAT3/CYP1B1/NR4A3/VIM/WNT10B/MZB1/NR4A1/APLP1/CPS1/NEURL1/CDH1/PTGS2/GNAO1/COL1A1/NTRK2/GJB2/CD36/CHRNA4/RYR2/FBN1/ACHE/INHBA/GNA15/AGTRAP/HTR3B/COL1A2/TNF/GRB10/TNS2/COL5A2/PRKN/HCN4/GHRL/LYN/SLC2A4/AHSG/COL16A1/PDGFRA/FUT7/IRS1/SOCS1/CACNA2D1/GNG2/TBC1D4/STAMBPL1/NPR2/FOXO1/SGCB/MYO5A/PKD2/CFLAR/PCK2/GRIN2D/SESN2,72,Module 2
GO:2000649,regulation of sodium ion transmembrane transporter activity,9/1244,25/12061,0.36,3.4903215434083603,4.226829887757288,5.662268092688174e-4,0.013179891021572715,0.011043882120485826,DMD/SLC9A1/PRKCE/FXYD5/FXYD2/SCN1B/TESC/PTPN3/RANGRF,9,Module 2
GO:1903707,negative regulation of hemopoiesis,18/1244,76/12061,0.23684210526315788,2.2962641732949733,3.8442508951232752,5.739121254181327e-4,0.013294244644347565,0.011139702937813438,JAK3/PIK3R1/BCL6/SMAD7/TNFSF4/GPR55/CTLA4/FBN1/TNFAIP6/INHBA/PGLYRP3/LYN/CCL3/HLX/FOXP3/IRF1/SOCS1/IL4R,18,Module 2
GO:0002237,response to molecule of bacterial origin,41/1244,237/12061,0.1729957805907173,1.6772524997625735,3.570861520594203,6.223042845560976e-4,0.014345908867531194,0.012020928411693445,CD55/PRKCA/CD80/MTDH/IL10RA/CDK19/TLR1/SIGIRR/VIM/TNFSF4/PRKCE/PDE4B/NR4A1/NFKBIZ/CPS1/CD274/CARD16/IL13/PTGS2/PTGIR/GBP5/GJB2/CARD9/LY96/CD36/LOXL1/IL6/CXCL3/IRAK2/TNF/PDCD1LG2/CYP1A1/LYN/PPBP/FOXP3/CD96/IL12RB2/NFKB2/PCK2/PLSCR3/SLC11A1,41,Module 2
GO:0002279,mast cell activation involved in immune response,12/1244,41/12061,0.2926829268292683,2.837659791388911,3.997010017203626,6.322966608314877e-4,0.014437440422318969,0.012097625836560343,NR4A3/SCN11A/GAB2/S100A13/CLNK/IL13/FCER1A/LYN/UNC13D/PIK3CD/RASGRP1/IL4R,12,Module 2
GO:0002448,mast cell mediated immunity,12/1244,41/12061,0.2926829268292683,2.837659791388911,3.997010017203626,6.322966608314877e-4,0.014437440422318969,0.012097625836560343,NR4A3/SCN11A/GAB2/S100A13/CLNK/IL13/FCER1A/LYN/UNC13D/PIK3CD/RASGRP1/IL4R,12,Module 2
GO:0032103,positive regulation of response to external stimulus,67/1244,440/12061,0.15227272727272728,1.476335501315405,3.4518186237909987,6.786396498914459e-4,0.015373237584558618,0.012881762331433014,PRKCA/OSM/PIK3R1/NEDD9/MAPK13/RNF34/EMILIN1/STAT5B/PTGER3/IL15/STING1/TLR1/TNFSF4/STX3/ZNF580/NLRC3/IKBKE/PRKCE/ZP3/NFKBIZ/CD274/COLEC10/SLAMF1/CLNK/TLR7/PYHIN1/PVR/PTGS2/GBP5/EMILIN2/IL1RL1/CARD9/LY96/CD36/TRAF3IP3/PLAU/IL6/EDN2/DSCAM/IRAK2/TNF/IL18RAP/TNFRSF1A/PYDC5/PIK3AP1/GHRL/CCR6/LYN/IL17F/CCL3/PGF/PDGFRA/DAPK2/VEGFC/NCKAP1L/IRF1/ALPK1/CSF1R/ETS1/CYBA/CCL5/RASGRP1/AIM2/TRIM3/NLRX1/BIRC3/ATAT1,67,Module 2
GO:0050673,epithelial cell proliferation,48/1244,291/12061,0.16494845360824742,1.5992309477243345,3.508996435295559,6.796926731859076e-4,0.015373237584558618,0.012881762331433014,STAT5A/MAP2K5/CASK/PRKCA/RPS6KA1/PRKX/GPX1/BCL2L1/VASH1/STAT3/NR4A3/WNT10B/ZNF580/NLRC3/ERN1/SFN/MAP2K1/ST8SIA1/NR4A1/NFKBIZ/TNFSF12/PTPRM/NKX2-8/HSPG2/IL6/SIX4/LRG1/ZNF703/YAP1/TNF/IGFBP3/ANG/GHRL/PLXNB3/IQGAP3/PGF/HLX/ACVRL1/VEGFC/EGR3/LAMB1/ATP5IF1/PIK3CD/CCL5/PPP1R16B/B4GALT1/CFLAR/FMC1,48,Module 2
GO:0042509,regulation of tyrosine phosphorylation of STAT protein,13/1244,47/12061,0.2765957446808511,2.681689129096258,3.9172497469982592,6.922676040967773e-4,0.015497764950888853,0.01298610807695357,SOCS3/OSM/IL15/LIF/IL13/TNFRSF18/IL6/TNF/TNFRSF1A/LYN/SOCS1/CSF1R/CCL5,13,Module 2
GO:0051924,regulation of calcium ion transport,30/1244,158/12061,0.189873417721519,1.8408868899833126,3.6080150254776315,6.936040495939902e-4,0.015497764950888853,0.01298610807695357,DMD/CASK/ORAI1/BIN1/SLC9A1/PRKCE/PDE4B/GSTO1/IL13/PTGS2/CACNA1D/RYR2/PDE4D/JPH4/GPR35/TMC1/PLPP4/P2RX1/FFAR1/ADORA2A/CD33/LYN/CCL3/BEST1/CACNA2D1/CORO1A/CYBA/CCL5/LGALS3/PKD2,30,Module 2
GO:1902107,positive regulation of leukocyte differentiation,29/1244,151/12061,0.19205298013245034,1.8620184834224145,3.614761101705079,6.981266380379546e-4,0.015497764950888853,0.01298610807695357,PRKCA/CD80/NEDD9/STAT5B/BCL6/IL15/SASH3/TNFSF4/WNT10B/IL7R/IL2RA/NFKBIZ/KLHL25/LIF/RHOH/IL12RB1/TGFBR2/TNF/IL5/HLX/EGR3/FOXP3/TESC/NCKAP1L/SOCS1/ZAP70/RASGRP1/IL4R/ZMIZ1,29,Module 2
GO:1903708,positive regulation of hemopoiesis,29/1244,151/12061,0.19205298013245034,1.8620184834224145,3.614761101705079,6.981266380379546e-4,0.015497764950888853,0.01298610807695357,PRKCA/CD80/NEDD9/STAT5B/BCL6/IL15/SASH3/TNFSF4/WNT10B/IL7R/IL2RA/NFKBIZ/KLHL25/LIF/RHOH/IL12RB1/TGFBR2/TNF/IL5/HLX/EGR3/FOXP3/TESC/NCKAP1L/SOCS1/ZAP70/RASGRP1/IL4R/ZMIZ1,29,Module 2
GO:0042531,positive regulation of tyrosine phosphorylation of STAT protein,11/1244,36/12061,0.3055555555555556,2.9624642729546267,3.998903243350966,7.075645994259716e-4,0.015563175478199695,0.013040917798208273,OSM/IL15/LIF/IL13/TNFRSF18/IL6/TNF/TNFRSF1A/LYN/CSF1R/CCL5,11,Module 2
GO:1903307,positive regulation of regulated secretory pathway,11/1244,36/12061,0.3055555555555556,2.9624642729546267,3.998903243350966,7.075645994259716e-4,0.015563175478199695,0.013040917798208273,NLGN1/SYT4/SCAMP5/HYAL3/ZP3/GAB2/ITGAM/IL13/UNC13D/RAB3D/IL4R,11,Module 2
GO:0050804,modulation of chemical synaptic transmission,50/1244,307/12061,0.16286644951140064,1.5790452150779768,3.485132154345105,7.132827776378665e-4,0.015617310131386165,0.013086279078316445,NLGN1/CASK/GIPC1/PRKAR1B/EIF2AK4/SYT4/RAPGEF2/STX3/MAP1A/PRKCE/APBA1/MCTP2/OTOF/NEURL1/PDE9A/CDH1/PTGS2/NTRK2/SYBU/LAMA2/CNTNAP4/SLC4A10/ERC2/PPP1R9A/ACHE/RIMS2/JPH4/GABBR1/P2RX1/ADGRB1/TNF/ADORA2A/BEGAIN/PRKN/GHRL/SYN1/GRIK5/DGKI/CDH11/EPHB1/FBXO2/DCC/STX1B/UNC13A/MAPK8IP2/CPLX1/DNM1/ATF4/ITPKA/GRIN2D,50,Module 2
GO:0010721,negative regulation of cell development,33/1244,180/12061,0.18333333333333332,1.7774785637727761,3.563925422523964,7.338820615674332e-4,0.015995293114617466,0.013403003966521018,JAK3/PIK3R1/SYT4/RAPGEF2/BCL6/SMAD7/TNFSF4/RFLNB/GPR55/CDH1/CTLA4/ULK2/SEMA4A/FSTL4/IL6/FBN1/DLL3/TNFAIP6/INHBA/TNF/S1PR3/PGLYRP3/SPP1/LYN/CCL3/DCC/HLX/FOXP3/IRF1/SOCS1/NPR2/SEMA4D/IL4R,33,Module 2
GO:0061564,axon development,57/1244,362/12061,0.1574585635359116,1.5266139347320173,3.44986968820655,7.394893308936346e-4,0.016044576206493112,0.013444299957232689,TSPAN2/MACF1/UST/FN1/KIFBP/PRDM8/CYFIP2/SCN11A/MAP1A/MAP2K1/APLP1/ADARB1/PTPRM/CDH1/NKX2-8/CNTNAP1/DSCAML1/ROBO3/NTRK2/LAMA2/ULK2/CHODL/SEMA4A/FSTL4/HMCN2/EDN2/SLIT3/DSCAM/ATP8A2/APBB2/NRCAM/ADGRB1/SPTBN4/OLFM1/PLXNB3/NOTCH3/SPP1/SCN1B/CDH11/EPHB1/GAP43/LAMB2/DCC/PLXNA2/TIAM2/FOXD1/APBB1/CRPPA/CSF1R/NPR2/NEO1/PGRMC1/TTL/SEMA4D/FIGNL2/TUBB3/VCL,57,Module 2
GO:0002719,negative regulation of cytokine production involved in immune response,8/1244,21/12061,0.38095238095238093,3.693461950696677,4.18926350114865,7.445659899769654e-4,0.016081954603331304,0.013475620596216582,JAK3/BCL6/SMAD7/SLAMF1/TNF/FOXP3/CD96/NLRX1,8,Module 2
GO:0099177,regulation of trans-synaptic signaling,50/1244,308/12061,0.16233766233766234,1.5739184448991523,3.4600438437069663,7.686382807573012e-4,0.01652744644049892,0.013848913465426568,NLGN1/CASK/GIPC1/PRKAR1B/EIF2AK4/SYT4/RAPGEF2/STX3/MAP1A/PRKCE/APBA1/MCTP2/OTOF/NEURL1/PDE9A/CDH1/PTGS2/NTRK2/SYBU/LAMA2/CNTNAP4/SLC4A10/ERC2/PPP1R9A/ACHE/RIMS2/JPH4/GABBR1/P2RX1/ADGRB1/TNF/ADORA2A/BEGAIN/PRKN/GHRL/SYN1/GRIK5/DGKI/CDH11/EPHB1/FBXO2/DCC/STX1B/UNC13A/MAPK8IP2/CPLX1/DNM1/ATF4/ITPKA/GRIN2D,50,Module 2
GO:0001667,ameboidal-type cell migration,51/1244,316/12061,0.16139240506329114,1.5647538564858154,3.4499012595891627,7.837429298363051e-4,0.016776997091808406,0.014058020503689738,STAT5A/MAP2K5/CTSH/PRKCA/GIPC1/PTP4A3/PRKX/GPX1/MACF1/VASH1/DMTN/PRR5L/FN1/CYP1B1/BCAS3/ZNF580/ARID5B/IQSEC1/DPP4/PRKCE/NR4A1/STARD13/TNFSF12/SDC4/PTPRM/ITGA3/PTGS2/ADTRP/ENPP2/ACVR1B/SEMA4A/SPRED1/PLEKHG5/EDN2/LRG1/ADGRA2/ADAMTS9/TGFBR2/ADGRB1/TNF/INSL3/DNAJA4/ACVRL1/VEGFC/EGR3/MESP1/ACVR1/ETS1/PIK3CD/CORO1A/SEMA4D,51,Module 2
GO:0050731,positive regulation of peptidyl-tyrosine phosphorylation,22/1244,104/12061,0.21153846153846154,2.0509368043532032,3.6501657503143767,7.929504811607161e-4,0.01689865580962504,0.014159962510364693,OSM/CD80/NEDD9/DLG3/IL15/CD44/LIF/IL13/ENPP2/TNFRSF18/CD36/IL6/TNF/IL5/TNFRSF1A/LYN/IL11/ACVR1/CSF1R/CCL5/SEMA4D/UNC119,22,Module 2
GO:0032496,response to lipopolysaccharide,39/1244,225/12061,0.17333333333333334,1.6805251875669882,3.4943259542290304,8.030590509077104e-4,0.017038354642046335,0.014277020946971265,CD55/PRKCA/CD80/MTDH/IL10RA/CDK19/SIGIRR/VIM/TNFSF4/PRKCE/PDE4B/NR4A1/NFKBIZ/CPS1/CD274/CARD16/IL13/PTGS2/PTGIR/GBP5/GJB2/LY96/CD36/LOXL1/IL6/CXCL3/IRAK2/TNF/PDCD1LG2/CYP1A1/LYN/PPBP/FOXP3/CD96/IL12RB2/NFKB2/PCK2/PLSCR3/SLC11A1,39,Module 2
GO:0002709,regulation of T cell mediated immunity,17/1244,72/12061,0.2361111111111111,2.2891769381922114,3.720640637964227,8.388387052671739e-4,0.017719081902009246,0.014847425634151647,CD55/CD80/SASH3/SPN/SMAD7/TNFSF4/IL7R/ZP3/IL1R1/SLAMF1/PVR/IL12RB1/IL6/FUT7/FOXP3/NCKAP1L/WAS,17,Module 2
GO:0002700,regulation of production of molecular mediator of immune response,27/1244,139/12061,0.19424460431654678,1.883267019824655,3.551855468991141,8.776415770214586e-4,0.018457418253587255,0.015466102952404928,CD55/HK1/JAK3/BCL6/SASH3/NR4A3/SMAD7/TNFSF4/TNFRSF4/MZB1/IL1R1/SLAMF1/CLNK/CD40LG/TLR7/CD22/IL13/CARD9/CD36/IL6/TNF/IL5/IL17F/FOXP3/CD96/IL4R/NLRX1,27,Module 2
GO:0001964,startle response,7/1244,17/12061,0.4117647058823529,3.992197843767732,4.186584123203917,9.348948750066374e-4,0.01949052576372533,0.01633177912082533,COMT/NPAS1/CNTNAP2/ADORA2A/PRKN/NPR2/GRIN2D,7,Module 2
GO:0086019,cell-cell signaling involved in cardiac conduction,7/1244,17/12061,0.4117647058823529,3.992197843767732,4.186584123203917,9.348948750066374e-4,0.01949052576372533,0.01633177912082533,CACNA1D/RYR2/HCN4/SCN1B/CACNA1G/CACNA2D1/RANGRF,7,Module 2
GO:0002444,myeloid leukocyte mediated immunity,17/1244,73/12061,0.2328767123287671,2.2578183499977977,3.6554127170734634,9.904206997140036e-4,0.02055873270618462,0.017226866305802467,NR4A3/SCN11A/GAB2/S100A13/CLNK/ITGAM/IL13/CARD9/IL6/FCER1A/LYN/CCL3/PRAM1/UNC13D/PIK3CD/RASGRP1/IL4R,17,Module 2
GO:0070509,calcium ion import,12/1244,43/12061,0.27906976744186046,2.7056756150452403,3.7996622825908295,0.001011236858465774,0.02090034800148011,0.01751311746263094,CASK/ORAI1/CACNA1E/CACNA1D/PLPP4/P2RX1/CACNA1F/CCL3/CACNA1G/CACNA2D1/LGALS3/PKD2,12,Module 2
GO:0050708,regulation of protein secretion,34/1244,191/12061,0.17801047120418848,1.725871618322924,3.4291112030914004,0.0010530509474576154,0.02124506665439776,0.017801969029106253,RAB11FIP1/ORAI1/SYT4/ITPR1/PRKCE/FRMD4A/ABCG1/ABCA12/IL13/ADTRP/SYBU/ABAT/IL6/ACHE/FFAR1/TNF/RPH3AL/ANG/ADORA2A/CD33/PRKN/GHRL/UNC13B/VEGFC/SAA1/IRS1/APBB1/CCL5/FOXO1/NEO1/PCK2/C2CD2L/MYO18A/RHBDF2,34,Module 2
GO:0002285,lymphocyte activation involved in immune response,30/1244,162/12061,0.18518518518518517,1.7954328926997736,3.4564975244732317,0.0010586761339879203,0.02124506665439776,0.017801969029106253,SOCS3/CD80/JAK3/EIF2AK4/GPR183/BCL6/STAT3/SPN/SMAD7/TNFSF4/NFKBIZ/CD40LG/STAT4/ITM2A/IL12RB1/SEMA4A/IL6/CCR6/PGLYRP3/HLX/FOXP3/RORC/NCKAP1L/UNC13D/BATF/CORO1A/LGALS3/HLA-DMB/IL4R/SLC11A1,30,Module 2
GO:0045058,T cell selection,13/1244,49/12061,0.2653061224489796,2.572232429949472,3.739706830391163,0.0010632114611720225,0.02124506665439776,0.017801969029106253,SOCS3/IL15/STAT3/SPN/CD3G/CD3D/CARD11/IL12RB1/IL6/JAG2/FOXP3/BATF/ZAP70,13,Module 2
GO:0021952,central nervous system projection neuron axonogenesis,8/1244,22/12061,0.36363636363636365,3.5255773165741013,4.020751482103114,0.0010651955854652328,0.02124506665439776,0.017801969029106253,KIFBP/PRDM8/ADARB1/SPTBN4/SCN1B/CDH11/EPHB1/DCC,8,Module 2
GO:0046641,positive regulation of alpha-beta T cell proliferation,8/1244,22/12061,0.36363636363636365,3.5255773165741013,4.020751482103114,0.0010651955854652328,0.02124506665439776,0.017801969029106253,CD55/TYK2/RASAL3/TNFSF4/CARD11/EBI3/TGFBR2/ZAP70,8,Module 2
GO:0061436,establishment of skin barrier,8/1244,22/12061,0.36363636363636365,3.5255773165741013,4.020751482103114,0.0010651955854652328,0.02124506665439776,0.017801969029106253,UGCG/SFN/NFKBIZ/ALOX12B/ABCA12/LSR/CYSRT1/CLDN4,8,Module 2
GO:0030856,regulation of epithelial cell differentiation,23/1244,113/12061,0.20353982300884957,1.973387303303645,3.5253944874560497,0.0010663937116579553,0.02124506665439776,0.017801969029106253,PRKX/ASCL1/TRIM16/STAT5B/WNT10B/SGPP1/SFN/LIF/ABCA12/PRLR/IL13/SPRED1/PLAAT4/YAP1/TNF/TNFRSF1A/PRKCH/S1PR3/ACVRL1/MESP1/IPO7/ETV2/VCL,23,Module 2
GO:1901890,positive regulation of cell junction assembly,15/1244,61/12061,0.2459016393442623,2.3840994148964207,3.6751241002305486,0.0010674499401824992,0.02124506665439776,0.017801969029106253,NLGN1/FERMT2/LRRN3/SDC4/NTRK2/SEMA4A/LRRTM3/CNTNAP2/ADGRB1/GHRL/LRRC4B/EPHB1/ACVRL1/COL16A1/SEMA4D,15,Module 2
GO:0002701,negative regulation of production of molecular mediator of immune response,9/1244,27/12061,0.3333333333333333,3.2317792068595925,3.936937630908242,0.0010743328888938289,0.02124506665439776,0.017801969029106253,JAK3/BCL6/SMAD7/SLAMF1/CD22/TNF/FOXP3/CD96/NLRX1,9,Module 2
GO:0002544,chronic inflammatory response,6/1244,13/12061,0.46153846153846156,4.474771209497898,4.250801649418677,0.0010766530129340264,0.02124506665439776,0.017801969029106253,SCN11A/NFKBIZ/TNF/FOXP3/UNC13D/CCL5,6,Module 2
GO:0086012,membrane depolarization during cardiac muscle cell action potential,6/1244,13/12061,0.46153846153846156,4.474771209497898,4.250801649418677,0.0010766530129340264,0.02124506665439776,0.017801969029106253,CACNA1D/HCN4/SCN1B/CACNA1G/CACNA2D1/RANGRF,6,Module 2
GO:1903305,regulation of regulated secretory pathway,20/1244,93/12061,0.21505376344086022,2.0850188431352215,3.5620367328283944,0.0010861246268820707,0.02134412945040791,0.017884977138951094,NLGN1/CASK/SYT4/SCAMP5/HYAL3/ZP3/GAB2/ITGAM/IL13/RIMS2/P2RX1/RPH3AL/SYN1/LYN/PRAM1/SYT5/NCKAP1L/UNC13D/RAB3D/IL4R,20,Module 2
GO:1901888,regulation of cell junction assembly,27/1244,141/12061,0.19148936170212766,1.8565540124512554,3.469417874831312,0.0010992115860151278,0.021513141040581787,0.01802659773928998,NLGN1/RAPGEF2/MACF1/SLC9A1/DMTN/FERMT2/LRRN3/SDC4/NTRK2/SEMA4A/SIX4/LRFN5/LRRTM3/CNTNAP2/ADGRB1/TNF/LRFN1/PRKCH/GHRL/LRRC4B/EPHB1/TJP1/ACVRL1/COL16A1/DLC1/SEMA4D/VCL,27,Module 2
GO:0098659,inorganic cation import across plasma membrane,17/1244,74/12061,0.22972972972972974,2.2273072912140437,3.5912393470146102,0.0011646822280313427,0.02260992422433315,0.018945629935630235,SLC9A1/CACNA1E/CACNA1D/ATP1B2/ABCC9/KCNJ12/KCNJ18/KCNK5/KCNJ16/P2RX1/FXYD2/HCN4/CACNA1F/CACNA1G/CACNA2D1/SLC39A11/ATP1B3,17,Module 2
GO:0099587,inorganic ion import across plasma membrane,17/1244,74/12061,0.22972972972972974,2.2273072912140437,3.5912393470146102,0.0011646822280313427,0.02260992422433315,0.018945629935630235,SLC9A1/CACNA1E/CACNA1D/ATP1B2/ABCC9/KCNJ12/KCNJ18/KCNK5/KCNJ16/P2RX1/FXYD2/HCN4/CACNA1F/CACNA1G/CACNA2D1/SLC39A11/ATP1B3,17,Module 2
GO:0006941,striated muscle contraction,22/1244,107/12061,0.205607476635514,1.993433903296571,3.500295176799073,0.0011800716597251384,0.02281630487250822,0.019118563349621618,DMD/BIN1/SLC9A1/SMAD7/GAA/SCN11A/PDE4B/ACTN3/NR4A1/GSTO1/CACNA1D/ABCC9/RYR2/PDE4D/ATP8A2/TNF/HCN4/SCN1B/CACNA1G/SCN8A/CACNA2D1/RANGRF,22,Module 2
GO:0031589,cell-substrate adhesion,43/1244,260/12061,0.16538461538461538,1.6034596834034134,3.3358457347951176,0.0011963241081456243,0.023037646982161722,0.019304033484641082,CASK/PIK3R1/NEDD9/PRKX/EMILIN1/MACF1/BCL6/SLC9A1/DMTN/CD44/FN1/PRKCE/FERMT2/ACTN3/SPOCK1/SDC4/GCNT2/ITGAM/ITGA3/COL1A1/ATP1B2/NID2/CD36/OTOA/PLAU/ITGAX/ADAMTS9/CARMIL1/ITGBL1/CDH11/EPHB1/ACVRL1/COL16A1/LAMB1/CD96/DLC1/UNC13D/ITGA1/CORO1A/FERMT3/MYO1G/ITGA10/VCL,43,Module 2
GO:0030595,leukocyte chemotaxis,28/1244,149/12061,0.18791946308724833,1.821942640108764,3.4235189180958563,0.0012138265883648038,0.023281193964836938,0.019508109843319816,HSD3B7/NEDD9/GPR183/ZNF580/DPP4/PDE4B/SLAMF1/GPR18/PADI2/IL6/EDN2/CXCL3/TNFAIP6/CCR6/LYN/CCL3/PGF/PPBP/DAPK2/VEGFC/SAA1/NCKAP1L/ITGA1/CSF1R/PIK3CD/CORO1A/CCL5/LGALS3,28,Module 2
GO:0019233,sensory perception of pain,12/1244,44/12061,0.2727272727272727,2.644182987430576,3.705176382180605,0.0012620065448127338,0.024000340904222744,0.0201107076958275,GPR171/COMT/SCN11A/PTGES/CHRNA4/ZFHX2/KCND2/TNF/PRDM12/CCL3/EPHB1/GRIN2D,12,Module 2
GO:0032611,interleukin-1 beta production,15/1244,62/12061,0.24193548387096775,2.345646198527124,3.602339466459013,0.0012763476393277996,0.024000340904222744,0.0201107076958275,HK1/TRIM16/STAT3/CARD16/GBP5/CD36/IL6/FFAR1/TNF/CD33/GHRL/SPHK1/S1PR3/CCL3/AIM2,15,Module 2
GO:0032651,regulation of interleukin-1 beta production,15/1244,62/12061,0.24193548387096775,2.345646198527124,3.602339466459013,0.0012763476393277996,0.024000340904222744,0.0201107076958275,HK1/TRIM16/STAT3/CARD16/GBP5/CD36/IL6/FFAR1/TNF/CD33/GHRL/SPHK1/S1PR3/CCL3/AIM2,15,Module 2
GO:0046425,regulation of receptor signaling pathway via JAK-STAT,15/1244,62/12061,0.24193548387096775,2.345646198527124,3.602339466459013,0.0012763476393277996,0.024000340904222744,0.0201107076958275,TYK2/SOCS3/JAK3/IL10RA/CYP1B1/IL7R/LIF/IL9/PRLR/IL6/TNF/IL5/SOCS1/CCL5/MST1,15,Module 2
GO:0070252,actin-mediated cell contraction,15/1244,62/12061,0.24193548387096775,2.345646198527124,3.602339466459013,0.0012763476393277996,0.024000340904222744,0.0201107076958275,BIN1/FRMD6/SLC9A1/SCN11A/PDE4B/CACNA1D/ABCC9/RYR2/PDE4D/HCN4/SCN1B/CACNA1G/SCN8A/CACNA2D1/RANGRF,15,Module 2
GO:0045581,negative regulation of T cell differentiation,10/1244,33/12061,0.30303030303030304,2.9379810971450846,3.7804215148513083,0.001319805515332931,0.024720575961021108,0.020714217319185022,JAK3/BCL6/SMAD7/TNFSF4/CTLA4/HLX/FOXP3/IRF1/SOCS1/IL4R,10,Module 2
GO:0002367,cytokine production involved in immune response,19/1244,88/12061,0.2159090909090909,2.0933115317158726,3.4907134783618567,0.0013621364716122103,0.02531567589682383,0.021212871938571225,CD55/HK1/JAK3/BCL6/SASH3/NR4A3/SMAD7/TNFSF4/IL1R1/SLAMF1/CLNK/TLR7/CARD9/CD36/IL6/TNF/FOXP3/CD96/NLRX1,19,Module 2
GO:0002718,regulation of cytokine production involved in immune response,19/1244,88/12061,0.2159090909090909,2.0933115317158726,3.4907134783618567,0.0013621364716122103,0.02531567589682383,0.021212871938571225,CD55/HK1/JAK3/BCL6/SASH3/NR4A3/SMAD7/TNFSF4/IL1R1/SLAMF1/CLNK/TLR7/CARD9/CD36/IL6/TNF/FOXP3/CD96/NLRX1,19,Module 2
GO:0097529,myeloid leukocyte migration,27/1244,143/12061,0.1888111888111888,1.8305882220673217,3.3883052276435777,0.0013677360787224266,0.025321600376347626,0.021217836262887632,PIK3R1/EMILIN1/STAT5B/DPP4/PDE4B/IL1R1/SLAMF1/IL6/EDN2/CD9/CXCL3/TNFAIP6/LYN/CCL3/PGF/PPBP/DAPK2/VEGFC/FUT7/SAA1/NCKAP1L/ITGA1/CSF1R/PIK3CD/CCL5/LGALS3/B4GALT1,27,Module 2
GO:0002710,negative regulation of T cell mediated immunity,7/1244,18/12061,0.3888888888888889,3.7704090746695247,3.9888089875239237,0.0013946824464909934,0.02562261429472917,0.021470066135334226,CD80/SPN/SMAD7/IL7R/SLAMF1/FOXP3/NCKAP1L,7,Module 2
GO:0043371,"negative regulation of CD4-positive, alpha-beta T cell differentiation",7/1244,18/12061,0.3888888888888889,3.7704090746695247,3.9888089875239237,0.0013946824464909934,0.02562261429472917,0.021470066135334226,JAK3/BCL6/SMAD7/TNFSF4/HLX/FOXP3/IL4R,7,Module 2
GO:0002673,regulation of acute inflammatory response,9/1244,28/12061,0.32142857142857145,3.116358520900322,3.80199663043668,0.0014400987921588696,0.0261563398045522,0.021917293021014375,OSM/PTGER3/SPN/ZP3/PTGS2/PTGES/IL6/TNF/FUT7,9,Module 2
GO:0035025,positive regulation of Rho protein signal transduction,9/1244,28/12061,0.32142857142857145,3.116358520900322,3.80199663043668,0.0014400987921588696,0.0261563398045522,0.021917293021014375,AKAP13/P2RY10/ARHGEF3/GPR55/GPR18/GPR35/GPR65/LPAR6/SEMA4D,9,Module 2
GO:0072539,T-helper 17 cell differentiation,9/1244,28/12061,0.32142857142857145,3.116358520900322,3.80199663043668,0.0014400987921588696,0.0261563398045522,0.021917293021014375,SOCS3/STAT3/SMAD7/NFKBIZ/IL12RB1/IL6/FOXP3/RORC/BATF,9,Module 2
GO:0060048,cardiac muscle contraction,18/1244,82/12061,0.21951219512195122,2.128244843541683,3.4764055155196747,0.0014775746977808161,0.026735738399467975,0.02240279094907398,DMD/BIN1/SLC9A1/SMAD7/GAA/SCN11A/PDE4B/GSTO1/CACNA1D/ABCC9/RYR2/PDE4D/HCN4/SCN1B/CACNA1G/SCN8A/CACNA2D1/RANGRF,18,Module 2
GO:0048667,cell morphogenesis involved in neuron differentiation,63/1244,421/12061,0.1496437054631829,1.4508462472600072,3.1931803351006187,0.0015083959531950485,0.027190821787858113,0.022784120907580134,NLGN1/RAPGEF2/MACF1/UST/FN1/KIFBP/PRDM8/CYFIP2/SCN11A/MAP1A/MAP2K1/APLP1/ADARB1/MFSD2A/PTPRM/WHRN/CDH1/NKX2-8/CNTNAP1/DSCAML1/ROBO3/NTRK2/LAMA2/ANKRD24/ULK2/CHODL/SEMA4A/FSTL4/HMCN2/EDN2/SLIT3/DSCAM/ATP8A2/APBB2/NRCAM/ADGRB1/SPTBN4/OLFM1/PLXNB3/NOTCH3/SPP1/SCN1B/CDH11/EPHB1/GAP43/LAMB2/DCC/PLXNA2/TIAM2/FOXD1/MAPK8IP2/APBB1/CRPPA/CSF1R/NPR2/NEO1/DNM3/ITPKA/PGRMC1/TTL/SEMA4D/TUBB3/VCL,63,Module 2
GO:0002440,production of molecular mediator of immune response,31/1244,173/12061,0.1791907514450867,1.7373148337453301,3.312470764841611,0.0015361009867068634,0.027586532701346103,0.02311570063575832,CD55/HK1/JAK3/BCL6/SASH3/NR4A3/SMAD7/TNFSF4/TNFRSF4/MZB1/NFKBIZ/IL1R1/SLAMF1/CLNK/CD40LG/TLR7/CD22/IL13/CARD9/CD36/IL6/TNF/IL5/CCR6/IL17F/FOXP3/CD96/BATF/IL4R/NLRX1/VPREB3,31,Module 2
GO:0035725,sodium ion transmembrane transport,20/1244,96/12061,0.20833333333333334,2.0198620042872455,3.4021315809951025,0.0016372106342067755,0.029292630563513018,0.024545298471198986,DMD/SLC9A1/SCN11A/SLC4A5/PRKCE/SLC4A11/FXYD5/ATP1B2/SLC4A10/FXYD2/HCN4/SCN1B/TESC/SCN8A/SLC23A1/PTPN3/PKD2/SLC17A7/RANGRF/ATP1B3,20,Module 2
GO:1903706,regulation of hemopoiesis,50/1244,319/12061,0.15673981191222572,1.5196453950750437,3.189787969923015,0.0016808478895464307,0.029961582269052548,0.025105836017995407,GPR171/PRKCA/CD80/JAK3/PIK3R1/NEDD9/STAT5B/BCL6/IL15/SASH3/STAT3/SMAD7/TNFSF4/WNT10B/IL7R/IL2RA/NFKBIZ/KLHL25/LIF/GPR55/RHOH/CARD11/ACVR1B/IL12RB1/CTLA4/NFAM1/FBN1/TNFAIP6/INHBA/TGFBR2/TNF/IL5/PGLYRP3/LYN/CCL3/HLX/EGR3/FOXP3/TESC/NCKAP1L/HLA-DOA/IRF1/SOCS1/H4C12/ETS1/BATF/ZAP70/RASGRP1/IL4R/ZMIZ1,50,Module 2
GO:0051965,positive regulation of synapse assembly,10/1244,34/12061,0.29411764705882354,2.851569888405523,3.666328219868573,0.0016994104379833956,0.029979512654724483,0.025120860502295887,NLGN1/LRRN3/NTRK2/SEMA4A/LRRTM3/ADGRB1/GHRL/LRRC4B/EPHB1/SEMA4D,10,Module 2
GO:0010720,positive regulation of cell development,52/1244,335/12061,0.15522388059701492,1.504947929164467,3.1785165954453434,0.0017053258220808096,0.029979512654724483,0.025120860502295887,PRKCA/CD80/HAPLN3/BIN1/NEDD9/ASCL1/STAT5B/MACF1/BCL6/IL15/SASH3/FN1/SMAD7/TNFSF4/WNT10B/IL7R/MAP2K1/IL2RA/ACTN3/NFKBIZ/KLHL25/LIF/RHOH/NEURL1/NTRK2/IL12RB1/HOXA11/CHODL/IL6/DSCAM/TGFBR2/TNF/IL5/PRKCH/OTP/PLXNB3/LYN/HLX/PLXNA2/VEGFC/EGR3/FOXP3/TESC/NCKAP1L/TIAM2/SOCS1/ZAP70/RASGRP1/ITPKA/SEMA4D/IL4R/ZMIZ1,52,Module 2
GO:0090257,regulation of muscle system process,26/1244,138/12061,0.18840579710144928,1.8266578125728135,3.312096448439192,0.0017161347693249462,0.029979512654724483,0.025120860502295887,DMD/PRKCA/BIN1/SLC9A1/NR4A3/SMAD7/MYL5/PDE4B/ACTN3/NR4A1/GSTO1/PDE9A/PTGS2/ABAT/RYR2/PDE4D/EDN2/P2RX1/TNFRSF1A/HCN4/GHRL/SPHK1/SGCA/ACACB/FOXO1/RANGRF,26,Module 2
GO:0002687,positive regulation of leukocyte migration,22/1244,110/12061,0.2,1.9390675241157558,3.355223617602122,0.0017193672533992142,0.029979512654724483,0.025120860502295887,PIK3R1/NEDD9/SPN/ZNF580/ZP3/IL1R1/SLAMF1/TNFRSF18/IL6/EDN2/TNF/CCR6/CCL3/PGF/DAPK2/VEGFC/FUT7/NCKAP1L/CSF1R/CORO1A/CCL5/LGALS3,22,Module 2
GO:0007269,neurotransmitter secretion,22/1244,110/12061,0.2,1.9390675241157558,3.355223617602122,0.0017193672533992142,0.029979512654724483,0.025120860502295887,NLGN1/CASK/SYT4/STX3/NR4A1/MCTP2/OTOF/NRXN2/ERC2/RIMS2/P2RX1/CADPS2/RPH3AL/ADORA2A/PRKN/SYN1/GRIK5/STX1B/SYT5/UNC13B/UNC13A/CPLX1,22,Module 2
GO:0099643,signal release from synapse,22/1244,110/12061,0.2,1.9390675241157558,3.355223617602122,0.0017193672533992142,0.029979512654724483,0.025120860502295887,NLGN1/CASK/SYT4/STX3/NR4A1/MCTP2/OTOF/NRXN2/ERC2/RIMS2/P2RX1/CADPS2/RPH3AL/ADORA2A/PRKN/SYN1/GRIK5/STX1B/SYT5/UNC13B/UNC13A/CPLX1,22,Module 2
GO:0071805,potassium ion transmembrane transport,23/1244,117/12061,0.19658119658119658,1.9059210707120675,3.3391722589433246,0.0017365429791732058,0.0301692883519403,0.025279880059130917,BIN1/SLC9A1/KCNA3/KCNH4/KCNQ2/CACNA1D/ATP1B2/ABCC9/KCNH8/KCNJ12/KCND2/FHL1/KCNJ18/KCNK5/KCND1/KCNJ16/FXYD2/HCN4/KCNK12/DPP6/PKD2/SLC17A7/ATP1B3,23,Module 2
GO:0050678,regulation of epithelial cell proliferation,40/1244,242/12061,0.1652892561983471,1.6025351438973188,3.210924758293765,0.0017614680910585877,0.030491839337999743,0.02555015657826574,STAT5A/MAP2K5/CASK/PRKCA/GPX1/VASH1/STAT3/NR4A3/WNT10B/ZNF580/NLRC3/SFN/ST8SIA1/NR4A1/TNFSF12/PTPRM/NKX2-8/HSPG2/SIX4/LRG1/ZNF703/YAP1/TNF/ANG/GHRL/PLXNB3/IQGAP3/PGF/HLX/ACVRL1/VEGFC/EGR3/LAMB1/ATP5IF1/PIK3CD/CCL5/PPP1R16B/B4GALT1/CFLAR/FMC1,40,Module 2
GO:0006937,regulation of muscle contraction,19/1244,90/12061,0.2111111111111111,2.046793497677742,3.380239596599536,0.0017997675461492214,0.03104275317908459,0.026011786155439524,DMD/BIN1/SLC9A1/SMAD7/MYL5/PDE4B/ACTN3/NR4A1/GSTO1/PTGS2/ABAT/RYR2/PDE4D/EDN2/P2RX1/HCN4/GHRL/SPHK1/RANGRF,19,Module 2
GO:0072538,T-helper 17 type immune response,11/1244,40/12061,0.275,2.666217845659164,3.5794962179791456,0.0018520926251553982,0.03183076751835173,0.026672090361132442,TYK2/SOCS3/STAT3/SMAD7/NFKBIZ/IL12RB1/CARD9/IL6/FOXP3/RORC/BATF,11,Module 2
GO:0042402,cellular biogenic amine catabolic process,5/1244,10/12061,0.5,4.847668810289389,4.12778025121754,0.0018711654264829234,0.03199270294526451,0.02680778160190432,COMT/MAOA/PDE1B/DMGDH/SAT1,5,Module 2
GO:0002027,regulation of heart rate,14/1244,58/12061,0.2413793103448276,2.3402539084155674,3.4696574912339506,0.001874859129847618,0.03199270294526451,0.02680778160190432,DMD/BIN1/ADM2/CACNA1D/RYR2/PDE4D/EDN2/TNF/SPTBN4/HCN4/SCN1B/CACNA1G/CACNA2D1/RANGRF,14,Module 2
GO:0032689,negative regulation of type II interferon production,9/1244,29/12061,0.3103448275862069,3.0088978822485863,3.6729784264654577,0.0018996148158303052,0.032186053151612416,0.026969796362374093,TNFSF4/CD274/SLAMF1/IL1RL1/INHBA/PDCD1LG2/PGLYRP3/FOXP3/CD96,9,Module 2
GO:0035633,maintenance of blood-brain barrier,9/1244,29/12061,0.3103448275862069,3.0088978822485863,3.6729784264654577,0.0018996148158303052,0.032186053151612416,0.026969796362374093,DMD/MBP/MFSD2A/PTGS2/LAMA2/IL6/LSR/TJP1/VCL,9,Module 2
GO:0050777,negative regulation of immune response,26/1244,139/12061,0.18705035971223022,1.8135163894607786,3.2713693279228435,0.001909062406492128,0.032189694501922855,0.0269728475745216,CD55/SAMSN1/CD80/JAK3/GPX1/BCL6/SPN/SMAD7/TNFSF4/NLRC3/IL7R/FURIN/SLAMF1/C4BPB/SMIM30/IL1RL1/PGLYRP3/LYN/HLX/FOXP3/NCKAP1L/CD96/LGALS3/IL4R/NLRX1/RHBDF2,26,Module 2
GO:0030888,regulation of B cell proliferation,13/1244,52/12061,0.25,2.4238344051446945,3.4892988035547474,0.0019199692653910192,0.032189694501922855,0.0269728475745216,GPR183/BCL6/SASH3/TNFRSF4/MZB1/CARD11/CD22/PRLR/IL13/CTLA4/IL5/LYN/NCKAP1L,13,Module 2
GO:0051899,membrane depolarization,13/1244,52/12061,0.25,2.4238344051446945,3.4892988035547474,0.0019199692653910192,0.032189694501922855,0.0269728475745216,SMAD7/SCN11A/CACNA1D/CHRNA4/FHL1/ADORA2A/HCN4/SCN1B/CACNA1G/CACNA2D1/ATP5IF1/PTPN3/RANGRF,13,Module 2
GO:0008037,cell recognition,18/1244,84/12061,0.21428571428571427,2.077572347266881,3.360798583176964,0.0019697760074408087,0.0329096723194379,0.02757614164827276,NEDD9/ZP3/COLEC10/C4BPB/DSCAML1/ROBO3/CD36/CD9/DSCAM/CNTNAP2/NRCAM/ADGRB1/ZPBP/EPHB1/GAP43/LGALS3/B4GALT1/MYO18A,18,Module 2
GO:0007169,transmembrane receptor protein tyrosine kinase signaling pathway,65/1244,442/12061,0.14705882352941177,1.4257849442027615,3.0927690364491194,0.0019872252310704536,0.033085920079801476,0.027723825683464622,STAT5A/TYK2/MAP2K5/SOCS3/SESN3/JAK3/PIK3R1/NEDD9/PTP4A3/RAPGEF2/EMILIN1/PDGFRL/STAT5B/MVB12B/STAT3/NR4A3/CYFIP2/ARID5B/GPC1/MAP2K1/MZB1/CBLB/COL4A2/MST1R/GAB2/DDIT4/LCP2/CLNK/PRLR/TMEM204/COL1A1/PTGIR/NTRK2/FSTL4/DOK5/ADGRA2/CD8A/GRB10/IGFBP3/SHC3/TNS2/GHRL/SH3TC2/LYN/EPHB1/PGF/SLC2A4/AHSG/PDGFRA/VEGFC/KL/FUT7/IRS1/SOCS1/MVP/ITGA1/CSF1R/PIK3CD/ZAP70/NPR2/PDE6H/PTPN3/FOXO1/FGFR4/RHBDF2,65,Module 2
GO:0002507,tolerance induction,7/1244,19/12061,0.3684210526315789,3.571966491792181,3.804724582944038,0.002013522996701893,0.033178153845998544,0.0278011115153233,IL2RA/CBLB/ICOS/CD274/TGFBR2/LYN/FOXP3,7,Module 2
GO:0006607,NLS-bearing protein import into nucleus,7/1244,19/12061,0.3684210526315789,3.571966491792181,3.804724582944038,0.002013522996701893,0.033178153845998544,0.0278011115153233,RGPD4/RGPD8/CBLB/RGPD1/RGPD3/RGPD5/RGPD6,7,Module 2
GO:0010765,positive regulation of sodium ion transport,7/1244,19/12061,0.3684210526315789,3.571966491792181,3.804724582944038,0.002013522996701893,0.033178153845998544,0.0278011115153233,DMD/SLC9A1/ATP1B2/FXYD2/SCN1B/TESC/ATP1B3,7,Module 2
GO:1901616,organic hydroxy compound catabolic process,8/1244,24/12061,0.3333333333333333,3.2317792068595925,3.7113178193763843,0.0020314832467885884,0.03335945948065507,0.02795303371662596,FAH/COMT/MAOA/GK/SULT1A2/PDE1B/SRD5A3/LCT,8,Module 2
GO:0032787,monocarboxylic acid metabolic process,64/1244,435/12061,0.1471264367816092,1.426440477510441,3.071979543505688,0.0021197903726484692,0.034580529397048324,0.028976210023277195,HK1/LPIN2/HSD3B7/FAH/RDH10/ACAA2/COMT/GPX1/NUDT8/KYNU/UST/BPGM/STAT3/CYP1B1/NR4A3/TIGAR/MTLN/PRKCE/FADS3/ACTN3/AIG1/FADS2/DDIT4/STARD4/MFSD2A/KLHL25/ALOX12B/OSBPL6/PLA2G4A/GPAT2/PTGS2/ADTRP/CYP1A2/ABAT/OLAH/PTGES/CD36/ACBD7/EDN2/PECR/CRYL1/AKR1C4/ABHD1/TNFRSF1A/ECHDC2/CYP1A1/CYP4Z1/DAGLA/ACACB/IRS1/TBXAS1/ACADS/SLC2A6/IDH2/FADS1/AUH/GAD1/FGFR4/AKR1C2/OSBPL3/PCK2/HK2/SESN2/SLC25A42,64,Module 2
GO:0002706,regulation of lymphocyte mediated immunity,26/1244,140/12061,0.18571428571428572,1.8005627009646303,3.230973939559467,0.002120266036023401,0.034580529397048324,0.028976210023277195,CD55/CD80/STAT5B/BCL6/SASH3/SPN/SMAD7/TNFSF4/IL7R/ZP3/IL1R1/SLAMF1/CLNK/FCER2/C4BPB/PVR/IL12RB1/IL6/TNF/IL18RAP/FUT7/FOXP3/NCKAP1L/CD96/WAS/RASGRP1,26,Module 2
GO:0031295,T cell costimulation,11/1244,41/12061,0.2682926829268293,2.6011881421065017,3.4826713156684077,0.002299351145407504,0.037333160704738626,0.031282734078258566,CD80/SPN/TNFSF4/DPP4/ICOS/CD274/CD40LG/CARD11/PDCD1LG2/LYN/MAP3K8,11,Module 2
GO:0002028,regulation of sodium ion transport,13/1244,53/12061,0.24528301886792453,2.378101680519323,3.4096852174602383,0.0023083906345976552,0.037333160704738626,0.031282734078258566,DMD/SLC9A1/PRKCE/FXYD5/ATP1B2/SIK1/FXYD2/SPTBN4/SCN1B/TESC/PTPN3/RANGRF/ATP1B3,13,Module 2
GO:0060560,developmental growth involved in morphogenesis,30/1244,170/12061,0.17647058823529413,1.7109419330433138,3.165773439299947,0.0023123980665917354,0.037333160704738626,0.031282734078258566,RDH10/EIF2AK4/SYT4/MACF1/FN1/CYFIP2/CDH1/ULK2/SEMA4A/FSTL4/EDN2/SIX4/RIMS2/SLIT3/DSCAM/TGFBR2/NRCAM/YAP1/OLFM1/PRKN/SPP1/SPAG6/LAMB2/DCC/UNC13A/MESP1/NPR2/TTL/SEMA4D/VCL,30,Module 2
GO:0050795,regulation of behavior,12/1244,47/12061,0.2553191489361702,2.475405349935007,3.4367417459960112,0.0023389644254648598,0.03763535040303356,0.03153594917696704,GPR171/NLGN1/EIF2AK4/STAT3/NR4A3/STRA6/CNTNAP4/ADORA2A/GHRL/CCL3/ZFHX3/AIM2,12,Module 2
GO:0006959,humoral immune response,21/1244,106/12061,0.19811320754716982,1.920774434265607,3.2289537470059706,0.002443345126157014,0.03905279959974294,0.03272367840891692,CD55/GPR183/ZP3/PGLYRP4/COLEC10/FCER2/C4BPB/GATA6/EBI3/IL6/CXCL3/TNF/ANG/CCR6/PGLYRP3/CFI/IL17F/PPBP/DMBT1/SLC11A1/CFD,21,Module 2
GO:0051048,negative regulation of secretion,21/1244,106/12061,0.19811320754716982,1.920774434265607,3.2289537470059706,0.002443345126157014,0.03905279959974294,0.03272367840891692,RAB11FIP1/OSM/SYT4/PTGER3/STXBP6/LIF/FRMD4A/ADTRP/ABAT/INHBA/GABBR1/TNF/TNFRSF1A/PRKN/GHRL/IL11/NCKAP1L/IRS1/FOXO1/NEO1/RHBDF2,21,Module 2
GO:1990573,potassium ion import across plasma membrane,9/1244,30/12061,0.3,2.9086012861736332,3.549403762561445,0.0024690504506447324,0.039218693147054375,0.03286268629434313,ATP1B2/ABCC9/KCNJ12/KCNJ18/KCNK5/KCNJ16/FXYD2/HCN4/ATP1B3,9,Module 2
GO:0042116,macrophage activation,17/1244,79/12061,0.21518987341772153,2.0863384753144207,3.2850688689812104,0.002475569534137485,0.039218693147054375,0.03286268629434313,TLR1/PRKCE/PLA2G4A/FCER2/ITGAM/IL13/IL1RL1/IL6/EDN2/LRFN5/TNF/SPHK1/CCL3/CRTC3/IL4R/MYO18A/SLC11A1,17,Module 2
GO:0032729,positive regulation of type II interferon production,15/1244,66/12061,0.22727272727272727,2.2034858228588132,3.3246294643232623,0.0024864406082804025,0.039218693147054375,0.03286268629434313,TYK2/SASH3/TNFSF4/ZP3/PDE4B/IL1R1/SLAMF1/TLR7/IL12RB1/EBI3/PDE4D/TNF/IL12RB2/RASGRP1/SLC11A1,15,Module 2
GO:1904892,regulation of receptor signaling pathway via STAT,15/1244,66/12061,0.22727272727272727,2.2034858228588132,3.3246294643232623,0.0024864406082804025,0.039218693147054375,0.03286268629434313,TYK2/SOCS3/JAK3/IL10RA/CYP1B1/IL7R/LIF/IL9/PRLR/IL6/TNF/IL5/SOCS1/CCL5/MST1,15,Module 2
GO:0040013,negative regulation of locomotion,40/1244,247/12061,0.16194331983805668,1.5700951612273326,3.0699250842869894,0.002582136838000616,0.04059457750233755,0.034015586921996036,IFITM1/MAP2K5/NEDD9/EMILIN1/VASH1/NAV3/STAT3/CYP1B1/SMAD7/DPP4/ADARB1/STARD13/PTPRM/CDH1/GPR18/ADTRP/EMILIN2/ATP1B2/PADI2/SEMA4A/SPRED1/BMERB1/TNFAIP6/ADAMTS9/ADGRB1/TNF/IGFBP3/TET1/GHRL/DNAJA4/PLXNB3/CDH11/ACVRL1/TCAF1/AFDN/DLC1/WAS/SEMA4D/FIGNL2/VCL,40,Module 2
GO:0014047,glutamate secretion,6/1244,15/12061,0.4,3.8781350482315116,3.782385564998544,0.00261952754296028,0.041047825387237065,0.0343953788492583,GIPC1/SYT4/APBA1/NTRK2/GABBR1/ADORA2A,6,Module 2
GO:0007229,integrin-mediated signaling pathway,19/1244,93/12061,0.20430107526881722,1.98076790097846,3.219788588711996,0.0026754010900989582,0.041786802042425096,0.0350145926998379,NEDD9/FN1/FERMT2/CD40LG/ITGAM/TEC/ITGA3/LAMA2/LAMA1/ITGAX/ITGBL1/ADAM11/LAMB2/PRAM1/COL16A1/LAMB1/ITGA1/FERMT3/ITGA10,19,Module 2
GO:0060078,regulation of postsynaptic membrane potential,16/1244,73/12061,0.2191780821917808,2.12500550588028,3.269438256310732,0.002691599202538358,0.04190330576679034,0.035112215160932714,NLGN1/PRKAR1B/ABAT/CHRNA4/KCND2/RIMS2/GABBR1/HTR3B/P2RX1/ADORA2A/GHRL/GRIK5/STX1B/UNC13B/MAPK8IP2/GRIN2D,16,Module 2
GO:0006813,potassium ion transport,24/1244,128/12061,0.1875,1.817875803858521,3.1546265484314695,0.002704717622545887,0.04197126537251627,0.03516916084230165,BIN1/SLC9A1/KCNA3/KCNH4/KCNQ2/CACNA1D/ATP1B2/ABCC9/KCNH8/KCNJ12/KCND2/FHL1/KCNJ18/KCNK5/KCND1/KCNJ16/FXYD2/HCN4/KCNK12/DPP6/ATF4/PKD2/SLC17A7/ATP1B3,24,Module 2
GO:0050728,negative regulation of inflammatory response,22/1244,114/12061,0.19298245614035087,1.871030067129238,3.168739734600889,0.0027540894195189447,0.04259954440836561,0.03569561736605708,SOCS3/IL10RA/GPX1/STAT3/SPN/NLRC3/FURIN/IL2RA/WFDC1/IL13/TNFAIP6/LRFN5/TNFRSF1A/ADORA2A/GHRL/TNFAIP8L2/LYN/IL22/FOXP3/SAA1/NLRX1/RHBDF2,22,Module 2
GO:0043434,response to peptide hormone,47/1244,303/12061,0.1551155115511551,1.5038972546772362,3.01249966853896,0.0028125094704210675,0.04336328910182964,0.03633558520425525,STAT5A/LPIN2/TYK2/PRKCA/SOCS3/SESN3/JAK3/PIK3R1/COMT/TRIM16/STAT5B/FAT1/SLC9A1/STAT3/TNFSF10/CYP1B1/NR4A3/GCNT1/UPRT/MZB1/NR4A1/CPS1/STAT4/PTGS2/COL1A1/GJB2/FBN1/INHBA/AGTRAP/GRB10/TNS2/GHRL/LYN/SLC2A4/AHSG/KL/FUT7/IRS1/SOCS1/TBC1D4/NPR2/FOXO1/SGCB/MYO5A/CFLAR/PCK2/SESN2,47,Module 2
GO:0031294,lymphocyte costimulation,11/1244,42/12061,0.2619047619047619,2.539255091103966,3.388687382021662,0.0028302074708230385,0.04349629750832201,0.03644703750381761,CD80/SPN/TNFSF4/DPP4/ICOS/CD274/CD40LG/CARD11/PDCD1LG2/LYN/MAP3K8,11,Module 2
GO:0030336,negative regulation of cell migration,36/1244,218/12061,0.1651376146788991,1.6010649281689726,3.03703082030684,0.0029555855777442575,0.04522851827336757,0.03789852461433379,IFITM1/MAP2K5/NEDD9/EMILIN1/VASH1/NAV3/STAT3/CYP1B1/SMAD7/DPP4/ADARB1/STARD13/PTPRM/CDH1/GPR18/ADTRP/EMILIN2/ATP1B2/PADI2/SPRED1/BMERB1/TNFAIP6/ADAMTS9/ADGRB1/TNF/IGFBP3/TET1/DNAJA4/PLXNB3/CDH11/ACVRL1/TCAF1/AFDN/DLC1/FIGNL2/VCL,36,Module 2
GO:0001578,microtubule bundle formation,18/1244,87/12061,0.20689655172413793,2.0059319214990574,3.193294835270441,0.0029617840954822556,0.04522851827336757,0.03789852461433379,CLIP1/TPGS1/GAS2L1/MTCL1/NEURL1/SPEF2/CFAP46/DNAH5/CCDC40/ODAD2/SPAG6/NCKAP5/DNAH1/CCDC65/TOGARAM1/PSRC1/CCDC103/LRGUK,18,Module 2
GO:0022898,regulation of transmembrane transporter activity,24/1244,129/12061,0.18604651162790697,1.8037837433634936,3.112489394634854,0.0030064293591403955,0.04576453580024824,0.038347672059611995,DMD/NLGN1/PIM1/SLC9A1/PRKCE/FXYD5/GSTO1/CACNA1D/ATP1B2/RYR2/FHL1/JPH4/GPR35/ANO9/FXYD2/SCN1B/TESC/TCAF1/CACNA2D1/MAPK8IP2/PTPN3/PKD2/RANGRF/ATP1B3,24,Module 2
GO:0003158,endothelium development,19/1244,94/12061,0.20212765957446807,1.9596959020318807,3.1676365893181755,0.003036807444647136,0.04593530503811677,0.03849076545315662,RAPGEF2/GPX1/STARD13/PDE4D/ITGAX/TNF/HEY1/TNFRSF1A/S1PR3/TJP1/ACVRL1/COL18A1/FOXP3/MESP1/AFDN/ACVR1/PPP1R16B/ETV2/VCL,19,Module 2
GO:0008217,regulation of blood pressure,19/1244,94/12061,0.20212765957446807,1.9596959020318807,3.1676365893181755,0.003036807444647136,0.04593530503811677,0.03849076545315662,ERAP2/COMT/EMILIN1/SLC4A5/ADM2/PTGS2/EMILIN2/ABAT/ABCC9/EDN2/AGTRAP/COL1A2/P2RX1/TNF/ACVRL1/VEGFC/KL/CORIN/NPR2,19,Module 2
GO:0070374,positive regulation of ERK1 and ERK2 cascade,23/1244,122/12061,0.1885245901639344,1.827809551420589,3.1164258748892926,0.003052484569288593,0.046027243741316996,0.038567804041623834,PRKCA/RAPGEF2/GPR183/CD44/FERMT2/MAP2K1/GPR55/SLAMF1/GCNT2/ACKR3/CARD9/RAMP3/CD36/DENND2B/INHBA/TNF/CCL3/PDGFRA/CSF1R/CCL5/RASGRP1/CFLAR/FGFR4,23,Module 2
GO:0050714,positive regulation of protein secretion,21/1244,108/12061,0.19444444444444445,1.8852045373347623,3.1336282845772994,0.003092391465057753,0.046194599032266664,0.03870803677211171,ORAI1/ITPR1/PRKCE/FRMD4A/ABCG1/IL13/SYBU/ABAT/ACHE/FFAR1/RPH3AL/ANG/ADORA2A/CD33/GHRL/UNC13B/VEGFC/APBB1/PCK2/C2CD2L/MYO18A,21,Module 2
GO:0050878,regulation of body fluid levels,38/1244,234/12061,0.1623931623931624,1.5744565366751861,3.009249763828415,0.0031023727366979383,0.046194599032266664,0.03870803677211171,STAT5A/PRKCA/EMILIN1/STAT5B/DGKB/DMTN/SLC4A5/PRKCE/UPRT/ALOX12B/OAS2/PLA2G4A/CD40LG/C4BPB/NEURL1/TEC/PRLR/ADTRP/EMILIN2/CD36/PLAU/IL6/CD9/P2RX1/ADORA2A/DGKI/LYN/PDGFRA/SAA1/ENTPD1/CYBA/ITPK1/FERMT3/WAS/HK2/MYL12A/ST3GAL4/VCL,38,Module 2
GO:0001818,negative regulation of cytokine production,35/1244,211/12061,0.16587677725118483,1.6082313588637782,3.022604253791049,0.003109141872234179,0.046194599032266664,0.03870803677211171,TWSG1/MAP2K5/JAK3/ANXA4/BCL6/NAV3/FN1/TIGIT/SIGIRR/SMAD7/TNFSF4/NLRC3/FURIN/CD274/CARD16/SLAMF1/IL13/GPR18/GATA6/IL1RL1/REL/IL6/INHBA/FFAR1/TNF/PDCD1LG2/CD33/GHRL/PGLYRP3/IL1R2/FOXP3/NCKAP1L/CD96/NLRX1/SLC11A1,35,Module 2
GO:0006910,"phagocytosis, recognition",5/1244,11/12061,0.45454545454545453,4.4069716457176265,3.8335556098506327,0.0031406546995868473,0.046194599032266664,0.03870803677211171,COLEC10/C4BPB/CD36/ADGRB1/MYO18A,5,Module 2
GO:0009310,amine catabolic process,5/1244,11/12061,0.45454545454545453,4.4069716457176265,3.8335556098506327,0.0031406546995868473,0.046194599032266664,0.03870803677211171,COMT/MAOA/PDE1B/DMGDH/SAT1,5,Module 2
GO:0036005,response to macrophage colony-stimulating factor,5/1244,11/12061,0.45454545454545453,4.4069716457176265,3.8335556098506327,0.0031406546995868473,0.046194599032266664,0.03870803677211171,MST1R/TNF/SPP1/PDE1B/CSF1R,5,Module 2
GO:0042492,gamma-delta T cell differentiation,5/1244,11/12061,0.45454545454545453,4.4069716457176265,3.8335556098506327,0.0031406546995868473,0.046194599032266664,0.03870803677211171,STAT5B/GPR18/JAG2/EGR3/NCKAP1L,5,Module 2
GO:0110011,regulation of basement membrane organization,5/1244,11/12061,0.45454545454545453,4.4069716457176265,3.8335556098506327,0.0031406546995868473,0.046194599032266664,0.03870803677211171,LAMA2/LAMA1/PHLDB1/LAMB2/LAMB1,5,Module 2
GO:0046427,positive regulation of receptor signaling pathway via JAK-STAT,9/1244,31/12061,0.2903225806451613,2.814775438232549,3.4308470337413306,0.003165844389800771,0.046422702902430266,0.0388991728178643,TYK2/IL10RA/CYP1B1/IL7R/PRLR/IL6/TNF/IL5/CCL5,9,Module 2
GO:0015850,organic hydroxy compound transport,31/1244,181/12061,0.1712707182320442,1.6605274377786856,3.0363536892657512,0.003179213427869173,0.04647661093485574,0.038944344204674686,COMT/SYT4/ABCA3/FURIN/STRA6/STARD4/OSBPL6/ABCG1/ABCA12/PLTP/ABAT/CD36/CHRNA4/AKR1C4/GABBR1/P2RX1/STARD5/ADORA2A/PRKN/SLC49A4/GHRL/SLC5A8/SPP1/ABCA4/SYT5/ACACB/GRAMD1B/ABCA13/SELENOM/ZDHHC8/OSBPL3,31,Module 2
GO:0061041,regulation of wound healing,17/1244,81/12061,0.20987654320987653,2.0348239450597436,3.1689179829827787,0.003266827431929426,0.04748180563871512,0.03978663127665344,CASK/EMILIN1/DMTN/PRKCE/FERMT2/WFDC1/ADTRP/EMILIN2/CD36/PLAU/CD9/TNF/INSL3/CLDN4/PDGFRA/FIGNL2/ST3GAL4,17,Module 2
GO:0070371,ERK1 and ERK2 cascade,34/1244,204/12061,0.16666666666666666,1.6158896034297963,3.0085759257771643,0.0032677780731545335,0.04748180563871512,0.03978663127665344,CTSH/PRKCA/RAPGEF2/EMILIN1/GPR183/CD44/FN1/FERMT2/MAP2K1/DUSP5/LIF/GPR55/SLAMF1/GCNT2/ACKR3/CARD9/RAMP3/CD36/DENND2B/SPRED1/INHBA/TNF/GRB10/LYN/CCL3/IQGAP3/EPHB1/PDGFRA/CSF1R/PSCA/CCL5/RASGRP1/CFLAR/FGFR4,34,Module 2
GO:0007160,cell-matrix adhesion,30/1244,174/12061,0.1724137931034483,1.6716099345825481,3.0261192184197334,0.0033167228763414853,0.04804739030833058,0.040260554043553665,CASK/PIK3R1/EMILIN1/MACF1/BCL6/SLC9A1/DMTN/CD44/FN1/FERMT2/ACTN3/SDC4/ITGAM/ITGA3/NID2/CD36/OTOA/PLAU/ITGAX/ADAMTS9/ITGBL1/CDH11/ACVRL1/COL16A1/CD96/DLC1/ITGA1/FERMT3/ITGA10/VCL,30,Module 2
GO:0007596,blood coagulation,27/1244,152/12061,0.17763157894736842,1.7221981299712303,3.038581820092987,0.0033908022236150445,0.048738653742081,0.04083978735163233,PRKCA/EMILIN1/DGKB/DMTN/PLA2G4A/CD40LG/C4BPB/TEC/ADTRP/EMILIN2/CD36/PLAU/IL6/CD9/P2RX1/ADORA2A/DGKI/LYN/PDGFRA/SAA1/ENTPD1/ITPK1/FERMT3/WAS/MYL12A/ST3GAL4/VCL,27,Module 2
GO:0002707,negative regulation of lymphocyte mediated immunity,10/1244,37/12061,0.2702702702702703,2.6203615190753458,3.3474856836715685,0.0033920197421319987,0.048738653742081,0.04083978735163233,CD80/BCL6/SPN/SMAD7/IL7R/SLAMF1/C4BPB/FOXP3/NCKAP1L/CD96,10,Module 2
GO:0001885,endothelial cell development,12/1244,49/12061,0.24489795918367346,2.3743683968764353,3.2690680991981185,0.00340509885372203,0.048738653742081,0.04083978735163233,RAPGEF2/GPX1/PDE4D/TNF/TNFRSF1A/S1PR3/TJP1/COL18A1/FOXP3/AFDN/PPP1R16B/VCL,12,Module 2
GO:1903053,regulation of extracellular matrix organization,12/1244,49/12061,0.24489795918367346,2.3743683968764353,3.2690680991981185,0.00340509885372203,0.048738653742081,0.04083978735163233,EMILIN1/DPP4/ADTRP/LAMA2/LAMA1/IL6/TNFRSF1A/PHLDB1/LAMB2/LAMB1/CFLAR/FGFR4,12,Module 2
GO:0043410,positive regulation of MAPK cascade,47/1244,306/12061,0.15359477124183007,1.4891531639451066,2.939169909027205,0.0034213541451557318,0.04882557477982659,0.04091262146635159,MAP2K5/PRKCA/OSM/RAPGEF2/GPR183/CD44/AKAP13/ERN1/PRKCE/FERMT2/MAP2K1/MST1R/GADD45G/LIF/ALOX12B/GPR55/SLAMF1/GCNT2/NTRK2/ACKR3/CARD9/RAMP3/CD36/DENND2B/IL6/PELI2/INHBA/DOK5/TNF/IGFBP3/GHRL/SPHK1/CCL3/IQGAP3/IL11/PDGFRA/KL/MAP4K2/MAPK8IP2/ITGA1/CSF1R/CCL5/PDE6H/RASGRP1/CFLAR/FGFR4/TAOK3,47,Module 2
GO:0097035,regulation of membrane lipid distribution,11/1244,43/12061,0.2558139534883721,2.4802026471248038,3.297385575112443,0.003455478618820848,0.04915545496086411,0.04118903936899584,ATP8B4/ABCA3/ANO3/MFSD2A/ABCG1/ABCA12/ATP8A2/ANO9/ABCA4/TLCD1/PLSCR3,11,Module 2
GO:0002764,immune response-regulating signaling pathway,59/1244,403/12061,0.14640198511166252,1.4194166739805159,2.904133782019478,0.0034649726333205563,0.04915545496086411,0.04118903936899584,CTSH/PIK3R1/RNF34/STING1/TLR1/NR4A3/NLRC3/PRKCE/UBASH3A/PDE4B/CBLB/NFKBIZ/CD3G/LCP2/CD274/COLEC10/CD3D/FCER2/TLR7/CARD11/CD22/ITGAM/TEC/GBP5/CTLA4/LY96/CD36/TRAF3IP3/NFAM1/PDE4D/BTNL8/IRAK2/CD8A/PLPP4/TNF/FCER1A/PYDC5/PRKCH/PIK3AP1/CD33/LYN/PRAM1/FOXP3/NCKAP1L/IRF1/ALPK1/PIK3CD/CYBA/ZAP70/CD247/TRBC2/MYO1G/LGALS3/AIM2/TRIM3/STOML2/NLRX1/BIRC3/ATAT1,59,Module 2
GO:2000146,negative regulation of cell motility,37/1244,228/12061,0.16228070175438597,1.5733661928132228,2.964029370087609,0.0035311667782948826,0.049946739533699006,0.04185208381540619,IFITM1/MAP2K5/NEDD9/EMILIN1/VASH1/NAV3/STAT3/CYP1B1/SMAD7/DPP4/ADARB1/STARD13/PTPRM/CDH1/GPR18/ADTRP/EMILIN2/ATP1B2/PADI2/SPRED1/BMERB1/TNFAIP6/ADAMTS9/ADGRB1/TNF/IGFBP3/TET1/DNAJA4/PLXNB3/CDH11/ACVRL1/TCAF1/AFDN/DLC1/WAS/FIGNL2/VCL,37,Module 2
GO:0060349,bone morphogenesis,14/561,68/12061,0.20588235294117646,4.426287092377057,6.257782350345106,2.2772401860422456e-6,0.00866034442751866,0.008619953377903068,MEF2C/IFT80/INSIG1/TFAP2A/TGFB3/MSX1/FOXC1/LRP5/SCX/MSX2/OSR2/COL27A1/SP5/FOSL2,14,Module 3
GO:0060021,roof of mouth development,12/561,59/12061,0.2033898305084746,4.372700081573462,5.735655812024347,1.3744577047301365e-5,0.026135313255443545,0.026013420558997743,TIPARP/TSHZ1/INSIG1/TFAP2A/ASPH/ITGB8/TBC1D32/TGFB3/MSX1/OSR2/CDK20/FZD2,12,Module 3
GO:0071805,potassium ion transmembrane transport,20/551,117/12061,0.17094017094017094,3.741759349744831,6.520173587529929,2.9904511670793514e-7,0.001171359722144982,0.0011332236001563858,KCNK9/SLC1A3/OPRK1/KCNMB4/AKAP6/CAV1/ATP12A/SNAP25/NOS1AP/DPP10/ATP4A/SLC9A7/ANK2/SLC12A4/SLC9A5/KCNC4/ANK3/KCNJ2/SLC9A3/KCNJ3,20,Module 4
GO:0006813,potassium ion transport,20/551,128/12061,0.15625,3.420201905626134,6.0227322254067515,1.3186626661568905e-6,0.00258260083166827,0.0024985187358762136,KCNK9/SLC1A3/OPRK1/KCNMB4/AKAP6/CAV1/ATP12A/SNAP25/NOS1AP/DPP10/ATP4A/SLC9A7/ANK2/SLC12A4/SLC9A5/KCNC4/ANK3/KCNJ2/SLC9A3/KCNJ3,20,Module 4
GO:0002250,adaptive immune response,71/899,374/12061,0.18983957219251338,2.5468910792145762,8.624352613599797,1.1968901501669245e-13,5.316586047041479e-10,4.840475744148762e-10,LEF1/CD6/ADA/PTPRC/PRF1/RAP1GAP/PRKCZ/IL23A/GZMM/PRKCQ/CSF2RB/LAX1/CD244/TRGV5/EOMES/P2RX7/SUSD4/IGLL1/CEACAM1/RSAD2/NCR3LG1/FCAMR/ADCY7/TRGV8/LTA/CD28/SWAP70/FYN/CD3E/IL27RA/SLA2/TRBC1/PIK3CG/XCL1/TRBV13/ARG2/CD7/FCMR/TRAV8-6/SLAMF6/CD79A/LAIR1/CD84/TRAT1/CD79B/JAM3/TRAV20/LAT/TRPM4/TRBJ1-2/CD8B2/CLEC7A/PTK2B/TRAV18/IL27/TRGC2/KLRK1/TRAV19/HAVCR2/CCR2/RAP1GAP2/RAET1E/TRAF3IP2/TRBJ1-4/LY9/TAP2/TRAC/TRBJ2-3/BTK/INPP5D/RNF125,71,Module 5
GO:0002768,immune response-regulating cell surface receptor signaling pathway,47/899,269/12061,0.17472118959107807,2.344062589163507,6.326804115686594,2.9474979640379613e-8,6.546392978128313e-5,5.960151146228341e-5,BLK/GBP1/ADA/CD200R1/PTPRC/PRKCQ/LAX1/THY1/CEACAM1/CD28/FYN/ZNRF1/CD3E/SLA2/LCK/TRBC1/SH2B2/FCMR/CD79A/NCR3/STAP1/TRAT1/CD79B/OAS1/F2RL1/KIR2DL1/C5AR1/C5AR2/COLEC11/LAT/FYB1/CLEC7A/FGR/TRGC2/KLRK1/PLCG2/BCAR1/THEMIS2/CYLD/MFHAS1/PTPN22/PAK3/VAV1/TRAC/BTK/INPP5D/NR1H3,47,Module 5
GO:0002429,immune response-activating cell surface receptor signaling pathway,44/899,255/12061,0.17254901960784313,2.314920718009117,6.022832145209876,1.1872446657698308e-7,1.303981383947882e-4,1.18720739285949e-4,BLK/GBP1/ADA/PTPRC/LAX1/THY1/CEACAM1/CD28/FYN/ZNRF1/CD3E/SLA2/LCK/TRBC1/SH2B2/FCMR/CD79A/NCR3/STAP1/TRAT1/CD79B/OAS1/F2RL1/C5AR1/C5AR2/COLEC11/LAT/FYB1/CLEC7A/FGR/TRGC2/KLRK1/PLCG2/BCAR1/THEMIS2/CYLD/MFHAS1/PTPN22/PAK3/VAV1/TRAC/BTK/INPP5D/NR1H3,44,Module 5
GO:0002764,immune response-regulating signaling pathway,60/899,403/12061,0.1488833746898263,1.997422004598437,5.779655242152069,1.6072189061964277e-7,1.303981383947882e-4,1.18720739285949e-4,BLK/GBP1/ADA/CD200R1/PTPRC/PRKCQ/LAX1/THY1/CEACAM1/RSAD2/CASP1/IRGM/CD28/FYN/ZCCHC3/CARD8/ZNRF1/CD3E/GRAMD4/NOP53/LRCH4/SLA2/LCK/TRBC1/OAS3/SH2B2/FCMR/CD79A/NCR3/STAP1/TRAT1/CD79B/OAS1/F2RL1/KIR2DL1/INAVA/C5AR1/C5AR2/COLEC11/LAT/FYB1/CLEC7A/FGR/TRGC2/KLRK1/HAVCR2/PLCG2/BCAR1/THEMIS2/CYLD/MFHAS1/BIRC2/PTPN22/PAK3/VAV1/TRAC/BTK/INPP5D/RNF125/NR1H3,60,Module 5
GO:0043087,regulation of GTPase activity,40/899,224/12061,0.17857142857142858,2.3957174638487206,5.98388431270976,1.7436449124624835e-7,1.303981383947882e-4,1.18720739285949e-4,STMN3/TIAM1/RGS16/ARHGAP29/RAP1GAP/THY1/RGL4/RASGRF1/PLXND1/TBC1D10C/XCL1/RASGEF1A/ARHGAP9/EPHA1/ADRB1/RGS8/RASA4/TBC1D30/FGD5/ITGA6/F2RL1/EPHA2/AGAP9/RASGRP2/CCL20/RTN4R/WNT11/RASGEF1B/XCL2/KLRK1/TBC1D8/RASIP1/RGS6/RAP1A/S100A10/ARL2/DOCK11/DOCK8/VAV1/MAPRE2,40,Module 5
GO:0060326,cell chemotaxis,37/899,199/12061,0.18592964824120603,2.4944354698967586,6.0326375894302435,1.761343607313663e-7,1.303981383947882e-4,1.18720739285949e-4,LEF1/TIAM1/JAML/LGALS9/IL16/SCG2/IL23A/PRKCQ/CXCR3/HBEGF/CCR8/SERPINE1/SWAP70/PIK3CG/XCL1/MPP1/STAP1/F2RL1/EPHA2/C5AR1/SLAMF8/JAM3/C5AR2/CCRL2/TRPM4/CCL20/PTK2B/XCL2/BIN2/KLRK1/CNR2/CCR2/TRPM2/BCAR1/GPSM3/VAV1/RIN3,37,Module 5
GO:0002253,activation of immune response,61/899,424/12061,0.14386792452830188,1.9301346359686864,5.533382835394323,4.289631508671963e-7,2.4268750025630863e-4,2.2095437711432448e-4,BLK/GBP1/ADA/PTPRC/LAX1/THY1/SUSD4/CEACAM1/RSAD2/NCR3LG1/CASP1/RGCC/IRGM/CD28/FYN/ZCCHC3/CARD8/ZNRF1/CD3E/GRAMD4/NOP53/LRCH4/SLA2/LCK/TRBC1/OAS3/SH2B2/FCMR/CD79A/NCR3/STAP1/TRAT1/CD79B/OAS1/F2RL1/INAVA/C5AR1/C5AR2/COLEC11/LAT/FYB1/CLEC7A/FGR/TRGC2/KLRK1/HAVCR2/PLCG2/KRT1/BCAR1/THEMIS2/CYLD/MFHAS1/BIRC2/PTPN22/PAK3/VAV1/TRAC/BTK/INPP5D/RNF125/NR1H3,61,Module 5
GO:0002757,immune response-activating signaling pathway,57/899,387/12061,0.14728682170542637,1.9760026213449915,5.538333612622777,4.7469347524053176e-7,2.4268750025630863e-4,2.2095437711432448e-4,BLK/GBP1/ADA/PTPRC/LAX1/THY1/CEACAM1/RSAD2/CASP1/IRGM/CD28/FYN/ZCCHC3/CARD8/ZNRF1/CD3E/GRAMD4/NOP53/LRCH4/SLA2/LCK/TRBC1/OAS3/SH2B2/FCMR/CD79A/NCR3/STAP1/TRAT1/CD79B/OAS1/F2RL1/INAVA/C5AR1/C5AR2/COLEC11/LAT/FYB1/CLEC7A/FGR/TRGC2/KLRK1/HAVCR2/PLCG2/BCAR1/THEMIS2/CYLD/MFHAS1/BIRC2/PTPN22/PAK3/VAV1/TRAC/BTK/INPP5D/RNF125/NR1H3,57,Module 5
GO:0002252,immune effector process,63/899,445/12061,0.14157303370786517,1.8993463398782666,5.4860677425337645,4.91712629965506e-7,2.4268750025630863e-4,2.2095437711432448e-4,LEF1/ADA/PTPRC/LGALS9/PRF1/SEMA7A/PRKCZ/IL23A/GZMM/CSF2RB/CD244/EOMES/P2RX7/SUSD4/IGLL1/CEACAM1/RSAD2/NCR3LG1/RGCC/DYSF/LTA/CD28/SWAP70/FYN/IL27RA/SLA2/POU2AF1/PIK3CG/XCL1/SUCNR1/NKG7/FCMR/SLAMF6/NCR3/STAP1/CD84/PTAFR/F2RL1/INAVA/SLAMF8/COLEC11/LAT/TRPM4/RAB44/CLEC7A/FGL2/PTK2B/IL27/FGR/KLRK1/HAVCR2/CCR2/RAET1E/TRAF3IP2/PLCG2/SLC18A2/KRT1/LY9/DOCK11/TAP2/VAV1/BTK/INPP5D,63,Module 5
GO:0006935,chemotaxis,46/899,291/12061,0.15807560137457044,2.1207450814001048,5.492215826828199,8.459068037386627e-7,3.4159254747337636e-4,3.110022909056404e-4,LEF1/TIAM1/JAML/LGALS9/L1CAM/IL16/SCG2/SLIT1/SEMA7A/IL23A/PRKCQ/CXCR3/HBEGF/CCR8/SERPINE1/SWAP70/PIK3CG/XCL1/SUCNR1/MPP1/STAP1/PTAFR/PLAUR/F2RL1/SEMA3F/EPHA2/C5AR1/SLAMF8/JAM3/C5AR2/CCRL2/TRPM4/CCL20/PTK2B/XCL2/BIN2/KLRK1/CYSLTR1/CNR2/CCR2/NRP2/TRPM2/BCAR1/GPSM3/VAV1/RIN3,46,Module 5
GO:0042330,taxis,46/899,291/12061,0.15807560137457044,2.1207450814001048,5.492215826828199,8.459068037386627e-7,3.4159254747337636e-4,3.110022909056404e-4,LEF1/TIAM1/JAML/LGALS9/L1CAM/IL16/SCG2/SLIT1/SEMA7A/IL23A/PRKCQ/CXCR3/HBEGF/CCR8/SERPINE1/SWAP70/PIK3CG/XCL1/SUCNR1/MPP1/STAP1/PTAFR/PLAUR/F2RL1/SEMA3F/EPHA2/C5AR1/SLAMF8/JAM3/C5AR2/CCRL2/TRPM4/CCL20/PTK2B/XCL2/BIN2/KLRK1/CYSLTR1/CNR2/CCR2/NRP2/TRPM2/BCAR1/GPSM3/VAV1/RIN3,46,Module 5
GO:0050900,leukocyte migration,42/899,260/12061,0.16153846153846155,2.1672028749893046,5.399531860277658,1.421859671374887e-6,5.263250550206041e-4,4.7919165415985233e-4,ITGB7/JAML/ADA/CD200R1/LGALS9/IL16/SCG2/IL23A/CXCR3/SERPINE1/THY1/SMPD3/SWAP70/FYN/IL27RA/LCK/PIK3CG/XCL1/MPP1/STAP1/HOXA7/PTAFR/ITGA6/F2RL1/SPNS2/C5AR1/SLAMF8/JAM3/C5AR2/TRPM4/CCL20/PTK2B/XCL2/KLRK1/CNR2/CCR2/TRPM2/DOCK8/GPSM3/VAV1/RIN3/CHST2,42,Module 5
GO:0043547,positive regulation of GTPase activity,31/899,168/12061,0.18452380952380953,2.4755747126436787,5.465786027388467,2.0557640545630657e-6,7.02438763874549e-4,6.395340483911981e-4,TIAM1/RGS16/ARHGAP29/RAP1GAP/THY1/RGL4/RASGRF1/TBC1D10C/XCL1/RASGEF1A/EPHA1/ADRB1/RGS8/TBC1D30/ITGA6/F2RL1/EPHA2/AGAP9/RASGRP2/CCL20/RTN4R/WNT11/RASGEF1B/XCL2/TBC1D8/RGS6/RAP1A/S100A10/DOCK11/DOCK8/MAPRE2,31,Module 5
GO:0009617,response to bacterium,57/899,408/12061,0.13970588235294118,1.8742966040698816,5.098618183693989,2.661504017829297e-6,7.750033044513845e-4,7.056002975668189e-4,GBP1/CD6/LGALS9/IL23A/GBP4/CSF2RB/SERPINE1/P2RX7/NCR3LG1/CASP1/GZMA/TMEM229B/COL6A1/IRGM/LTA/CARD8/IL27RA/GNLY/OAS3/ARG2/PTGER2/STAP1/GBP3/PTAFR/OAS1/F2RL1/INAVA/EPHA2/C5AR1/SLAMF8/TRAV20/FASLG/PLAC8/CCL20/CMPK2/TNFSF8/IL27/FGR/KLRK1/RNASE6/NUGGC/HAVCR2/CNR2/PPM1E/PLCG2/FER1L6/CSF2/MMP9/ASS1/PTPN22/TAP2/CA5B/TRAC/BTK/BNIP3/SLC22A5/NR1H3,57,Module 5
GO:0001819,positive regulation of cytokine production,52/899,360/12061,0.14444444444444443,1.9378692374242985,5.12701446119263,2.7407746580763463e-6,7.750033044513845e-4,7.056002975668189e-4,POU2F2/CD6/PTPRC/LGALS9/IL16/FERMT1/SEMA7A/PRKCZ/IL23A/NMB/PRKCQ/CD244/SERPINE1/P2RX7/RSAD2/CASP1/IL17D/RGCC/LTA/CD28/ZCCHC3/CARD8/CD3E/TSC22D1/IL27RA/AFAP1L2/POU2AF1/PIK3CG/XCL1/OAS3/SLAMF6/CD84/PTAFR/OAS1/F2RL1/INAVA/C5AR1/WNT11/CLEC7A/IL27/FGR/KLRK1/HAVCR2/CCR2/PLCG2/CSF2/LY9/FLT4/IFNGR1/PTPN22/GPSM3/BTK,52,Module 5
GO:0002443,leukocyte mediated immunity,44/899,285/12061,0.1543859649122807,2.071244852955526,5.1939141923020635,2.79154724701084e-6,7.750033044513845e-4,7.056002975668189e-4,PTPRC/LGALS9/PRF1/PRKCZ/IL23A/GZMM/CSF2RB/P2RX7/SUSD4/IGLL1/CEACAM1/RSAD2/NCR3LG1/LTA/CD28/SWAP70/IL27RA/SLA2/PIK3CG/XCL1/NKG7/FCMR/SLAMF6/NCR3/STAP1/CD84/PTAFR/F2RL1/LAT/TRPM4/RAB44/CLEC7A/FGR/KLRK1/HAVCR2/CCR2/RAET1E/TRAF3IP2/PLCG2/SLC18A2/TAP2/VAV1/BTK/INPP5D,44,Module 5
GO:0006968,cellular defense response,12/899,34/12061,0.35294117647058826,4.7350651050186485,6.189299091228405,3.2239158562492544e-6,8.423902490270111e-4,7.669526142235068e-4,PRF1/LGALS3BP/KIR3DL2/GNLY/NCR2/FCMR/TRAT1/C5AR1/PTK2B/CCR2/CD300C/NCF2,12,Module 5
GO:0002683,negative regulation of immune system process,52/899,366/12061,0.14207650273224043,1.9061008892698017,4.995735964887525,4.478928582682452e-6,0.0011053000424597473,0.0010063183400389462,TSC22D3/GBP1/ADA/CD200R1/PTPRC/LGALS9/UBASH3B/CST7/LAX1/THY1/SUSD4/ERFE/TSPAN32/CEACAM1/IL17D/LST1/IRGM/FYN/CARD8/TBC1D10C/TSC22D1/GRAMD4/IL27RA/SLA2/XCL1/OAS3/ARG2/STAP1/HOXA7/CD84/OAS1/F2RL1/SLAMF8/C5AR2/ILDR2/VSIR/FGL2/FGR/KLRK1/HAVCR2/CNR2/CCR2/LGALS9C/MFHAS1/PTPN22/GPR68/CBFB/BTK/RIN3/INPP5D/RNF125/NR1H3,52,Module 5
GO:0002685,regulation of leukocyte migration,30/899,167/12061,0.17964071856287425,2.4100630774047014,5.2073323876546045,5.275785747647714e-6,0.001233423173213218,0.0011229678029065107,ADA/CD200R1/LGALS9/IL23A/CXCR3/SERPINE1/THY1/SMPD3/SWAP70/IL27RA/XCL1/MPP1/STAP1/HOXA7/PTAFR/F2RL1/SPNS2/C5AR1/SLAMF8/JAM3/C5AR2/CCL20/PTK2B/XCL2/KLRK1/CCR2/DOCK8/GPSM3/RIN3/CHST2,30,Module 5
GO:0001818,negative regulation of cytokine production,35/899,211/12061,0.16587677725118483,2.2254057958026032,5.096176645250888,5.820042879050396e-6,0.001292631523437093,0.0011768739337532433,LEF1/GBP1/CD200R1/PTPRC/LGALS9/ARRB1/IL23A/NMB/TRIB2/CEACAM1/ADCY7/RGCC/IRGM/XAF1/CARD8/IL27RA/XCL1/OAS3/ARG2/HDAC9/CD84/OAS1/F2RL1/EPHA2/C5AR2/VSIR/WNT11/HAVCR2/NDRG2/LGALS9C/CYLD/PTPN22/BTK/INPP5D/RNF125,35,Module 5
GO:0042110,T cell activation,60/899,451/12061,0.13303769401330376,1.7848360706278716,4.820960870277436,7.096815800409947e-6,0.0015011455135914755,0.0013667151030162916,LEF1/CD5/CD6/JAML/ADA/PTPRC/IGFBP2/LGALS9/TCF7/PRKCZ/IL23A/PRKCQ/LAX1/EOMES/P2RX7/THY1/TSPAN32/CEACAM1/RSAD2/CD28/FYN/CD3E/SLA2/LCK/TRBC1/PIK3CG/XCL1/ARG2/CD7/NKG7/USP44/ZBTB16/SLAMF6/CD84/F2RL1/LAT/TREML2/ILDR2/VSIR/CLEC7A/FGL2/TNFSF8/CEACAM21/IL27/KLRK1/DLL4/HAVCR2/CCR2/TRAF3IP2/SOX13/LY9/LGALS9C/CYLD/BCL11B/PTPN22/DOCK8/VAV1/NFATC3/CBFB/TRAC,60,Module 5
GO:0019722,calcium-mediated signaling,28/899,154/12061,0.18181818181818182,2.4392759631914247,5.101357347989108,8.514355194052392e-6,0.0017191257169082146,0.0015651747682080997,GBP1/P2RX5/ADA/PTPRC/CXCR3/NR5A2/CCR8/P2RX7/IRGM/TBC1D10C/CD3E/SLA2/NFATC1/TRAT1/LAT/CCRL2/TRPM4/CCL20/CLEC7A/RASA3/CCR2/SLC8A2/PLCG2/TRPM2/RCAN3/TPCN1/NFATC3/BTK,28,Module 5
GO:0050851,antigen receptor-mediated signaling pathway,30/899,173/12061,0.17341040462427745,2.326477074720145,4.9871323358990445,1.0933182961840687e-5,0.0021115303789781014,0.001922438853061415,BLK/GBP1/ADA/PTPRC/LAX1/THY1/CEACAM1/CD28/FYN/CD3E/SLA2/LCK/TRBC1/SH2B2/FCMR/CD79A/STAP1/TRAT1/CD79B/LAT/FYB1/TRGC2/PLCG2/BCAR1/THEMIS2/CYLD/PTPN22/TRAC/BTK/INPP5D,30,Module 5
GO:0030595,leukocyte chemotaxis,27/899,149/12061,0.18120805369127516,2.4310904733820573,4.988274832094642,1.3086728121556644e-5,0.002369134693662869,0.002156974215752208,JAML/LGALS9/IL16/SCG2/IL23A/SERPINE1/SWAP70/PIK3CG/XCL1/MPP1/STAP1/F2RL1/C5AR1/SLAMF8/JAM3/C5AR2/TRPM4/CCL20/PTK2B/XCL2/KLRK1/CNR2/CCR2/TRPM2/GPSM3/VAV1/RIN3,27,Module 5
GO:0032635,interleukin-6 production,22/899,109/12061,0.2018348623853211,2.7078201059280955,5.082970270062265,1.4298072856100717e-5,0.002369134693662869,0.002156974215752208,POU2F2/CD200R1/LGALS9/IL16/ARRB1/NMB/P2RX7/IL17D/IL27RA/AFAP1L2/POU2AF1/CD84/PTAFR/F2RL1/INAVA/C5AR2/CLEC7A/HAVCR2/PLCG2/PTPN22/BTK/INPP5D,22,Module 5
GO:0032675,regulation of interleukin-6 production,22/899,109/12061,0.2018348623853211,2.7078201059280955,5.082970270062265,1.4298072856100717e-5,0.002369134693662869,0.002156974215752208,POU2F2/CD200R1/LGALS9/IL16/ARRB1/NMB/P2RX7/IL17D/IL27RA/AFAP1L2/POU2AF1/CD84/PTAFR/F2RL1/INAVA/C5AR2/CLEC7A/HAVCR2/PLCG2/PTPN22/BTK/INPP5D,22,Module 5
GO:0001906,cell killing,24/899,125/12061,0.192,2.5758754171301446,5.026086665457054,1.4400413491422213e-5,0.002369134693662869,0.002156974215752208,GBP1/PTPRC/LGALS9/PRF1/IL23A/GZMM/P2RX7/CEACAM1/GZMA/GNLY/XCL1/NKG7/SLAMF6/NCR3/STAP1/GBP3/F2RL1/CLEC7A/KLRK1/HAVCR2/RAET1E/APOL1/TAP2/VAV1,24,Module 5
GO:0042742,defense response to bacterium,26/899,143/12061,0.18181818181818182,2.4392759631914247,4.913521846250766,1.770726712586353e-5,0.0028091314490387787,0.0025575684322393867,GBP1/IL23A/GBP4/SERPINE1/P2RX7/NCR3LG1/CASP1/IRGM/LTA/IL27RA/GNLY/OAS3/ARG2/GBP3/OAS1/F2RL1/EPHA2/C5AR1/SLAMF8/PLAC8/CCL20/TNFSF8/FGR/KLRK1/RNASE6/HAVCR2,26,Module 5
GO:0051056,regulation of small GTPase mediated signal transduction,38/899,250/12061,0.152,2.039234705228031,4.712190092490411,1.8967896101137903e-5,0.0029053584303880887,0.0026451781060098664,STMN3/TIAM1/ARHGAP29/ARRB1/RAP1GAP/SPRY4/IQSEC2/KANK1/RASGRF1/SWAP70/GPR174/OBSCN/PIK3CG/SH2B2/RASGEF1A/ARHGAP9/RASA4/FGD5/F2RL1/F2RL3/KALRN/MCF2L/IQSEC3/RTN4R/EPS8L1/RASA4B/PLEKHG3/RASA3/OPHN1/RAP1GAP2/LPAR4/RASIP1/DOCK8/CYTH4/VAV1/MAPRE2/ARHGDIB/SRGAP3,38,Module 5
GO:0007204,positive regulation of cytosolic calcium ion concentration,20/899,96/12061,0.20833333333333334,2.7950037078235077,5.0110311878858145,2.136580254044188e-5,0.0031635631628214277,0.0028802601179079897,P2RX5/NMB/CXCR3/C1QTNF1/CCR8/P2RX7/SWAP70/DLG4/PIK3CG/PTGER2/F2RL1/C5AR1/C5AR2/CD52/CCRL2/TRPM4/PTK2B/CYSLTR1/CCR2/GNAT2,20,Module 5
GO:0002274,myeloid leukocyte activation,29/899,171/12061,0.1695906432748538,2.275231088473873,4.766268569206484,2.3578061601761503e-5,0.0033785080527427287,0.0030759562877408385,PTPRC/LGALS9/CST7/TSPAN32/TMEM229B/DYSF/IRGM/PIK3CG/WNK4/SUCNR1/STAP1/CD84/PTAFR/F2RL1/C5AR1/LAT/RAB44/FGR/HAVCR2/CNR2/CCR2/TRAF3IP2/PLCG2/SLC18A2/CSF2/MFHAS1/IFNGR1/BTK/NR1H3,29,Module 5
GO:0031343,positive regulation of cell killing,14/899,54/12061,0.25925925925925924,3.478226836402587,5.179682873682287,2.863939369002366e-5,0.003975505836596409,0.00361949179464049,PTPRC/PRF1/IL23A/P2RX7/XCL1/SLAMF6/NCR3/STAP1/F2RL1/CLEC7A/KLRK1/RAET1E/TAP2/VAV1,14,Module 5
GO:0050866,negative regulation of cell activation,26/899,149/12061,0.174496644295302,2.3410500854790186,4.674425911147447,3.717461747860599e-5,0.005003928813332357,0.004555817555113371,PTPRC/LGALS9/UBASH3B/CST7/LAX1/C1QTNF1/TSPAN32/CEACAM1/LST1/TBC1D10C/XCL1/ARG2/CD84/ILDR2/VSIR/FGL2/FGR/HAVCR2/CNR2/LGALS9C/SH2B3/PTPN22/CBFB/BTK/INPP5D/NR1H3,26,Module 5
GO:0007264,small GTPase-mediated signal transduction,54/899,416/12061,0.12980769230769232,1.7415023102592626,4.367892266698551,4.065463438947983e-5,0.0053114084105314536,0.004835761774748653,STMN3/TIAM1/SH2D3A/SH2D3C/ARHGAP29/ARRB1/RAP1GAP/SPRY4/SYNJ2BP/IQSEC2/KANK1/RGL4/RND3/RASGRF1/SWAP70/GPR174/OBSCN/PIK3CG/GRAP/SH2B2/RASGEF1A/ARHGAP9/RASA4/GRAP2/FGD5/F2RL1/F2RL3/KALRN/MCF2L/LAT/IQSEC3/RASGRP2/RTN4R/EPS8L1/RASGEF1B/RASA4B/RHOV/PLEKHG3/RASA3/OPHN1/RAP1GAP2/LPAR4/RAB39A/RASIP1/RAP1A/DOCK11/DOK4/DOCK8/CYTH4/VAV1/MAPRE2/ARHGDIB/WASF1/SRGAP3,54,Module 5
GO:0031341,regulation of cell killing,17/899,78/12061,0.21794871794871795,2.9240038789538234,4.837856203944985,4.7770031721135035e-5,0.006053288554230494,0.005511205153049494,PTPRC/LGALS9/PRF1/IL23A/P2RX7/CEACAM1/XCL1/SLAMF6/NCR3/STAP1/F2RL1/CLEC7A/KLRK1/HAVCR2/RAET1E/TAP2/VAV1,17,Module 5
GO:0035739,"CD4-positive, alpha-beta T cell proliferation",8/899,20/12061,0.4,5.366407119021135,5.546135000821452,5.178409839278676e-5,0.006053288554230494,0.005511205153049494,LGALS9/PRKCQ/CD28/CD3E/XCL1/ARG2/VSIR/LGALS9C,8,Module 5
GO:0045109,intermediate filament organization,8/899,20/12061,0.4,5.366407119021135,5.546135000821452,5.178409839278676e-5,0.006053288554230494,0.005511205153049494,KRT81/KRT86/INA/PKP2/KRT80/KRT83/NEFH/KRT1,8,Module 5
GO:2000561,"regulation of CD4-positive, alpha-beta T cell proliferation",8/899,20/12061,0.4,5.366407119021135,5.546135000821452,5.178409839278676e-5,0.006053288554230494,0.005511205153049494,LGALS9/PRKCQ/CD28/CD3E/XCL1/ARG2/VSIR/LGALS9C,8,Module 5
GO:0046640,regulation of alpha-beta T cell proliferation,11/899,38/12061,0.2894736842105263,3.8835840992916104,5.052432120769354,6.869687751184766e-5,0.007725354482220873,0.007033534425150499,PTPRC/LGALS9/IL23A/PRKCQ/CD28/CD3E/XCL1/ARG2/VSIR/CCR2/LGALS9C,11,Module 5
GO:0002366,leukocyte activation involved in immune response,34/899,227/12061,0.14977973568281938,2.0094475996334644,4.35725940984352,6.956645188852655e-5,0.007725354482220873,0.007033534425150499,LEF1/ADA/PTPRC/LGALS9/PRKCZ/IL23A/CD244/EOMES/CEACAM1/DYSF/CD28/SWAP70/IL27RA/POU2AF1/PIK3CG/SUCNR1/NKG7/SLAMF6/CD84/PTAFR/F2RL1/LAT/RAB44/FGL2/PTK2B/IL27/FGR/HAVCR2/CCR2/PLCG2/SLC18A2/LY9/DOCK11/BTK,34,Module 5
GO:0046631,alpha-beta T cell activation,26/899,155/12061,0.16774193548387098,2.2504287918475727,4.446562137680883,7.420972214576012e-5,0.008039989896865036,0.0073199936452890985,LEF1/ADA/PTPRC/LGALS9/PRKCZ/IL23A/PRKCQ/EOMES/RSAD2/CD28/CD3E/TRBC1/XCL1/ARG2/NKG7/ZBTB16/SLAMF6/VSIR/TNFSF8/IL27/CCR2/LY9/LGALS9C/BCL11B/CBFB/TRAC,26,Module 5
GO:0002263,cell activation involved in immune response,34/899,230/12061,0.14782608695652175,1.983237413551289,4.272618112391583,9.07460347811928e-5,0.009149499169041841,0.008330144270589056,LEF1/ADA/PTPRC/LGALS9/PRKCZ/IL23A/CD244/EOMES/CEACAM1/DYSF/CD28/SWAP70/IL27RA/POU2AF1/PIK3CG/SUCNR1/NKG7/SLAMF6/CD84/PTAFR/F2RL1/LAT/RAB44/FGL2/PTK2B/IL27/FGR/HAVCR2/CCR2/PLCG2/SLC18A2/LY9/DOCK11/BTK,34,Module 5
GO:0002703,regulation of leukocyte mediated immunity,29/899,184/12061,0.15760869565217392,2.1144810659186537,4.323253667146333,9.352726345815891e-5,0.009149499169041841,0.008330144270589056,PTPRC/LGALS9/PRKCZ/IL23A/P2RX7/SUSD4/CEACAM1/RSAD2/LTA/CD28/IL27RA/XCL1/SLAMF6/NCR3/STAP1/CD84/PTAFR/F2RL1/TRPM4/CLEC7A/FGR/KLRK1/HAVCR2/CCR2/RAET1E/PLCG2/TAP2/VAV1/BTK,29,Module 5
GO:0002449,lymphocyte mediated immunity,33/899,221/12061,0.1493212669683258,2.003296775200197,4.272009331491413,9.402695639395981e-5,0.009149499169041841,0.008330144270589056,PTPRC/LGALS9/PRF1/PRKCZ/IL23A/GZMM/CSF2RB/P2RX7/SUSD4/IGLL1/CEACAM1/RSAD2/NCR3LG1/LTA/CD28/SWAP70/IL27RA/SLA2/XCL1/NKG7/FCMR/SLAMF6/NCR3/TRPM4/KLRK1/HAVCR2/CCR2/RAET1E/TRAF3IP2/TAP2/VAV1/BTK/INPP5D,33,Module 5
GO:0031640,killing of cells of another organism,10/899,33/12061,0.30303030303030304,4.065459938652375,5.004243062478706,9.573942566780695e-5,0.009149499169041841,0.008330144270589056,GBP1/PRF1/GZMM/GZMA/GNLY/NKG7/GBP3/F2RL1/CLEC7A/APOL1,10,Module 5
GO:0141061,disruption of cell in another organism,10/899,33/12061,0.30303030303030304,4.065459938652375,5.004243062478706,9.573942566780695e-5,0.009149499169041841,0.008330144270589056,GBP1/PRF1/GZMM/GZMA/GNLY/NKG7/GBP3/F2RL1/CLEC7A/APOL1,10,Module 5
GO:0032613,interleukin-10 production,12/899,46/12061,0.2608695652173913,3.499830729796392,4.820700176573604,9.931206765442973e-5,0.009149499169041841,0.008330144270589056,LGALS9/PRKCZ/IL23A/TRIB2/CD28/XCL1/F2RL1/INAVA/VSIR/CLEC7A/PLCG2/BTK,12,Module 5
GO:0032653,regulation of interleukin-10 production,12/899,46/12061,0.2608695652173913,3.499830729796392,4.820700176573604,9.931206765442973e-5,0.009149499169041841,0.008330144270589056,LGALS9/PRKCZ/IL23A/TRIB2/CD28/XCL1/F2RL1/INAVA/VSIR/CLEC7A/PLCG2/BTK,12,Module 5
GO:0031589,cell-substrate adhesion,37/899,260/12061,0.1423076923076923,1.909202532728673,4.206010924157975,1.020589392877153e-4,0.009149499169041841,0.008330144270589056,RELL2/SPOCK2/GBP1/ITGB7/TIAM1/CAMSAP3/L1CAM/FERMT1/PRKCZ/SPRY4/FBLN5/CASS4/SERPINE1/KANK1/THY1/TECTA/JUP/PARVG/ZYX/TRIP6/CD3E/BCL2L11/EPB41L5/EPHA1/PKP2/HOXA7/ITGA6/JAM3/ITGAD/PTK2B/ITGA5/RADIL/FUT1/LIMS2/S100A10/ARL2/LYPD3,37,Module 5
GO:0070372,regulation of ERK1 and ERK2 cascade,29/899,185/12061,0.15675675675675677,2.1030514385353096,4.29070864924201,1.0322135567190788e-4,0.009149499169041841,0.008330144270589056,GBP1/TIAM1/PTPRC/ACTA2/LGALS9/ARRB1/DUSP6/SEMA7A/PRKCZ/GLIPR2/SYNJ2BP/CEACAM1/NHERF1/TBC1D10C/XCL1/F2RL1/EPHA2/C5AR1/CCL20/PTK2B/XCL2/FGF20/HAVCR2/FGF19/NDRG2/FLT4/RAP1A/MFHAS1/PTPN22,29,Module 5
GO:0050852,T cell receptor signaling pathway,23/899,132/12061,0.17424242424242425,2.3376394647251155,4.3853727170460335,1.050482795184903e-4,0.009149499169041841,0.008330144270589056,GBP1/ADA/PTPRC/THY1/CEACAM1/CD28/FYN/CD3E/SLA2/LCK/TRBC1/TRAT1/LAT/FYB1/TRGC2/PLCG2/BCAR1/THEMIS2/CYLD/PTPN22/TRAC/BTK/INPP5D,23,Module 5
GO:0002688,regulation of leukocyte chemotaxis,18/899,91/12061,0.1978021978021978,2.653717806109352,4.493839054648315,1.110627453245446e-4,0.009487321437146675,0.00863771391775102,LGALS9/IL23A/SERPINE1/SWAP70/XCL1/MPP1/STAP1/F2RL1/C5AR1/SLAMF8/JAM3/C5AR2/PTK2B/XCL2/KLRK1/CCR2/GPSM3/RIN3,18,Module 5
GO:0046641,positive regulation of alpha-beta T cell proliferation,8/899,22/12061,0.36363636363636365,4.878551926382849,5.16735422927607,1.1491891850312564e-4,0.009631506339450644,0.008768986790248434,PTPRC/LGALS9/IL23A/PRKCQ/CD28/CD3E/XCL1/CCR2,8,Module 5
GO:0032102,negative regulation of response to external stimulus,39/899,282/12061,0.13829787234042554,1.8554067166828392,4.125014599559878,1.248960076591419e-4,0.010025268941561742,0.009127487209052397,ADA/CD200R1/PTPRC/LGALS9/UBASH3B/SLIT1/SEMA7A/CST7/C1QTNF1/SERPINE1/SUSD4/CEACAM1/IRGM/FYN/CARD8/OAS3/ARG2/STAP1/OAS1/PLAUR/SEMA3F/SLAMF8/C5AR2/RTN4RL1/RTN4R/CTNNA2/FGL2/FGR/KLRK1/HAVCR2/TAFA5/BACE1/KRT1/SLC39A8/CYLD/MFHAS1/SH2B3/RIN3/NR1H3,39,Module 5
GO:0050920,regulation of chemotaxis,25/899,151/12061,0.16556291390728478,2.221194999594841,4.2854861997830644,1.2583086191395116e-4,0.010025268941561742,0.009127487209052397,TIAM1/LGALS9/IL16/SCG2/SLIT1/SEMA7A/IL23A/SERPINE1/SWAP70/XCL1/SUCNR1/MPP1/STAP1/F2RL1/SEMA3F/C5AR1/SLAMF8/JAM3/C5AR2/PTK2B/XCL2/KLRK1/CCR2/GPSM3/RIN3,25,Module 5
GO:0032609,type II interferon production,18/899,92/12061,0.1956521739130435,2.624873047347294,4.439835769064076,1.286448288313866e-4,0.010025268941561742,0.009127487209052397,LGALS9/IL23A/CD244/IRGM/LTA/CD3E/IL27RA/XCL1/SLAMF6/F2RL1/VSIR/CLEC7A/IL27/KLRK1/HAVCR2/CCR2/LGALS9C/PTPN22,18,Module 5
GO:0032649,regulation of type II interferon production,18/899,92/12061,0.1956521739130435,2.624873047347294,4.439835769064076,1.286448288313866e-4,0.010025268941561742,0.009127487209052397,LGALS9/IL23A/CD244/IRGM/LTA/CD3E/IL27RA/XCL1/SLAMF6/F2RL1/VSIR/CLEC7A/IL27/KLRK1/HAVCR2/CCR2/LGALS9C/PTPN22,18,Module 5
GO:0001910,regulation of leukocyte mediated cytotoxicity,15/899,69/12061,0.21739130434782608,2.9165256081636604,4.530810024212857,1.35557477674914e-4,0.010381833031585654,0.009452120312650083,PTPRC/LGALS9/IL23A/P2RX7/CEACAM1/XCL1/SLAMF6/NCR3/STAP1/F2RL1/KLRK1/HAVCR2/RAET1E/TAP2/VAV1,15,Module 5
GO:0046633,alpha-beta T cell proliferation,11/899,41/12061,0.2682926829268293,3.5994194090995415,4.73149671133645,1.4668141570619368e-4,0.011043370314693428,0.010054415684981197,PTPRC/LGALS9/IL23A/PRKCQ/CD28/CD3E/XCL1/ARG2/VSIR/CCR2/LGALS9C,11,Module 5
GO:0050865,regulation of cell activation,58/899,479/12061,0.12108559498956159,1.6244864974072328,3.958052219182807,1.518447350552459e-4,0.011241571885256705,0.010234867931267627,LEF1/CD5/CD6/ADA/PTPRC/ACTA2/IGFBP2/LGALS9/TCF7/UBASH3B/PRKCZ/IL23A/PRKCQ/CST7/LAX1/C1QTNF1/THY1/TSPAN32/CEACAM1/LST1/IRGM/CD28/FYN/TBC1D10C/CD3E/IL27RA/LCK/XCL1/ARG2/ZBTB16/STAP1/CD84/SLAMF8/LAT/ILDR2/VSIR/CLEC7A/FGL2/TNFSF8/IL27/FGR/KLRK1/HAVCR2/CNR2/CCR2/SOX13/THEMIS2/LGALS9C/CYLD/MFHAS1/SH2B3/PTPN22/DOCK8/VAV1/CBFB/BTK/INPP5D/NR1H3,58,Module 5
GO:0007162,negative regulation of cell adhesion,31/899,208/12061,0.14903846153846154,1.9995026525198938,4.12652011988973,1.5709277675632517e-4,0.011439444497567154,0.010415020678132896,PDE3B/GBP1/PTPRC/LGALS9/SPINT2/UBASH3B/LAX1/SPRY4/C1QTNF1/SERPINE1/KANK1/TSPAN32/CEACAM1/RGCC/PLXND1/SWAP70/XCL1/ARG2/EPB41L5/HOXA7/JAM3/ILDR2/VSIR/FGL2/HAVCR2/ASS1/EPCAM/LGALS9C/SH2B3/PTPN22/CBFB,31,Module 5
GO:0001909,leukocyte mediated cytotoxicity,18/899,94/12061,0.19148936170212766,2.5690246846377773,4.333946522165561,1.7127394323869e-4,0.0122709492881655,0.011172062647250375,PTPRC/LGALS9/PRF1/IL23A/GZMM/P2RX7/CEACAM1/XCL1/NKG7/SLAMF6/NCR3/STAP1/F2RL1/KLRK1/HAVCR2/RAET1E/TAP2/VAV1,18,Module 5
GO:0070232,regulation of T cell apoptotic process,9/899,29/12061,0.3103448275862069,4.1635917302750185,4.8405310425105625,1.7482471725997507e-4,0.012284244165940634,0.01118416694365836,TSC22D3/ADA/LGALS9/PRKCQ/P2RX7/BCL2L11/ARG2/BCL11B/DOCK8,9,Module 5
GO:0002460,adaptive immune response based on somatic recombination of immune receptors built from immunoglobulin superfamily domains,34/899,238/12061,0.14285714285714285,1.9165739710789766,4.052981714518624,1.7849698547430784e-4,0.012284244165940634,0.01118416694365836,LEF1/ADA/PTPRC/PRF1/PRKCZ/IL23A/GZMM/PRKCQ/CSF2RB/P2RX7/SUSD4/IGLL1/CEACAM1/RSAD2/NCR3LG1/LTA/CD28/SWAP70/IL27RA/SLA2/XCL1/FCMR/SLAMF6/TRPM4/CLEC7A/IL27/HAVCR2/CCR2/RAET1E/TRAF3IP2/LY9/TAP2/BTK/INPP5D,34,Module 5
GO:0040017,positive regulation of locomotion,52/899,419/12061,0.12410501193317422,1.6649950488609724,3.931824427485162,1.797559366920624e-4,0.012284244165940634,0.01118416694365836,LEF1/SPOCK2/TIAM1/PTPRC/ACTA2/LGALS9/IL16/FERMT1/SCG2/SEMA7A/IL23A/GLIPR2/HBEGF/CASS4/SERPINE1/THY1/SWAP70/TRIP6/PIK3CG/XCL1/SUCNR1/EPB41L5/HDAC9/EPHA1/PTAFR/ITGA6/F2RL1/SEMA3F/EPHA2/C5AR1/JAM3/VSIR/CCL20/CLEC7A/PTK2B/XCL2/FGR/SNAI1/ITGA5/FUT1/CCR2/PLCG2/CSF2/NRP2/MMP9/BCAR1/FLT4/TMSB15B/DOCK8/GPSM3/MAPRE2/CARMIL2,52,Module 5
GO:0006525,arginine metabolic process,6/899,13/12061,0.46153846153846156,6.192008214255155,5.315352343656643,1.8343151660068195e-4,0.012345496920306502,0.011239934398402233,ARG2/CLN3/SLC7A7/ASS1/DDAH1/SLC39A8,6,Module 5
GO:0002275,myeloid cell activation involved in immune response,15/899,71/12061,0.2112676056338028,2.8343699572294723,4.399354942512986,1.9011667885044753e-4,0.012496649484765508,0.011377550965773852,LGALS9/DYSF/PIK3CG/SUCNR1/CD84/PTAFR/F2RL1/LAT/RAB44/FGR/HAVCR2/CCR2/PLCG2/SLC18A2/BTK,15,Module 5
GO:0001912,positive regulation of leukocyte mediated cytotoxicity,12/899,49/12061,0.24489795918367346,3.2855553789925316,4.549509933699689,1.9130395429177273e-4,0.012496649484765508,0.011377550965773852,PTPRC/IL23A/P2RX7/XCL1/SLAMF6/NCR3/STAP1/F2RL1/KLRK1/RAET1E/TAP2/VAV1,12,Module 5
GO:0071346,cellular response to type II interferon,16/899,79/12061,0.20253164556962025,2.7171681615296883,4.3455445459198865,1.9769008052052434e-4,0.012726657067712598,0.01158696093607711,GBP1/LGALS9/GBP4/PARP9/CASP1/IRGM/ZYX/XCL1/GBP3/FASLG/CCL20/RAB43/XCL2/ASS1/IFNGR1/NR1H3,16,Module 5
GO:0007169,transmembrane receptor protein tyrosine kinase signaling pathway,54/899,442/12061,0.12217194570135746,1.6390609978910704,3.8846470211601694,2.032434381247574e-4,0.01285491754495371,0.011703735445795433,BLK/TIAM1/IGFBP2/EPHB6/UBASH3B/NIBAN2/PRKCZ/FUZ/PRKCQ/SPRY4/HBEGF/CASS4/KANK1/SHISA2/ERFE/SMPD3/CEACAM1/COL6A1/FYN/NHERF1/CD3E/PTPN12/AFAP1L2/BAIAP2/LCK/IGFBP6/MYORG/SH2B2/CD7/STAP1/EPHA1/HHIP/TRAT1/NOG/PLAUR/EPHA2/KALRN/PDE6G/FASLG/PTK2B/FGR/FGF20/ITGA5/NRP2/MMP9/FGF19/CSPG4/BCAR1/FLT4/SH2B3/DOK4/PAK3/VAV1/WASF1,54,Module 5
GO:0002705,positive regulation of leukocyte mediated immunity,20/899,112/12061,0.17857142857142858,2.3957174638487206,4.211368399903959,2.0666455890169685e-4,0.01285491754495371,0.011703735445795433,PTPRC/PRKCZ/IL23A/P2RX7/RSAD2/LTA/CD28/XCL1/SLAMF6/NCR3/STAP1/PTAFR/F2RL1/CLEC7A/KLRK1/RAET1E/PLCG2/TAP2/VAV1/BTK,20,Module 5
GO:0007160,cell-matrix adhesion,27/899,174/12061,0.15517241379310345,2.0817958651375092,4.0791182997541124,2.0969019825011793e-4,0.01285491754495371,0.011703735445795433,ITGB7/TIAM1/CAMSAP3/L1CAM/FERMT1/PRKCZ/FBLN5/SERPINE1/THY1/TECTA/JUP/PARVG/ZYX/TRIP6/CD3E/BCL2L11/EPB41L5/EPHA1/HOXA7/ITGA6/JAM3/ITGAD/PTK2B/ITGA5/FUT1/S100A10/LYPD3,27,Module 5
GO:0045104,intermediate filament cytoskeleton organization,10/899,36/12061,0.2777777777777778,3.7266716104313433,4.649690384968949,2.1415216081192582e-4,0.01285491754495371,0.011703735445795433,KRT81/EVPL/KRT86/INA/PKP2/KRT80/KRT18/KRT83/NEFH/KRT1,10,Module 5
GO:0141060,disruption of anatomical structure in another organism,10/899,36/12061,0.2777777777777778,3.7266716104313433,4.649690384968949,2.1415216081192582e-4,0.01285491754495371,0.011703735445795433,GBP1/PRF1/GZMM/GZMA/GNLY/NKG7/GBP3/F2RL1/CLEC7A/APOL1,10,Module 5
GO:0043299,leukocyte degranulation,13/899,57/12061,0.22807017543859648,3.0597935327752084,4.4236485452534735,2.2578831365823148e-4,0.013372689190264856,0.012175139664209477,LGALS9/CEACAM1/PIK3CG/NKG7/CD84/PTAFR/F2RL1/LAT/RAB44/FGR/CCR2/SLC18A2/BTK,13,Module 5
GO:0010811,positive regulation of cell-substrate adhesion,17/899,88/12061,0.19318181818181818,2.591730710890889,4.25296619931227,2.304989929933994e-4,0.013471073134307801,0.012264713140598254,RELL2/SPOCK2/FERMT1/PRKCZ/CASS4/THY1/JUP/CD3E/EPB41L5/EPHA1/ITGA6/PTK2B/ITGA5/FUT1/LIMS2/S100A10/ARL2,17,Module 5
GO:0031349,positive regulation of defense response,45/899,351/12061,0.1282051282051282,1.7200022817375429,3.885004034273558,2.335147751782307e-4,0.013471073134307801,0.012264713140598254,IL16/IL23A/SERPINE1/PARP9/RSAD2/CASP1/IRGM/LTA/CD28/FYN/ZCCHC3/CARD8/ZNRF1/GRAMD4/NOP53/LRCH4/PIK3CG/OAS3/SUCNR1/NKG7/SLAMF6/NCR3/STAP1/OAS1/NPAS2/F2RL1/INAVA/COLEC11/CLEC7A/KLRK1/HAVCR2/CCR2/RAET1E/PLCG2/GRPR/CYLD/MFHAS1/BIRC2/PTPN22/PAK3/GPSM3/VAV1/BTK/RNF125/NR1H3,45,Module 5
GO:0051345,positive regulation of hydrolase activity,45/899,352/12061,0.1278409090909091,1.7151159116189705,3.8642957810139653,2.490524810406001e-4,0.014183219497209559,0.012913085454223826,TIAM1/RGS16/PTPRC/LGALS9/CASP10/ARHGAP29/RAP1GAP/THY1/RGL4/CASP1/RASGRF1/FYN/CARD8/TBC1D10C/GRAMD4/LCK/XCL1/RASGEF1A/EPHA1/ADRB1/RGS8/TBC1D30/ITGA6/RCN3/F2RL1/EPHA2/C5AR1/AGAP9/FASLG/VSIR/RASGRP2/CCL20/RTN4R/WNT11/CLEC7A/RASGEF1B/XCL2/TBC1D8/RGS6/RAP1A/S100A10/DOCK11/DOCK8/MAPRE2/NR1H3,45,Module 5
GO:0070371,ERK1 and ERK2 cascade,30/899,204/12061,0.14705882352941177,1.97294379375777,3.9773876104789263,2.529622787632168e-4,0.014223524585648215,0.012949781146013042,GBP1/TIAM1/PTPRC/ACTA2/LGALS9/ARRB1/DUSP6/SEMA7A/PRKCZ/GLIPR2/SYNJ2BP/CEACAM1/NHERF1/TBC1D10C/XCL1/WNK4/F2RL1/EPHA2/C5AR1/CCL20/PTK2B/XCL2/FGF20/HAVCR2/FGF19/NDRG2/FLT4/RAP1A/MFHAS1/PTPN22,30,Module 5
GO:0045103,intermediate filament-based process,10/899,37/12061,0.2702702702702703,3.6259507560953614,4.539891216186391,2.7409815407339994e-4,0.015219300004925532,0.013856382999342139,KRT81/EVPL/KRT86/INA/PKP2/KRT80/KRT18/KRT83/NEFH/KRT1,10,Module 5
GO:0031424,keratinization,7/899,19/12061,0.3684210526315789,4.942743399098413,4.880996464034777,2.836648835351924e-4,0.015556042131645985,0.014162969233816885,KRT81/EVPL/KRT86/KRT80/CNFN/KRT83/KRT1,7,Module 5
GO:0034341,response to type II interferon,18/899,98/12061,0.1836734693877551,2.4641665342443986,4.13015122250385,2.948626406498012e-4,0.01579433690746165,0.01437992426324502,GBP1/LGALS9/GBP4/PARP9/CASP1/IRGM/IFITM3/ZYX/XCL1/GBP3/FASLG/CCL20/RAB43/XCL2/ASS1/IFNGR1/SLC22A5/NR1H3,18,Module 5
GO:0032729,positive regulation of type II interferon production,14/899,66/12061,0.21212121212121213,2.8458219570566623,4.267211218898303,2.9512155860407854e-4,0.01579433690746165,0.01437992426324502,LGALS9/IL23A/CD244/LTA/CD3E/IL27RA/SLAMF6/F2RL1/CLEC7A/IL27/KLRK1/HAVCR2/CCR2/PTPN22,14,Module 5
GO:0022407,regulation of cell-cell adhesion,46/899,366/12061,0.12568306010928962,1.6861661712771325,3.7831383462174775,3.1476056709070087e-4,0.016644838559724918,0.015154261889254046,LEF1/CD5/CD6/ADA/PTPRC/IGFBP2/LGALS9/SPINT2/UBASH3B/PRKCZ/IL23A/PRKCQ/LAX1/C1QTNF1/THY1/TSPAN32/CEACAM1/RGCC/CD28/SWAP70/FYN/CD3E/LCK/XCL1/ARG2/EPB41L5/ZBTB16/PTAFR/PLAUR/ILDR2/VSIR/FGL2/KLRK1/HAVCR2/CCR2/SOX13/ASS1/EPCAM/LGALS9C/CYLD/SH2B3/PTPN22/DOCK8/VAV1/CBFB/CHST2,46,Module 5
GO:0002695,negative regulation of leukocyte activation,22/899,135/12061,0.16296296296296298,2.186314011453055,3.9337035912772422,3.939299082312721e-4,0.020586313557215418,0.01874277037058263,PTPRC/LGALS9/CST7/LAX1/TSPAN32/LST1/TBC1D10C/XCL1/ARG2/CD84/ILDR2/VSIR/FGL2/FGR/HAVCR2/CNR2/LGALS9C/PTPN22/CBFB/BTK/INPP5D/NR1H3,22,Module 5
GO:0001776,leukocyte homeostasis,17/899,92/12061,0.18478260869565216,2.4790467669391107,4.0413771098581694,3.99777301348318e-4,0.020648962471967774,0.01879980895691846,TSC22D3/ADA/LGALS9/P2RX7/GPR174/BCL2L11/SH2B2/SPNS2/JAM3/LAT/XKR8/GCNT4/CCR2/TRAF3IP2/SH2B3/DOCK11/BTK,17,Module 5
GO:0071639,positive regulation of monocyte chemotactic protein-1 production,5/899,10/12061,0.5,6.708008898776418,5.1245482781942044,4.1765506120888265e-4,0.021082088430566553,0.019194147669432143,LGALS9/OAS3/CD84/OAS1/CLEC7A,5,Module 5
GO:2000563,"positive regulation of CD4-positive, alpha-beta T cell proliferation",5/899,10/12061,0.5,6.708008898776418,5.1245482781942044,4.1765506120888265e-4,0.021082088430566553,0.019194147669432143,LGALS9/PRKCQ/CD28/CD3E/XCL1,5,Module 5
GO:0007186,G protein-coupled receptor signaling pathway,52/899,434/12061,0.11981566820276497,1.6074491370339803,3.6576608903305448,4.2525700689145633e-4,0.021224624995638753,0.0193239198164042,PDE3B/INPP5A/RGS16/ADA/PIK3R5/ARRB1/SORCS1/NMB/RGS3/CXCR3/CCR8/ADCY7/NHERF1/CD3E/PIK3CG/XCL1/GRK1/SUCNR1/PTGER2/GPR158/ADRB1/LPAR5/RGS8/PTAFR/F2RL1/F2RL3/SPNS2/C5AR1/C5AR2/CCRL2/PDE6G/VIPR1/GPR25/CCL20/APLNR/PTK2B/XCL2/GPR176/CYSLTR1/CNR2/CCR2/TAFA5/GUCY2D/BCAR1/RGS6/GRPR/SH2B3/GPR68/VAV1/DGKA/GNAT2/UTS2R,52,Module 5
GO:0007229,integrin-mediated signaling pathway,17/899,93/12061,0.1827956989247312,2.4523903500903037,3.990217136492856,4.559561771365576e-4,0.022503970431562097,0.020488697456826365,ITGB7/FERMT1/SEMA7A/THY1/TSPAN32/CEACAM1/ZYX/ITGA6/LAT/FYB1/ITGAD/PTK2B/FGR/ITGA5/BCAR1/LIMS2/VAV1,17,Module 5
GO:0002694,regulation of leukocyte activation,53/899,447/12061,0.1185682326621924,1.5907135196203586,3.6117880107660882,4.834736861518971e-4,0.023599891361392605,0.02148647660145273,LEF1/CD5/CD6/ADA/PTPRC/IGFBP2/LGALS9/TCF7/PRKCZ/IL23A/PRKCQ/CST7/LAX1/THY1/TSPAN32/LST1/IRGM/CD28/FYN/TBC1D10C/CD3E/IL27RA/LCK/XCL1/ARG2/ZBTB16/STAP1/CD84/SLAMF8/LAT/ILDR2/VSIR/CLEC7A/FGL2/TNFSF8/IL27/FGR/KLRK1/HAVCR2/CNR2/CCR2/SOX13/THEMIS2/LGALS9C/CYLD/MFHAS1/PTPN22/DOCK8/VAV1/CBFB/BTK/INPP5D/NR1H3,53,Module 5
GO:0022408,negative regulation of cell-cell adhesion,22/899,139/12061,0.15827338129496402,2.1233985003321036,3.7804993858201286,5.954112417934255e-4,0.028748008000504303,0.026173569690736163,LGALS9/SPINT2/UBASH3B/LAX1/C1QTNF1/TSPAN32/CEACAM1/RGCC/SWAP70/XCL1/ARG2/EPB41L5/ILDR2/VSIR/FGL2/HAVCR2/ASS1/EPCAM/LGALS9C/SH2B3/PTPN22/CBFB,22,Module 5
GO:0030335,positive regulation of cell migration,48/899,398/12061,0.12060301507537688,1.6180121966897894,3.55808185550703,6.046333059959392e-4,0.028879367153053358,0.02629316538354724,LEF1/TIAM1/PTPRC/ACTA2/LGALS9/FERMT1/SEMA7A/IL23A/GLIPR2/HBEGF/CASS4/SERPINE1/THY1/SWAP70/TRIP6/PIK3CG/XCL1/EPB41L5/HDAC9/EPHA1/PTAFR/ITGA6/F2RL1/SEMA3F/EPHA2/C5AR1/JAM3/VSIR/CCL20/CLEC7A/PTK2B/XCL2/FGR/SNAI1/ITGA5/FUT1/CCR2/PLCG2/CSF2/NRP2/MMP9/BCAR1/FLT4/TMSB15B/DOCK8/GPSM3/MAPRE2/CARMIL2,48,Module 5
GO:2000147,positive regulation of cell motility,49/899,409/12061,0.1198044009779951,1.6072979757459387,3.546057228451451,6.187732059972988e-4,0.029240325330212785,0.026621799075494088,LEF1/SPOCK2/TIAM1/PTPRC/ACTA2/LGALS9/FERMT1/SEMA7A/IL23A/GLIPR2/HBEGF/CASS4/SERPINE1/THY1/SWAP70/TRIP6/PIK3CG/XCL1/EPB41L5/HDAC9/EPHA1/PTAFR/ITGA6/F2RL1/SEMA3F/EPHA2/C5AR1/JAM3/VSIR/CCL20/CLEC7A/PTK2B/XCL2/FGR/SNAI1/ITGA5/FUT1/CCR2/PLCG2/CSF2/NRP2/MMP9/BCAR1/FLT4/TMSB15B/DOCK8/GPSM3/MAPRE2/CARMIL2,49,Module 5
GO:0042116,macrophage activation,15/899,79/12061,0.189873417721519,2.5473451514340835,3.915782643838465,6.401959478857731e-4,0.029530648807304143,0.026886123537918555,PTPRC/CST7/TMEM229B/DYSF/IRGM/WNK4/SUCNR1/STAP1/CD84/C5AR1/HAVCR2/PLCG2/MFHAS1/IFNGR1/NR1H3,15,Module 5
GO:0032715,negative regulation of interleukin-6 production,9/899,34/12061,0.2647058823529412,3.551298828763986,4.227704491978915,6.52922988840132e-4,0.029530648807304143,0.026886123537918555,CD200R1/ARRB1/NMB/IL27RA/CD84/C5AR2/HAVCR2/PTPN22/INPP5D,9,Module 5
GO:0032733,positive regulation of interleukin-10 production,9/899,34/12061,0.2647058823529412,3.551298828763986,4.227704491978915,6.52922988840132e-4,0.029530648807304143,0.026886123537918555,LGALS9/PRKCZ/IL23A/CD28/XCL1/F2RL1/INAVA/CLEC7A/PLCG2,9,Module 5
GO:0002706,regulation of lymphocyte mediated immunity,22/899,140/12061,0.15714285714285714,2.1082313681868743,3.7430066880161874,6.579677738614881e-4,0.029530648807304143,0.026886123537918555,PTPRC/LGALS9/PRKCZ/IL23A/P2RX7/SUSD4/CEACAM1/RSAD2/LTA/CD28/IL27RA/XCL1/SLAMF6/NCR3/TRPM4/KLRK1/HAVCR2/CCR2/RAET1E/TAP2/VAV1/BTK,22,Module 5
GO:0070374,positive regulation of ERK1 and ERK2 cascade,20/899,122/12061,0.16393442622950818,2.1993471799266944,3.7785341198311415,6.581571886364498e-4,0.029530648807304143,0.026886123537918555,PTPRC/ACTA2/LGALS9/ARRB1/SEMA7A/PRKCZ/GLIPR2/XCL1/F2RL1/C5AR1/CCL20/PTK2B/XCL2/FGF20/HAVCR2/FGF19/FLT4/RAP1A/MFHAS1/PTPN22,20,Module 5
GO:0002521,leukocyte differentiation,56/899,486/12061,0.11522633744855967,1.5458785939567055,3.486070692351785,6.849544793290818e-4,0.030259071095178103,0.02754931423675307,LEF1/ADA/PTPRC/LGALS9/CASP10/TCF7/CBFA2T3/UBASH3B/RASSF2/PRKCZ/IL23A/EOMES/ERFE/EVI2B/CEACAM1/RSAD2/CD28/CD3E/POU2AF1/LCK/NFATC1/HDAC9/USP44/ZBTB16/SLAMF6/CD79A/HOXA7/CD79B/F2RL1/EPHA2/SLAMF8/VSIR/FGL2/TNFSF8/PTK2B/IL27/SH3PXD2A/DLL4/CCR2/TRAF3IP2/PLCG2/CSF2/SOX13/MMP9/TRPM2/LY9/CYLD/BCL11B/DOCK11/PTPN22/GPR68/VAV1/NFATC3/CBFB/BTK/INPP5D,56,Module 5
GO:0002697,regulation of immune effector process,36/899,276/12061,0.13043478260869565,1.749915364898196,3.5767162692229317,6.932154314463097e-4,0.030259071095178103,0.02754931423675307,PTPRC/LGALS9/SEMA7A/PRKCZ/IL23A/CD244/P2RX7/SUSD4/CEACAM1/RSAD2/LTA/CD28/IL27RA/XCL1/SLAMF6/NCR3/STAP1/CD84/PTAFR/F2RL1/INAVA/SLAMF8/COLEC11/TRPM4/CLEC7A/FGL2/IL27/FGR/KLRK1/HAVCR2/CCR2/RAET1E/PLCG2/TAP2/VAV1/BTK,36,Module 5
GO:0010810,regulation of cell-substrate adhesion,24/899,159/12061,0.1509433962264151,2.0250592901966544,3.692496275370821,6.948278369446571e-4,0.030259071095178103,0.02754931423675307,RELL2/SPOCK2/GBP1/CAMSAP3/FERMT1/PRKCZ/SPRY4/CASS4/SERPINE1/KANK1/THY1/JUP/CD3E/EPB41L5/EPHA1/PKP2/HOXA7/ITGA6/PTK2B/ITGA5/FUT1/LIMS2/S100A10/ARL2,24,Module 5
GO:0050853,B cell receptor signaling pathway,12/899,56/12061,0.21428571428571427,2.874860956618465,3.9908415679398668,7.139440588924326e-4,0.030702124924929353,0.027952691760842335,BLK/PTPRC/LCK/SH2B2/FCMR/CD79A/STAP1/CD79B/PLCG2/BCAR1/PTPN22/BTK,12,Module 5
GO:2000562,"negative regulation of CD4-positive, alpha-beta T cell proliferation",5/899,11/12061,0.45454545454545453,6.098189907978562,4.800664089719866,7.188250770357165e-4,0.030702124924929353,0.027952691760842335,LGALS9/XCL1/ARG2/VSIR/LGALS9C,5,Module 5
GO:0002699,positive regulation of immune effector process,27/899,188/12061,0.14361702127659576,1.926768513478333,3.6345650979968087,7.347727529066389e-4,0.03108438636582181,0.02830072096909581,PTPRC/LGALS9/SEMA7A/PRKCZ/IL23A/CD244/P2RX7/RSAD2/LTA/CD28/XCL1/SLAMF6/NCR3/STAP1/PTAFR/F2RL1/INAVA/COLEC11/CLEC7A/FGR/KLRK1/CCR2/RAET1E/PLCG2/TAP2/VAV1/BTK,27,Module 5
GO:1903131,mononuclear cell differentiation,46/899,382/12061,0.12041884816753927,1.6155414101765198,3.4695137906308404,8.056223862229678e-4,0.03376013810945682,0.030736854099986517,LEF1/ADA/PTPRC/LGALS9/TCF7/PRKCZ/IL23A/EOMES/RSAD2/CD28/CD3E/POU2AF1/LCK/NFATC1/HDAC9/USP44/ZBTB16/SLAMF6/CD79A/HOXA7/CD79B/F2RL1/SLAMF8/VSIR/FGL2/TNFSF8/PTK2B/IL27/DLL4/CCR2/TRAF3IP2/PLCG2/CSF2/SOX13/TRPM2/LY9/CYLD/BCL11B/DOCK11/PTPN22/GPR68/VAV1/NFATC3/CBFB/BTK/INPP5D,46,Module 5
GO:0001954,positive regulation of cell-matrix adhesion,10/899,42/12061,0.23809523809523808,3.1942899517982943,4.042657815079883,8.236150868042218e-4,0.034191572108264984,0.03112965237089838,FERMT1/PRKCZ/THY1/JUP/CD3E/EPB41L5/EPHA1/PTK2B/FUT1/S100A10,10,Module 5
GO:0060078,regulation of postsynaptic membrane potential,14/899,73/12061,0.1917808219178082,2.5729349200786262,3.8254392341989893,8.656631634095179e-4,0.03560440529504702,0.03241596368244998,P2RX5/CUX2/PRKCZ/P2RX7/GRIK2/DLG4/BAIAP2/ADRB1/MPP2/PTK2B/NPAS4/SLC8A2/GLRA3/P2RX6,14,Module 5
GO:0008544,epidermis development,30/899,221/12061,0.13574660633484162,1.821178886545634,3.496556505373672,9.879859609562161e-4,0.038675857226114364,0.03521236130304779,LAMA3/AQP3/FERMT1/FUZ/MAFF/KRT81/HOXB13/TECTA/DCT/COL6A1/ETV4/NHERF1/EVPL/KRT86/HOXA7/EPHA2/EXPH5/SPINT1/LDB2/KRT80/OVOL2/MYO7A/FGF20/SOX18/CNFN/SNAI1/KRT83/KRT1/MYCL/BCL11B,30,Module 5
GO:0034113,heterotypic cell-cell adhesion,10/899,43/12061,0.23255813953488372,3.1200041389657756,3.9521855635639915,0.001002677562434851,0.038675857226114364,0.03521236130304779,ITGB7/CD200R1/PTPRC/THY1/JUP/LCK/PKP2/JAM3/ITGAD/ITGA5,10,Module 5
GO:0060079,excitatory postsynaptic potential,13/899,66/12061,0.19696969696969696,2.6425489601240435,3.7972802975037405,0.0010102677702164434,0.038675857226114364,0.03521236130304779,P2RX5/CUX2/PRKCZ/P2RX7/GRIK2/DLG4/BAIAP2/MPP2/PTK2B/NPAS4/SLC8A2/GLRA3/P2RX6,13,Module 5
GO:0001780,neutrophil homeostasis,6/899,17/12061,0.35294117647058826,4.7350651050186485,4.373405575173802,0.0010209170411475917,0.038675857226114364,0.03521236130304779,JAM3/XKR8/GCNT4/CCR2/SH2B3/BTK,6,Module 5
GO:0032682,negative regulation of chemokine production,6/899,17/12061,0.35294117647058826,4.7350651050186485,4.373405575173802,0.0010209170411475917,0.038675857226114364,0.03521236130304779,LGALS9/OAS3/ARG2/OAS1/F2RL1/EPHA2,6,Module 5
GO:0070233,negative regulation of T cell apoptotic process,6/899,17/12061,0.35294117647058826,4.7350651050186485,4.373405575173802,0.0010209170411475917,0.038675857226114364,0.03521236130304779,TSC22D3/ADA/PRKCQ/ARG2/BCL11B/DOCK8,6,Module 5
GO:0099633,protein localization to postsynaptic specialization membrane,6/899,17/12061,0.35294117647058826,4.7350651050186485,4.373405575173802,0.0010209170411475917,0.038675857226114364,0.03521236130304779,PRKCZ/IQSEC2/DLG4/GPC4/NPTX1/RAP1A,6,Module 5
GO:0099645,neurotransmitter receptor localization to postsynaptic specialization membrane,6/899,17/12061,0.35294117647058826,4.7350651050186485,4.373405575173802,0.0010209170411475917,0.038675857226114364,0.03521236130304779,PRKCZ/IQSEC2/DLG4/GPC4/NPTX1/RAP1A,6,Module 5
GO:0002686,negative regulation of leukocyte migration,9/899,36/12061,0.25,3.354004449388209,4.014195113419978,0.0010240966203279131,0.038675857226114364,0.03521236130304779,ADA/CD200R1/IL27RA/STAP1/HOXA7/SLAMF8/C5AR2/KLRK1/RIN3,9,Module 5
GO:0032103,positive regulation of response to external stimulus,51/899,440/12061,0.1159090909090909,1.5550384265345332,3.3659691377755467,0.0010274090843497288,0.038675857226114364,0.03521236130304779,TIAM1/LGALS9/IL16/SCG2/IL23A/SERPINE1/PARP9/RSAD2/CASP1/IRGM/LTA/CD28/SWAP70/FYN/ZCCHC3/CARD8/ZNRF1/GRAMD4/NOP53/LRCH4/PIK3CG/XCL1/OAS3/SUCNR1/NKG7/SLAMF6/NCR3/STAP1/OAS1/F2RL1/INAVA/C5AR1/COLEC11/CLEC7A/PTK2B/XCL2/KLRK1/HAVCR2/CCR2/RAET1E/PLCG2/CYLD/MFHAS1/BIRC2/PTPN22/PAK3/GPSM3/VAV1/BTK/RNF125/NR1H3,51,Module 5
GO:0036336,dendritic cell migration,7/899,23/12061,0.30434782608695654,4.083135851429125,4.200121952733221,0.001060329299599424,0.039579686964879346,0.036035251384882686,LGALS9/PIK3CG/SLAMF8/TRPM4/CCR2/TRPM2/DOCK8,7,Module 5
GO:0050830,defense response to Gram-positive bacterium,11/899,51/12061,0.21568627450980393,2.8936508975113964,3.845882336967691,0.0011131533174451266,0.041205225300760435,0.03751521969845768,GBP4/P2RX7/LTA/IL27RA/EPHA2/C5AR1/TNFSF8/FGR/KLRK1/RNASE6/HAVCR2,11,Module 5
GO:0050854,regulation of antigen receptor-mediated signaling pathway,12/899,59/12061,0.2033898305084746,2.72868158594295,3.777432313991962,0.001164227535268684,0.042739658774078475,0.038912241761655364,GBP1/ADA/PTPRC/THY1/CEACAM1/SLA2/LCK/FCMR/STAP1/TRAT1/CYLD/PTPN22,12,Module 5
GO:0070231,T cell apoptotic process,10/899,44/12061,0.22727272727272727,3.049094953989281,3.8643182160653584,0.0012123870436189874,0.044142813506192966,0.040189741342399915,TSC22D3/ADA/LGALS9/PRKCQ/P2RX7/BCL2L11/ARG2/FASLG/BCL11B/DOCK8,10,Module 5
GO:0001667,ameboidal-type cell migration,39/899,316/12061,0.12341772151898735,1.655774348432154,3.352385442049889,0.001240040155443385,0.044782588377882245,0.04077222316827972,EVL/ITGB7/ACTA2/FERMT1/SCG2/SEMA7A/GLIPR2/SYNJ2BP/HBEGF/KANK1/CEACAM1/JUP/RGCC/PLXND1/NHERF1/PIK3CG/EPB41L5/S100P/HDAC9/CD248/SEMA3F/EPHA2/WNT11/CLN3/PTK2B/CARD10/OVOL2/SOX18/DLL4/SNAI1/RADIL/FUT1/PLCG2/NRP2/MMP9/BCAR1/FLT4/MAPRE2/ARHGDIB,39,Module 5
GO:0050673,epithelial cell proliferation,29/480,291/12061,0.09965635738831616,2.5040735967926695,5.287478231162249,5.0219809613541625e-6,0.019309516796406755,0.017894111109667203,VASH2/IL12A/NFIB/TGFA/IGFBP4/ITGB3/HGF/DRD2/CDKN2B/FST/CDK6/RUNX2/ZEB2/TP63/CD109/RB1/FGF2/SERPINB1/MDK/FZD7/PTPRK/AR/ESR1/PTCH1/APOE/EFNB2/HYAL1/NEAT1/TGM1,29,Module 6
GO:0034113,heterotypic cell-cell adhesion,9/480,43/12061,0.20930232558139536,5.259156976744186,5.6959086636885745,3.913569989420813e-5,0.04157349376447868,0.038526117690167776,ITGB3/FGG/SKAP1/CD58/ITGAV/NINJ1/CXADR/MYADM/ITGB1,9,Module 6
GO:0048002,antigen processing and presentation of peptide antigen,10/480,54/12061,0.18518518518518517,4.653163580246913,5.477343602025046,4.489629045768839e-5,0.04157349376447868,0.038526117690167776,HLA-DQA1/CTSV/HLA-DPA1/HLA-B/HLA-C/HLA-F/CD74/MICB/TAPBP/HLA-DMA,10,Module 6
GO:0003013,circulatory system process,31/480,362/12061,0.0856353591160221,2.1517668047882137,4.529661140484822,4.916925068627181e-5,0.04157349376447868,0.038526117690167776,UTS2B/CTSZ/NCALD/ABCG2/TJP2/ATP1B1/DRD2/GSTM2/FGG/FOXN4/ZEB2/RGS2/NAV2/CXADR/LEPR/F5/AR/SCN3A/KCNIP2/ABCC2/KCNE5/EDNRA/SCN2A/TRDN/APOE/ITGB1/ATP2B4/ABCA2/PTPRJ/SLC15A2/EXT1,31,Module 6
GO:0043616,keratinocyte proliferation,8/480,35/12061,0.22857142857142856,5.743333333333333,5.7210838052062245,5.406176042194887e-5,0.04157349376447868,0.038526117690167776,FST/TP63/CD109/MDK/PTPRK/PTCH1/EFNB2/TGM1,8,Module 6
