ID,Description,setSize,enrichmentScore,NES,pvalue,p.adjust,qvalue,rank,leading_edge,core_enrichment,cell_line,direction
GO:0070663,regulation of leukocyte proliferation,200,-0.41218552983085044,-1.8426157127367384,4.1656905628784514e-7,0.0021760759765484853,0.001998134355340987,2775,"tags=34%, list=19%, signal=28%",959/2048/23529/4615/5880/22806/29126/80381/83737/7293/57181/3552/10457/952/6480/23308/8772/3087/5588/8660/3105/1265/3600/7048/3280/9231/6504/3572/1026/259307/941/6385/6654/84433/637/1499/3594/3485/3559/6655/648/8379/7292/868/4763/64926/3115/7784/6777/1880/3659/604/1435/970/5747/3071/5074/6693/5573/1604/598/596/942/5621/7297/57045/4773/83593,HH,Down
GO:0032943,mononuclear cell proliferation,231,-0.4022899278529456,-1.8282994542765787,1.300320021177495e-6,0.0021760759765484853,0.001998134355340987,1689,"tags=25%, list=11%, signal=22%",5588/8660/3105/3600/9047/3575/7048/3280/9231/6504/3572/1026/259307/941/6385/6654/84433/637/1499/3594/3485/3559/6655/648/8379/7292/868/581/64926/25/3115/7784/23385/6777/1880/3659/604/1435/970/3988/3071/5074/6693/5573/4478/1604/598/596/942/2534/5621/896/7297/57045/4773/7157/83593,HH,Down
GO:0046651,lymphocyte proliferation,226,-0.3950388843568638,-1.7925683757794946,1.6107150085481016e-6,0.0021760759765484853,0.001998134355340987,1689,"tags=24%, list=11%, signal=22%",5588/8660/3105/3600/9047/3575/7048/3280/9231/6504/3572/1026/259307/941/6385/6654/84433/637/1499/3594/3485/3559/6655/648/8379/7292/868/581/64926/25/3115/7784/23385/6777/1880/3659/604/970/3988/3071/5074/6693/5573/4478/1604/596/942/2534/5621/896/7297/57045/4773/7157/83593,HH,Down
GO:0070661,leukocyte proliferation,254,-0.38043037967397536,-1.747507022300146,1.607837189894045e-6,0.0021760759765484853,0.001998134355340987,1689,"tags=24%, list=11%, signal=21%",5588/8660/3105/1265/3600/9047/3575/7048/3280/9231/6504/3572/1026/259307/941/6385/6654/84433/637/1499/3594/3485/3559/6655/648/8379/7292/868/581/4763/64926/25/3115/7784/23385/6777/1880/3659/604/1435/970/5747/3988/3071/5074/6693/5573/4478/1604/598/596/942/2534/5621/896/7297/57045/4773/7157/83593,HH,Down
GO:0042098,T cell proliferation,171,-0.43191538055096607,-1.8934489361597138,2.607766265984194e-6,0.002607909994931139,0.0023946565343615626,1689,"tags=28%, list=11%, signal=25%",5588/3105/3600/9047/7048/3280/9231/6504/3572/259307/941/6385/6654/84433/637/1499/3594/3485/3559/6655/648/8379/7292/868/581/64926/25/3115/7784/23385/6777/3659/604/970/3988/3071/5074/6693/5573/4478/1604/942/2534/5621/896/7297/57045/7157,HH,Down
GO:0032944,regulation of mononuclear cell proliferation,185,-0.4226139560624523,-1.8676550806585683,2.8955329329361278e-6,0.002607909994931139,0.0023946565343615626,2775,"tags=35%, list=19%, signal=28%",959/2048/23529/4615/5880/22806/29126/80381/83737/7293/57181/3552/10457/952/6480/23308/8772/5588/8660/3105/3600/7048/3280/9231/6504/3572/1026/259307/941/6385/6654/84433/637/1499/3594/3485/3559/6655/648/8379/7292/868/64926/3115/7784/6777/1880/3659/604/1435/970/3071/5074/6693/5573/1604/598/596/942/5621/7297/57045/4773/83593,HH,Down
GO:0050865,regulation of cell activation,479,-0.31432577528546435,-1.533516557766607,4.043663689515073e-6,0.0031217083683056364,0.002866440696597602,1713,"tags=21%, list=12%, signal=19%",150372/5588/8660/3105/1050/8877/7107/3600/2177/3575/7048/26276/3280/84034/9231/6504/2335/3572/84959/3707/1026/259307/941/7040/7294/5321/9308/6385/678/6654/84433/2625/50848/2648/6604/1445/64410/26258/399/5359/637/1499/3594/3485/7158/4092/2309/7006/2319/2729/3559/11117/6655/648/8379/7292/7480/868/64926/51571/25/1803/3115/7784/2241/6777/1880/3659/7301/604/970/196528/27/639/3071/5074/4846/6693/5573/4739/1604/64092/3718/596/942/2534/5621/861/3398/6195/7297/57045/4773/5578/56940/83593/56941/9840/55824/7805,HH,Down
GO:0050777,negative regulation of immune response,139,-0.4407841701231412,-1.8773182519600493,4.951486334614458e-6,0.003344729019032066,0.0030712245501805994,1661,"tags=27%, list=11%, signal=24%",54625/3105/55061/3575/6223/6504/103/259307/941/7040/9474/401397/79132/5468/613/197358/11274/4092/7292/140775/5045/3428/57506/2241/7301/604/25939/3071/55829/6693/1604/64092/2876/3718/2534/966/56940,HH,Down
GO:0042110,T cell activation,451,-0.32225285490609323,-1.5667453223114522,6.0617582013949185e-6,0.003639749035593127,0.0033421202527924732,1689,"tags=22%, list=11%, signal=20%",5588/3105/6775/64218/161882/8809/3600/2177/9047/3575/3140/7048/6722/3280/5316/9231/6504/3572/3707/259307/941/7040/9308/6385/3702/678/9474/6654/84433/2625/2648/8320/6604/1445/64410/399/637/1499/3594/3485/197358/3955/4092/2309/2319/3559/6655/648/8379/7292/7480/868/581/64926/51571/25/1803/3115/7784/23385/6777/1880/3659/604/970/196528/27/57089/639/3988/27086/3071/9021/5074/6693/5573/4088/4478/6774/1604/3683/440275/602/3718/596/942/2534/5621/896/5295/5873/861/7297/57045/56940/7157/9840/55824/7805,HH,Down
GO:0050670,regulation of lymphocyte proliferation,182,-0.4087773874262756,-1.811115595234482,7.336492863873592e-6,0.003964640743637289,0.003640444985294749,2775,"tags=34%, list=19%, signal=28%",959/2048/23529/4615/5880/22806/29126/80381/83737/7293/57181/3552/10457/952/23308/8772/5588/8660/3105/3600/7048/3280/9231/6504/3572/1026/259307/941/6385/6654/84433/637/1499/3594/3485/3559/6655/648/8379/7292/868/64926/3115/7784/6777/1880/3659/604/970/3071/5074/6693/5573/1604/596/942/5621/7297/57045/4773/83593,HH,Down
GO:0002683,negative regulation of immune system process,366,-0.3363789474124089,-1.6057975016360193,8.835196097700751e-6,0.004340490882906806,0.0039855611870393635,1661,"tags=20%, list=11%, signal=19%",54625/3105/1050/1265/161882/7107/55061/3575/6223/8878/56834/9231/6397/6504/2335/103/9290/84959/259307/941/7040/6385/257144/9474/401397/79132/5468/1499/613/197358/11274/4092/22900/3559/11117/7291/8379/7292/140775/868/5045/3428/4763/2633/57506/1803/22954/2241/3659/7301/604/23151/25939/3071/55829/5074/6693/5573/1604/64092/2876/3718/942/2534/5621/5295/861/3398/57045/966/56940/4068/83593/55824/7805,HH,Down
GO:0042129,regulation of T cell proliferation,142,-0.4242553191411477,-1.819062779678508,1.1469782964561034e-5,0.005165225595040652,0.004742855867977256,1689,"tags=27%, list=11%, signal=25%",5588/3105/3600/7048/3280/9231/6504/3572/259307/941/6385/6654/84433/637/1499/3594/3485/3559/6655/648/8379/7292/868/64926/3115/7784/6777/3659/604/970/3071/5074/6693/5573/1604/942/5621/7297/57045,HH,Down
GO:0010952,positive regulation of peptidase activity,131,-0.44530538624652527,-1.8813801410143418,1.2556035956766061e-5,0.005219447562335677,0.004792644008112973,1003,"tags=21%, list=7%, signal=20%",317/637/5468/2149/4137/22900/581/23411/3428/23385/23787/65992/26999/23151/9026/51065/4155/4088/8301/27113/489/6774/8743/10550/2534/1512/5366/7805,HH,Down
GO:0006029,proteoglycan metabolic process,62,-0.5488226135090536,-2.038277670115121,1.786784524924011e-5,0.00643718904845957,0.0059108085968363425,1613,"tags=32%, list=11%, signal=29%",9394/4669/2135/2132/50515/56548/64131/9953/1499/7358/3425/126792/113189/92370/26035/3073/79586/2990/22856/3074,HH,Down
GO:0001819,positive regulation of cytokine production,360,-0.3324458369802317,-1.5828194423328175,1.75347649602131e-5,0.00643718904845957,0.0059108085968363425,2476,"tags=29%, list=17%, signal=25%",116449/3665/29126/80381/81844/25865/6675/3552/4938/10554/2627/5610/10333/4940/834/5027/6653/9466/8772/80342/54093/8013/3066/51157/4050/54502/150372/144811/5588/2597/3105/8877/161882/8809/3600/3603/115362/10621/3556/84632/331/64170/6504/3572/7100/5144/941/7040/7294/55703/10626/9308/8140/3702/84433/2625/2648/4939/3663/79132/3594/2149/8482/340061/22900/6284/7291/7292/5142/351/23411/163486/84282/3428/51571/57506/7096/25/10159/22954/3115/7784/6777/3659/192683/27086/9261/5008/4155/6693/4088/81622/6774/1604/85364/602/5603/942/5295/3315/861/3098/7297/9641/7805,HH,Down
GO:0052547,regulation of peptidase activity,217,-0.37387941056116025,-1.6855747353175137,2.0657446086466037e-5,0.006977052415703904,0.006406526371815849,2135,"tags=25%, list=14%, signal=22%",6091/112399/834/83464/8772/9647/4035/55011/2810/5696/2597/114769/843/23204/331/64170/6695/10134/317/637/5468/2149/4137/22900/51499/5045/581/23411/3428/9806/23385/23787/65992/26999/23151/9026/51065/274/4155/4088/8301/80196/27113/489/6774/5607/2876/8743/10550/2534/6195/1512/5366/7805,HH,Down
GO:0002695,negative regulation of leukocyte activation,135,-0.4243950609280118,-1.8037483902505,2.3429758477757142e-5,0.007196857321259148,0.0066083574374567805,1419,"tags=21%, list=10%, signal=19%",9231/2335/259307/941/6385/4092/3559/8379/7292/868/2241/3659/7301/604/5074/6693/5573/64092/3718/942/5621/861/3398/57045/56940/83593/55824/7805,HH,Down
GO:0051607,defense response to virus,252,-0.35860218000110305,-1.6460634570981378,2.3971767539353192e-5,0.007196857321259148,0.0066083574374567805,2770,"tags=31%, list=19%, signal=26%",9582/9755/4599/81570/4615/389856/1130/3665/6895/81844/83737/6675/4938/84993/5610/4940/2634/834/5611/8772/10206/3437/3687/24138/83666/151636/3627/91607/3600/115362/11331/10621/7706/64170/55601/103/164668/55703/9474/64108/10533/4939/3663/60489/79132/5359/3594/197259/11274/340061/22900/256987/84282/140564/3428/2633/57506/22954/25942/57337/3659/3455/25939/4600/146857/6693/5371/81622/200316/85364/440275/598/596/10581/54541/27350/9641/8519/5366,HH,Down
GO:0051250,negative regulation of lymphocyte activation,115,-0.45115673940872053,-1.8646955153297398,3.17946508078284e-5,0.009043068050816035,0.008303600216515406,1280,"tags=23%, list=9%, signal=21%",9231/259307/941/6385/4092/3559/8379/7292/868/3659/7301/604/5074/6693/5573/64092/3718/942/5621/861/3398/57045/56940/83593/55824/7805,HH,Down
GO:0042149,cellular response to glucose starvation,42,-0.5992732132993079,-2.0515466755531206,5.584431700728855e-5,0.01259094165112813,0.01156135785254938,1716,"tags=31%, list=12%, signal=27%",7532/9463/143686/8140/2309/23411/3428/6513/11133/27244/596/7157/5366,HH,Down
GO:0097696,receptor signaling pathway via STAT,113,-0.44640429264869486,-1.83746742122106,5.926047403641267e-5,0.01259094165112813,0.01156135785254938,1897,"tags=35%, list=13%, signal=30%",801/2261/3601/3066/83666/8784/54625/6775/4669/3600/3575/10617/3280/3572/8554/7040/2033/4249/3976/5468/51701/2149/5518/2241/6777/22876/3455/4851/3587/9021/5008/7428/6774/602/3718/1647/2534/7297/6776,HH,Down
GO:0043281,regulation of cysteine-type endopeptidase activity involved in apoptotic process,130,-0.42616615119476675,-1.7976736215245854,5.823554880060334e-5,0.01259094165112813,0.01156135785254938,2384,"tags=30%, list=16%, signal=25%",1509/51024/5062/6091/112399/834/9647/55011/2810/114769/843/23204/331/64170/10134/317/637/5468/2149/4137/22900/51499/581/23411/23787/23151/9026/51065/4088/80196/27113/489/5607/2876/8743/10550/6195/5366/7805,HH,Down
GO:0050866,negative regulation of cell activation,149,-0.41358079878722986,-1.7779329252058194,5.183615237572844e-5,0.01259094165112813,0.01156135785254938,1419,"tags=21%, list=10%, signal=20%",9231/2335/84959/259307/941/6385/4092/2729/3559/11117/8379/7292/868/2241/3659/7301/604/5074/4846/6693/5573/64092/3718/942/5621/861/3398/57045/56940/83593/55824/7805,HH,Down
GO:0022408,negative regulation of cell-cell adhesion,139,-0.4121188734982715,-1.7552315523930417,5.673271705448142e-5,0.01259094165112813,0.01156135785254938,1295,"tags=23%, list=9%, signal=21%",84959/259307/941/7040/26154/6385/10653/4092/53827/3559/8379/7292/868/25/3659/604/5747/4851/5420/5074/4155/6693/5573/5607/3718/942/5621/861/57045/56940/55824/7805,HH,Down
GO:0052548,regulation of endopeptidase activity,197,-0.3764231620114339,-1.6782122222773561,6.0578179668640156e-5,0.01259094165112813,0.01156135785254938,2384,"tags=28%, list=16%, signal=24%",1509/83874/51024/5062/6091/112399/834/83464/8772/9647/55011/2810/5696/2597/114769/843/23204/331/64170/6695/10134/317/637/5468/2149/4137/22900/51499/5045/581/23411/3428/9806/23385/23787/26999/23151/9026/51065/274/4155/4088/8301/80196/27113/489/6774/5607/2876/8743/10550/2534/6195/5366/7805,HH,Down
GO:0006790,sulfur compound metabolic process,237,-0.360861977030936,-1.6536643642549018,4.672413522731531e-5,0.01259094165112813,0.01156135785254938,1652,"tags=25%, list=11%, signal=23%",10768/9394/4548/4669/1468/2135/2132/50515/56548/2678/1738/254552/8460/3141/100131187/9200/64780/55711/373156/64131/4258/9953/5164/84188/2539/8459/1499/84836/7358/4357/9446/27010/8801/2729/26027/4594/84649/3425/6611/6777/26873/126792/55902/113189/9645/8702/7263/92370/26035/3073/79586/2876/10550/11001/2990/215/642/22856/6776/3074,HH,Down
GO:0060396,growth hormone receptor signaling pathway,19,-0.7381323867489824,-2.0851538492526362,6.640823567915862e-5,0.012816789486077614,0.01176873770644939,548,"tags=42%, list=4%, signal=41%",6777/5747/6774/3718/5295/5829/7297/6776,HH,Down
GO:0010950,positive regulation of endopeptidase activity,119,-0.4319692526777138,-1.784944539093269,6.579474253791412e-5,0.012816789486077614,0.01176873770644939,2448,"tags=33%, list=17%, signal=28%",10197/1509/83874/51024/6091/112399/834/83464/8772/9647/843/64170/10134/317/637/5468/2149/4137/22900/581/23411/3428/23385/23787/26999/23151/9026/51065/4155/4088/8301/27113/489/6774/8743/10550/2534/5366/7805,HH,Down
GO:0070664,negative regulation of leukocyte proliferation,64,-0.5174708331786902,-1.923183527913499,7.022832342351389e-5,0.012888938118162201,0.01183498661596023,1419,"tags=25%, list=10%, signal=23%",9231/259307/941/6385/3559/8379/868/4763/604/5074/6693/5573/942/5621/57045/83593,HH,Down
GO:0009615,response to virus,331,-0.32820070923863504,-1.5532345268609855,7.338846466442164e-5,0.012888938118162201,0.01183498661596023,2464,"tags=26%, list=17%, signal=22%",3665/6895/81844/83737/6675/4938/84993/5610/29115/4940/2634/834/5611/8372/8772/10206/3437/3687/24138/83666/151636/3627/91607/3600/115362/11331/10621/7706/64170/55601/103/164668/55703/9474/64108/10533/2625/4939/3663/60489/79132/5359/3594/197259/4486/11274/340061/22900/7292/256987/581/10625/11040/84282/140564/3428/2633/57506/22954/25942/57337/3659/3455/25939/4600/146857/6693/5371/4088/81622/200316/3964/85364/440275/602/598/596/10581/3315/54541/27350/7297/9641/8519/5366,HH,Down
GO:0051249,regulation of lymphocyte activation,401,-0.3144442980025725,-1.5146453181846862,7.39372838014486e-5,0.012888938118162201,0.01183498661596023,1713,"tags=20%, list=12%, signal=19%",150372/5588/8660/3105/3600/2177/3575/7048/3280/9231/6504/3572/3707/1026/259307/941/7040/9308/6385/678/6654/84433/2625/2648/6604/1445/64410/26258/399/637/1499/3594/3485/7158/4092/2309/2319/3559/6655/648/8379/7292/7480/868/64926/51571/25/1803/3115/7784/6777/1880/3659/7301/604/970/196528/27/639/3071/5074/6693/5573/4739/1604/64092/3718/596/942/2534/5621/861/3398/7297/57045/4773/56940/83593/56941/9840/55824/7805,HH,Down
GO:2000116,regulation of cysteine-type endopeptidase activity,151,-0.40015339873111666,-1.732411118393316,1.0109736973970028e-4,0.015725541216233735,0.014439635609748301,2384,"tags=29%, list=16%, signal=25%",1509/83874/51024/5062/6091/112399/834/8772/9647/55011/2810/114769/843/23204/331/64170/10134/317/637/5468/2149/4137/22900/51499/581/23411/3428/23787/26999/23151/9026/51065/4088/80196/27113/489/5607/2876/8743/10550/2534/6195/5366/7805,HH,Down
GO:0072593,reactive oxygen species metabolic process,157,-0.3983254245000146,-1.7262601597862715,1.0766932364926872e-4,0.015725541216233735,0.014439635609748301,1584,"tags=24%, list=11%, signal=21%",4669/3684/7048/3692/1182/1026/7040/7295/7351/9474/3689/57103/2539/2643/706/613/4689/873/9263/2309/4137/6526/847/3988/4846/55312/27244/2876/1728/596/1647/2534/5873/54541/215/7157/5366,HH,Down
GO:0010631,epithelial cell migration,232,-0.35254639193029363,-1.6022311379607321,1.0438729138495013e-4,0.015725541216233735,0.014439635609748301,2984,"tags=33%, list=20%, signal=27%",7016/116150/5294/5781/9922/54443/8742/5743/3673/56999/5797/6678/2624/1839/575/5168/5581/3728/25865/11221/57669/6091/388/7857/9647/57608/9734/51157/116844/4215/8660/64218/7048/6722/161742/7040/5793/3397/3675/284361/949/5025/2625/23189/5468/54828/25960/23411/4763/25/1803/5217/5728/5747/4163/4851/27086/54566/5613/10519/4846/22846/3964/5607/2876/7046/11156/1647/8766/3315/5829/23499/10755/5578/1512/6776,HH,Down
GO:0090132,epithelium migration,232,-0.35254639193029363,-1.6022311379607321,1.0438729138495013e-4,0.015725541216233735,0.014439635609748301,2984,"tags=33%, list=20%, signal=27%",7016/116150/5294/5781/9922/54443/8742/5743/3673/56999/5797/6678/2624/1839/575/5168/5581/3728/25865/11221/57669/6091/388/7857/9647/57608/9734/51157/116844/4215/8660/64218/7048/6722/161742/7040/5793/3397/3675/284361/949/5025/2625/23189/5468/54828/25960/23411/4763/25/1803/5217/5728/5747/4163/4851/27086/54566/5613/10519/4846/22846/3964/5607/2876/7046/11156/1647/8766/3315/5829/23499/10755/5578/1512/6776,HH,Down
GO:0090130,tissue migration,236,-0.3491346521029204,-1.5993039888022222,1.0760070931359914e-4,0.015725541216233735,0.014439635609748301,2984,"tags=32%, list=20%, signal=26%",7016/116150/5294/5781/9922/54443/8742/5743/3673/56999/5797/6678/2624/1839/575/5168/5581/3728/25865/11221/57669/6091/388/7857/9647/57608/9734/51157/116844/4215/8660/64218/7048/6722/161742/7040/5793/3397/3675/284361/949/5025/2625/23189/5468/54828/25960/23411/4763/25/1803/5217/5728/5747/4163/4851/27086/54566/5613/10519/4846/22846/3964/5607/2876/7046/11156/1647/8766/3315/5829/23499/10755/5578/1512/6776,HH,Down
GO:0002694,regulation of leukocyte activation,447,-0.30118551458148607,-1.4620025568436914,1.0743689707797162e-4,0.015725541216233735,0.014439635609748301,1713,"tags=20%, list=12%, signal=18%",150372/5588/8660/3105/1050/8877/7107/3600/2177/3575/7048/3280/9231/6504/2335/3572/3707/1026/259307/941/7040/5321/9308/6385/678/6654/84433/2625/2648/6604/1445/64410/26258/399/5359/637/1499/3594/3485/7158/4092/2309/2319/3559/6655/648/8379/7292/7480/868/64926/51571/25/1803/3115/7784/2241/6777/1880/3659/7301/604/970/196528/27/639/3071/5074/6693/5573/4739/1604/64092/3718/596/942/2534/5621/861/3398/7297/57045/4773/56940/83593/56941/9840/55824/7805,HH,Down
GO:0050868,negative regulation of T cell activation,91,-0.4601485881535025,-1.8293468729460307,1.2090745168933416e-4,0.0171943123402411,0.015788302694280366,1419,"tags=24%, list=10%, signal=22%",9231/259307/941/6385/4092/3559/8379/7292/868/3659/604/5074/6693/5573/3718/942/5621/861/57045/56940/55824/7805,HH,Down
GO:0009152,purine ribonucleotide biosynthetic process,182,0.40292354951374976,1.6527708348054548,1.3083188784872177e-4,0.018128603126525446,0.016646194853410914,2286,"tags=29%, list=15%, signal=24%",4833/6389/29922/9061/2182/38/6392/109/2977/1737/6390/11332/100/55229/6785/50808/132/498/10606/3614/8833/4522/2180/4711/5471/10632/51422/54539/4715/2023/4719/23181/51703/2181/32/517/4535/10476/84532/7114/4882/10891/5160/4712/4713/4709/5198/4716/79993/790955/523/113,HH,Up
GO:0010559,regulation of glycoprotein biosynthetic process,31,-0.6264417594292132,-1.9938356977931737,1.3930082425509367e-4,0.018819541356863156,0.017280633829960833,2700,"tags=48%, list=18%, signal=40%",1839/23236/26574/25825/3600/81618/1499/9452/23385/92370/5074/3718/596/6646/11261,HH,Down
GO:0032945,negative regulation of mononuclear cell proliferation,59,-0.5219773596751222,-1.9075238772158192,1.6714214398967634e-4,0.021505622526671687,0.019747069342539707,1419,"tags=46%, list=10%, signal=42%",3133/652/1739/64115/4067/149041/7940/27242/10077/23513/29126/83737/10457/9231/259307/941/6385/3559/8379/868/5074/6693/5573/942/5621/57045/83593,HH,Down
GO:0050672,negative regulation of lymphocyte proliferation,59,-0.5219773596751222,-1.9075238772158192,1.6714214398967634e-4,0.021505622526671687,0.019747069342539707,1419,"tags=46%, list=10%, signal=42%",3133/652/1739/64115/4067/149041/7940/27242/10077/23513/29126/83737/10457/9231/259307/941/6385/3559/8379/868/5074/6693/5573/942/5621/57045/83593,HH,Down
GO:0005975,carbohydrate metabolic process,411,-0.301003084179438,-1.4554430195186991,1.8629817072132244e-4,0.023412914292512244,0.021498398452394464,1690,"tags=19%, list=11%, signal=18%",669/2597/8660/2997/54344/90007/1196/1468/2132/5208/50515/56548/9942/4190/3572/3692/7040/100131187/2033/5321/5214/4125/7351/5164/57103/3421/2539/2648/4123/3419/5509/7358/51172/2548/9446/4351/80162/2729/200186/1312/351/6652/23411/2585/8445/83440/2171/84649/54414/3425/6489/6513/2517/150223/92579/51341/140710/2760/2992/8702/3988/7360/5209/55829/9695/2632/9759/6774/79158/10776/2990/64847/7903/54541/6515/3098/55276/7157/3074/5366,HH,Down
GO:0007259,receptor signaling pathway via JAK-STAT,108,-0.43522692053383283,-1.7889298618114133,1.921099399432437e-4,0.02359459353302929,0.021665221456757196,1897,"tags=32%, list=13%, signal=28%",801/2261/3601/3066/83666/8784/54625/6775/3600/3575/10617/3280/3572/8554/2033/3976/51701/2149/5518/2241/6777/22876/3455/4851/3587/9021/5008/7428/6774/602/3718/1647/2534/7297/6776,HH,Down
GO:0035456,response to interferon-beta,28,-0.6284490022669843,-1.9384908750431635,2.3596859336684443e-4,0.027665879386375155,0.025403590990566927,2288,"tags=39%, list=15%, signal=33%",4938/801/149628/5359/340061/3428/3659/3455/10581/9641/8519,HH,Down
GO:0070665,positive regulation of leukocyte proliferation,130,-0.40710025853678805,-1.7172489979218453,2.3221305673487805e-4,0.027665879386375155,0.025403590990566927,2775,"tags=36%, list=19%, signal=30%",959/2048/23529/4615/5880/29126/80381/7293/57181/3552/952/6480/23308/8772/5588/8660/3105/3600/7048/3280/6504/3572/1026/941/84433/3594/3485/3559/648/7292/64926/3115/7784/6777/1880/604/1435/970/5747/3071/6693/1604/598/596/942/7297/4773,HH,Down
GO:0019221,cytokine-mediated signaling pathway,350,-0.3113220963172955,-1.4803045713923284,2.4061738178379576e-4,0.027665879386375155,0.025403590990566927,2473,"tags=25%, list=17%, signal=21%",56928/3665/7132/1232/3656/81844/7293/3552/4938/10554/246330/4940/11240/6091/834/8408/9466/8772/51588/1237/400935/8792/3601/83666/54502/8784/54625/1050/8877/6775/114769/3627/8809/3600/3575/7804/3556/331/5034/103/3572/9252/7294/6654/4939/3663/401397/5468/3594/4486/11274/340061/2309/22900/3559/23411/84888/57506/22954/2241/84522/6777/25942/3659/90268/1435/970/3455/25939/4851/9261/3587/5008/10519/7357/9759/59307/6774/3718/10581/5295/149951/7297/9641/7157/8519/6776/7805,HH,Down
GO:0140888,interferon-mediated signaling pathway,75,-0.4835503386175969,-1.877325021951174,2.486907346524853e-4,0.027998431876292303,0.025708950069118768,2763,"tags=40%, list=19%, signal=33%",9755/5469/4615/389856/3665/81844/4938/4940/8772/83666/54502/54625/103/7294/4939/401397/5468/11274/340061/57506/25942/3659/3455/25939/9759/10581/7297/9641/7157/8519,HH,Down
GO:0070059,intrinsic apoptotic signaling pathway in response to endoplasmic reticulum stress,54,-0.5277577093467344,-1.8777040549027137,2.6639330276826274e-4,0.029379375676728405,0.026976971627273697,1016,"tags=26%, list=7%, signal=24%",7917/317/7466/581/23411/3708/55829/5371/27113/489/598/596/7157/5366,HH,Down
GO:0097190,apoptotic signaling pathway,497,-0.28854009558709526,-1.4089867136006327,2.7263870635578383e-4,0.029466791382933115,0.027057239194971893,1284,"tags=16%, list=9%, signal=15%",1026/10134/7040/2033/8531/81618/91/5025/5164/10616/7917/317/9368/637/1499/90441/7466/2309/2729/648/51499/79680/581/10625/23411/23368/8445/8879/3428/4763/5518/25/22954/7703/147138/55288/10059/2923/81537/55437/3708/9026/55106/970/1495/51065/55829/5074/10519/4846/6693/8797/5371/4088/80196/10116/27113/489/55179/602/5607/2876/7046/598/8743/10550/596/2534/10449/5295/3315/54541/9641/4193/5578/7157/1512/64782/5366,HH,Down
GO:0006977,"DNA damage response, signal transduction by p53 class mediator resulting in cell cycle arrest",17,-0.7390362803985279,-2.0072840670308794,2.7951293940075986e-4,0.029617410284739337,0.027195541720024394,1629,"tags=59%, list=11%, signal=52%",144455/4582/11200/1026/51512/1263/51499/5371/4193/7157,HH,Down
GO:0010212,response to ionizing radiation,125,-0.40538732383464,-1.6909204627278516,2.909473775878658e-4,0.030236146701631286,0.02776368295443724,1600,"tags=26%, list=11%, signal=23%",1196/3627/2177/79035/54617/11200/1026/90381/57103/64710/2625/10276/7158/123879/581/23411/3428/641/121457/64859/9025/83695/1788/894/5371/2876/598/596/1647/4193/7157/64782,HH,Down
GO:0050869,negative regulation of B cell activation,23,-0.6709136611538874,-1.9808101666401556,3.1480780027575203e-4,0.03037895272661007,0.02789481147556194,489,"tags=22%, list=3%, signal=21%",604/5074/64092/3398/7805,HH,Down
GO:0045912,negative regulation of carbohydrate metabolic process,41,-0.5616449886653441,-1.9086415013729343,3.000847576193095e-4,0.03037895272661007,0.02789481147556194,1619,"tags=29%, list=11%, signal=26%",90007/1196/7040/2033/57103/2648/140710/55829/9759/6774/54541/7157,HH,Down
GO:1903038,negative regulation of leukocyte cell-cell adhesion,99,-0.43312041462649753,-1.7528483656189995,3.097479282615365e-4,0.03037895272661007,0.02789481147556194,1419,"tags=22%, list=10%, signal=20%",9231/259307/941/6385/4092/3559/8379/7292/868/3659/604/5074/6693/5573/3718/942/5621/861/57045/56940/55824/7805,HH,Down
GO:0019058,viral life cycle,249,-0.33995509019617176,-1.5628597048920123,3.037489121159452e-4,0.03037895272661007,0.02789481147556194,1444,"tags=20%, list=10%, signal=18%",7706/5034/6504/4734/103/164668/941/286827/8724/5817/949/9474/64710/50848/4939/79720/128637/60489/5359/2040/57132/22880/57617/5093/6733/51495/5045/140564/3428/57506/55196/1803/7301/3416/4851/55207/5479/200316/1604/89853/440275/9712/10450/596/10581/942/27350/1508/8519,HH,Down
GO:0032946,positive regulation of mononuclear cell proliferation,120,-0.4167517363384051,-1.7227101204935509,3.484244431802535e-4,0.03263437036377335,0.029965799582147252,2775,"tags=38%, list=19%, signal=31%",959/2048/23529/4615/29126/80381/7293/57181/3552/952/6480/23308/8772/5588/8660/3105/3600/7048/3280/6504/3572/1026/941/84433/3594/3485/3559/648/7292/64926/3115/7784/6777/1880/604/1435/970/3071/6693/1604/598/596/942/7297/4773,HH,Down
GO:0051090,regulation of DNA-binding transcription factor activity,273,-0.3258808508380317,-1.510141643462913,3.502578610471603e-4,0.03263437036377335,0.029965799582147252,1958,"tags=25%, list=13%, signal=22%",10206/23085/4221/8792/338699/3066/5583/6446/150372/5588/8877/114769/8809/11331/7804/6722/3280/3556/7706/64170/9252/23373/28232/2033/408/5927/3397/10616/27148/84433/8320/5468/197358/7158/340061/22900/7292/200186/351/23411/57506/22954/2241/3399/51360/90268/65992/51341/5728/7546/10519/170959/4088/92140/9759/59307/6774/440275/602/64784/5607/5621/307/149951/3398/11261/9641/5292,HH,Down
GO:0090559,regulation of membrane permeability,51,-0.5249340986398984,-1.8611544083329579,3.6597014164881173e-4,0.03352038382152845,0.030779362136173036,1455,"tags=33%, list=10%, signal=30%",203245/599/1267/50848/637/2729/79680/581/6548/55288/9026/598/596/10449/7157/5366/7805,HH,Down
GO:0042771,intrinsic apoptotic signaling pathway in response to DNA damage by p53 class mediator,43,-0.5527200292567149,-1.9009434622549677,3.991773864820271e-4,0.035952576609147906,0.033012670173268,1505,"tags=37%, list=10%, signal=34%",4582/11200/1026/2033/7917/51499/23411/8445/3428/51065/5371/602/596/54541/7157/64782,HH,Down
GO:0043280,positive regulation of cysteine-type endopeptidase activity involved in apoptotic process,90,-0.43689468585922303,-1.7422895104565677,4.1081553607409145e-4,0.03639421568761295,0.03341819563508658,2384,"tags=31%, list=16%, signal=26%",1509/51024/6091/112399/834/9647/843/64170/10134/317/637/5468/2149/4137/22900/581/23411/23787/23151/9026/51065/4088/27113/489/8743/10550/5366/7805,HH,Down
GO:0072332,intrinsic apoptotic signaling pathway by p53 class mediator,76,-0.4697717985831653,-1.8276823361403867,4.3164636050209627e-4,0.03648682842622913,0.033503235264568956,1505,"tags=28%, list=10%, signal=25%",4582/11200/1026/2033/5164/7917/51499/581/23411/23368/8445/3428/51065/5371/602/596/54541/4193/7157/64782/5366,HH,Down
GO:0050792,regulation of viral process,135,-0.38873833394776297,-1.6522014713217354,4.3127394509454795e-4,0.03648682842622913,0.033503235264568956,1444,"tags=24%, list=10%, signal=22%",5481/7706/5034/103/164668/286827/8724/9474/4939/79720/128637/60489/5359/2040/90120/22880/6733/51495/5045/140564/3428/57506/55196/22954/7301/4851/200316/10450/596/10581/27350/8519,HH,Down
GO:0022407,regulation of cell-cell adhesion,366,-0.30670038955682527,-1.4641187359960677,4.3211639883024874e-4,0.03648682842622913,0.033503235264568956,1689,"tags=21%, list=11%, signal=19%",5588/3105/3676/3600/3575/7048/26276/3280/84034/9223/9231/6504/3572/84959/3707/259307/941/7040/9308/26154/6385/3689/84433/2625/50848/10653/6604/1445/64410/399/3594/3485/4092/2309/53827/2319/3559/11117/648/8379/7292/7480/868/64926/51571/25/1803/3115/7784/6777/3659/604/970/196528/27/5747/2650/4851/3071/5420/5074/4155/6693/5573/1604/5607/3718/942/2534/5621/861/7297/57045/5578/56940/9840/55824/7805,HH,Down
GO:0001667,ameboidal-type cell migration,316,-0.3163897651971934,-1.4840136138342146,4.7599540363592785e-4,0.03957352555767006,0.03633752765570468,2135,"tags=23%, list=14%, signal=20%",6091/388/10500/8394/7857/9647/57608/9734/51157/116844/4215/8660/3676/64218/7048/6722/161742/2335/64750/7040/5793/3397/3675/284361/6385/91/949/5025/2625/9368/23189/5468/54828/25960/23380/8482/7291/10509/23411/8879/4763/25/1803/5217/2241/4902/5728/2039/10505/8826/5747/4163/4851/27086/54566/5613/10519/4846/22846/5371/3964/5607/2876/7046/11156/1647/8766/3315/5829/23499/10755/5578/1512/6776,HH,Down
GO:1903037,regulation of leukocyte cell-cell adhesion,292,-0.3121452071251689,-1.4550051040607723,4.863305638315885e-4,0.03982015707493794,0.03656399167307988,1689,"tags=21%, list=11%, signal=19%",5588/3105/3676/3600/3575/7048/3280/9231/6504/3572/3707/259307/941/9308/6385/3689/84433/2625/6604/1445/64410/399/3594/3485/4092/2309/2319/3559/648/8379/7292/7480/868/64926/51571/25/1803/3115/7784/6777/3659/604/970/196528/27/2650/3071/5074/6693/5573/1604/3718/942/2534/5621/861/7297/57045/56940/9840/55824/7805,HH,Down
GO:1903018,regulation of glycoprotein metabolic process,34,-0.5935636262345436,-1.9283906499047951,5.50006545987778e-4,0.04186247006363313,0.038439301079116174,3326,"tags=53%, list=22%, signal=41%",10005/6934/1471/1839/23236/26574/25825/3600/81618/1499/9452/23385/92370/5074/3718/596/6646/11261,HH,Down
GO:0043392,negative regulation of DNA binding,25,0.6506214739827572,1.9164347473873773,5.314781437344184e-4,0.04186247006363313,0.038439301079116174,1953,"tags=44%, list=13%, signal=38%",23028/9421/51176/22927/64771/51042/7341/8658/6608/3717/6672,HH,Up
GO:0034340,response to type I interferon,65,-0.4907869518470157,-1.832296700190547,5.443625049631001e-4,0.04186247006363313,0.038439301079116174,3071,"tags=42%, list=21%, signal=33%",5771/5781/9755/4599/4615/389856/3665/81844/4938/4940/8772/54502/6472/103/4939/401397/11274/340061/57506/25942/3455/25939/9759/10581/7297/9641/8519,HH,Down
GO:0002704,negative regulation of leukocyte mediated immunity,45,-0.5271751229891589,-1.813880964316782,5.442731255160156e-4,0.04186247006363313,0.038439301079116174,1657,"tags=31%, list=11%, signal=28%",3105/55061/3575/6504/259307/941/7040/613/4092/604/3071/6693/3718/56940,HH,Down
GO:0051345,positive regulation of hydrolase activity,352,-0.30322171157547045,-1.4396825197765712,5.498372289693378e-4,0.04186247006363313,0.038439301079116174,2135,"tags=23%, list=14%, signal=20%",6091/112399/834/83464/8394/8772/9647/51195/2769/801/2261/125058/23102/128272/51429/57186/843/11331/85440/64170/391/9290/10134/57533/7294/9170/10979/25780/23179/3702/6654/29/128637/317/637/5468/613/10276/23380/5111/2149/4137/22900/6655/4594/140775/581/23411/3428/4763/23385/23787/65992/6004/26999/23151/9026/27/51065/389/7813/4155/9938/4088/8301/27113/23061/489/6774/9712/8743/10550/942/9693/2534/23216/8698/1512/5366/7805,HH,Down
GO:2001056,positive regulation of cysteine-type endopeptidase activity,102,-0.4246866845358207,-1.7277874091040482,5.746014685964917e-4,0.04244502424802208,0.03897421876683472,2384,"tags=32%, list=16%, signal=27%",1509/83874/51024/6091/112399/834/8772/9647/843/64170/10134/317/637/5468/2149/4137/22900/581/23411/3428/23787/26999/23151/9026/51065/4088/27113/489/8743/10550/2534/5366/7805,HH,Down
GO:0050863,regulation of T cell activation,304,-0.3170399437086949,-1.4873366720131986,5.801549154015313e-4,0.04244502424802208,0.03897421876683472,1572,"tags=21%, list=11%, signal=19%",3600/2177/3575/7048/3280/9231/6504/3572/3707/259307/941/9308/6385/6654/84433/2625/2648/6604/1445/64410/399/637/1499/3594/3485/4092/2309/2319/3559/6655/648/8379/7292/7480/868/64926/51571/25/1803/3115/7784/6777/3659/604/970/196528/27/639/3071/5074/6693/5573/1604/3718/942/2534/5621/861/7297/57045/56940/9840/55824/7805,HH,Down
GO:0002252,immune effector process,445,-0.29128365071314477,-1.4106637309177903,5.812235000654392e-4,0.04244502424802208,0.03897421876683472,1997,"tags=21%, list=13%, signal=19%",5027/3004/5971/9466/8772/4035/4221/8284/9156/8013/3981/7462/144811/3105/6775/64218/161882/8809/4189/55061/22904/3684/3575/11331/3140/6223/64170/6504/55601/259307/941/7040/5817/8140/9474/3689/2625/8320/3663/79132/3594/613/7158/3955/4092/9452/8482/6284/7291/7292/351/23411/9846/163486/51571/57506/25/51279/7784/2241/84522/6777/9025/1880/604/8773/970/5747/57089/3988/27086/9261/3071/55207/9021/6693/81622/6774/1604/3683/619207/440275/602/3718/942/2534/5873/3098/966/56940/7157/4068/1512/56941/7805,HH,Down
GO:0021532,neural tube patterning,23,-0.6539698212514214,-1.9307850556847395,5.93486800323545e-4,0.04276270225264583,0.039265919673336015,1472,"tags=39%, list=10%, signal=35%",3280/57728/9742/648/10159/200894/23648/7289/84678,HH,Down
GO:0050654,chondroitin sulfate proteoglycan metabolic process,26,-0.63352386180653,-1.915005112362398,6.436790851894622e-4,0.0451745685242059,0.04148056332991285,1482,"tags=38%, list=10%, signal=35%",50515/56548/64131/7358/126792/92370/79586/2990/22856/3074,HH,Down
GO:0007162,negative regulation of cell adhesion,208,-0.3376758691692313,-1.5112751781533786,6.385126561833933e-4,0.0451745685242059,0.04148056332991285,1295,"tags=20%, list=9%, signal=19%",84959/6695/259307/941/7040/26154/6385/8763/102/10653/23189/4092/53827/3559/8379/7292/868/4763/2633/25/3659/604/5728/2039/5747/4851/5420/5074/4155/6693/5573/5607/3718/942/5621/5295/861/57045/56940/55824/23654/7805,HH,Down
GO:0060337,type I interferon-mediated signaling pathway,59,-0.49009979976354484,-1.7910299229252389,6.858205131255635e-4,0.047515051960648015,0.04362966125335906,3071,"tags=42%, list=21%, signal=34%",5771/5781/9755/4615/389856/3665/81844/4938/4940/8772/54502/103/4939/401397/11274/340061/57506/25942/3455/25939/9759/10581/7297/9641/8519,HH,Down
GO:0002253,activation of immune response,424,-0.2836216839791795,-1.3742955867236777,7.189445066270572e-4,0.04917944447864072,0.04515795342091869,2525,"tags=26%, list=17%, signal=22%",5581/3984/784/3665/29126/80381/6895/3656/25865/83737/5062/57181/4938/54941/5610/952/10333/8892/5579/4940/715/2634/834/23308/917/80342/51324/8013/5583/915/150372/7462/144811/3105/55061/4669/115362/149628/84937/3684/59338/11331/8878/7706/331/6397/55601/7100/118788/5144/7294/2033/257144/3702/10616/6654/84433/2625/7917/1445/79132/29997/5359/4034/3937/197358/340061/7006/22900/5142/140609/868/581/163486/84282/3428/2633/57506/7096/25/123920/22954/51279/3115/25942/3659/7301/90268/23151/7867/5747/3988/27086/9261/3071/5074/81622/80196/1604/85364/596/2534/5621/5295/4773/966/56940/4068/9840/7805,HH,Down
GO:0035455,response to interferon-alpha,17,-0.7141817525714509,-1.9397771001550936,7.730520960520679e-4,0.049338381839756994,0.045303894189998535,4170,"tags=94%, list=28%, signal=68%",2621/7175/684/10410/201626/27074/27252/5610/6738/149628/103/2625/3455/4600/10581/8519,HH,Down
GO:0008630,intrinsic apoptotic signaling pathway in response to DNA damage,93,-0.4372138393306606,-1.7517530356164381,7.524731461147487e-4,0.049338381839756994,0.045303894189998535,2239,"tags=32%, list=15%, signal=28%",138151/10018/25946/51588/2810/57600/4582/599/11200/1026/2033/7917/637/51499/581/23411/8445/3428/25/22954/51065/5371/602/598/596/5295/54541/9641/7157/64782,HH,Down
GO:0019079,viral genome replication,110,-0.41562022779917795,-1.7006343539684992,7.744801827145936e-4,0.049338381839756994,0.045303894189998535,1351,"tags=24%, list=9%, signal=22%",103/164668/9474/64710/4939/128637/60489/5359/2040/22880/5093/6733/51495/140564/3428/57506/55196/4851/5479/200316/440275/10450/596/10581/27350/8519,HH,Down
GO:1904018,positive regulation of vasculature development,108,-0.4071236392168417,-1.6734158694756749,7.760478268651637e-4,0.049338381839756994,0.045303894189998535,2900,"tags=34%, list=20%, signal=28%",5054/146850/8742/2624/7494/3728/1232/25865/3552/2627/5579/51548/388/57608/3687/116844/8877/79031/7048/84034/56005/7040/284361/10298/11117/7291/79924/23411/25/4846/92140/6774/7046/3315/861/5578/1512,HH,Down
GO:0043542,endothelial cell migration,163,-0.3642968962001661,-1.585006785508552,7.754570192778095e-4,0.049338381839756994,0.045303894189998535,1962,"tags=24%, list=13%, signal=21%",7857/57608/9734/51157/4215/64218/6722/161742/7040/3397/284361/949/5025/2625/5468/54828/25960/23411/4763/25/1803/5747/4851/27086/5613/10519/4846/22846/3964/5607/2876/7046/11156/1647/3315/5829/10755/5578/6776,HH,Down
GO:0034976,response to endoplasmic reticulum stress,233,-0.33502515493394774,-1.5290380307754885,7.311851729013989e-4,0.049338381839756994,0.045303894189998535,2369,"tags=27%, list=16%, signal=23%",54499/55139/51439/10961/5610/10018/79876/126433/79668/55741/2907/821/5611/160418/10206/22926/55161/10959/2081/201595/4189/57414/7706/5034/9919/10134/84236/112869/55432/92305/101928527/7917/317/56965/27125/7466/1861/64224/581/23411/81502/51506/25/2923/51360/65992/3708/10162/192683/84699/80020/26270/55829/9695/5371/27113/489/440275/598/596/5295/7157/5366,HH,Down
GO:0046631,alpha-beta T cell activation,155,0.5279362416552998,1.9755755493550593,2.1215908132085977e-8,5.732538377289631e-5,4.905341285487037e-5,2634,"tags=39%, list=18%, signal=32%",57045/7297/9021/942/1604/941/10538/1880/3600/30968/3718/604/29126/54440/7535/6522/7292/3559/64926/1386/4092/64332/917/6693/8809/915/3569/10892/8651/3566/9308/639/84433/10148/8764/5914/2841/975/6775/919/6778/868/6774/64410/4297/3726/3662/149233/80149/3707/135/80762/64919/5734/2529/28638/3702/64218/301/51561,MyLa,Up
GO:0022407,regulation of cell-cell adhesion,366,0.4349262531679078,1.740624339235336,1.6124596115167696e-8,5.732538377289631e-5,4.905341285487037e-5,2407,"tags=31%, list=16%, signal=27%",57045/7297/942/1604/201633/5607/55824/11117/941/960/5578/3600/3718/8013/604/1803/648/6777/29126/54440/8728/7535/6522/7292/29851/2113/8631/3559/64926/7805/959/3111/4092/64332/288/6504/3958/7480/84830/10125/9840/6693/3575/2651/57178/64844/9223/3569/26154/1326/10892/8651/53827/3552/928/80381/3566/3956/5781/1493/4301/9308/4651/7784/3120/7040/101/11148/84433/3115/55714/8379/10148/8764/5914/399/975/999/868/10211/64410/4155/81542/6541/84034/961/7124/11151/149233/2650/5465/80380/83706/7494/80149/5747/80139/91663/3707/79414/6385/8440/5074/3112/9750/135/6604/80762/50848/9231/3557/2529/567/3329,MyLa,Up
GO:0042110,T cell activation,451,0.4116714843364776,1.660084034848317,3.7115230687147934e-8,6.68569022111158e-5,5.7209546810049436e-5,2407,"tags=28%, list=16%, signal=24%",57045/7297/9021/942/1604/201633/55824/7157/941/960/10538/1021/1880/581/3600/30968/3718/7293/604/5295/1803/648/6777/29126/54440/197358/440275/7535/9047/6522/7292/29851/3559/64926/10945/7805/5293/959/3111/1386/4092/64332/4088/6504/3958/7480/914/6654/917/10125/9840/6693/3575/57178/8809/64844/841/915/3569/1326/10892/8651/27240/3552/814/80381/25853/3566/3956/5781/1493/9308/639/7784/3120/7040/101/11148/5880/84433/925/3115/8379/10148/8764/27166/5914/399/2841/975/6775/919/6778/868/6774/64410/4297/6541/2175/3726/961/3662/11151/149233/3953/80380/7494/80149/3707/6385/8440/5074/3112/9750/135/6604/80762/64919/5734/9231/1235/2529/28638/5316/567/3329,MyLa,Up
GO:0046634,regulation of alpha-beta T cell activation,96,0.5789555223406704,2.0509942813395035,1.2737460487695884e-7,1.720830911887714e-4,1.472517471643369e-4,2200,"tags=38%, list=15%, signal=32%",57045/7297/942/1604/941/10538/3718/604/29126/54440/7535/6522/7292/3559/64926/4092/64332/10892/8651/3566/9308/639/84433/10148/8764/5914/975/868/64410/3726/3662/149233/80149/3707/135/80762,MyLa,Up
GO:0001819,positive regulation of cytokine production,360,0.4212889531970463,1.6822109295874477,2.3340184429733904e-7,2.1239830813697376e-4,1.8174953594719812e-4,1857,"tags=25%, list=13%, signal=22%",7297/942/1604/201633/3098/5008/941/10538/10626/5603/3600/30968/22861/8013/5295/6777/29126/54440/7292/192683/340061/5142/51157/468/7805/5293/51284/959/3315/1386/7096/4088/3578/6504/54502/914/9173/10125/6693/3554/5743/8809/841/1545/3569/2627/10892/3552/80381/3566/116449/5781/4050/115362/3596/23411/948/9308/7784/7040/64135/101/11148/84433/3091/3663/3115/84282/10148/8764/5914/10010/975/10211/6774/4155/3265/23643/1535/9447/5600/81622/56848/7124/3662/4939/24145/3595/149233/3603,MyLa,Up
GO:0002694,regulation of leukocyte activation,447,0.4074918560191803,1.644289041025578,2.358234361254335e-7,2.1239830813697376e-4,1.8174953594719812e-4,2200,"tags=27%, list=15%, signal=23%",57045/7297/942/1604/201633/55824/941/10538/64092/4739/1880/23208/3600/3718/8013/7293/2335/604/1803/648/6777/29126/54440/7535/6522/7292/29851/3559/3601/64926/4773/7805/959/3111/4092/64332/51237/5321/933/6504/3958/7480/914/6654/9173/10125/9840/5618/6693/7158/3575/57178/64844/3569/1326/10892/8651/27240/3552/121260/814/80381/3566/1026/3956/116449/5781/1493/145581/3596/9308/639/7784/3120/7040/3624/101/11148/5880/84433/3115/8379/10148/8764/2241/27166/5914/399/975/6778/868/64410/3398/1268/5585/6541/2175/3726/961/56848/7124/3662/399687/11151/149233/3567/80380/7494/80149/6348/3707/6385/8440/5074/3112/9750/135/6604/80762,MyLa,Up
GO:0070663,regulation of leukocyte proliferation,200,0.4761031168257338,1.8262134016749156,2.985925962618646e-7,2.226923132684992e-4,1.9055813085599692e-4,2200,"tags=30%, list=15%, signal=25%",57045/7297/942/1604/941/1880/3600/7293/604/648/6777/29126/54440/1435/7535/6522/684/7292/3559/64926/4773/959/51237/933/6504/3958/6654/5618/6693/64844/3569/598/3552/80381/1026/1493/3596/7784/11148/5880/84433/3115/8379/10148/8764/975/6778/868/5585/6541/11151/149233/3567/80380/5747/6385/8440/5074/80762,MyLa,Up
GO:0050865,regulation of cell activation,479,0.4026734099144277,1.627275603076421,3.2967033792523936e-7,2.226923132684992e-4,1.9055813085599692e-4,2200,"tags=26%, list=15%, signal=23%",57045/7297/942/1604/201633/55824/11117/941/10538/64092/4739/1880/23208/5578/3600/3718/8013/7293/2335/604/1803/648/6777/29126/54440/7535/6522/7292/29851/3559/3601/64926/6195/4773/7805/959/3111/4092/64332/51237/5321/933/6504/3958/7480/914/6654/9173/10125/9840/5618/6693/7158/3575/57178/64844/3569/1326/10892/8651/27240/3552/928/121260/814/80381/3566/1026/3956/116449/5781/1493/145581/3596/9308/639/7784/3120/7040/3624/101/11148/5880/84433/3115/8379/10148/8764/2241/27166/5914/399/975/6778/868/64410/3398/81542/1268/5585/6541/2175/84034/3726/961/56848/7124/3662/399687/11151/149233/3567/80380/7494/80149/6348/3707/6385/8440/5074/3112/9750/135/6604/80762,MyLa,Up
GO:0035710,"CD4-positive, alpha-beta T cell activation",104,0.5531366045173566,1.9783003182952426,6.007071912839566e-7,3.4459802373411954e-4,2.948730215949175e-4,1835,"tags=34%, list=12%, signal=30%",57045/9021/942/1604/941/10538/1880/30968/3718/604/29126/54440/7292/3559/4092/64332/6693/8809/3569/10892/8651/3566/9308/84433/5914/975/6775/6778/868/6774/64410/4297/3726/3662/149233,MyLa,Up
GO:0019221,cytokine-mediated signaling pathway,350,0.4207381920326171,1.6771399028097844,6.376721386641739e-7,3.4459802373411954e-4,2.948730215949175e-4,2457,"tags=28%, list=17%, signal=24%",7297/6776/7157/5008/960/3587/8718/8519/3600/10581/3718/7293/149951/5295/6777/5468/90268/1435/142678/400935/5355/340061/3559/3601/3667/7805/28512/64332/7357/355/103/54502/6654/9173/5618/3554/3575/8809/841/4486/3569/8651/6091/3552/3566/5781/2921/1907/23411/401397/64135/3624/84522/3091/3663/10148/8764/2859/8792/2241/57007/6586/10010/8784/2826/6775/6778/114769/6774/837/10413/9447/59307/3656/7124/4939/3595/54726/149233/3953/3567/11240/3556/330/90933/6348/5071/7804/8807/1235/8638/3557/1984/6772/6367/5034/7128/7185/3627,MyLa,Up
GO:0032946,positive regulation of mononuclear cell proliferation,120,0.5281354484461518,1.9222526886177425,1.3612448743131853e-6,4.3980419049281284e-4,3.7634107461041077e-4,1956,"tags=32%, list=13%, signal=28%",7297/942/1604/941/1880/3600/7293/604/648/6777/29126/54440/1435/7535/7292/3559/64926/4773/959/6504/5618/6693/3569/598/3552/80381/1026/3596/7784/11148/84433/3115/10148/975/6541/11151/149233/3567/80380,MyLa,Up
GO:0070665,positive regulation of leukocyte proliferation,130,0.5202195354456638,1.90953802095874,1.450507767785544e-6,4.3980419049281284e-4,3.7634107461041077e-4,2138,"tags=33%, list=14%, signal=29%",7297/942/1604/941/1880/3600/7293/604/648/6777/29126/54440/1435/7535/684/7292/3559/64926/4773/959/6504/5618/6693/3569/598/3552/80381/1026/3596/7784/11148/5880/84433/3115/10148/975/6541/11151/149233/3567/80380/5747/8440,MyLa,Up
GO:0002700,regulation of production of molecular mediator of immune response,139,0.5087508209091138,1.8839009421737207,1.4485474302030345e-6,4.3980419049281284e-4,3.7634107461041077e-4,2646,"tags=37%, list=18%, signal=30%",942/1604/3098/3718/8013/7293/604/54440/684/7292/9516/79671/7805/51284/959/4092/51237/933/6504/7158/3554/8809/3569/10892/121260/3566/116449/3596/23411/948/7040/3663/79004/8764/975/6778/5585/56848/7124/6810/24145/3567/7494/8140/10225/80762/51465/567/64170/3134/112744,MyLa,Up
GO:0042129,regulation of T cell proliferation,142,0.5056256700235402,1.8788926939332264,1.2842548446278609e-6,4.3980419049281284e-4,3.7634107461041077e-4,2200,"tags=31%, list=15%, signal=27%",57045/7297/942/1604/941/3600/604/648/6777/29126/54440/7535/6522/7292/3559/64926/959/6504/3958/6654/6693/64844/3569/3552/80381/1493/7784/11148/5880/84433/3115/8379/10148/8764/975/868/6541/11151/149233/80380/6385/8440/5074/80762,MyLa,Up
GO:0042098,T cell proliferation,171,0.48775518522479827,1.8450136757035451,1.3169497850182516e-6,4.3980419049281284e-4,3.7634107461041077e-4,1410,"tags=25%, list=10%, signal=22%",57045/7297/942/1604/7157/941/581/3600/7293/604/648/6777/29126/54440/7535/9047/6522/7292/3559/64926/959/6504/3958/6654/10125/6693/64844/3569/10892/3552/80381/1493/7784/11148/5880/84433/3115/8379/10148/8764/975/868,MyLa,Up
GO:0050670,regulation of lymphocyte proliferation,182,0.47834999623620433,1.8146218842521422,1.3518561437438836e-6,4.3980419049281284e-4,3.7634107461041077e-4,2200,"tags=30%, list=15%, signal=26%",57045/7297/942/1604/941/1880/3600/7293/604/648/6777/29126/54440/7535/6522/7292/3559/64926/4773/959/51237/933/6504/3958/6654/5618/6693/64844/3569/3552/80381/1026/1493/3596/7784/11148/5880/84433/3115/8379/10148/8764/975/868/5585/6541/11151/149233/3567/80380/6385/8440/5074/80762,MyLa,Up
GO:0050863,regulation of T cell activation,304,0.42695131046959345,1.6867023562419943,1.4649288358383848e-6,4.3980419049281284e-4,3.7634107461041077e-4,2200,"tags=29%, list=15%, signal=25%",57045/7297/942/1604/201633/55824/941/10538/3600/3718/604/1803/648/6777/29126/54440/7535/6522/7292/29851/3559/64926/7805/959/3111/4092/64332/6504/3958/7480/914/6654/10125/9840/6693/3575/57178/64844/3569/1326/10892/8651/27240/3552/814/80381/3566/3956/5781/1493/9308/639/7784/3120/101/11148/5880/84433/3115/8379/10148/8764/27166/5914/399/975/868/64410/6541/2175/3726/961/3662/11151/149233/80380/7494/80149/3707/6385/8440/5074/3112/9750/135/6604/80762,MyLa,Up
GO:0045785,positive regulation of cell adhesion,369,0.4142775281172384,1.6583665182955971,9.418816999641386e-7,4.3980419049281284e-4,3.7634107461041077e-4,2186,"tags=27%, list=15%, signal=23%",7297/942/1604/11117/941/960/1021/4739/5578/3600/8013/10979/2335/604/1803/648/6777/29126/54440/8728/1435/7535/7292/29851/2113/8631/3559/64926/5581/3976/959/3111/4092/64332/4088/288/6504/7480/10125/9840/6693/3575/2651/57178/7030/9223/3569/284217/1326/10892/8651/3552/80381/3566/3956/5781/3908/4301/948/9308/4651/7784/9806/3120/101/11148/84433/3115/3675/10148/8764/5914/399/975/8784/80173/10211/64410/463/6541/11078/10109/84034/961/7124/6810/11151/149233/1605/2650/80380/7494/91663/3707/6385/8440/3112/6604/9448,MyLa,Up
GO:0032944,regulation of mononuclear cell proliferation,185,0.48433076754643944,1.8453357902194167,1.5853952808023565e-6,4.50919794602944e-4,3.858527129398755e-4,2200,"tags=30%, list=15%, signal=26%",57045/7297/942/1604/941/1880/3600/7293/604/648/6777/29126/54440/1435/7535/6522/7292/3559/64926/4773/959/51237/933/6504/3958/6654/5618/6693/64844/3569/598/3552/80381/1026/1493/3596/7784/11148/5880/84433/3115/8379/10148/8764/975/868/5585/6541/11151/149233/3567/80380/6385/8440/5074/80762,MyLa,Up
GO:0032943,mononuclear cell proliferation,231,0.44791595361147307,1.7363305032790108,1.7240389058394058e-6,4.658353123578074e-4,3.986159428080268e-4,1410,"tags=23%, list=10%, signal=21%",57045/7297/942/1604/7157/941/1880/581/3600/7293/604/648/6777/29126/54440/1435/7535/9047/6522/7292/3559/64926/4773/959/64332/3578/51237/933/6504/3958/6654/10125/5618/6693/3575/64844/3569/10892/598/3552/80381/1026/1493/3596/7784/11148/5880/84433/3115/8379/10148/8764/975/868,MyLa,Up
GO:0051249,regulation of lymphocyte activation,401,0.40322249826423784,1.6188884234884422,2.0304257976784856e-6,5.224962386025969e-4,4.4710077840609465e-4,2200,"tags=27%, list=15%, signal=23%",57045/7297/942/1604/201633/55824/941/10538/64092/4739/1880/3600/3718/7293/604/1803/648/6777/29126/54440/7535/6522/7292/29851/3559/3601/64926/4773/7805/959/3111/4092/64332/51237/933/6504/3958/7480/914/6654/10125/9840/5618/6693/7158/3575/57178/64844/3569/1326/10892/8651/27240/3552/121260/814/80381/3566/1026/3956/116449/5781/1493/3596/9308/639/7784/3120/7040/3624/101/11148/5880/84433/3115/8379/10148/8764/27166/5914/399/975/6778/868/64410/3398/5585/6541/2175/3726/961/3662/11151/149233/3567/80380/7494/80149/3707/6385/8440/5074/3112/9750/135/6604/80762,MyLa,Up
GO:0002697,regulation of immune effector process,276,0.43225440126828396,1.70336525159479,2.3012988922353092e-6,5.490654664258409e-4,4.6983610464153633e-4,3040,"tags=34%, list=21%, signal=28%",942/1604/3098/941/10538/966/3718/8013/7293/604/6777/54440/684/7292/10584/9516/79671/4068/7805/51284/959/4092/64332/51237/933/6504/2208/3958/10125/6693/7158/3554/3575/8809/3569/725/10892/2671/121260/3566/116449/3596/23411/948/7784/7040/5880/3663/79004/80329/5817/3684/8764/2241/5914/975/6778/5585/613/3726/9846/56848/7124/6810/3662/24145/399687/149233/3567/6223/7494/80149/8140/8807/10225/80762/51465/2529/567/3329/64170/301/51561/3134/112744/5590/3109/3071/114771/115004/54537/3383/11221/4189,MyLa,Up
GO:0007159,leukocyte cell-cell adhesion,320,0.4182151038491987,1.6599149075222532,2.3368811487406255e-6,5.490654664258409e-4,4.6983610464153633e-4,2407,"tags=30%, list=16%, signal=26%",57045/7297/942/1604/201633/55824/941/960/51148/3600/3718/8013/604/1803/648/6777/29126/54440/7535/6522/7292/29851/2113/8631/3559/64926/7805/959/3111/4092/64332/6504/3958/7480/84830/10318/10125/9840/6693/3575/10507/57178/64844/3569/119/1326/10892/8651/3552/80381/3566/3956/5781/1493/9308/7784/3120/101/11148/5880/84433/3115/8379/10148/8764/5914/399/975/868/64410/6541/961/7124/11151/149233/2650/5465/80380/83706/7494/80149/3707/6385/8440/5074/3112/9750/116844/135/6604/80762/6093/50848/9231/2529/567/3329,MyLa,Up
GO:0002440,production of molecular mediator of immune response,173,0.47087157062537555,1.7871155275154287,2.550984314285381e-6,5.743966347665916e-4,4.915120216077053e-4,2407,"tags=32%, list=16%, signal=27%",942/1604/3098/10538/3718/8013/7293/604/54440/684/7292/9516/79671/7805/51284/959/4092/64332/51237/933/6504/7158/3554/8809/3569/10892/121260/3566/116449/3596/23411/948/7040/3663/79004/8764/975/6778/5585/9156/78996/56848/7124/6810/24145/3567/7494/8140/10225/80762/1235/51465/4683/567/3329,MyLa,Up
GO:0050671,positive regulation of lymphocyte proliferation,117,0.5207336255700966,1.8884785514599056,3.7117180650724317e-6,8.023249769460568e-4,6.865506298889766e-4,1956,"tags=32%, list=13%, signal=28%",7297/942/1604/941/1880/3600/7293/604/648/6777/29126/54440/7535/7292/3559/64926/4773/959/6504/5618/6693/3569/3552/80381/1026/3596/7784/11148/84433/3115/10148/975/6541/11151/149233/3567/80380,MyLa,Up
GO:0097696,receptor signaling pathway via STAT,113,0.5182237994483396,1.8731056623159374,4.994914417548216e-6,0.0010381737504780984,8.883667626028061e-4,1885,"tags=31%, list=13%, signal=27%",7297/9021/6776/5008/3587/1647/3600/3718/6777/5468/801/3601/3976/57599/3578/5618/3575/5753/1545/3569/8651/3596/5310/7040/2241/8784/6775/6778/6774/22876/4249/5311/7124/149233/3567,MyLa,Up
GO:1903037,regulation of leukocyte cell-cell adhesion,292,0.4218766715155265,1.669815824182277,5.597923413150419e-6,0.0010803992187380308,9.244991561642779e-4,2200,"tags=29%, list=15%, signal=25%",57045/7297/942/1604/201633/55824/941/960/3600/3718/8013/604/1803/648/6777/29126/54440/7535/6522/7292/29851/2113/8631/3559/64926/7805/959/3111/4092/64332/6504/3958/7480/84830/10125/9840/6693/3575/57178/64844/3569/1326/10892/8651/3552/80381/3566/3956/5781/1493/9308/7784/3120/101/11148/84433/3115/8379/10148/8764/5914/399/975/868/64410/6541/961/7124/11151/149233/2650/5465/80380/7494/80149/3707/6385/8440/5074/3112/9750/135/6604/80762,MyLa,Up
GO:0002252,immune effector process,445,0.3835855978933772,1.5466065799849444,5.548526284376534e-6,0.0010803992187380308,9.244991561642779e-4,2407,"tags=27%, list=16%, signal=23%",9021/942/1604/7157/3098/941/10538/966/1880/3718/8013/7293/604/11280/6777/1512/54440/440275/684/7292/10584/9516/79671/5581/4068/7805/5293/51284/959/4092/64332/3578/619207/51237/933/6504/2208/3958/914/10125/6693/7158/3554/3575/8809/5058/3569/725/10892/2671/121260/3566/3956/116449/3596/23411/948/7784/3799/7040/5880/84522/925/3663/79004/80329/5817/3684/8764/2241/5914/975/196051/6775/6778/6774/4297/5585/2205/9156/613/3726/51279/81622/9846/56848/7124/6810/3662/24145/399687/11151/149233/3567/5338/6223/7494/80149/6348/55619/5747/9452/4035/8140/8807/10225/80762/8284/5734/1130/1235/23207/3984/51465/2529/8773/4683/567/3329,MyLa,Up
GO:0046651,lymphocyte proliferation,226,0.44524568663585845,1.7236696215779475,5.976824541776491e-6,0.0011137503387503502,9.530377572422551e-4,1410,"tags=23%, list=10%, signal=21%",57045/7297/942/1604/7157/941/1880/581/3600/7293/604/648/6777/29126/54440/7535/9047/6522/7292/3559/64926/4773/959/64332/3578/51237/933/6504/3958/6654/10125/5618/6693/3575/64844/3569/10892/3552/80381/1026/1493/3596/7784/11148/5880/84433/3115/8379/10148/8764/975/868,MyLa,Up
GO:2000514,"regulation of CD4-positive, alpha-beta T cell activation",66,0.5961173102527125,2.009200700557699,7.000009320109055e-6,0.0012609350121956444,0.001078983892745231,1998,"tags=39%, list=13%, signal=34%",57045/942/1604/941/10538/3718/604/29126/54440/7292/3559/4092/64332/10892/8651/3566/9308/84433/5914/975/868/64410/3726/3662/149233/80149,MyLa,Up
GO:0022409,positive regulation of cell-cell adhesion,253,0.42439594730319563,1.6569764609668396,7.932577744734366e-6,0.001382827423630468,0.0011832874034844844,2170,"tags=29%, list=15%, signal=25%",7297/942/1604/11117/941/960/3600/8013/604/1803/648/6777/29126/54440/8728/7535/7292/29851/2113/8631/3559/64926/959/3111/4092/64332/288/6504/7480/10125/9840/6693/3575/2651/57178/9223/3569/1326/10892/8651/3552/80381/3566/3956/5781/4301/9308/4651/7784/3120/101/11148/84433/3115/10148/8764/5914/399/975/10211/64410/6541/84034/961/7124/11151/149233/2650/80380/7494/3707/8440/3112/6604,MyLa,Up
GO:0002367,cytokine production involved in immune response,88,0.5405433164498361,1.9053236171094676,9.05201693985503e-6,0.0014823363497871692,0.001268437333868681,2751,"tags=41%, list=19%, signal=34%",1604/3098/3718/8013/604/54440/684/7292/9516/79671/7805/51284/4092/6504/3554/8809/3569/10892/116449/23411/948/7040/3663/79004/8764/975/56848/7124/24145/8140/10225/51465/567/64170/3134/5590,MyLa,Up
GO:0002718,regulation of cytokine production involved in immune response,88,0.5405433164498361,1.9053236171094676,9.05201693985503e-6,0.0014823363497871692,0.001268437333868681,2751,"tags=41%, list=19%, signal=34%",1604/3098/3718/8013/604/54440/684/7292/9516/79671/7805/51284/4092/6504/3554/8809/3569/10892/116449/23411/948/7040/3663/79004/8764/975/56848/7124/24145/8140/10225/51465/567/64170/3134/5590,MyLa,Up
GO:0050866,negative regulation of cell activation,149,0.4800035663110699,1.7908383958189709,1.0619707400924057e-5,0.0016380600657367038,0.001401690340251147,2523,"tags=32%, list=17%, signal=26%",57045/942/201633/55824/11117/941/64092/23208/3718/2335/604/29126/6522/7292/3559/7805/4092/3958/6693/64844/8651/928/3566/116449/1493/145581/3624/8379/8764/2241/868/3398/81542/1268/5585/80380/80149/6385/5074/9750/135/80762/9231/7128/652/5154/83593,MyLa,Up
GO:0006302,double-strand break repair,289,-0.3178730324403084,-1.6274330946906344,1.0802242153705868e-5,0.0016380600657367038,0.001401690340251147,2616,"tags=30%, list=18%, signal=25%",10635/29072/125150/151636/4172/84142/196528/5591/51567/1111/284071/25836/6944/605/8317/55193/84250/3146/253714/1108/7486/55086/25939/7520/113510/5423/54969/545/79913/24144/6605/64769/25900/672/55257/54556/1663/4436/29117/4173/58493/675/57223/9401/8193/8914/25913/1653/86/79184/9275/9937/27339/6597/1457/23028/23126/142/7913/3297/8110/5892/7155/55345/6118/9907/8089/84515/6119/6599/83990/4176/9319/85456/3980/25/23137/254394/149840/6419/54799/80010/8289/79677/348654/6595,MyLa,Down
GO:0002683,negative regulation of immune system process,366,0.39665810630495707,1.5874708623828622,1.0912317240288922e-5,0.0016380600657367038,0.001401690340251147,2667,"tags=28%, list=18%, signal=24%",57045/942/1604/201633/55824/11117/941/1021/64092/966/23208/3718/2335/604/5295/1803/5468/29126/197358/6522/684/7292/3559/79671/4068/7805/3111/4092/933/103/9290/6504/3958/84830/6895/53347/9173/6693/3575/64844/2876/1281/725/8651/84243/2671/7130/3566/116449/1493/145581/401397/7040/3624/5045/79004/56834/8379/257144/8764/2241/5914/6988/2841/2633/6778/868/3398/1268/5585/613/7124/3662/54726/84885/107181291/11240/80380/6223/80149/6348/2200/6385/5074/3112/9750/135/10225/80762/79651/8887/5734/9231/7128/652/8111/83593/10333/9140/301/8878/3134/3313/23143,MyLa,Up
GO:0042102,positive regulation of T cell proliferation,86,0.5492877632899159,1.9222229352435736,1.203073666040653e-5,0.0017398732951677018,0.0014888120662417143,1956,"tags=34%, list=13%, signal=29%",7297/942/1604/941/3600/648/6777/29126/54440/7535/7292/3559/64926/959/6504/6693/3569/3552/80381/7784/11148/84433/3115/10148/975/6541/11151/149233/80380,MyLa,Up
GO:0002695,negative regulation of leukocyte activation,135,0.49028541927984515,1.8096931931727889,1.223449023248939e-5,0.0017398732951677018,0.0014888120662417143,2523,"tags=32%, list=17%, signal=27%",57045/942/201633/55824/941/64092/23208/3718/2335/604/29126/6522/7292/3559/7805/4092/3958/6693/64844/8651/3566/116449/1493/145581/3624/8379/8764/2241/868/3398/1268/5585/80380/80149/6385/5074/9750/135/80762/9231/7128/652/83593,MyLa,Up
GO:0070661,leukocyte proliferation,254,0.433129994587496,1.6907534756122484,1.3729708872581228e-5,0.0019024447883956143,0.001627924725431831,1410,"tags=22%, list=10%, signal=20%",57045/7297/942/1604/7157/941/1880/581/3600/7293/604/648/6777/29126/54440/1435/7535/9047/6522/684/7292/3559/64926/4773/959/64332/3578/51237/933/6504/3958/6654/10125/5618/6693/3575/64844/3569/10892/598/3552/80381/1026/1493/3596/7784/11148/5880/84433/3115/8379/10148/8764/975/6778/868,MyLa,Up
GO:0002250,adaptive immune response,374,0.39577225243483494,1.5863327783692873,1.447838946146081e-5,0.0019560304162433554,0.0016737780237946669,2646,"tags=28%, list=18%, signal=23%",64167/7297/9021/942/1604/55824/941/10538/64092/84876/1880/3718/604/1512/29126/54440/440275/7535/7292/6890/8631/4068/5293/959/3111/4092/64332/3578/619207/5321/6504/2208/9173/917/6693/7158/60468/3554/3575/8809/7030/915/3569/725/10892/4791/27240/121260/814/3566/1493/23411/639/7784/3120/7040/925/3115/80329/5817/10148/8764/28689/8792/975/6775/919/6778/79908/6774/3265/5585/2205/9156/3726/51279/81622/7124/3662/149233/6494/80380/80149/2923/3112/80762/8284/1235/2529/4683/28638/567/3329/7128/3702/64170/387357/5909/64218/301/51561/3134/112744,MyLa,Up
GO:0007259,receptor signaling pathway via JAK-STAT,108,0.5066100014079465,1.8238682033534568,1.8136342358398155e-5,0.002390458392799601,0.002045518664452968,1885,"tags=30%, list=13%, signal=26%",7297/9021/6776/5008/3587/1647/3600/3718/6777/801/3601/3976/57599/3578/5618/3575/5753/1545/3569/8651/3596/5310/2241/8784/6775/6778/6774/22876/5311/7124/149233/3567,MyLa,Up
GO:2001234,negative regulation of apoptotic signaling pathway,187,0.45121081318969036,1.7207611779120409,1.9462999509022346e-5,0.002504239270160875,0.0021428811238880996,1876,"tags=27%, list=13%, signal=24%",5607/960/55179/581/10449/51616/648/64114/2017/80196/468/3315/51499/2907/55011/10525/10105/3958/55437/90/599/4000/1495/5743/64844/2876/8837/10488/598/3552/25946/10399/23411/50484/3301/3091/54929/23017/2771/57007/27166/5925/7178/27429/10413/1459/4193/7124/10131/4582/8682,MyLa,Up
GO:0002675,positive regulation of acute inflammatory response,18,0.7794186213016299,2.0334005503461117,2.1650965835773448e-5,0.002720972543639993,0.0023283400958764443,1739,"tags=61%, list=12%, signal=54%",5008/241/84699/5733/5743/3569/7784/101/8792/1268/7124,MyLa,Up
GO:0009636,response to toxic substance,158,0.4565184378717572,1.710404291339223,2.7481903293337464e-5,0.003228526204286862,0.0027626544889618188,2484,"tags=32%, list=17%, signal=27%",7295/1312/241/581/84883/11280/4259/5292/468/5445/1373/5743/2876/9536/1545/10765/2627/2671/1193/1026/9446/1267/26034/948/642/23135/8683/540/83667/4502/999/4258/27429/4155/4357/4193/7124/23256/10314/1728/10058/10587/847/6348/5071/51109/10935/23657/4519/2098/10928,MyLa,Up
GO:0032787,monocarboxylic acid metabolic process,435,0.3817900992013665,1.5372837922228506,2.649234652880295e-5,0.003228526204286862,0.0027626544889618188,2006,"tags=22%, list=14%, signal=20%",80270/9663/157506/7157/3098/1312/241/32/254552/10449/3074/5106/10090/8013/215/35/669/4259/5468/2026/6916/2184/2593/3667/150763/5581/58526/51390/134429/57103/11182/5321/84830/8942/549/3995/113189/1544/55301/84879/5743/5826/242/2876/6652/9536/64223/1545/26031/89/6785/25953/205251/10196/9415/11057/1907/2108/390916/23411/948/2571/10999/114880/3091/83667/37/1109/1384/117145/56922/51495/5264/6774/64410/11332/3712/1268/224/195827/25902/2264/7416/5165/1622/3418/51341/91452/1376/5236/51548/5564/5465/5223/7494/171586/84696,MyLa,Up
GO:0097190,apoptotic signaling pathway,497,0.37205303180105653,1.5057695261212096,2.7129179209689044e-5,0.003228526204286862,0.0027626544889618188,3011,"tags=30%, list=20%, signal=25%",5607/7157/960/5366/55179/8718/581/10449/5578/64782/147138/64065/3708/2810/51065/51616/5295/648/64114/1512/2017/80196/468/28996/3315/7159/51499/1386/2907/55011/64332/9833/4088/10525/317/2081/10105/355/3958/55437/8742/8428/90/599/83982/4000/1495/6693/5743/64844/841/2876/8837/1545/10488/27141/598/57600/10961/1611/93974/3552/8795/27113/1026/489/4050/25946/81537/10399/23411/50484/7040/3624/3301/84231/133746/3091/54929/23017/2771/5371/57007/27166/1396/5925/7178/10550/10494/27429/837/3265/10413/1459/29965/4193/114971/7124/6810/10131/4582/8682/5025/56947/84289/9812/7494/30001/5071/8453/2923/2872/91/8440/5074/135/8743/843/367/282991/1984/4683/54431/5034/7128/6154/7185/652/5164/10333/1540/10059/4780/2395/7857/6788/6789/55031/9531/400916/79594/3685/3428/637/3383/8445/7466/207/10955,MyLa,Up
GO:0044282,small molecule catabolic process,263,0.4176149346185991,1.6387312248405559,3.170644050598578e-5,0.0036455660530712156,0.0031195160838252078,2538,"tags=29%, list=17%, signal=25%",9663/7157/3098/32/254552/10449/3074/5106/215/10007/35/2746/2806/2026/2184/3667/7263/51390/2530/57103/219/84830/8942/2710/549/84879/5826/152926/2744/6652/79644/89/25953/205251/11057/2108/390916/164668/26275/22875/2571/642/84750/83667/37/55556/1384/56922/5264/11332/4357/3712/2582/1268/4245/56267/11112/4942/1376/5465/5223/171586/84696/874/3099/89874/10295/1738/102724560/23464/2529/2098/949/51005/3029/1743/5095,MyLa,Up
GO:0014819,regulation of skeletal muscle contraction,12,0.8277246115767175,1.9688573966179568,4.8991225067555066e-5,0.005454909691976516,0.004667774022527725,942,"tags=33%, list=6%, signal=31%",1756/3164/89/9446,MyLa,Up
GO:0070059,intrinsic apoptotic signaling pathway in response to endoplasmic reticulum stress,54,0.590768246488641,1.9096602571622083,4.94616163780254e-5,0.005454909691976516,0.004667774022527725,2138,"tags=41%, list=14%, signal=35%",7157/5366/581/3708/468/2907/10525/317/2081/10488/598/10961/8795/27113/489/23411/5371/837/7494/30001/5071/8440,MyLa,Up
GO:0051250,negative regulation of lymphocyte activation,115,0.4948654928802452,1.7924730490912275,5.461244616468178e-5,0.005902513181478807,0.005050788968451517,2523,"tags=33%, list=17%, signal=28%",57045/942/201633/55824/941/64092/3718/604/29126/6522/7292/3559/7805/4092/3958/6693/64844/8651/3566/116449/1493/3624/8379/8764/868/3398/5585/80380/80149/6385/5074/9750/135/80762/9231/7128/652/83593,MyLa,Up
GO:0002819,regulation of adaptive immune response,161,0.4516602393867112,1.6989069506649388,6.155652946250756e-5,0.006522578141478252,0.005581379441254814,2645,"tags=31%, list=18%, signal=26%",7297/1604/941/10538/64092/3718/604/29126/54440/440275/7292/8631/4092/64332/5321/6504/2208/9173/6693/7158/3554/3575/8809/3569/725/10892/121260/3566/23411/7784/7040/80329/5817/8764/975/6778/5585/3726/7124/149233/80149/80762/2529/567/3329/7128/64170/301/51561/3134,MyLa,Up
GO:0022408,negative regulation of cell-cell adhesion,139,0.4684064207763649,1.7345058939540399,6.28142111087336e-5,0.006527846092915315,0.00558588723483131,2334,"tags=32%, list=16%, signal=27%",57045/942/201633/5607/55824/941/3718/604/29126/6522/7292/3559/7805/4092/3958/84830/6693/64844/26154/8651/53827/928/3566/1493/7040/8379/8764/999/868/4155/81542/5465/80380/80149/5747/80139/91663/6385/5074/9750/135/80762/9231/3557,MyLa,Up
GO:0046632,alpha-beta T cell differentiation,108,0.49151813665862903,1.7695353394757336,6.588014284142178e-5,0.006586847549284613,0.005636374865403269,2634,"tags=38%, list=18%, signal=31%",9021/942/941/10538/1880/3718/604/54440/7535/6522/7292/1386/4092/64332/6693/8809/3569/10892/8651/3566/9308/639/5914/2841/6775/6778/6774/64410/4297/3726/3662/149233/80149/3707/64919/5734/2529/3702/64218/301/51561,MyLa,Up
GO:0052548,regulation of endopeptidase activity,197,0.43363457398876754,1.6643318653814276,6.70386038509722e-5,0.006586847549284613,0.005636374865403269,3384,"tags=40%, list=23%, signal=31%",5607/274/960/5366/581/64065/22861/2810/51065/5468/80196/6195/7805/51499/55011/4088/317/355/112399/6695/5720/841/2876/10892/1611/6091/10049/27113/489/10399/23411/26999/9806/5045/27166/10550/114769/83464/27429/6774/4155/23204/9447/7124/1472/330/10395/8743/1992/843/5978/3336/197/3329/55081/64170/7079/7415/55031/23787/331/1944/831/79594/80759/3428/637/207/2149/572/11315/871/8434/10542/6478/6188/23400/130399,MyLa,Up
GO:0050727,regulation of inflammatory response,253,0.4067927676578882,1.5882480612358996,6.560920931257194e-5,0.006586847549284613,0.005636374865403269,2634,"tags=29%, list=18%, signal=24%",9021/5008/3587/241/23208/5603/3600/84699/22861/5733/604/6777/5468/90268/197358/7292/58189/2113/340061/3559/79671/51284/64332/4088/10318/9173/6693/3554/5743/2876/9536/3569/7130/3956/55450/145581/3596/7784/7040/101/5045/8792/5925/975/114769/4258/6774/837/1268/2175/9447/613/961/7124/3603/5465/330/6223/6348/51738/135/80762/79651/5734/2529/55872/197/7128/1540/2678/4363/301/51561,MyLa,Up
GO:0050868,negative regulation of T cell activation,91,0.5112188309359538,1.8077746667033838,7.367349951817336e-5,0.006909494477608003,0.005912464303270864,2296,"tags=33%, list=15%, signal=28%",57045/942/201633/55824/941/3718/604/29126/6522/7292/3559/7805/4092/3958/6693/64844/8651/3566/1493/8379/8764/868/80380/80149/6385/5074/9750/135/80762/9231,MyLa,Up
GO:0016054,organic acid catabolic process,181,0.43865640643652204,1.6627680740128679,7.415815686551891e-5,0.006909494477608003,0.005912464303270864,2782,"tags=33%, list=19%, signal=27%",9663/32/254552/10449/3074/5106/215/10007/35/2746/2806/2184/3667/7263/51390/84830/8942/549/84879/5826/152926/2744/6652/205251/11057/2108/390916/26275/2571/642/83667/37/55556/1384/56922/5264/11332/4357/3712/1268/56267/11112/4942/1376/5465/171586/84696/89874/10295/1738/102724560/23464/51005/1743/5095/4329/3425/51084/18,MyLa,Up
GO:0046395,carboxylic acid catabolic process,181,0.43865640643652204,1.6627680740128679,7.415815686551891e-5,0.006909494477608003,0.005912464303270864,2782,"tags=33%, list=19%, signal=27%",9663/32/254552/10449/3074/5106/215/10007/35/2746/2806/2184/3667/7263/51390/84830/8942/549/84879/5826/152926/2744/6652/205251/11057/2108/390916/26275/2571/642/83667/37/55556/1384/56922/5264/11332/4357/3712/1268/56267/11112/4942/1376/5465/171586/84696/89874/10295/1738/102724560/23464/51005/1743/5095/4329/3425/51084/18,MyLa,Up
GO:0019226,transmission of nerve impulse,36,0.6495040890011552,1.978756730614558,7.93112200933561e-5,0.007143297223074939,0.006112529646844094,2889,"tags=50%, list=19%, signal=40%",1890/11280/288/146183/3751/4915/26047/2859/4897/8506/5025/5023/51738/4882/57731/1901/2332/6324,MyLa,Up
GO:0006260,DNA replication,264,-0.3100547105106204,-1.5422255940751237,7.89900147559392e-5,0.007143297223074939,0.006112529646844094,3298,"tags=36%, list=22%, signal=28%",25942/56652/55388/4171/11124/10714/546/5515/23594/2021/4796/51507/146956/10445/157570/5813/79991/26271/5425/10361/1660/4172/8882/7014/79075/79733/7349/1111/259282/8317/5928/253714/7486/25939/57662/5423/57695/27000/545/79913/91607/374393/64769/7270/92667/672/57418/5884/25842/125476/1663/22944/9134/4173/5763/9837/5111/675/9401/5429/51514/5981/79915/91603/8914/7465/79960/86/5558/142/51053/246243/56897/2260/26057/222229/9767/6118/84515/6119/4176/4782/4784/3980/7013/254394/6419/80010/23175/3978/10919/54107/3399/348654,MyLa,Down
GO:0002526,acute inflammatory response,59,0.5794987031633558,1.9219211186427463,8.863758591050148e-5,0.007852418266563115,0.006719325537615756,1739,"tags=41%, list=12%, signal=36%",5008/241/84699/5733/2335/11280/7292/2683/90/6693/5743/9536/3569/3552/196527/7784/101/8792/5547/23780/1268/2205/59307/7124,MyLa,Up
GO:0002673,regulation of acute inflammatory response,28,0.6859508810078077,1.9982389147795363,9.843870593037023e-5,0.008490238687287046,0.007265109383546688,1739,"tags=46%, list=12%, signal=41%",5008/241/84699/5733/6693/5743/9536/3569/7784/101/8792/1268/7124,MyLa,Up
GO:0043281,regulation of cysteine-type endopeptidase activity involved in apoptotic process,130,0.47583402719036394,1.7466148513771438,1.0212167184930753e-4,0.008490238687287046,0.007265109383546688,3384,"tags=42%, list=23%, signal=33%",5607/960/5366/581/22861/2810/51065/5468/80196/6195/7805/51499/55011/4088/317/355/112399/841/2876/10892/1611/6091/10049/27113/489/10399/23411/10550/114769/27429/23204/7124/10395/8743/843/5978/3336/3329/55081/64170/7415/55031/23787/331/79594/80759/637/207/2149/572/11315/10542/6478/6188/130399,MyLa,Up
GO:0006935,chemotaxis,291,0.3948769657068363,1.5630237143536545,1.0077855547671237e-4,0.008490238687287046,0.007265109383546688,3188,"tags=33%, list=22%, signal=27%",80270/57509/1890/4739/391/1880/1803/1435/10584/5355/5142/51157/3164/5293/3315/4088/5479/6504/123920/3958/23396/57118/6693/10507/5604/10488/3569/6558/23767/6091/1826/79647/7130/2921/1907/4046/196527/7040/101/57449/5880/64221/2247/8792/2241/57007/6586/2841/2826/3265/5168/5288/4858/6810/11151/10505/3603/23521/5025/6729/11240/51119/6223/10509/6348/5747/3897/9750/6259/682/1130/1235/6367/1901/3627/652/10928/5154/10059/64218/4363/301/51561/7857/5228/7423/3071/6809/3685/7412/5473/80024/5898/4814/5156/1845/54910,MyLa,Up
GO:0042330,taxis,291,0.3948769657068363,1.5630237143536545,1.0077855547671237e-4,0.008490238687287046,0.007265109383546688,3188,"tags=33%, list=22%, signal=27%",80270/57509/1890/4739/391/1880/1803/1435/10584/5355/5142/51157/3164/5293/3315/4088/5479/6504/123920/3958/23396/57118/6693/10507/5604/10488/3569/6558/23767/6091/1826/79647/7130/2921/1907/4046/196527/7040/101/57449/5880/64221/2247/8792/2241/57007/6586/2841/2826/3265/5168/5288/4858/6810/11151/10505/3603/23521/5025/6729/11240/51119/6223/10509/6348/5747/3897/9750/6259/682/1130/1235/6367/1901/3627/652/10928/5154/10059/64218/4363/301/51561/7857/5228/7423/3071/6809/3685/7412/5473/80024/5898/4814/5156/1845/54910,MyLa,Up
GO:0042391,regulation of membrane potential,263,0.407772264934731,1.6001083480953144,1.0660608756381155e-4,0.0087287772302248115,0.00746922715578667,3123,"tags=33%, list=21%, signal=27%",1756/274/5366/5774/581/5575/215/11280/22871/6548/801/23415/4092/288/10105/2745/287/482/706/781/10060/1137/598/205251/388591/93974/776/3751/4915/10399/131096/948/3799/9177/2859/2906/27166/4897/64208/10550/3783/8506/4297/1268/7124/2550/63895/56660/6262/8898/5025/2905/5071/7341/1738/23316/5023/9699/51738/480/135/10021/4734/4882/83959/2273/10935/84275/57555/23613/9498/8645/2332/7415/5590/18/400916/79594/6324/637/112755/2769/207/7531/488/80024/572/11315,MyLa,Up
GO:0097529,myeloid leukocyte migration,143,0.45140266851846544,1.681481586817756,1.1622151771501955e-4,0.009374045995999487,0.008021384561226723,2835,"tags=35%, list=19%, signal=29%",57509/11117/5295/1803/6777/1435/5142/5293/5479/6504/2683/3958/23396/57118/3554/10488/3569/3552/928/79647/7130/2921/1907/196527/101/5880/84522/8792/975/613/961/23521/5025/6729/6223/6348/5747/9750/682/5734/2529/6367/3627/10059/301/51561/7857/5228/7423/3071,MyLa,Up
GO:0007340,acrosome reaction,17,0.767021359098664,1.9817125847764185,1.2768573479123477e-4,0.010000198707417864,0.008557184331623103,1074,"tags=35%, list=7%, signal=33%",2054/8372/2683/109/11057/7784,MyLa,Up
GO:0046637,regulation of alpha-beta T cell differentiation,61,0.55267295077324885,1.8428381555681481,1.2587952215634233e-4,0.010000198707417864,0.008557184331623103,2124,"tags=38%, list=14%, signal=32%",942/941/10538/3718/604/54440/7535/6522/7292/4092/64332/10892/8651/3566/9308/639/5914/64410/3726/3662/149233/80149/3707,MyLa,Up
GO:0032780,negative regulation of ATP-dependent activity,12,0.8072041314693666,1.9200465983446657,1.4001989445473526e-4,0.010280437036388184,0.008796984670390995,1124,"tags=42%, list=8%, signal=39%",7157/10105/93974/23411/4331,MyLa,Up
GO:1903038,negative regulation of leukocyte cell-cell adhesion,99,0.4972319607907103,1.763188757150467,1.3531044617572875e-4,0.010280437036388184,0.008796984670390995,2296,"tags=32%, list=15%, signal=28%",57045/942/201633/55824/941/3718/604/29126/6522/7292/3559/7805/4092/3958/84830/6693/64844/8651/3566/1493/8379/8764/868/5465/80380/80149/6385/5074/9750/135/80762/9231,MyLa,Up
GO:2000116,regulation of cysteine-type endopeptidase activity,151,0.44916354666216785,1.679779514521651,1.3372805798334225e-4,0.010280437036388184,0.008796984670390995,3384,"tags=41%, list=23%, signal=32%",5607/960/5366/581/64065/22861/2810/51065/5468/80196/6195/7805/51499/55011/4088/317/355/112399/841/2876/10892/1611/6091/10049/27113/489/10399/23411/26999/10550/114769/27429/23204/9447/7124/1472/330/10395/8743/843/5978/3336/3329/55081/64170/7415/55031/23787/331/831/79594/80759/3428/637/207/2149/572/11315/10542/6478/6188/130399,MyLa,Up
GO:0052547,regulation of peptidase activity,217,0.4207544598508761,1.625288809490794,1.407757847321846e-4,0.010280437036388184,0.008796984670390995,3384,"tags=39%, list=23%, signal=30%",5607/274/960/5366/581/64065/22861/2810/51065/1512/5468/80196/6195/7805/51499/55011/4088/317/355/112399/6695/5720/841/2876/10892/1611/6091/10049/27113/489/10399/23411/26999/9806/5045/27166/10010/10550/114769/83464/27429/6774/4155/23204/9447/7124/1472/330/10395/4035/8743/1992/843/5978/3336/65992/197/3329/55081/64170/7079/1475/6300/7415/55031/23787/331/1944/831/79594/80759/3428/637/207/2149/572/11315/871/8434/10542/6478/6188/23400/130399,MyLa,Up
GO:0006979,response to oxidative stress,319,0.3816659991620535,1.513969846139547,1.4008105905465693e-4,0.010280437036388184,0.008796984670390995,3662,"tags=36%, list=25%, signal=28%",143686/7157/2054/7295/1312/5603/84883/57190/215/79899/10276/79772/51157/468/2530/1386/2308/2081/10105/54974/8428/2706/11030/5743/29957/2876/22921/1545/1137/3569/3552/10399/23411/26034/948/50484/55270/23135/3091/54929/4537/83667/318/2241/10550/6778/10494/1861/27429/3725/1277/5693/4193/6780/5311/6810/10131/132864/80149/1728/10587/30001/847/5071/55139/5074/8807/5796/83959/4482/10935/1263/6772/5599/23657/7128/7337/5164/83636/10202/4363/5562/4780/2395/10628/2071/57679/5193/207/488/2110/58515/11315/4720/7703/5156/2146/4540/10549/4846/2067/4669/6188/23400/10516/27244/51314/135112/5192/9361/116988/2643/7351/8754/4520/578,MyLa,Up
GO:2001233,regulation of apoptotic signaling pathway,302,0.3875824611197242,1.5318565254122525,1.4407936677847107e-4,0.010381398640944768,0.008883377659758924,3345,"tags=35%, list=23%, signal=27%",5607/7157/960/5366/55179/581/10449/147138/51616/648/64114/1512/2017/80196/468/3315/51499/2907/55011/10525/317/10105/355/3958/55437/8742/90/599/4000/1495/5743/64844/2876/8837/10488/598/10961/3552/27113/4050/25946/10399/23411/50484/3624/3301/84231/3091/54929/23017/2771/5371/57007/27166/5925/7178/27429/10413/1459/4193/114971/7124/6810/10131/4582/8682/84289/7494/5071/2923/8440/135/8743/367/1984/5034/7128/6154/7185/652/10333/1540/10059/4780/2395/7857/6788/6789/55031/3685/637/3383/7466/207/10955/572/11315/7703/246330/7046/23542/81618/4846/6478/6188,MyLa,Up
GO:0097193,intrinsic apoptotic signaling pathway,269,0.3974951607686841,1.562526680030598,1.4707811697065512e-4,0.010458028211966057,0.008948949693242217,3127,"tags=32%, list=21%, signal=26%",7157/960/5366/581/64782/64065/3708/2810/51065/51616/5295/468/28996/3315/7159/51499/1386/2907/9833/10525/317/2081/10105/8428/599/5743/64844/2876/1545/10488/27141/598/57600/10961/8795/27113/1026/489/25946/81537/10399/23411/50484/3301/133746/3091/54929/5371/57007/1396/7178/10550/10494/27429/837/3265/29965/4193/114971/7124/10131/4582/7494/30001/5071/8453/8440/1984/4683/54431/5034/6154/5164/1540/10059/4780/55031/3428/637/8445/7466/207/10955/572/58515/11315/10210,MyLa,Up
GO:0030217,T cell differentiation,255,0.39690533228833175,1.5513240220960838,1.5331503014525476e-4,0.010759927570194243,0.00920728540571571,2634,"tags=31%, list=18%, signal=26%",9021/942/7157/941/10538/1021/1880/3600/3718/604/5295/648/6777/54440/7535/6522/7292/3559/10945/5293/3111/1386/4092/64332/7480/914/6654/917/10125/9840/6693/3575/57178/8809/915/3569/10892/8651/3552/814/3566/1493/9308/639/7040/101/84433/925/27166/5914/399/2841/6775/6778/6774/64410/4297/2175/3726/3662/149233/3953/7494/80149/3707/6604/64919/5734/1235/2529/5316/567/652/3702/1540/387357/64218/301/51561,MyLa,Up
GO:0035455,response to interferon-alpha,17,0.7635822111713139,1.9728270398724979,1.6069247469852898e-4,0.011133104272703214,0.00952661324359835,607,"tags=35%, list=4%, signal=34%",4600/8519/10581/684/103/149628,MyLa,Up
GO:0046640,regulation of alpha-beta T cell proliferation,38,0.6326565470824219,1.9362567698004336,0.00016887508745274313,0.011551911045501568,0.009884986797866762,1410,"tags=37%, list=10%, signal=33%",57045/7297/1604/29126/7535/6522/7292/3559/64926/84433/10148/8764/975/868,MyLa,Up
GO:1904892,regulation of receptor signaling pathway via STAT,66,0.5512812927047015,1.8580818581447998,1.7694283059263265e-4,0.01180492662373564,0.01010149258990819,1885,"tags=32%, list=13%, signal=28%",7297/9021/3587/1647/3718/5468/801/3976/57599/3578/5618/3575/1545/3569/8651/7040/22876/4249/7124/149233/3567,MyLa,Up
GO:0010821,regulation of mitochondrion organization,126,0.45747024539216385,1.6684516124351458,1.7528992659033722e-4,0.01180492662373564,0.01010149258990819,3141,"tags=37%, list=21%, signal=30%",7157/5366/581/10449/5468/2017/51499/57103/10105/201164/599/4000/706/2876/64423/23770/598/93974/80821/27113/10273/3091/192111/27166/54832/27429/1459/7416/6790/56947/5071/8743/6742/10928/10059/8878/2395/5910/400916/10075/79594/637/10456/207/572/11315/5898,MyLa,Up
GO:0046633,alpha-beta T cell proliferation,41,0.6160687993777898,1.9050265102685786,1.8389009171102623e-4,0.012118805556175437,0.010370079241162237,1410,"tags=37%, list=10%, signal=33%",57045/7297/1604/3600/29126/7535/6522/7292/3559/64926/84433/10148/8764/975/868,MyLa,Up
GO:0018108,peptidyl-tyrosine phosphorylation,182,0.4278792535062146,1.6231609978866801,1.891282055128337e-4,0.012313841236040401,0.01053697155127303,1885,"tags=23%, list=13%, signal=20%",9021/7157/5008/941/960/64092/4739/3600/1741/3718/2039/7535/10006/5581/3976/3578/90/58533/5618/10507/5753/64223/3569/8651/30844/9961/9094/5781/3596/948/7040/57732/8764/2241/8784/868/22876/5168/2264/7124/149233/3567,MyLa,Up
GO:0042180,cellular ketone metabolic process,149,0.4425388994408669,1.651062009503028,1.98969644376961e-4,0.012800380454917824,0.0109533038564911,3123,"tags=34%, list=21%, signal=27%",157506/32/84883/8013/215/90956/6777/5468/2806/2232/3667/5581/58526/134429/8942/84879/5743/25953/205251/2531/10196/84274/23411/37/1109/64410/23590/10901/1268/2264/5165/56267/51548/5465/1728/874/10295/5978/9612/23657/3029/5164/80219/9946/873/51117/207/219743/1181/93058/11315,MyLa,Up
GO:0050729,positive regulation of inflammatory response,91,0.49828184109603146,1.76202681650547,2.034282250229037e-4,0.01293324856498555,0.011066999288242922,2050,"tags=35%, list=14%, signal=30%",5008/241/5603/3600/84699/22861/5733/6777/7292/2113/51284/64332/10318/9173/5743/3569/3956/55450/7784/7040/101/8792/975/4258/837/1268/9447/961/7124/3603/6223/6348,MyLa,Up
GO:0043367,"CD4-positive, alpha-beta T cell differentiation",82,0.5145243570131351,1.7858480727920418,2.100380734509408e-4,0.01314406553022762,0.011247395666814044,2835,"tags=43%, list=19%, signal=35%",9021/942/941/10538/1880/3718/604/54440/7292/4092/64332/6693/8809/3569/10892/8651/3566/9308/5914/6775/6778/6774/64410/4297/3726/3662/149233/80149/5734/2529/64218/301/51561/5590/3071,MyLa,Up
GO:0007162,negative regulation of cell adhesion,208,0.4198756343196715,1.6151125941528615,2.116087529847896e-4,0.01314406553022762,0.011247395666814044,2200,"tags=29%, list=15%, signal=25%",57045/942/201633/5607/55824/8573/941/23654/3718/604/5295/2039/29126/6522/7292/3559/7805/4092/3958/6695/84830/6693/2651/10507/64844/1545/26154/8651/53827/928/1826/3566/5781/1493/1366/7040/8379/8764/2633/999/868/4155/81542/1277/4582/5465/6494/80380/80149/6904/10395/3339/5747/80139/91663/6385/5074/9750/135/9448/80762,MyLa,Up
GO:0002702,positive regulation of production of molecular mediator of immune response,105,0.48566942086813725,1.73960716550124,2.1985281082080902e-4,0.013349265052535416,0.011422985191434821,1991,"tags=30%, list=13%, signal=26%",942/1604/3098/8013/7293/54440/7292/7805/51284/51237/6504/7158/3554/8809/3569/10892/3566/116449/3596/23411/948/7040/3663/8764/975/6778/56848/6810/24145/3567/7494,MyLa,Up
GO:0002521,leukocyte differentiation,486,0.3557991797504163,1.4385456350942394,2.179581484295036e-4,0.013349265052535416,0.011422985191434821,2634,"tags=27%, list=18%, signal=23%",54997/9021/6776/942/7157/941/10538/1021/4739/1880/581/5578/3600/3718/604/10100/5295/648/6777/5468/54440/1435/7535/6522/7292/3559/3601/10945/3976/5293/25979/959/3111/1386/4092/64332/3578/4783/9290/6504/7480/4066/914/6654/9173/917/10125/9840/6693/3575/57178/8809/841/7030/7922/915/135228/3569/29887/10892/8651/3552/814/7130/3566/3956/1493/23411/9308/639/7040/3624/101/84433/84522/925/56834/8792/27166/5914/399/55509/5925/6988/2841/975/6775/6778/51542/6774/64410/3398/1316/4297/2175/3726/9846/7124/3662/149233/51341/3953/3567/6729/7494/80149/6348/55619/81570/2200/9452/3707/6604/843/80762/64919/5734/1235/2529/5316/567/652/3702/8111/1540/387357/10202/150372/4242/64218/301/51561,MyLa,Up
GO:0050673,epithelial cell proliferation,291,0.3880426192745798,1.5359716285815614,2.2861152512620447e-4,0.013726852019800099,0.011746086899174458,2737,"tags=30%, list=18%, signal=25%",6776/5607/8573/1021/581/5578/5613/8013/2810/5468/197358/51157/6195/3164/5293/57599/5797/9788/64332/4088/22846/2081/9839/2683/7480/8742/599/5604/2876/26257/8837/135228/3569/10765/598/93974/6091/1026/23411/7040/3091/51092/2247/5925/80173/6778/6489/6774/3398/3265/10413/283/56005/7124/51548/51804/84280/7494/60485/3339/80139/51738/116844/1992/64919/367/5796/5605/3486/6772/567/7128/949/652/26051/55081/51162/154791/26277/5909/7421/4893/6909/7857/3202/6788/6789,MyLa,Up
GO:0006919,activation of cysteine-type endopeptidase activity involved in apoptotic process,55,0.5562214609225022,1.8116843591317948,2.3420661202294742e-4,0.013908269575516571,0.011901326160981008,3085,"tags=49%, list=21%, signal=39%",581/22861/51065/5468/7805/4088/317/112399/841/1611/6091/27113/489/10399/7124/10395/843/3336/3329/55081/7415/23787/79594/80759/637/2149/572,MyLa,Up
GO:1902307,positive regulation of sodium ion transmembrane transport,11,0.8113838575295056,1.8665774159399844,2.3939556202082972e-4,0.013910684055489933,0.011903392234946292,573,"tags=55%, list=4%, signal=52%",1756/54997/11261/6548/288/482,MyLa,Up
GO:0002698,negative regulation of immune effector process,79,0.5177565685529594,1.7909432550482935,2.3882405690880514e-4,0.013910684055489933,0.011903392234946292,2200,"tags=33%, list=15%, signal=28%",1604/941/966/3718/604/684/7292/79671/4092/933/6504/3958/6693/3575/725/2671/3566/7040/79004/2241/613/7124/6223/80149/10225/80762,MyLa,Up
GO:0050730,regulation of peptidyl-tyrosine phosphorylation,151,0.4407789558459007,1.6484228650440271,2.458022907642019e-4,0.014131016800954755,0.012091931280259115,1546,"tags=23%, list=10%, signal=20%",9021/7157/5008/941/960/64092/4739/3600/1741/2039/10006/5581/3976/3578/90/58533/10507/5753/64223/3569/8651/30844/9961/9094/5781/3596/948/7040/57732/8764/8784/868/22876/5168,MyLa,Up
GO:0010765,positive regulation of sodium ion transport,19,0.7280143293399999,1.9291824135708218,2.691218609729109e-4,0.015077433233202913,0.012901781174463438,573,"tags=37%, list=4%, signal=35%",1756/54997/11261/6548/10768/288/482,MyLa,Up
GO:0050879,multicellular organismal movement,39,0.606942563780996,1.8579717293192564,2.70634904444982e-4,0.015077433233202913,0.012901781174463438,1751,"tags=31%, list=12%, signal=27%",1756/3708/3164/28996/429/2548/4130/89/9446/51542/7124/51761,MyLa,Up
GO:0050867,positive regulation of cell activation,297,0.3803680554053862,1.503248268629106,2.7015277961047265e-4,0.015077433233202913,0.012901781174463438,2170,"tags=26%, list=15%, signal=23%",7297/942/1604/941/1880/3600/8013/7293/604/1803/648/6777/29126/54440/7535/7292/29851/3559/3601/64926/6195/4773/959/3111/64332/5321/6504/7480/914/9173/10125/9840/5618/6693/7158/3575/57178/3569/1326/10892/8651/3552/80381/3566/1026/3956/5781/3596/9308/7784/3120/7040/101/11148/84433/3115/10148/8764/5914/399/975/6778/64410/6541/961/56848/7124/11151/149233/3567/80380/7494/6348/3707/8440/3112/6604,MyLa,Up
GO:0070664,negative regulation of leukocyte proliferation,64,0.5379509357385472,1.807799654010108,2.7745254599564233e-4,0.015144985440004559,0.012959585694405707,2523,"tags=34%, list=17%, signal=29%",57045/942/941/604/29126/6522/3559/6693/64844/1493/8379/8764/868/5585/80380/6385/5074/80762/9231/7128/652/83593,MyLa,Up
GO:0018212,peptidyl-tyrosine modification,184,0.4273953197102829,1.6282072967656012,2.7698507019216647e-4,0.015144985440004559,0.012959585694405707,2098,"tags=24%, list=14%, signal=21%",9021/7157/5008/941/960/64092/4739/3600/1741/3718/2039/7535/10006/5581/3976/3578/90/58533/5618/10507/5753/64223/3569/8651/30844/9961/9094/5781/3596/948/7040/57732/8764/2241/8784/868/22876/5168/2264/7124/149233/3567/7804/8460/5747,MyLa,Up
GO:1903530,regulation of secretion by cell,386,0.36945867426494344,1.4849399306609528,2.9556692687271224e-4,0.01597243672820137,0.013667636944756052,3153,"tags=31%, list=21%, signal=25%",80223/8573/5008/1731/84876/23208/6860/5106/26056/3708/22871/5468/2746/8372/29091/192683/79772/55691/3667/5581/3976/2308/5321/5481/9381/84830/706/55784/23178/9536/1137/3569/9545/6558/7273/10765/26154/25953/55638/10961/9854/3552/3566/5781/43/3596/4735/7784/7040/3624/101/5880/84522/3091/51092/3684/5217/286676/4756/2771/64215/8792/25837/10815/3783/93664/2864/283/1268/613/9846/56848/7124/6810/2550/399687/51548/5025/201475/5715/5071/6853/6385/5023/9699/51738/135/23011/79651/9367/9463/27183/5978/9501/57555/8111/9498/10972/10059/301/169026/3134/5868/2332/5910/23332/18/3071/112755/2149/488/945/80024/3916/572/322/5898/114897/64285,MyLa,Up
GO:0006942,regulation of striated muscle contraction,52,0.5738594816202361,1.8466261856619397,3.02911741096608e-4,0.016139097348135647,0.013810248675515193,942,"tags=27%, list=6%, signal=25%",1756/274/6548/801/5142/3164/4092/287/5997/89/51130/388591/1193/9446,MyLa,Up
GO:0034502,protein localization to chromosome,109,-0.3786882556266546,-1.6737116561569199,3.046239691913094e-4,0.016139097348135647,0.013810248675515193,3122,"tags=39%, list=21%, signal=31%",546/23272/8365/7518/4796/10694/1736/157570/3009/29072/7014/55506/25836/84250/253714/55166/7520/545/80124/8019/27085/25900/3720/51535/4436/9656/7015/675/25913/9183/10576/142/10664/91272/222229/6118/84515/55920/23137/7013/254394/51176,MyLa,Down
GO:0042093,T-helper cell differentiation,65,0.5365484980604611,1.8050325443383926,3.4565874760183617e-4,0.017517721463088342,0.014989939301754464,2751,"tags=45%, list=19%, signal=36%",9021/942/941/10538/1880/3718/604/7292/4092/64332/6693/8809/3569/10892/3566/5914/6775/6778/6774/4297/3726/3662/149233/80149/5734/64218/301/51561/5590,MyLa,Up
GO:0006487,protein N-linked glycosylation,65,0.5361846847005287,1.803808619647303,3.4565874760183617e-4,0.017517721463088342,0.014989939301754464,2333,"tags=38%, list=16%, signal=33%",1798/2530/9945/2683/9526/11282/79644/55858/9761/29929/85365/56052/79053/7841/11285/4249/29880/199857/6184/4245/201595/5238/4247/2673/51465,MyLa,Up
GO:0002286,T cell activation involved in immune response,90,0.5024933168436868,1.7755348923377772,3.404523898910774e-4,0.017517721463088342,0.014989939301754464,1835,"tags=30%, list=12%, signal=26%",9021/942/7157/941/10538/1880/3718/604/440275/7292/4092/64332/3958/6693/8809/3569/10892/3566/5914/975/6775/6778/6774/4297/3726/3662/149233,MyLa,Up
GO:0030595,leukocyte chemotaxis,149,0.4357715151083008,1.6258136727142778,3.379846304786064e-4,0.017517721463088342,0.014989939301754464,2835,"tags=33%, list=19%, signal=27%",80270/57509/4739/1880/1803/1435/5142/51157/5293/5479/6504/3958/23396/57118/10488/3569/6558/79647/7130/2921/1907/196527/101/5880/8792/2841/11151/3603/23521/6729/11240/51119/6223/6348/5747/9750/682/1130/1235/6367/1901/3627/10059/301/51561/7857/5228/7423/3071,MyLa,Up
GO:0034599,cellular response to oxidative stress,204,0.4102569862444101,1.5754452714091023,3.468534782661829e-4,0.017517721463088342,0.014989939301754464,3553,"tags=39%, list=24%, signal=30%",7157/2054/7295/5603/84883/57190/215/79899/10276/51157/468/2530/1386/2308/2081/10105/2706/29957/2876/1545/3569/10399/23411/948/23135/3091/54929/83667/318/2241/10550/6778/10494/27429/3725/4193/6780/5311/6810/10131/132864/80149/1728/847/5071/55139/5074/8807/5796/83959/4482/10935/5599/23657/7128/5164/10202/4363/5562/4780/2395/5193/207/488/11315/7703/5156/2146/4846/4669/6188/23400/10516/51314/135112/5192/9361/116988/2643,MyLa,Up
GO:0002637,regulation of immunoglobulin production,61,0.5355180329337035,1.7856366277819233,3.640783141826496e-4,0.018217400091139247,0.015588655304136254,2200,"tags=34%, list=15%, signal=29%",942/7293/604/54440/7292/959/51237/933/7158/3569/121260/3566/3596/7040/6778/5585/7124/6810/3567/7494/80762,MyLa,Up
GO:2001243,negative regulation of intrinsic apoptotic signaling pathway,92,0.49749551892689625,1.7574157895462283,3.7083108546213207e-4,0.01825351588812246,0.015619559643251,2053,"tags=32%, list=14%, signal=27%",960/51616/468/3315/51499/2907/10525/10105/599/5743/64844/2876/10488/598/25946/10399/23411/50484/3301/3091/54929/57007/7178/27429/4193/10131/4582/7494/5071,MyLa,Up
GO:0070201,regulation of establishment of protein localization,430,0.36320683338444604,1.4621666152102115,3.7155565279301824e-4,0.01825351588812246,0.015619559643251,3123,"tags=30%, list=21%, signal=25%",80223/7295/10857/84876/6860/5106/26056/3708/2810/79899/5295/2039/11156/11261/5468/2746/4641/9695/55691/3667/5581/5901/4088/2308/288/5481/5494/84830/5743/3998/441161/3569/6558/7273/26154/55638/10961/9854/93974/3552/56850/5781/43/51100/3596/10399/948/9818/58480/5784/7040/3301/101/5880/84522/3091/51092/3684/4756/64215/4947/975/26229/999/23255/10815/3783/27429/2864/3265/1459/283/1268/10425/4193/10055/7124/6810/9662/23256/399687/51548/56947/9776/5715/55135/80149/55432/5071/7341/51738/135/79628/80762/79651/9463/5978/9478/51465/1263/2010/51763/23657/11142/9501/57555/652/8111/10972/55823/10059/169026/5562/5910/29934/51009/5590/18/9531/10075/10456/2149/7531/945/80024/2040/572/322/58515/11315,MyLa,Up
GO:0045055,regulated exocytosis,169,0.42843584191340855,1.6154195997673673,3.8686700253612685e-4,0.018834498033380446,0.016116706895601757,2674,"tags=31%, list=18%, signal=26%",80223/9143/8573/2054/23208/6860/26056/8013/11280/22871/8372/192683/5293/9381/23396/10125/9545/26154/26059/3566/116449/3596/7784/5880/3684/5217/2771/51150/9751/25837/10815/93664/2205/613/9846/56848/6810/11151/9144/6348/6853/5023/9699/5978/8773/9501/9498/10972/3134/5868/2332/6284,MyLa,Up
GO:0003015,heart process,155,0.42655882454266025,1.5962139319814486,3.929662570806153e-4,0.018960621904139687,0.0162246312721348,3042,"tags=32%, list=21%, signal=26%",1756/274/157378/11280/6548/801/5142/4092/287/2548/482/781/2876/10060/5997/51130/7273/2627/10268/79924/388591/1193/489/9446/776/3751/1907/5606/11214/2771/10413/4193/7124/3768/6262/5025/80149/10021/57731/57413/55328/10059/6909/5910/7423/491/6324/5144/7531/488,MyLa,Up
GO:0002699,positive regulation of immune effector process,188,0.4129759803230906,1.5759002624988172,4.030732663279168e-4,0.01927617638262002,0.016494651690531333,2646,"tags=31%, list=18%, signal=26%",942/1604/3098/941/8013/7293/6777/54440/7292/10584/4068/7805/51284/64332/51237/6504/2208/10125/7158/3554/8809/3569/10892/3566/116449/3596/23411/948/7784/7040/3663/80329/5817/3684/8764/2241/5914/975/6778/9846/56848/7124/6810/24145/399687/149233/3567/6223/7494/8140/8807/567/3329/64170/301/51561/3134/112744,MyLa,Up
GO:1903039,positive regulation of leukocyte cell-cell adhesion,225,0.4033406418339519,1.5576499768554806,4.122121595112227e-4,0.0193703870434665,0.01657526788771443,2170,"tags=28%, list=15%, signal=25%",7297/942/1604/941/960/3600/8013/604/1803/648/6777/29126/54440/7535/7292/29851/2113/8631/3559/64926/959/3111/64332/6504/7480/10125/9840/6693/3575/57178/3569/1326/10892/8651/3552/80381/3566/3956/5781/9308/7784/3120/101/11148/84433/3115/10148/8764/5914/399/975/64410/6541/961/7124/11151/149233/2650/80380/7494/3707/8440/3112/6604,MyLa,Up
GO:0001934,positive regulation of protein phosphorylation,402,0.36176570734575486,1.452933331702534,4.089444304510062e-4,0.0193703870434665,0.01657526788771443,2133,"tags=22%, list=14%, signal=19%",942/5607/7157/5008/7295/941/960/5871/4739/5899/3600/1741/10979/79899/9693/801/1435/10006/3976/28996/1386/55011/2081/355/8099/55437/90/84830/10125/5618/6693/84722/10507/5753/5743/5604/4486/5058/23531/116986/64223/3569/10892/57600/10961/6091/30844/8795/9094/1026/5781/23043/4915/23118/3596/10399/23411/948/7040/3624/5606/5217/2247/8764/8792/8826/8784/55233/57161/10211/3265/5168/283/56005/3937/7124/149233/3953/51347/3567/126308/7804/28232/7786/5747/85440/23328,MyLa,Up
GO:2000147,positive regulation of cell motility,409,0.3564847960907932,1.4330776419144113,4.2210027270406426e-4,0.01966405063528244,0.016826556243093958,3012,"tags=30%, list=20%, signal=24%",6776/4739/5578/8013/10979/2335/604/5295/2039/1512/9693/4641/29126/22800/1435/9922/2113/51157/5581/54828/5293/3315/4088/84904/2195/23060/6504/6282/3958/90/57118/6693/3554/2651/10507/5743/841/8895/5058/1545/10488/3569/389/3552/79647/7130/1907/1366/10399/23411/196527/7784/9806/7040/101/5880/3091/3675/5606/2247/2771/8764/2241/57007/8784/6774/3265/5168/4249/8766/1277/4193/961/7124/6810/11151/10505/3687/5025/83706/10509/7494/80149/6348/5747/85440/80139/91663/23328/91/3918/9750/9448/5605/1235/2529/65992/1901/949/3627/652/59/5154/10059/64218/55604/301/51561/4780/6789/3640/23332/5228/7423/3071/977/3685/7082/3383/207/5420/2149,MyLa,Up
GO:0002820,negative regulation of adaptive immune response,40,0.5965977617877554,1.8351908202679885,4.4851533967059663e-4,0.020716041842563284,0.017726746623238247,1265,"tags=32%, list=9%, signal=30%",941/64092/3718/604/7292/4092/6504/9173/6693/3575/725/3566/8764,MyLa,Up
GO:0051046,regulation of secretion,408,0.3600577635022688,1.4477780062843073,4.589433725265023e-4,0.02101805072146795,0.01798517605271119,2658,"tags=27%, list=18%, signal=23%",80223/8573/5008/1731/84876/23208/6860/5106/26056/3708/5733/22871/5468/2746/8372/29091/192683/79772/55691/3667/5581/3976/2308/5321/5481/9381/84830/706/242/55784/23178/9536/1137/3569/9545/6558/7273/10765/26154/25953/55638/10961/9854/3552/3566/5781/43/3596/4735/7784/7040/3624/101/5880/84522/3091/51092/3684/5217/286676/4756/2771/64215/8792/25837/10815/3783/93664/2864/283/1268/1535/613/9846/56848/7124/6810/4939/2550/399687/51548/5025/201475/7494/5715/5071/6853/6385/5023/9699/51738/135/23011/79651/9367/9463/27183/5978/9501/57555/8111/9498/10972/10059/301/169026/5562/3134/5868/2332,MyLa,Up
GO:0072329,monocarboxylic acid catabolic process,103,0.46842972392711846,1.6744151515152066,4.693223809114641e-4,0.021135151220379598,0.018085379117053175,2006,"tags=30%, list=14%, signal=26%",9663/32/254552/10449/3074/5106/215/35/2184/3667/51390/84830/549/84879/5826/6652/205251/11057/2108/390916/83667/37/1384/5264/11332/3712/1268/1376/5465/171586/84696,MyLa,Up
GO:1904951,positive regulation of establishment of protein localization,264,0.3879612721227993,1.523411444567241,4.686450192813528e-4,0.021135151220379598,0.018085379117053175,2790,"tags=28%, list=19%, signal=23%",10857/84876/5106/3708/2810/79899/5295/11156/11261/5468/2746/4641/9695/55691/5581/5901/4088/288/5481/5494/5743/7273/55638/9854/3552/43/51100/3596/10399/58480/7040/101/5880/3091/3684/4947/975/26229/999/23255/3783/27429/2864/3265/1459/283/10425/4193/10055/7124/6810/9662/399687/51548/56947/9776/5715/55135/80149/51738/135/1263/2010/9501/57555/8111/10972/55823/10059/169026/5562/5590/18/9531,MyLa,Up
GO:0046425,regulation of receptor signaling pathway via JAK-STAT,62,0.5322716862443496,1.782411026933225,4.853279045067411e-4,0.021675305751689498,0.018547590121775672,840,"tags=23%, list=6%, signal=21%",7297/9021/3587/1647/3718/801/3976/57599/3578/5618/3575/1545/3569/8651,MyLa,Up
GO:0030099,myeloid cell differentiation,335,0.3716315505632886,1.475936657819041,4.982665884340868e-4,0.022057119362371095,0.01887430857433017,2487,"tags=27%, list=17%, signal=23%",54997/6776/29909/10538/1021/4739/1880/5578/3600/5613/604/669/10100/5295/2039/6777/5468/1435/10006/6522/2113/3976/28996/5293/25979/103/9290/9173/841/7030/4094/8837/135228/5305/29887/8651/93974/814/7130/5781/25946/23411/7040/3624/5880/84522/3091/87/56834/5371/8792/5914/55509/5925/6988/975/51542/6774/3398/3217/1777/3726/8761/9846/7124/3662/4891/149233/51341/3567/6729/6223/222166/6348/81570/2200/3707/51510/91/843/80762/10935/54861/6772/5316/567/5926/6208/652/8111,MyLa,Up
GO:0040017,positive regulation of locomotion,419,0.35747185895386346,1.4378231250075797,5.020402815639609e-4,0.022057119362371095,0.01887430857433017,3012,"tags=30%, list=20%, signal=25%",6776/4739/5578/8013/10979/2335/604/5295/2039/1512/9693/4641/29126/22800/1435/9922/2113/51157/5581/54828/5293/3315/4088/84904/2195/23060/6504/6282/3958/90/57118/6693/3554/2651/10507/5743/841/8895/5058/1545/10488/3569/389/3552/1826/79647/7130/1907/1366/10399/23411/196527/7784/9806/7040/101/5880/3091/3675/5606/2247/2771/8764/2241/57007/8784/6774/3265/5168/4249/8766/1277/4193/961/7124/6810/11151/10505/3603/3687/5025/83706/10509/7494/80149/6348/5747/85440/80139/91663/23328/91/3918/9750/9448/5605/1235/2529/65992/1901/949/3627/652/59/5154/10059/64218/55604/301/51561/4780/7857/6789/3640/23332/5228/7423/3071/977/6809/3685/7082/3383/207/5420/2149,MyLa,Up
GO:2000649,regulation of sodium ion transmembrane transporter activity,25,0.6610196688450886,1.8725720537697073,5.435104895499469e-4,0.0231349483308859,0.019796608363703644,841,"tags=32%, list=6%, signal=30%",1756/54997/5774/11261/6548/5581/288/53827,MyLa,Up
GO:0001508,action potential,93,0.4793099727809362,1.6964012791563,5.436969722469484e-4,0.0231349483308859,0.019796608363703644,2257,"tags=29%, list=15%, signal=25%",1756/274/5774/11280/6548/801/288/287/781/10060/1137/388591/776/3751/4915/948/2859/4897/8506/1268/7124/6262/5025/7341/5023/10021/4882,MyLa,Up
GO:0002237,response to molecule of bacterial origin,237,0.3941353072147661,1.5329849242948805,5.349691549657147e-4,0.0231349483308859,0.019796608363703644,2547,"tags=31%, list=17%, signal=26%",942/1604/941/3587/5578/5106/23097/92140/29126/7292/9516/5142/5581/3164/7096/64332/10318/2706/1373/706/5739/5743/841/3569/7431/10892/4791/2671/7867/3552/2921/23118/115362/3596/1267/948/3663/5606/8792/2241/5914/5976/4016/114769/4258/23643/1268/613/59307/3656/7124/3595/149233/23521/80380/7494/80149/1728/90933/51510/23328/8140/55593/10225/5734/10935/5599/567/7128/949/3627/64170/10333,MyLa,Up
GO:0003012,muscle system process,270,0.38376667981719315,1.508857488289201,5.361739000080639e-4,0.0231349483308859,0.019796608363703644,2235,"tags=24%, list=15%, signal=21%",1756/274/32/5578/57190/8013/5733/11280/5468/6548/801/7169/2017/2593/5142/3164/4092/4088/2308/287/2548/4000/5152/5743/781/10060/8837/5997/89/51130/800/7273/6641/2627/4636/388591/1193/2775/9446/776/3751/1907/10087/5606/51542/22876/140465/1535/1241/7124/3768/51761/6262/1605/94103/5025/6525/5465/80149/5023/51738/323/10021/6093,MyLa,Up
GO:0051983,regulation of chromosome segregation,122,-0.3638944571173346,-1.6428617772368914,5.483501821950858e-4,0.02315065925454878,0.019810052223544507,2379,"tags=29%, list=16%, signal=24%",196528/9587/10783/23310/605/23397/55193/51434/6605/56155/9918/51759/1843/29117/29882/8193/23369/51451/86/9275/9183/6597/1457/8110/10051/11130/6599/9319/55920/23137/8289/79677/348654/5359/6595,MyLa,Down
GO:0046394,carboxylic acid biosynthetic process,224,0.3930709433629548,1.517362097979048,5.612100497794821e-4,0.023509915573707917,0.020117468369492165,2006,"tags=23%, list=14%, signal=20%",80270/157506/5092/241/32/29968/10090/215/4259/2746/2806/6916/2593/58526/134429/5321/22929/8942/1373/3995/113189/1544/55301/5743/242/586/2744/9536/26031/6785/10196/9415/11057/1907/23411/5723/2571/114880/37/1109/51495/4258/64410/11332/25902/2264/4942/5564/7494/171586/84696,MyLa,Up
GO:0002822,regulation of adaptive immune response based on somatic recombination of immune receptors built from immunoglobulin superfamily domains,147,0.4372258118977037,1.6311103526877802,5.736516697944224e-4,0.023846258642838913,0.02040527761463075,2645,"tags=31%, list=18%, signal=25%",7297/1604/941/10538/3718/604/29126/54440/7292/4092/64332/5321/6504/2208/9173/6693/7158/3554/3575/8809/3569/725/10892/121260/3566/7784/7040/80329/5817/975/6778/5585/3726/7124/149233/80149/80762/2529/567/3329/7128/64170/301/51561/3134,MyLa,Up
GO:0007338,single fertilization,71,0.512972605425047,1.7499097194551554,5.9615871091738e-4,0.024478478580889137,0.02094626911953056,1233,"tags=24%, list=8%, signal=22%",2054/3074/10007/8372/57599/4033/2683/3206/4486/10184/10765/109/928/11057/64753/7784/3207,MyLa,Up
GO:0060048,cardiac muscle contraction,82,0.49750354818846265,1.726771027706444,5.979199061209041e-4,0.024478478580889137,0.02094626911953056,1218,"tags=23%, list=8%, signal=21%",1756/274/11280/6548/801/5142/4092/287/2548/781/10060/5997/51130/7273/388591/1193/9446/776/5606,MyLa,Up
GO:0002825,regulation of T-helper 1 type immune response,23,0.6776003424985194,1.8890744732586657,6.322514480847105e-4,0.02530879129962797,0.021656768900086807,937,"tags=39%, list=6%, signal=37%",941/3718/7292/5321/6504/9173/3554/8809/3566,MyLa,Up
GO:0050881,musculoskeletal movement,38,0.6123635104486344,1.874149565278198,6.312475667686282e-4,0.02530879129962797,0.021656768900086807,1751,"tags=32%, list=12%, signal=28%",1756/3708/3164/28996/429/2548/4130/89/9446/51542/7124/51761,MyLa,Up
GO:0033044,regulation of chromosome organization,236,-0.29901199396246414,-1.4622187778107032,6.237878853073427e-4,0.02530879129962797,0.021656768900086807,2223,"tags=24%, list=15%, signal=20%",10783/23310/605/23397/55193/84250/8260/7520/545/79913/51434/6605/56155/10155/9918/125476/170506/1663/51535/1843/29117/23293/29882/8193/4216/9869/57343/25913/51451/86/9275/9183/55196/10576/6597/142/8110/167227/201161/10664/10051/11130/8313/6599/9319/23137/7013/6419/10923/4609/8289/79677/348654/5609/3184/6595,MyLa,Down
GO:0002366,leukocyte activation involved in immune response,227,0.39344748297493104,1.5233122963088346,6.457071471375501e-4,0.02565736340537736,0.0219550425493441,2985,"tags=33%, list=20%, signal=26%",9021/942/7157/941/10538/1880/3718/8013/604/11280/440275/7292/5581/5293/959/4092/64332/6504/3958/10125/6693/7158/8809/3569/10892/121260/3566/3956/116449/3596/7040/5880/3684/2241/5914/975/6775/6778/6774/4297/2205/9156/613/3726/9846/56848/7124/6810/3662/11151/149233/7494/80149/6348/55619/9452/80762/5734/1235/8773/4683/3329/4242/64218/301/51561/3134/6284/5590/3109/3071/114771/54537/3383,MyLa,Up
GO:0090257,regulation of muscle system process,138,0.43957078290645574,1.6256698530035962,6.526241763327777e-4,0.025742927364250587,0.02202825975128615,989,"tags=20%, list=7%, signal=18%",1756/274/32/5578/57190/8013/5468/6548/801/2017/5142/3164/4092/4088/2308/287/4000/5152/5743/5997/89/51130/4636/388591/1193/9446/1907,MyLa,Up
GO:0009306,protein secretion,261,0.38347039873121647,1.503317082050997,6.728396808663543e-4,0.026348011850737527,0.02254603141148661,2807,"tags=29%, list=19%, signal=24%",80223/55240/1312/84876/6860/5106/26056/3708/5468/2746/55691/3667/5581/10959/2308/5481/84830/3569/9545/6558/7273/26154/55638/10961/9854/3552/64840/5781/43/3596/22820/6400/7040/101/84522/3091/4074/51092/4756/64215/93/821/10815/3783/4253/2864/283/1268/1174/7124/6810/399687/51030/51548/201475/5715/5071/9699/51738/135/79651/9463/5978/3557/9501/57555/8111/9498/10972/10059/169026/7857/5910/18/79613,MyLa,Up
GO:0048144,fibroblast proliferation,86,0.48906786487781273,1.71148445238994,6.80574595781152e-4,0.02645917349353486,0.022641152588160553,2511,"tags=34%, list=17%, signal=28%",7157/1021/581/2335/648/197358/3976/54331/57178/2876/10060/1281/1026/3596/2495/5371/26272/80169/11285/3265/4297/55845/51548/84289/10933/5074/6277/2010/5154,MyLa,Up
GO:0002696,positive regulation of leukocyte activation,290,0.3817974626593924,1.5128482468315103,6.923779690508355e-4,0.026725789605362253,0.022869296376243013,2170,"tags=26%, list=15%, signal=23%",7297/942/1604/941/1880/3600/8013/7293/604/1803/648/6777/29126/54440/7535/7292/29851/3559/3601/64926/4773/959/3111/64332/5321/6504/7480/914/9173/10125/9840/5618/6693/7158/3575/57178/3569/1326/10892/8651/3552/80381/3566/1026/3956/5781/3596/9308/7784/3120/7040/101/11148/84433/3115/10148/8764/5914/399/975/6778/64410/6541/961/56848/7124/11151/149233/3567/80380/7494/6348/3707/8440/3112/6604,MyLa,Up
GO:0002292,T cell differentiation involved in immune response,71,0.5069336005671639,1.7293087883627627,7.119143428644404e-4,0.027285000771910897,0.023347814170985345,1998,"tags=34%, list=13%, signal=29%",9021/942/941/10538/1880/3718/604/7292/4092/64332/6693/8809/3569/10892/3566/5914/6775/6778/6774/4297/3726/3662/149233/80149,MyLa,Up
GO:0045622,regulation of T-helper cell differentiation,35,0.6084718110271226,1.8467497572704379,7.194401054811972e-4,0.027368096345381537,0.02341891917200925,2751,"tags=51%, list=19%, signal=42%",942/941/10538/3718/604/7292/4092/64332/10892/3566/5914/3726/3662/149233/80149/301/51561/5590,MyLa,Up
GO:0022616,DNA strand elongation,37,-0.5088514654298694,-1.7857678275772528,7.257695221616954e-4,0.027368096345381537,0.02341891917200925,3437,"tags=46%, list=23%, signal=35%",64858/10714/10445/5425/4172/79913/125476/4173/7015/9837/5111/25913/86/4176/3980/3978/54107,MyLa,Down
GO:0032496,response to lipopolysaccharide,225,0.3960166081297153,1.5293654953362847,7.29275698322528e-4,0.027368096345381537,0.02341891917200925,2457,"tags=30%, list=17%, signal=26%",942/1604/941/3587/5578/5106/23097/92140/29126/7292/9516/5142/5581/3164/64332/10318/2706/1373/706/5739/5743/841/3569/7431/10892/4791/2671/7867/3552/2921/23118/115362/3596/1267/948/5606/8792/2241/5914/5976/4016/114769/4258/23643/1268/613/59307/3656/7124/3595/149233/23521/80380/7494/80149/1728/90933/51510/23328/8140/55593/10225/5734/10935/5599/7128/949/3627,MyLa,Up
GO:0002287,alpha-beta T cell activation involved in immune response,67,0.5187978221602031,1.7547402412060766,7.454185623829875e-4,0.027590698021353863,0.02360939974440133,1998,"tags=36%, list=13%, signal=31%",9021/942/941/10538/1880/3718/604/7292/4092/64332/6693/8809/3569/10892/3566/5914/6775/6778/6774/4297/3726/3662/149233/80149,MyLa,Up
GO:0002293,alpha-beta T cell differentiation involved in immune response,67,0.5187978221602031,1.7547402412060766,7.454185623829875e-4,0.027590698021353863,0.02360939974440133,1998,"tags=36%, list=13%, signal=31%",9021/942/941/10538/1880/3718/604/7292/4092/64332/6693/8809/3569/10892/3566/5914/6775/6778/6774/4297/3726/3662/149233/80149,MyLa,Up
GO:0043370,"regulation of CD4-positive, alpha-beta T cell differentiation",47,0.5628920674424244,1.7859556687397218,7.536254015783137e-4,0.027704705238974198,0.023706955883519742,1998,"tags=40%, list=13%, signal=35%",942/941/10538/3718/604/54440/7292/4092/64332/10892/8651/3566/9308/5914/64410/3726/3662/149233/80149,MyLa,Up
GO:1905517,macrophage migration,40,0.5839435951798344,1.7962654137639327,7.608095328099911e-4,0.027765954756269168,0.023759367183039944,2098,"tags=38%, list=14%, signal=32%",57509/11117/1435/6504/2683/3958/928/79647/1907/975/613/23521/5025/6348/5747,MyLa,Up
GO:0042327,positive regulation of phosphorylation,436,0.35225798112956735,1.4183208273672245,7.655675904300715e-4,0.027765954756269168,0.023759367183039944,2155,"tags=21%, list=15%, signal=19%",942/5607/7157/5008/7295/941/960/5871/4739/5899/3600/1741/10979/79899/9693/801/1435/10006/3976/28996/1386/57103/55011/2081/355/8099/55437/90/84830/10125/5618/6693/84722/10507/5753/5743/5604/4486/5058/23531/116986/64223/3569/10892/57600/10961/6091/30844/1826/8795/9094/1026/5781/23043/4915/23118/3596/10399/23411/948/7040/3624/5606/5217/2247/8764/8792/8826/8784/55233/57161/10211/3265/5168/283/56005/2264/3937/7124/25778/149233/3953/51347/3567/84280/126308/7804/28232/7786/5747/85440/23328/6259,MyLa,Up
GO:0002701,negative regulation of production of molecular mediator of immune response,27,0.6515280646258962,1.8756107259748143,7.717015512444741e-4,0.02780183455283425,0.023790069576259475,2200,"tags=44%, list=15%, signal=38%",3718/604/684/79671/4092/933/6504/7040/79004/7124/10225/80762,MyLa,Up
GO:0002720,positive regulation of cytokine production involved in immune response,64,0.5174079189586245,1.7387642528985134,7.768533594281002e-4,0.027802089763903665,0.023790287960736456,2751,"tags=39%, list=19%, signal=32%",1604/3098/8013/54440/7292/7805/51284/6504/3554/8809/3569/10892/116449/23411/948/3663/8764/975/56848/24145/8140/567/64170/3134/5590,MyLa,Up
GO:0070936,protein K48-linked ubiquitination,80,-0.4191494360838879,-1.7630804740033759,7.966319750032215e-4,0.028322363111298744,0.024235486607958115,2572,"tags=35%, list=17%, signal=29%",151636/23220/7325/54765/22954/7321/23077/29089/51366/11337/7327/267/9111/92912/7324/57531/10477/223082/22978/54476/81847/10299/7326/23327/26268/84937/7323/6048,MyLa,Down
GO:0062013,positive regulation of small molecule metabolic process,84,0.48365780856323304,1.6851481408461366,8.534975843013633e-4,0.02995000614002966,0.025628263074749757,1028,"tags=20%, list=7%, signal=19%",157506/5366/8013/215/10776/5468/3667/5581/58526/134429/57103/2308/5743/64223/89/205251/23411,MyLa,Up
GO:0002573,myeloid leukocyte differentiation,177,0.40902964027714933,1.5504031043502593,8.513161558121336e-4,0.02995000614002966,0.025628263074749757,2200,"tags=28%, list=15%, signal=24%",54997/6776/10538/1021/4739/1880/5578/3600/10100/5295/5468/1435/6522/3976/5293/25979/9290/9173/841/7030/135228/29887/8651/814/7130/23411/7040/3624/84522/56834/8792/5914/55509/5925/6988/975/51542/3398/3726/9846/7124/3662/149233/3567/6729/6348/81570/2200/843/80762,MyLa,Up
GO:0002294,"CD4-positive, alpha-beta T cell differentiation involved in immune response",66,0.5228548943346947,1.7622712877469406,8.683643624355876e-4,0.030275103320012358,0.025906449196465443,1998,"tags=36%, list=13%, signal=32%",9021/942/941/10538/1880/3718/604/7292/4092/64332/6693/8809/3569/10892/3566/5914/6775/6778/6774/4297/3726/3662/149233/80149,MyLa,Up
GO:0045023,G0 to G1 transition,34,-0.5469826421848784,-1.883623738988146,8.891089879618213e-4,0.03079964724965181,0.02635530218701944,2379,"tags=47%, list=16%, signal=40%",196528/1111/605/55193/6605/29117/8193/86/153090/9275/6597/8110/6599/892/8289/6595,MyLa,Down
GO:0046635,positive regulation of alpha-beta T cell activation,62,0.5209873393967471,1.7446232866255948,9.036377818125399e-4,0.0311035577892673,0.026615358870281516,1487,"tags=29%, list=10%, signal=26%",7297/942/1604/941/54440/7535/7292/64926/64332/10892/8651/3566/9308/84433/10148/5914/975/64410,MyLa,Up
GO:0006406,mRNA export from nucleus,65,-0.4314190612175373,-1.7419833510003433,9.226143777355533e-4,0.03148701029697471,0.026943479729364197,2921,"tags=35%, list=20%, signal=29%",55916/23279/55110/29072/9688/55746/22916/91746/57122/26993/26019/6830/26097/23293/22794/4686/57187/65125/9887/84248/8888/29107/84321,MyLa,Down
GO:0050900,leukocyte migration,260,0.38470882398440254,1.508783622635482,9.322578918423305e-4,0.03148701029697471,0.026943479729364197,3054,"tags=32%, list=21%, signal=26%",80270/57509/11117/4739/1880/5295/1803/6777/1435/7535/5142/51157/5293/5479/6504/2683/3958/23396/84830/57118/6654/6693/3554/10488/3569/6558/119/3552/928/79647/7130/2921/1907/196527/7784/101/5880/84522/3675/257144/8764/8792/2241/2841/975/8784/613/961/7124/11151/3603/23521/5025/6729/11240/2650/51119/6223/6348/5747/9750/6093/682/50848/5734/1130/1235/2529/6367/1901/3627/10059/301/51561/23143/7857/5228/7423/3071/3383/207/7412/5473/80024,MyLa,Up
GO:0045936,negative regulation of phosphate metabolic process,296,0.3669838459862278,1.4499833225829473,9.283449521074204e-4,0.03148701029697471,0.026943479729364197,2398,"tags=25%, list=16%, signal=22%",1756/9021/7157/64092/1647/581/5575/2810/10776/79899/2039/11261/5468/801/7453/3315/4092/57103/10959/103/104/3958/58533/6895/706/10507/5753/5997/6609/23770/84063/135228/89/8651/9961/1026/25998/55450/10527/10399/23411/56288/7040/3624/3301/57732/23141/5925/8826/868/51637/203228/6774/22876/26524/4249/5585/7124/51548/124790/5465/80149/5071/5611/91663/8440/161742/6093/2887/10935/3486/51763/54431/55872/11142,MyLa,Up
GO:0060397,growth hormone receptor signaling pathway via JAK-STAT,10,0.7941807693317355,1.788274282003522,9.790393553077968e-4,0.03241314551901529,0.027735974962997036,1483,"tags=60%, list=10%, signal=54%",7297/6776/3718/6777/6778/6774,MyLa,Up
GO:0045661,regulation of myoblast differentiation,54,-0.45454775089791827,-1.7451178666921487,9.81257186649768e-4,0.03241314551901529,0.027735974962997036,990,"tags=33%, list=7%, signal=31%",144165/196528/1649/55193/6605/29117/86/6597/55796/8110/6599/677/8740/8289/3399/6659/4208/6595,MyLa,Down
GO:0035592,establishment of protein localization to extracellular region,262,0.38290452673162256,1.5017478623413916,9.83670589400168e-4,0.03241314551901529,0.027735974962997036,2807,"tags=29%, list=19%, signal=24%",80223/55240/1312/84876/6860/5106/26056/3708/5468/2746/55691/3667/5581/10959/2308/5481/84830/3569/9545/6558/7273/26154/55638/10961/9854/3552/64840/5781/43/3596/22820/6400/7040/101/84522/3091/4074/51092/4756/64215/93/821/10815/3783/4253/2864/283/1268/1174/7124/6810/399687/51030/51548/201475/5715/5071/9699/51738/135/79651/9463/5978/3557/9501/57555/8111/9498/10972/10059/169026/7857/5910/18/79613,MyLa,Up
GO:0030335,positive regulation of cell migration,398,0.35320906183017153,1.4196784172858874,9.703257271262152e-4,0.03241314551901529,0.027735974962997036,3012,"tags=30%, list=20%, signal=24%",6776/4739/5578/8013/10979/2335/5295/2039/1512/9693/4641/29126/22800/1435/9922/2113/51157/5581/54828/5293/3315/4088/84904/2195/23060/6504/6282/3958/90/57118/6693/3554/2651/10507/5743/841/8895/5058/1545/10488/3569/389/3552/79647/7130/1907/10399/23411/196527/7784/7040/101/5880/3091/3675/5606/2247/2771/8764/2241/57007/8784/6774/3265/5168/4249/8766/1277/4193/961/7124/6810/11151/10505/3687/5025/83706/10509/7494/80149/6348/5747/85440/80139/91663/23328/91/3918/9750/9448/1235/2529/65992/1901/949/3627/652/59/5154/10059/64218/55604/301/51561/4780/6789/3640/23332/5228/7423/3071/977/3685/7082/3383/207/5420/2149,MyLa,Up
GO:2000819,regulation of nucleotide-excision repair,27,-0.5825470514522635,-1.8993464756345262,0.0010177936835801301,0.03254530808323682,0.02784906665815953,2379,"tags=48%, list=16%, signal=40%",196528/605/55193/6605/29117/8193/86/9275/6597/8110/6599/8289/6595,MyLa,Down
GO:0050886,endocrine process,44,0.5539662211608654,1.742628311182484,0.0010068568347055206,0.03254530808323682,0.02784906665815953,1103,"tags=23%, list=7%, signal=21%",80223/1312/26056/5468/2297/706/10765/5781/1907/3624,MyLa,Up
GO:0051028,mRNA transport,119,-0.3595264484909199,-1.612947404776242,0.0010165668550571158,0.03254530808323682,0.02784906665815953,2811,"tags=35%, list=19%, signal=29%",348995/23279/55110/1660/29072/9688/6432/57097/55746/22916/23144/91746/57122/10643/26993/10642/26019/6830/26097/23293/59343/22794/1069/4686/57187/7884/3297/65125/11097/9887/84248/9972/8888/23089/677/7538/29107/53371/84321/9908/10204/8570,MyLa,Down
GO:0016053,organic acid biosynthetic process,225,0.39290878479567404,1.5173634790695154,0.0010070913177192195,0.03254530808323682,0.02784906665815953,2006,"tags=23%, list=14%, signal=20%",80270/157506/5092/241/32/29968/10090/215/4259/2746/2806/6916/2593/58526/134429/5321/22929/8942/1373/3995/113189/1544/55301/5743/242/586/2744/9536/26031/6785/10196/9415/11057/1907/23411/5723/2571/114880/37/1109/51495/4258/64410/11332/25902/2264/4942/5564/7494/171586/84696,MyLa,Up
GO:0009611,response to wounding,382,0.35165506717629635,1.4129973959821933,0.0010069774886001669,0.03254530808323682,0.02784906665815953,2443,"tags=26%, list=16%, signal=22%",8573/11117/1312/960/966/23208/581/5578/10979/2335/953/2039/5468/1607/58189/5581/959/3315/64332/4088/22846/60681/5321/2683/8428/84830/29956/1495/706/3998/5604/2876/5058/1281/8837/6609/135228/3569/389/6558/725/23767/3552/928/11057/1026/308/948/196527/7040/22875/3705/3091/84750/7035/4756/2247/349667/56649/1861/6774/5547/22876/3265/81542/23499/10413/84034/8761/7124/6790/1605/5025/10627/5465/83706/7494/118812/2905/2923/5747/51510/6385/5023/128272/116844/135/27183/4882/50848/5605/2596/9162/23657/57413/29071/7128/949,MyLa,Up
GO:1901652,response to peptide,366,0.3544996218492622,1.4187478119476262,0.0010300073607984873,0.03274211633973544,0.02801747576463006,2629,"tags=27%, list=18%, signal=23%",9663/7297/9021/6776/143686/7157/1312/10626/5578/5106/3718/22861/8013/5295/6777/5468/6548/4641/3667/3164/10768/4088/2308/2195/51237/599/58533/6654/2706/1373/5743/781/6443/1281/8837/1545/5305/7431/10268/8651/2671/9882/5781/23411/948/3624/10999/3663/83667/4644/2771/8792/2241/5925/6775/6778/54832/6774/837/3265/1277/2770/4193/7124/7832/1605/132864/2650/5465/7494/90933/847/2200/5747/51510/4035/51738/8743/6093/2887/682/4882/2529/55625/6772/51763/197/84275/4519/7128/9640/64170/5164/10333/29904/4363/6517/5562,MyLa,Up
GO:0002719,negative regulation of cytokine production involved in immune response,21,0.6824551892804789,1.854741860010842,0.0010515059091104684,0.032952917703991544,0.02819785879341518,2645,"tags=52%, list=18%, signal=43%",3718/604/684/79671/4092/6504/7040/79004/7124/10225/3134,MyLa,Up
GO:1904894,positive regulation of receptor signaling pathway via STAT,34,0.6069067776846504,1.825356067210274,0.0010438841016112397,0.032952917703991544,0.02819785879341518,1885,"tags=38%, list=13%, signal=33%",7297/3587/801/57599/5618/3575/1545/3569/7040/4249/7124/149233/3567,MyLa,Up
GO:0032823,regulation of natural killer cell differentiation,10,0.7898911178149259,1.7786151794635263,0.0010549324135437708,0.032952917703991544,0.02819785879341518,1069,"tags=50%, list=7%, signal=46%",3600/6777/3601/10125/639,MyLa,Up
GO:0071692,protein localization to extracellular region,267,0.3764768558415602,1.4766305915652749,0.001063831755061997,0.03303992416295995,0.028272310344751073,3462,"tags=34%, list=23%, signal=27%",80223/55240/1312/84876/6860/5106/26056/3708/5468/2746/55691/3667/5581/10959/2308/5481/84830/3569/9545/6558/7273/26154/55638/10961/9854/3552/64840/5781/43/3596/22820/6400/7040/101/84522/3091/4074/51092/4756/64215/93/821/10815/3783/4253/2864/283/1268/1174/7124/6810/399687/51030/51548/201475/5715/5071/2200/9699/51738/135/79651/9463/5978/3557/9501/57555/8111/9498/4052/10972/10059/169026/7857/5910/18/79613/2149/945/80024/572/322/11315/64285/7376/9024/23400/130399/5208/2201/5127/23410,MyLa,Up
GO:0055117,regulation of cardiac muscle contraction,43,0.5697962338206642,1.7833232418521188,0.0011145183572004139,0.034220779558585435,0.029282769995104176,942,"tags=28%, list=6%, signal=26%",1756/274/6548/801/5142/4092/287/5997/51130/388591/1193/9446,MyLa,Up
GO:0010952,positive regulation of peptidase activity,131,0.42748197932920085,1.5716989492479398,0.0011106828426274728,0.034220779558585435,0.029282769995104176,3085,"tags=38%, list=21%, signal=30%",5366/581/64065/22861/51065/1512/5468/7805/4088/317/355/112399/5720/841/10892/1611/6091/27113/489/10399/23411/26999/27166/10010/10550/83464/27429/6774/4155/9447/7124/10395/8743/843/5978/3336/65992/3329/55081/64170/6300/7415/23787/1944/79594/80759/3428/637/2149/572,MyLa,Up
GO:0045663,positive regulation of myoblast differentiation,34,-0.5402887601068522,-1.8605722667553295,0.0011365076715297653,0.03455461197997374,0.029568430875379765,2379,"tags=38%, list=16%, signal=32%",196528/55193/6605/29117/86/6597/8110/6599/8740/8289/6659/4208/6595,MyLa,Down
GO:1901616,organic hydroxy compound catabolic process,24,0.6467191775859198,1.8156922329298826,0.0011426612471722363,0.03455461197997374,0.029568430875379765,716,"tags=29%, list=5%, signal=28%",1312/4128/2184/219/2710/6652/79644,MyLa,Up
GO:0030098,lymphocyte differentiation,345,0.3578803604483799,1.4265565202715405,0.0011445735648436897,0.03455461197997374,0.029568430875379765,2634,"tags=28%, list=18%, signal=24%",9021/942/7157/941/10538/1021/1880/581/3600/3718/604/5295/648/6777/54440/7535/6522/7292/3559/3601/10945/5293/959/3111/1386/4092/64332/3578/4783/6504/7480/4066/914/6654/917/10125/9840/6693/3575/57178/8809/7922/915/3569/10892/8651/3552/814/3566/3956/1493/9308/639/7040/3624/101/84433/925/27166/5914/399/2841/6775/6778/6774/64410/3398/1316/4297/2175/3726/3662/149233/51341/3953/7494/80149/55619/9452/3707/6604/80762/64919/5734/1235/2529/5316/567/652/3702/1540/387357/150372/4242/64218/301/51561,MyLa,Up
GO:0010563,negative regulation of phosphorus metabolic process,297,0.3666414075989151,1.448999339845727,0.0011685688177754232,0.03508303272921326,0.030020601266008386,2398,"tags=25%, list=16%, signal=22%",1756/9021/7157/64092/1647/581/5575/2810/10776/79899/2039/11261/5468/801/7453/3315/4092/57103/10959/103/104/3958/58533/6895/706/10507/5753/5997/6609/23770/84063/135228/89/8651/9961/1026/25998/55450/10527/10399/23411/56288/7040/3624/3301/57732/23141/5925/8826/868/51637/203228/6774/22876/26524/4249/5585/7124/51548/124790/5465/80149/5071/5611/91663/8440/161742/6093/2887/10935/3486/51763/54431/55872/11142,MyLa,Up
GO:0032945,negative regulation of mononuclear cell proliferation,59,0.5284689781334765,1.752679831858001,0.0011913569818847185,0.0353741380775001,0.030269700528742442,2523,"tags=34%, list=17%, signal=28%",57045/942/941/29126/6522/3559/6693/64844/1493/8379/8764/868/5585/80380/6385/5074/80762/9231/652/83593,MyLa,Up
GO:0050672,negative regulation of lymphocyte proliferation,59,0.5284689781334765,1.752679831858001,0.0011913569818847185,0.0353741380775001,0.030269700528742442,2523,"tags=34%, list=17%, signal=28%",57045/942/941/29126/6522/3559/6693/64844/1493/8379/8764/868/5585/80380/6385/5074/80762/9231/652/83593,MyLa,Up
GO:0016126,sterol biosynthetic process,45,-0.49271334300781505,-1.8213177658182633,0.0012044400694525008,0.03556718106732959,0.030434887691140843,1883,"tags=40%, list=13%, signal=35%",50814/1717/4598/6309/4597/3156/6307/47/2222/3638/11161/51478/1718/2224/51422/6713/4047/3157,MyLa,Down
GO:0051606,detection of stimulus,120,0.4417959209281534,1.6080030214277172,0.001229159951313266,0.03609989335270049,0.03089073035537287,2547,"tags=30%, list=17%, signal=25%",1312/11280/801/3164/1386/7096/25861/706/5058/63982/7273/6785/5330/9094/57115/117531/5310/23643/10413/58473/64108/5311/9600/7124/6094/51761/1472/63895/6262/5747/51109/2793/84314/778/949/10333,MyLa,Up
GO:0002263,cell activation involved in immune response,230,0.3909139845694136,1.5141192257790215,0.0012622367732783597,0.03687095958268246,0.0315505328307928,2985,"tags=33%, list=20%, signal=26%",9021/942/7157/941/10538/1880/3718/8013/604/11280/440275/7292/5581/5293/959/4092/64332/6504/3958/10125/6693/7158/8809/3569/10892/121260/3566/3956/116449/3596/7040/5880/3684/2241/5914/975/6775/6778/6774/4297/2205/9156/613/3726/9846/56848/7124/6810/3662/11151/149233/7494/80149/6348/55619/9452/4035/80762/5734/1235/8773/4683/3329/4242/64218/301/51561/3134/6284/5590/3109/3071/114771/54537/3383,MyLa,Up
GO:0006941,striated muscle contraction,107,0.4597855150496212,1.655821155826249,0.0012802400576372491,0.037195791782105886,0.03182849220826505,1998,"tags=25%, list=13%, signal=22%",1756/274/11280/6548/801/5142/3164/4092/287/2548/781/10060/5997/89/51130/7273/388591/1193/9446/776/5606/51542/7124/51761/6262/5025/80149,MyLa,Up
GO:0048565,digestive tract development,76,0.48425737121984536,1.662410578378307,0.0013095718686928683,0.03764322541710777,0.03221136180945,2257,"tags=30%, list=15%, signal=26%",6522/57103/4088/429/64220/1373/5753/1281/388389/2627/1026/639/5310/3091/5925/93/3398/10413/6293/7124/60485/286451/4882,MyLa,Up
GO:1902105,regulation of leukocyte differentiation,249,0.3891348468059773,1.5198998096440801,0.0013035876378535611,0.03764322541710777,0.03221136180945,2200,"tags=27%, list=15%, signal=23%",54997/942/941/10538/1021/4739/5578/3600/3718/604/5295/6777/54440/1435/7535/6522/7292/3559/3601/3976/3111/4092/64332/9290/7480/914/6654/10125/9840/3575/57178/841/7030/10892/8651/814/7130/3566/1493/9308/639/7040/3624/101/84433/56834/8792/27166/5914/399/5925/6988/64410/3398/2175/3726/7124/3662/149233/3567/7494/80149/6348/2200/3707/6604/80762,MyLa,Up
GO:0031294,lymphocyte costimulation,42,0.5625069013789832,1.750919771244849,0.0013692096685271713,0.0383378707187608,0.03280577078723678,1371,"tags=36%, list=9%, signal=33%",942/941/1803/29126/7292/29851/959/6693/1326/3956/5781/11148/84433/8764/975,MyLa,Up
GO:0001523,retinoid metabolic process,42,0.5624587233030232,1.7507698069590203,0.0013692096685271713,0.0383378707187608,0.03280577078723678,2128,"tags=31%, list=14%, signal=27%",51635/157506/1544/1545/10196/1109/10901/54884/84649/317749/7804/51109/4035,MyLa,Up
GO:0006261,DNA-templated DNA replication,157,-0.3308285187171273,-1.5520380011664574,0.0013638085011443623,0.0383378707187608,0.03280577078723678,3280,"tags=36%, list=22%, signal=29%",56652/55388/4171/10714/546/23594/2021/4796/51507/146956/5813/26271/5425/4172/8882/7014/79075/79733/259282/8317/253714/7486/25939/57662/5423/545/91607/92667/672/57418/25842/1663/9134/4173/9837/5111/675/9401/5981/79915/91603/8914/5558/142/51053/56897/2260/222229/84515/4176/3980/7013/254394/6419/3978/54107/348654,MyLa,Down
GO:0051251,positive regulation of lymphocyte activation,270,0.3734958462514642,1.4684755975424477,0.0013688910847730554,0.0383378707187608,0.03280577078723678,1409,"tags=21%, list=10%, signal=19%",7297/942/1604/941/1880/3600/7293/604/1803/648/6777/29126/54440/7535/7292/29851/3559/3601/64926/4773/959/3111/64332/6504/7480/10125/9840/5618/6693/7158/3575/57178/3569/1326/10892/8651/3552/80381/3566/1026/3956/5781/3596/9308/7784/3120/7040/101/11148/84433/3115/10148/8764/5914/399/975/6778,MyLa,Up
GO:1903131,mononuclear cell differentiation,382,0.3487239262673766,1.401219677251116,0.0013457650315284275,0.0383378707187608,0.03280577078723678,2634,"tags=27%, list=18%, signal=23%",9021/942/7157/941/10538/1021/1880/581/3600/3718/604/5295/648/6777/5468/54440/1435/7535/6522/7292/3559/3601/10945/5293/959/3111/1386/4092/64332/3578/4783/6504/7480/4066/914/6654/917/10125/9840/6693/3575/57178/8809/7922/915/3569/10892/8651/3552/814/3566/3956/1493/9308/639/7040/3624/101/84433/925/27166/5914/399/55509/2841/6775/6778/6774/64410/3398/1316/4297/2175/3726/3662/149233/51341/3953/7494/80149/55619/9452/3707/6604/80762/64919/5734/1235/2529/5316/567/652/3702/8111/1540/387357/10202/150372/4242/64218/301/51561,MyLa,Up
GO:0051284,positive regulation of sequestering of calcium ion,11,0.7679931054353348,1.7667575869305263,0.0013782478437553605,0.03839201725594829,0.0328521040565236,1847,"tags=55%, list=12%, signal=48%",801/205251/1193/9446/5311/6262,MyLa,Up
GO:0032103,positive regulation of response to external stimulus,440,0.34279926783894593,1.3814561006140968,0.00140366356814484,0.03889947652438316,0.033286337678058206,3208,"tags=32%, list=22%, signal=26%",5008/11117/4739/241/5603/5578/3600/84699/22861/5733/5295/6777/29126/90268/197358/1435/7292/10584/2113/340061/80196/51157/79671/5581/4068/51284/3315/7096/64332/4088/6504/54502/8428/57118/6895/10318/9173/10125/149628/5743/5058/10488/3569/84243/7867/121260/1826/79647/3956/116449/55450/1907/115362/948/196527/7784/7040/64135/101/5880/84282/5817/2247/8792/975/4258/10211/837/23643/1268/84034/1535/9447/9698/961/81622/10612/3656/7124/6810/3662/54726/84885/3603/107181291/5025/330/6223/84233/90933/6348/81570/5747/23328/56919/9750/51738/8807/8887/90678/5734/1235/8638/5599/3329/1901/7128/3627/64170/80342/10333/1540/80216/10059/4363/8878/51561/79969/3134/112744/7857/331/5228/7423/3071/6809/115004/3428/389856/207/7531/57169/3916/63906/11315/4814/79132/5156/80772/4034/353376,MyLa,Up
GO:0071621,granulocyte chemotaxis,77,0.48675035556772717,1.6743408402127367,0.0014201014092112786,0.03915422456825383,0.03350432594342184,2835,"tags=34%, list=19%, signal=27%",1803/1435/5142/5293/5479/6504/3958/23396/57118/79647/7130/2921/1907/5880/6729/6348/5747/9750/682/6367/3627/10059/301/51561/7857/3071,MyLa,Up
GO:0043280,positive regulation of cysteine-type endopeptidase activity involved in apoptotic process,90,0.4789900743839085,1.6924873657904886,0.0014423783739202641,0.03956656209474674,0.03385716375437735,3085,"tags=40%, list=21%, signal=32%",5366/581/22861/51065/5468/7805/4088/317/355/112399/841/10892/1611/6091/27113/489/10399/23411/10550/27429/7124/10395/8743/843/5978/3336/3329/55081/64170/7415/23787/79594/80759/637/2149/572,MyLa,Up
GO:0042130,negative regulation of T cell proliferation,52,0.5353512333819928,1.722710241361538,0.001510588959563352,0.04107269768395536,0.035145966131445695,2466,"tags=35%, list=17%, signal=29%",57045/942/941/29126/6522/3559/6693/64844/1493/8379/8764/868/80380/6385/5074/80762/9231/652,MyLa,Up
GO:0002460,adaptive immune response based on somatic recombination of immune receptors built from immunoglobulin superfamily domains,238,0.38097260148850676,1.4811485663524928,0.0015124846112337374,0.04107269768395536,0.035145966131445695,2751,"tags=29%, list=19%, signal=24%",7297/9021/1604/941/10538/3718/604/1512/29126/54440/7292/959/4092/64332/3578/619207/5321/6504/2208/9173/6693/7158/60468/3554/3575/8809/3569/725/10892/4791/121260/3566/7784/7040/925/80329/5817/10148/975/6775/6778/6774/3265/5585/2205/9156/3726/51279/81622/7124/3662/149233/80149/80762/8284/1235/2529/4683/567/3329/7128/64170/64218/301/51561/3134/3426/5590,MyLa,Up
GO:0009612,response to mechanical stimulus,145,0.41744168295441675,1.5553325117198702,0.0015476696388338825,0.041818033641291504,0.03578375117577498,2457,"tags=28%, list=17%, signal=24%",1756/1647/11280/6548/51284/25861/355/22927/9020/64220/5743/841/63982/7273/8795/117531/3596/5723/5310/7508/26047/9379/3684/2247/8792/1277/5311/7124/51761/7832/63895/6262/25963/1605/4214/5747/50848/5734/6772/5599/3627,MyLa,Up
GO:0002726,positive regulation of T cell cytokine production,21,0.6705337415775102,1.8223423582795442,0.0015608840114105403,0.041965259689863484,0.03590973271603301,1371,"tags=43%, list=9%, signal=39%",1604/54440/7292/6504/3554/8809/3569/10892/975,MyLa,Up
GO:0002823,negative regulation of adaptive immune response based on somatic recombination of immune receptors built from immunoglobulin superfamily domains,36,0.5926439887843069,1.8055287126346637,0.0015761348046600839,0.04216550734843116,0.03608108492377149,937,"tags=31%, list=6%, signal=29%",941/3718/604/7292/4092/6504/9173/6693/3575/725/3566,MyLa,Up
GO:0006282,regulation of DNA repair,204,-0.3026195588412642,-1.4614250747775865,0.001586103784149451,0.04222317659873711,0.036130432583710334,2635,"tags=29%, list=18%, signal=24%",1660/10635/29072/7014/84142/196528/5591/1111/6944/605/55193/84250/3146/55086/113510/117143/545/79913/24144/6605/64769/10155/672/55257/54556/125476/1663/51547/29117/5111/57223/5429/8193/6878/8914/25913/86/79184/9275/6597/23028/23201/142/7913/3297/8110/27097/7155/8313/6118/8089/6599/57332/25/149840/6419/54799/8289/6595,MyLa,Down
GO:0009062,fatty acid catabolic process,87,0.4769513061771319,1.671459232142934,0.001612611953324762,0.04271840684199516,0.036554201810916814,2006,"tags=32%, list=14%, signal=28%",9663/32/254552/10449/5106/215/35/3667/51390/84830/549/84879/5826/205251/11057/2108/390916/83667/37/1384/5264/11332/3712/1268/1376/5465/171586/84696,MyLa,Up
GO:0042572,retinol metabolic process,25,0.6389917651897645,1.8101702240932016,0.0016567849774131586,0.043674468380198575,0.03737230503607705,2103,"tags=32%, list=14%, signal=28%",51635/157506/1544/1545/10901/54884/84649/51109,MyLa,Up
GO:0050870,positive regulation of T cell activation,209,0.39253733434943333,1.510839632189296,0.0016742330439387392,0.04392017169633469,0.037582553714986616,2170,"tags=28%, list=15%, signal=24%",7297/942/1604/941/3600/604/1803/648/6777/29126/54440/7535/7292/29851/3559/64926/959/3111/64332/6504/7480/10125/9840/6693/3575/57178/3569/1326/10892/8651/3552/80381/3566/3956/5781/9308/7784/3120/101/11148/84433/3115/10148/8764/5914/399/975/64410/6541/961/11151/149233/80380/7494/3707/8440/3112/6604,MyLa,Up
GO:0003013,circulatory system process,362,0.35305313397911114,1.4118006843944908,0.00176524997047696,0.04608411034037436,0.03943423910656133,3042,"tags=29%, list=21%, signal=24%",1756/64167/274/11117/1312/157378/10979/11280/6515/11156/57835/5468/6548/801/6916/5142/4092/4088/287/9839/2548/23446/482/1373/84879/5743/781/2876/10060/5997/51130/6558/7273/2627/10268/79924/388591/1193/489/9446/776/3751/1907/948/7040/10999/5606/11214/2771/120/6573/3398/5547/1278/10413/1268/6541/84034/613/4193/7124/3768/3269/257313/6262/3953/4012/5025/5465/80149/28232/4035/5023/51738/8140/480/135/102724560/10021/6093/367/4882/57731/6772/57413/3627/59/83988/9498/55328/10059/4363/6517/6909/5910/18/7423/27134/491/6324/57085/7082/5144/2149/7531/488,MyLa,Up
GO:0071474,cellular hyperosmotic response,14,-0.6779736429631839,-1.8562452548691863,0.0018169804180743069,0.046980680283605525,0.04020143528884629,2454,"tags=50%, list=17%, signal=42%",10367/7520/9943/231/65125/92241/79085,MyLa,Down
GO:0051223,regulation of protein transport,344,0.35843904203277255,1.428062586147096,0.0018104287619935802,0.046980680283605525,0.04020143528884629,2790,"tags=28%, list=19%, signal=23%",80223/7295/10857/84876/6860/5106/26056/3708/2810/79899/5295/11261/5468/2746/9695/55691/3667/5581/5901/4088/2308/5481/5494/84830/5743/3569/6558/7273/26154/55638/10961/9854/3552/56850/5781/43/3596/10399/948/9818/5784/7040/3301/101/84522/3091/51092/4756/64215/4947/975/26229/999/10815/3783/2864/283/1268/4193/7124/6810/23256/399687/51548/5715/80149/55432/5071/7341/51738/135/79628/80762/79651/9463/5978/9478/51465/1263/2010/23657/11142/9501/57555/652/8111/10972/10059/169026/5910/29934/51009/5590/18/9531,MyLa,Up
GO:0031295,T cell costimulation,41,0.5683343926084476,1.7574207389011882,0.0018503189701994465,0.04738938839266136,0.04055116740211176,1371,"tags=37%, list=9%, signal=33%",942/941/1803/29126/7292/29851/959/6693/1326/3956/5781/11148/84433/8764/975,MyLa,Up
GO:0009100,glycoprotein metabolic process,285,0.36466457555687015,1.4432708248522943,0.0018503258606313003,0.04738938839266136,0.04055116740211176,3016,"tags=30%, list=20%, signal=25%",8702/3600/2135/3074/3718/10090/79586/11227/1798/11261/9695/126792/55343/26270/2530/9945/7903/2817/27090/2683/10318/9526/63917/11282/2651/113189/79644/26290/55858/9375/55624/64840/9761/29929/85365/3091/84750/56052/26229/6489/79053/7841/11285/93611/4249/29880/199857/6184/729920/4245/201595/2218/5238/9245/4247/4125/2650/2595/9528/55790/175/9452/5074/54344/2673/51465/2529/644974/26035/29071/11041/50515/23553/64131/4122/22845/3425/9394/113277/5861/9321/7423/338596/29925/8869/56983,MyLa,Up
GO:0042402,cellular biogenic amine catabolic process,10,0.7772254147146153,1.7500955375980647,0.0018762266962758284,0.04760154491396515,0.040732710040720106,565,"tags=30%, list=4%, signal=29%",1312/4128/23446,MyLa,Up
GO:0009566,fertilization,97,0.45894037891483785,1.6287483496325275,0.001869526327314339,0.04760154491396515,0.040732710040720106,1233,"tags=22%, list=8%, signal=20%",2054/581/3074/10007/8372/57599/4033/2683/3206/4486/56979/10184/10765/598/109/928/11057/64753/7784/84750/3207,MyLa,Up
GO:0062009,secondary palate development,18,-0.6345557779282262,-1.842539422005907,0.001925287843571474,0.04786711508601173,0.040959958816636714,2632,"tags=50%, list=18%, signal=41%",1739/7049/8321/7043/3696/55636/2535/10194/51176,MyLa,Down
GO:0070316,regulation of G0 to G1 transition,32,-0.532305054248817,-1.8116803269984112,0.001995042016072829,0.04786711508601173,0.040959958816636714,2379,"tags=47%, list=16%, signal=39%",196528/1111/605/55193/6605/29117/8193/86/153090/9275/6597/8110/6599/8289/6595,MyLa,Down
GO:0044273,sulfur compound catabolic process,38,0.5839962454570204,1.787331039280111,0.0019349225478077115,0.04786711508601173,0.040959958816636714,3378,"tags=50%, list=23%, signal=39%",254552/3074/215/7263/2817/8801/390916/642/11332/4357/102724560/23553/2678/3425/494143/3073/4669/875/8803,MyLa,Up
GO:0001963,"synaptic transmission, dopaminergic",15,0.7182212369639592,1.7864660526938108,0.002019559999927956,0.04786711508601173,0.040959958816636714,2169,"tags=53%, list=15%, signal=46%",1312/5743/85445/25953/1861/10211/5071/135,MyLa,Up
GO:0090199,regulation of release of cytochrome c from mitochondria,41,0.5662808382040713,1.7510706760761159,0.0019779252173072717,0.04786711508601173,0.040959958816636714,3085,"tags=46%, list=21%, signal=37%",7157/5366/581/51499/10105/599/4000/2876/598/27113/27166/56947/5071/8743/10059/2395/637/207/572,MyLa,Up
GO:2000516,"positive regulation of CD4-positive, alpha-beta T cell activation",39,0.5591907350682606,1.7117938978966911,0.0019660190483540355,0.04786711508601173,0.040959958816636714,1487,"tags=36%, list=10%, signal=32%",942/1604/941/54440/7292/64332/10892/8651/3566/9308/84433/5914/975/64410,MyLa,Up
GO:0032609,type II interferon production,92,0.46365739649873716,1.637881746763054,0.002016110541926186,0.04786711508601173,0.040959958816636714,2194,"tags=30%, list=15%, signal=26%",7297/29126/54440/7292/5142/7805/51284/6504/914/9173/10125/3554/8809/80381/7784/3624/3115/10148/5914/3265/961/7124/3595/149233/80380/80149/8140/10225,MyLa,Up
GO:0032649,regulation of type II interferon production,92,0.46365739649873716,1.637881746763054,0.002016110541926186,0.04786711508601173,0.040959958816636714,2194,"tags=30%, list=15%, signal=26%",7297/29126/54440/7292/5142/7805/51284/6504/914/9173/10125/3554/8809/80381/7784/3624/3115/10148/5914/3265/961/7124/3595/149233/80380/80149/8140/10225,MyLa,Up
GO:0010950,positive regulation of endopeptidase activity,119,0.43633847221546884,1.5849263876012116,0.001965071320781083,0.04786711508601173,0.040959958816636714,3085,"tags=39%, list=21%, signal=31%",5366/581/64065/22861/51065/5468/7805/4088/317/355/112399/5720/841/10892/1611/6091/27113/489/10399/23411/26999/27166/10550/83464/27429/6774/4155/9447/7124/10395/8743/843/5978/3336/3329/55081/64170/7415/23787/1944/79594/80759/3428/637/2149/572,MyLa,Up
GO:0001894,tissue homeostasis,177,0.3991850448491519,1.5130877369301925,0.001913527871441594,0.04786711508601173,0.040959958816636714,1635,"tags=21%, list=11%, signal=19%",1756/3587/581/5578/54440/1435/6522/166379/64332/25861/9290/9839/482/2651/84879/5743/1281/3569/9545/6558/29887/57482/5781/3908/101/5880/56834/286676/8792/5925/64081/51542/4155/54849/10413/4297/11171,MyLa,Up
GO:0060249,anatomical structure homeostasis,177,0.3991850448491519,1.5130877369301925,0.001913527871441594,0.04786711508601173,0.040959958816636714,1635,"tags=21%, list=11%, signal=19%",1756/3587/581/5578/54440/1435/6522/166379/64332/25861/9290/9839/482/2651/84879/5743/1281/3569/9545/6558/29887/57482/5781/3908/101/5880/56834/286676/8792/5925/64081/51542/4155/54849/10413/4297/11171,MyLa,Up
GO:0051047,positive regulation of secretion,213,0.37941896608304454,1.4649269387123045,0.0019820998360432053,0.04786711508601173,0.040959958816636714,3395,"tags=35%, list=23%, signal=27%",84876/6860/5106/3708/22871/5468/2746/8372/192683/55691/5581/5321/5481/242/9536/9545/6558/7273/55638/9854/3552/3566/5781/43/3596/7784/7040/3624/101/3091/3684/286676/8792/3783/93664/2864/283/1535/9846/56848/6810/2550/399687/51548/5025/7494/5715/6385/51738/135/9367/27183/9501/57555/8111/9498/10972/10059/169026/3134/5868/23332/18/112755/945/3916/572/322/114897/7376/23400/6696/8941/5208,MyLa,Up
GO:0044057,regulation of system process,316,0.36525363795580956,1.4473856034936845,0.00198680156567616,0.04786711508601173,0.040959958816636714,2485,"tags=25%, list=17%, signal=21%",1756/29909/274/1890/157378/32/5575/5578/57190/8013/5733/22871/5468/6548/801/2017/6916/5142/3164/4092/4088/2308/287/2548/4000/9921/482/706/5152/5743/781/10060/2744/5997/89/51130/10765/79924/4636/388591/1193/489/9446/5781/776/3751/1907/56288/3624/10810/2859/2906/120/4193/7124/3768/3269/6262/1605/94103/8898/3687/5025/5465/80149/2905/6348/23316/5023/9699/51738/10021/6093/57731/85446/51763/57413/57555/23613,MyLa,Up
GO:0010562,positive regulation of phosphorus metabolic process,485,0.33685053743035775,1.362140996234754,0.0019739734771177246,0.04786711508601173,0.040959958816636714,2155,"tags=21%, list=15%, signal=18%",942/5607/7157/5008/7295/941/960/5871/4739/5899/3600/1741/10979/79899/11261/9693/801/1435/10006/3976/28996/1386/57103/55011/2081/355/8099/55437/90/84830/10125/5618/6693/84722/10507/5753/5743/5604/4486/5058/23531/116986/6609/64223/3569/10892/57600/10961/121665/6091/30844/1826/8795/9094/1026/5781/23043/4915/23118/3596/10399/23411/948/7040/3624/5606/5217/2247/23141/8764/8792/8826/8784/55233/57161/10211/3265/5168/283/56005/195827/2264/3937/7124/25778/149233/3953/51347/3567/5465/84280/126308/10395/7804/28232/7786/5747/85440/23328/8440/6259,MyLa,Up
GO:0045937,positive regulation of phosphate metabolic process,485,0.33685053743035775,1.362140996234754,0.0019739734771177246,0.04786711508601173,0.040959958816636714,2155,"tags=21%, list=15%, signal=18%",942/5607/7157/5008/7295/941/960/5871/4739/5899/3600/1741/10979/79899/11261/9693/801/1435/10006/3976/28996/1386/57103/55011/2081/355/8099/55437/90/84830/10125/5618/6693/84722/10507/5753/5743/5604/4486/5058/23531/116986/6609/64223/3569/10892/57600/10961/121665/6091/30844/1826/8795/9094/1026/5781/23043/4915/23118/3596/10399/23411/948/7040/3624/5606/5217/2247/23141/8764/8792/8826/8784/55233/57161/10211/3265/5168/283/56005/195827/2264/3937/7124/25778/149233/3953/51347/3567/5465/84280/126308/10395/7804/28232/7786/5747/85440/23328/8440/6259,MyLa,Up
GO:0005975,carbohydrate metabolic process,411,0.3467440841280147,1.392942777382923,0.0020301211764359615,0.04790731370069841,0.04099435682869768,2176,"tags=23%, list=15%, signal=20%",7157/3098/1312/8702/5366/32/3074/5106/10007/10776/669/6515/2026/8372/9695/54414/55276/64847/3667/468/5581/2542/2530/57103/89801/11182/7903/2308/5321/2632/219/27090/2683/2548/9526/2710/2585/23178/6652/64223/92579/89/6888/9761/9446/55277/4351/23411/150094/7040/3091/84750/83667/80162/55556/4123/2997/4668/26229/6489/7841/7165/11285/6774/2582/195827/100131187/5165/7124/5238/9245/3418/84649/51341/3953/200186/5236/51548/4247/10314/5209/4125/5465/2595/5223/55790/5071/3099/54187/10295/51738/54344/6120,MyLa,Up
GO:0050851,antigen receptor-mediated signaling pathway,173,0.4714570707775651,1.8787800512459232,3.958102548698059e-7,0.0010884186755299643,0.0010163775625249617,1960,"tags=35%, list=13%, signal=31%",2534/916/7535/53347/28639/1445/3932/3071/1997/84174/9840/27086/1540/640/2633/10616/915/4208/7070/5074/54900/917/9214/100/163486/7006/26228/23607/10603/3635/5144/919/5142/50852/3937/5771/5583/974/4068/28755/973/5579/9404/3702/5621/2885/634/26191/2625/84433/23308/57181/123920/5788/89857/8892/59338/3514/28638/27040/150372,HuT 78,Up
GO:0090130,tissue migration,236,0.4368734995285878,1.7980836425598488,4.0281964305328063e-7,0.0010884186755299643,0.0010163775625249617,2974,"tags=35%, list=20%, signal=28%",2113/11156/23189/9922/72/3964/3728/3397/10519/1512/5829/27086/23499/59/55612/10982/51466/4208/5294/6776/6722/6239/23129/55333/4163/6286/11151/5747/5578/25960/23603/7048/7857/116150/14/9404/7046/57669/1969/54566/634/22846/57608/2625/8660/161742/11235/3146/4763/2185/153090/54443/5216/3675/9734/2876/5613/4846/1839/10755/889/25865/5335/64218/7114/54345/2624/29941/8766/9270/29775/25/116844/1201/6615/2896/2050/28984/7124/3673/54567/7422,HuT 78,Up
GO:0010631,epithelial cell migration,232,0.42948559183648927,1.7627836456972703,1.91311629552066e-6,0.0023552805593389957,0.0021993873936404116,2974,"tags=34%, list=20%, signal=28%",2113/11156/23189/9922/3964/3728/3397/10519/1512/5829/27086/23499/55612/10982/51466/4208/5294/6776/6722/6239/23129/55333/4163/6286/11151/5747/5578/25960/23603/7048/7857/116150/14/9404/7046/57669/1969/54566/634/22846/57608/2625/8660/161742/11235/3146/4763/2185/153090/54443/5216/3675/9734/2876/5613/4846/1839/10755/889/25865/5335/64218/7114/54345/2624/29941/8766/9270/29775/25/116844/1201/6615/2896/2050/28984/7124/3673/54567/7422,HuT 78,Up
GO:0090132,epithelium migration,232,0.42948559183648927,1.7627836456972703,1.91311629552066e-6,0.0023552805593389957,0.0021993873936404116,2974,"tags=34%, list=20%, signal=28%",2113/11156/23189/9922/3964/3728/3397/10519/1512/5829/27086/23499/55612/10982/51466/4208/5294/6776/6722/6239/23129/55333/4163/6286/11151/5747/5578/25960/23603/7048/7857/116150/14/9404/7046/57669/1969/54566/634/22846/57608/2625/8660/161742/11235/3146/4763/2185/153090/54443/5216/3675/9734/2876/5613/4846/1839/10755/889/25865/5335/64218/7114/54345/2624/29941/8766/9270/29775/25/116844/1201/6615/2896/2050/28984/7124/3673/54567/7422,HuT 78,Up
GO:0002429,immune response-activating cell surface receptor signaling pathway,255,0.4160367751785409,1.7219338098246955,2.7909973047173247e-6,0.0023552805593389957,0.0021993873936404116,2744,"tags=37%, list=19%, signal=31%",7409/84937/2534/5359/916/7535/53347/28639/1445/3932/3071/1997/84174/9840/27086/1540/640/2633/10616/915/4208/7070/5074/54900/917/9214/100/163486/259197/7006/7917/26228/5747/23607/10603/3635/5144/919/5142/50852/3937/5771/5583/974/4068/28755/973/5579/9404/3702/5621/2150/2885/4615/634/26191/2625/27202/84433/23308/9111/57181/123920/5788/118788/89857/153090/7100/8892/22841/59338/3514/64581/28638/27040/728/150372/5063/78989/25865/1535/4938/5335/2533/5062/6654/8767/22914/23643/3656/25/11120/2268/6967,HuT 78,Up
GO:0002757,immune response-activating signaling pathway,387,0.3808696451292639,1.6300430681206983,3.0508815535479217e-6,0.0023552805593389957,0.0021993873936404116,2744,"tags=33%, list=19%, signal=27%",7409/22900/84937/2534/5359/85364/916/7535/197358/53347/28639/1445/3932/3071/1997/84174/9840/4940/27086/1540/1520/640/2633/5610/10616/23151/915/4208/7070/57506/5074/708/54900/6397/917/29997/9214/4034/115362/100/163486/834/259197/7006/7917/26228/5747/140609/23607/10603/6197/3635/5144/919/5142/50852/3937/5771/5583/974/4068/28755/973/5579/9404/3702/5621/2150/2885/80216/4615/634/26191/2625/27202/5245/84433/55765/23308/9111/54941/57181/7706/123920/9261/5788/3146/118788/89857/153090/7100/8892/22841/59338/3514/58509/64581/28638/27040/55601/728/150372/84282/5063/78989/25865/1535/4938/29108/7531/5335/2533/3659/5062/6654/8767/22914/23643/3329/7867/345611/3656/25/11120/2268/6967,HuT 78,Up
GO:0002764,immune response-regulating signaling pathway,403,0.3771350667527489,1.6174900365358804,2.771186205931911e-6,0.0023552805593389957,0.0021993873936404116,2744,"tags=32%, list=19%, signal=27%",7409/22900/84937/2534/5359/85364/916/7535/197358/53347/28639/1445/3932/3071/1997/84174/1512/9840/4940/27086/1540/1520/640/2633/5610/10616/23151/915/4208/7070/57506/5074/708/54900/6397/917/29997/9214/4034/115362/100/163486/834/259197/7006/7917/26228/5747/140609/23607/10603/6197/3635/5144/5588/919/5142/50852/3937/5771/5583/974/4068/28755/973/5579/9404/3702/5621/2150/3802/2885/80216/4615/634/26191/2625/27202/5245/84433/55765/23308/9111/54941/57181/7706/123920/9261/5788/3146/118788/89857/153090/7100/8892/22841/59338/3514/58509/64581/28638/27040/55601/728/150372/84282/5063/78989/25865/1535/4938/29108/7531/5335/2533/3659/5062/6654/8767/22914/23643/3329/7867/345611/3656/25/11120/2268/6967,HuT 78,Up
GO:0002768,immune response-regulating cell surface receptor signaling pathway,269,0.4058899748425901,1.691185546306809,4.760254008670112e-6,0.003215551582856661,0.0030027181207321735,2744,"tags=36%, list=19%, signal=30%",7409/84937/2534/5359/916/7535/53347/28639/1445/3932/3071/1997/84174/9840/27086/1540/640/2633/10616/915/4208/7070/5074/54900/917/9214/100/163486/259197/7006/7917/26228/5747/23607/10603/3635/5144/5588/919/5142/50852/3937/5771/5583/974/4068/28755/973/5579/9404/3702/5621/2150/3802/2885/4615/634/26191/2625/27202/84433/23308/9111/57181/123920/5788/118788/89857/153090/7100/8892/22841/59338/3514/64581/28638/27040/728/150372/5063/78989/25865/1535/4938/5335/2533/5062/6654/8767/22914/23643/3656/25/11120/2268/6967,HuT 78,Up
GO:0002253,activation of immune response,424,0.37009033832867017,1.5923028190784427,5.6990548669480354e-6,0.0034219658334430207,0.003195470062239635,2744,"tags=31%, list=19%, signal=26%",7409/22900/84937/2534/5359/85364/916/7535/197358/53347/28639/7520/1445/3932/3071/1997/84174/9840/4940/27086/1540/1520/640/2633/5610/10616/23151/915/4208/7070/57506/5074/708/54900/6397/917/29997/9214/4034/115362/100/163486/834/259197/7006/55061/7917/26228/5747/140609/23607/10603/6197/3635/5144/919/5142/50852/3937/5771/5583/974/4068/28755/973/5579/374383/9404/3702/5621/2150/2885/80216/4841/4615/634/26191/2625/27202/5245/84433/85363/55765/23308/9111/54941/57181/7706/123920/9261/5788/3146/118788/89857/153090/7100/8892/22841/59338/3514/58509/64581/28638/27040/55601/728/150372/84282/5063/78989/3320/25865/1535/4938/3428/29108/7531/5335/2533/3659/5062/6654/8767/22914/23643/3329/7867/345611/3656/25/11120/2268/6967,HuT 78,Up
GO:0001667,ameboidal-type cell migration,316,0.39010427355533583,1.643388044506625,9.236320893706038e-6,0.004991307810958742,0.004660939196255447,2878,"tags=31%, list=19%, signal=26%",9368/2113/11156/23189/9922/8482/3964/3728/3397/10519/1512/5829/27086/23499/59/3695/55612/10982/51466/4208/5294/397/6776/6722/708/6239/23129/55333/4163/3676/6286/11151/5747/5578/25960/23603/7048/7857/116150/4041/91/57124/55920/14/201161/9404/7046/57669/6405/1969/54566/634/22846/57608/2625/84159/8660/64750/161742/11235/5371/3146/4763/2185/153090/54443/5216/3675/9734/2876/5613/7481/4846/1839/10755/889/25865/5335/58495/3357/64218/8874/7114/54345/2624/29941/8766/9270/29775/25/116844/1201/6615/2896/2050/28984/55698/7124/3673,HuT 78,Up
GO:0050854,regulation of antigen receptor-mediated signaling pathway,59,0.5795093385001584,1.995786976382733,1.0174157676873222e-5,0.004998286189620263,0.00466745568449093,1580,"tags=44%, list=11%, signal=40%",53347/3932/1997/84174/9840/27086/1540/2633/7070/5074/9214/100/26228/50852/5771/5583/4068/5579/9404/5621/634/26191/84433/57181/123920/5788,HuT 78,Up
GO:0031589,cell-substrate adhesion,260,0.3947247726167933,1.6407954339693767,2.298156325652099e-5,0.010349363986519951,0.009664352127347512,1965,"tags=25%, list=13%, signal=22%",7205/7791/4739/9806/10225/23189/916/3897/3728/4088/10519/87/5829/23499/5786/2633/10018/3695/55612/7070/6722/708/6239/960/6480/3676/11151/5318/5747/2041/23603/3204/7402/285613/3683/57091/55920/9404/9341/5590/57669/71/57662/6251/3655/10516/9480/3696/3682/84962/83700/81848/5328/9344/1020/4763/54749/7074/2185/51144/7414/3675/10109/5613/613/5054,HuT 78,Up
GO:0050853,B cell receptor signaling pathway,56,0.5677900468485324,1.9306159968167993,2.8978162977898114e-5,0.012045999440966262,0.011248689337331464,1960,"tags=43%, list=13%, signal=37%",3932/3071/27086/640/4208/9214/7006/26228/10603/5583/974/973/5579/9404/3702/2885/26191/57181/123920/5788/89857/59338/3514/150372,HuT 78,Up
GO:0002396,MHC protein complex assembly,18,-0.7471578377046872,-2.1750245346636743,3.8743530776689905e-5,0.013958002687815482,0.013034139406557994,1858,"tags=78%, list=13%, signal=68%",3108/3112/3115/3117/3127/3119/3109/3123/3113/55080/3105/6892/3111/567,HuT 78,Down
GO:0002501,peptide antigen assembly with MHC protein complex,18,-0.7471578377046872,-2.1750245346636743,3.8743530776689905e-5,0.013958002687815482,0.013034139406557994,1858,"tags=78%, list=13%, signal=68%",3108/3112/3115/3117/3127/3119/3109/3123/3113/55080/3105/6892/3111/567,HuT 78,Down
GO:0045061,thymic T cell selection,20,0.7284731392272055,2.004289735953778,6.48600871740935e-5,0.02190649444305008,0.02045653012582923,1689,"tags=65%, list=11%, signal=58%",6693/916/4775/7535/915/6722/917/5771/2625/84433/9474/5788/3707,HuT 78,Up
GO:0032816,positive regulation of natural killer cell activation,17,-0.7389250185949882,-2.094594180436322,7.782558268568821e-5,0.023830883732328893,0.02225354642034842,947,"tags=47%, list=6%, signal=44%",149233/3592/22890/3600/7297/3601/148022/10125,HuT 78,Down
GO:0045059,positive thymic T cell selection,13,0.8007871412282442,1.9628397878125265,7.937748097370838e-5,0.023830883732328893,0.02225354642034842,1689,"tags=69%, list=11%, signal=61%",916/4775/7535/915/6722/917/5771/5788/3707,HuT 78,Up
GO:0032823,regulation of natural killer cell differentiation,10,-0.8317773419175647,-2.0613785490166423,1.00228030212386e-4,0.025792013107987326,0.024084871019457568,765,"tags=50%, list=5%, signal=47%",22890/3600/639/3601/10125,HuT 78,Down
GO:0050855,regulation of B cell receptor signaling pathway,17,0.7586878931755949,2.0098885220916847,9.515746627468525e-5,0.025792013107987326,0.024084871019457568,1960,"tags=59%, list=13%, signal=51%",27086/9214/26228/5583/5579/9404/26191/57181/123920/150372,HuT 78,Up
GO:0002250,adaptive immune response,374,0.35117964825976644,1.4967884006177996,9.582876882724208e-5,0.025792013107987326,0.024084871019457568,2699,"tags=31%, list=18%, signal=26%",54440/2534/51176/6693/5551/9466/1880/916/7535/28639/60468/1445/3071/84174/1512/56941/3004/923/28574/1520/924/915/4208/5294/708/54900/917/28680/9214/100/163486/6375/3251/55824/114836/51571/384/7006/55061/27240/5027/7784/118460/149840/8320/3635/5588/919/50852/5873/6774/974/5909/4068/64167/28755/3543/973/8832/5579/374383/3702/5590/6504/6978/3575/4615/634/27074/3903/28663/2625/84766/5245/57089/23308/83700/54941/51744/5788/3146/9025/89857/5817/28634/2185/10459/3514/64581/2015/28638/27040/54795/28665/51561/4292/927/25865/2048/29108/246778/3077/84876/3659/7037/64170/64218/3566/83953/8767/22914/1439/3329/602/79465/28664,HuT 78,Up
GO:0043542,endothelial cell migration,163,0.4170965939120682,1.6525924721593925,1.4252595653487792e-4,0.033487403004977406,0.031270912385730196,2974,"tags=34%, list=20%, signal=28%",2113/11156/3964/3728/3397/10519/5829/27086/4208/5294/6776/6722/23129/55333/6286/5747/5578/25960/7857/116150/14/9404/7046/1969/634/22846/57608/2625/161742/11235/3146/4763/2185/153090/9734/2876/5613/4846/10755/889/25865/5335/64218/7114/54345/2624/9270/29775/25/1201/2896/2050/28984/7124/54567/7422,HuT 78,Up
GO:0051607,defense response to virus,252,0.3813793844544998,1.5780827471778467,1.3750983904702415e-4,0.033487403004977406,0.031270912385730196,2412,"tags=27%, list=16%, signal=23%",8519/60489/9641/10581/22900/8673/5359/85364/54541/6693/5551/197259/200316/3660/4940/256987/2633/5610/57506/708/57337/115362/834/84101/151636/91607/83666/11274/201292/79798/140564/4343/2150/91351/598/4615/2635/10155/7728/664/5245/85363/9474/7706/22978/5788/5371/4690/8165/25939/6041/10621/10077/55601/84282/51561/10868/4939/10875/3320/9188/4938/3428/29078/29108/246778/3659/64170,HuT 78,Up
GO:0061098,positive regulation of protein tyrosine kinase activity,16,0.7578936100363103,1.9704054445206614,1.5565526557015903e-4,0.03504837729754747,0.03272856768172554,1035,"tags=38%, list=7%, signal=35%",4739/1741/1742/285489/57091/5621,HuT 78,Up
GO:0040017,positive regulation of locomotion,419,0.34338842344376064,1.4758542613530081,1.9435924020435352e-4,0.041417599071238084,0.038676218385506916,2755,"tags=28%, list=19%, signal=23%",7205/2113/4739/9806/51176/8895/6693/6809/351/9922/8482/3603/3071/23224/4088/10519/1512/3965/27086/146206/59/55612/10982/7070/56670/5294/6776/5420/708/6239/6375/3676/11151/5747/7784/2041/5578/25960/23587/6282/7048/7857/116150/6774/79872/91/57091/8877/14/8650/7046/10795/57669/2150/6405/6504/71/389/3655/1969/54566/57608/9480/2625/8660/83700/6352/5724/5328/64750/11235/5788/3146/7074/4249/2185/153090/5216/3675/9734/64581/472/2195/728/5054/6364/4846/1839/2149/65992/51561/58191/57007/25865/286527/6846/2048/9439/6198/29108/57343/5335/54859/64218/8874/7114/64115/2624/1230/8766/9270/55737/25/6615/2896/2268/2651,HuT 78,Up
GO:0042110,T cell activation,451,0.33853979040186133,1.4621660452916592,1.9927046185273692e-4,0.041417599071238084,0.038676218385506916,2684,"tags=29%, list=18%, signal=25%",7409/54440/2534/51176/7001/2280/6693/1880/916/4775/7535/197358/4478/28639/1445/3932/3071/4088/84174/3965/6659/9840/923/27086/896/4818/865/1540/22806/924/921/915/3485/7070/5294/6722/5074/54900/917/100/84101/6375/960/55824/114836/7704/51571/384/11151/27240/64926/5027/7784/8320/57546/79798/5588/7048/919/5873/6774/5771/3683/637/196528/28755/8832/399/6599/3280/3702/5590/5621/2150/9047/6504/3575/634/79576/23240/6932/26191/84524/6604/79865/2625/84433/57089/23308/9474/8379/6352/64919/5788/8451/4690/3146/3707/4860/3561/29851/64581/10077/28638/27040/2309/5573/51561/2648/10875/944/90273/29108/3714/387597/246778/3077/161882/3659/7037/146850/64218/3566/64115/6654/8767/22914/8943/3329/602/4238/25,HuT 78,Up
GO:0019884,antigen processing and presentation of exogenous antigen,36,-0.5687059929258869,-1.9656969818965224,2.2824164419951864e-4,0.04518936073542207,0.04219833171639203,1858,"tags=56%, list=13%, signal=49%",3140/3108/7189/3112/3115/8546/1515/3117/972/3127/3119/3109/3123/3113/3134/3105/5720/3551/3111/567,HuT 78,Down
GO:0002478,antigen processing and presentation of exogenous peptide antigen,32,-0.5744299146263447,-1.9410914871989928,2.3414176546850813e-4,0.04518936073542207,0.04219833171639203,1858,"tags=53%, list=13%, signal=47%",3108/7189/3112/3115/1515/3117/972/3127/3119/3109/3123/3113/3134/3105/3551/3111/567,HuT 78,Down
GO:0045785,positive regulation of cell adhesion,369,0.3516236336733631,1.4976935221805459,2.588974867319425e-4,0.04824420752756611,0.04505098190173984,2878,"tags=30%, list=19%, signal=25%",2113/7409/54440/4739/9806/2534/51176/6693/6809/916/7535/1445/3728/3932/3071/4088/10519/3965/6659/9840/923/865/1540/55612/2650/921/9435/3485/7070/5420/708/6239/100/6375/960/7704/3676/51571/11151/64926/7784/2041/5578/5588/7048/7402/285613/57091/196528/399/6599/3280/5590/57669/3976/6504/6251/3655/3575/54566/79576/6484/50848/6604/2625/84433/23308/6352/5724/5329/5788/4690/3146/2185/51144/3707/4860/3561/3675/29851/10109/472/9223/7168/2309/51561/84034/25865/3689/9265/29108/7037/146850/8874/3566/64115/8767/22914/8943/9270/3329/25/29117/10725/2651/6605/9093/10808/7124/3673,HuT 78,Up
GO:0042254,ribosome biogenesis,313,-0.43417710920998237,-2.182276270526771,1e-10,2.4109649411517694e-7,1.983699386697003e-7,2993,"tags=39%, list=20%, signal=32%",57647/54680/10171/10360/6201/51121/55651/23160/84864/51010/6130/6194/317781/29063/6059/79707/55759/6217/51406/91893/134430/51550/56342/85865/55035/55794/7514/79039/9221/27292/2971/50628/8450/9136/9669/51106/10557/55695/6839/54552/57602/83732/4809/10813/27340/51068/26155/10514/25983/54700/84128/6207/51001/79066/81887/29081/1662/23378/84365/54433/64745/10248/51116/23195/5036/23016/55226/51491/9775/51077/6169/64282/11137/22894/90121/8886/7520/64434/9790/55027/29777/6210/4927/2091/54555/1983/9188/118460/84916/6154/51042/27043/55720/6135/84946/83939/6208/5822/55052/57109/84881/51154/5901/5394/6209/51119/51388/55178/1964/11340/8451/57418/84549/92856/51081/6230/10200/28987/90459/708/26156,SeAx,Down
GO:0022613,ribonucleoprotein complex biogenesis,457,-0.40323241877276766,-2.0678052648940373,1e-10,2.4109649411517694e-7,1.983699386697003e-7,3001,"tags=37%, list=20%, signal=31%",1653/57647/54680/10171/10360/6201/79760/51121/55651/8233/6627/23160/84864/6733/51010/6130/6194/79084/317781/29063/6059/79707/51631/55759/6217/27336/51406/91893/8562/134430/57035/51550/6631/56342/6895/6633/3320/85865/55035/55794/51639/8665/7514/79039/9221/545/27292/2971/10421/50628/8450/9136/9669/51106/10557/8487/55695/6839/54552/57602/57461/83732/4809/23521/11338/1207/55702/10813/6732/8683/27340/26747/51068/26155/472/10514/25983/54700/84128/5433/10569/7375/6207/51001/51634/23450/54496/79066/81887/29081/1662/23378/84365/54433/64745/10248/51116/23195/5036/54960/23016/10659/55226/51491/9775/51077/6169/64282/11137/22894/90121/8607/8886/7520/64434/9790/55027/29777/79833/6210/1968/4927/2091/23405/54555/1983/3326/9188/118460/84916/6154/84811/51042/25929/27043/11051/55720/10594/6135/84946/83939/6208/5822/10728/55052/8175/57109/84881/51154/5901/5394/6209/51119/51388/6632/55178/1964/11340/8451/57418/84549/92856/51081/6230/10200/25804/28987/90459/708/26156,SeAx,Down
GO:0034470,ncRNA processing,406,-0.367320756717066,-1.8716188614976201,1.3384335350583474e-10,2.4109649411517694e-7,1.983699386697003e-7,3001,"tags=35%, list=20%, signal=29%",1653/57647/54680/10171/54901/6301/10360/6201/55651/131965/23160/51010/6130/6194/348180/317781/29063/79707/55759/6217/54859/221078/51406/91893/127253/23318/55623/134430/84705/1787/56342/6895/25821/55035/10667/54802/54974/81627/79039/54973/54517/9221/54920/27292/50628/55756/9136/80324/51106/10557/93587/55695/84520/6839/81605/113802/57602/123263/83732/4809/7247/60487/6741/10813/27340/55798/3735/25983/84128/79693/91801/9692/79066/115708/8846/81887/29081/1662/23378/84365/54433/10248/5036/55250/23016/55226/9775/51077/64282/11137/22894/55140/90121/8886/158234/9790/29777/55644/29066/57570/3028/134637/2091/23405/54555/9188/118460/84916/6154/27043/55720/6135/57117/6208/5822/51574/51637/57109/84881/51154/24140/207/5394/6209/25940/283989/51119/55178/5073/23587/60528/11340/57418/84549/92856/6230/201164/10200/28987/90459/79828/26156,SeAx,Down
GO:0006399,tRNA metabolic process,193,-0.4619028385853148,-2.168716449859546,3.019338602010955e-10,2.9936085409096385e-7,2.463088253691674e-7,3053,"tags=44%, list=21%, signal=35%",113179/1653/283459/54901/6301/25973/131965/51010/348180/54859/221078/127253/55623/84705/1787/57038/25821/10667/54802/54974/81627/54517/92935/54920/2975/80324/661/10557/55278/93587/84520/79731/81605/123263/10352/60487/4677/6741/3376/92675/55718/9330/55798/3735/79693/91801/9692/84186/115708/8846/10248/55250/23016/2617/2972/55226/55140/158234/5188/55644/57570/3028/134637/23405/7453/57470/23395/51637/84881/24140/207/5394/25940/283989/124454/79587/23587/112487/60528/11340/79828/5434/1615/10056,SeAx,Down
GO:0072001,renal system development,218,0.4797432833702831,2.0035120610766515,3.1236103226671454e-10,2.9936085409096385e-7,2.463088253691674e-7,3455,"tags=45%, list=23%, signal=35%",84445/6659/596/10409/4851/23322/3399/639/7161/171023/90780/650/4811/4208/3217/5076/2263/2066/55366/5125/5727/2260/5175/56913/84662/5455/2296/5420/3248/1499/6495/9510/7466/403/25836/4643/3690/3570/4091/203286/1739/8692/2131/163/139285/7917/51107/9863/9231/3227/2043/6092/4088/55959/93/7020/100133941/2297/2674/4853/5915/56603/25959/10018/7849/9955/170690/90410/5754/8516/4086/3280/8842/1644/5530/284/3975/8879/5311/3207/4038/144165/282679/5154/231/847/1063/221322/2138/2247/1512/182/10252/652/23129/1948/11020/6662,SeAx,Up
GO:0007389,pattern specification process,313,0.4444690899350144,1.9170274792679167,3.3237696605214346e-10,2.9936085409096385e-7,2.463088253691674e-7,3883,"tags=45%, list=26%, signal=34%",7157/7093/9289/50937/22856/23314/10409/4851/23322/2033/4281/84976/65981/650/3955/9371/4208/3217/6496/5076/2263/8626/7026/2066/54903/1952/7832/5125/5727/2260/2622/6091/145258/4041/2296/6015/10655/388591/6656/1399/1499/6495/221833/7703/7289/79365/56917/5089/5308/27023/4212/444/9968/4091/657/2186/3219/203286/2131/4211/9355/23432/3227/6899/6092/56983/57822/54778/6926/4088/93/10370/2297/3087/3216/4488/3212/4853/7080/408050/4681/23493/23424/64388/8320/79176/56603/3226/7849/23272/284086/11022/8553/3218/4086/3280/4040/51098/3975/5311/121643/26160/3207/659/3202/4038/3200/144165/6909/90/367/5046/10818/221322/2138/10468/3169/2247/3224/7048/57534/10252/652/57801/23059/57585/27019/1959/6604/5087/3225/25914/199221/9645/4036/7046/51626/3223/27031/3206/3234,SeAx,Up
GO:0001822,kidney development,214,0.48307949010002693,2.0164143763810576,8.54822761905635e-10,6.599231721911502e-7,5.429731347803612e-7,3455,"tags=45%, list=23%, signal=35%",84445/6659/596/10409/4851/23322/3399/639/7161/171023/90780/650/4811/4208/3217/5076/2263/2066/55366/5125/5727/2260/5175/56913/84662/5455/2296/5420/3248/1499/6495/9510/7466/403/25836/4643/3690/3570/4091/203286/1739/8692/2131/163/139285/7917/51107/9863/9231/3227/2043/6092/4088/55959/93/7020/100133941/2297/2674/4853/5915/56603/25959/10018/7849/9955/170690/90410/5754/8516/4086/3280/8842/1644/5530/284/3975/8879/5311/3207/4038/282679/5154/231/847/1063/221322/2138/2247/1512/182/10252/652/23129/1948/11020/6662,SeAx,Up
GO:0006364,rRNA processing,221,-0.4180300145288115,-1.992844431936249,2.7358519400406363e-9,1.8480679854974497e-6,1.5205577098331114e-6,2993,"tags=38%, list=20%, signal=30%",57647/54680/10171/10360/6201/55651/23160/51010/6130/6194/317781/29063/79707/55759/6217/51406/91893/134430/56342/55035/79039/9221/27292/50628/9136/51106/10557/55695/6839/57602/83732/4809/10813/27340/25983/84128/79066/81887/29081/1662/23378/84365/54433/10248/5036/23016/55226/9775/51077/64282/11137/22894/90121/8886/9790/29777/2091/54555/9188/118460/84916/6154/27043/55720/6135/6208/5822/57109/84881/51154/5394/6209/51119/55178/11340/57418/84549/92856/6230/10200/28987/90459/26156,SeAx,Down
GO:0003002,regionalization,285,0.44108649215933293,1.890787647891936,3.1546872871398465e-9,1.8942144555226367e-6,1.5585262106290892e-6,3883,"tags=45%, list=26%, signal=34%",7157/7093/9289/50937/22856/10409/4851/23322/2033/84976/65981/650/3955/9371/4208/3217/6496/5076/2263/8626/7026/54903/1952/7832/5125/5727/2260/2622/6091/145258/4041/2296/6015/10655/388591/6656/1399/1499/6495/221833/7703/7289/79365/5089/5308/27023/9968/4091/657/2186/3219/203286/2131/9355/23432/3227/6899/6092/56983/6926/4088/93/10370/2297/3087/3216/4488/3212/4853/7080/408050/4681/23493/23424/64388/8320/79176/56603/3226/7849/23272/284086/11022/8553/3218/3280/4040/51098/3975/5311/121643/26160/3207/659/3202/4038/3200/144165/6909/90/367/5046/10818/221322/3169/2247/3224/7048/57534/10252/652/57801/23059/27019/1959/6604/5087/3225/25914/199221/9645/4036/7046/51626/3223/27031/3206/3234,SeAx,Up
GO:0016072,rRNA metabolic process,260,-0.3888006702060644,-1.896258309773162,9.24791108986443e-9,4.997571152962737e-6,4.1119133098513e-6,2993,"tags=37%, list=20%, signal=30%",57647/54680/10171/10360/6201/55651/23160/51010/6130/6194/317781/29063/79707/55759/6217/51406/91893/134430/56342/55035/79039/9221/27292/2074/2971/2975/50628/9136/54464/51106/10557/55695/6839/57602/83732/4809/10813/27340/9330/25983/84128/84186/79066/84172/81887/29081/1662/23378/84365/54433/10248/5036/23016/2972/55226/9775/51077/64282/11137/22894/4691/90121/8886/9790/29777/2475/2091/54555/6949/9188/118460/84916/6154/27043/55720/6135/6208/5822/57109/84881/51154/5394/6209/51119/55178/51082/64425/11340/57418/84549/92856/6230/10200/28987/90459/5434/26156,SeAx,Down
GO:0007005,mitochondrion organization,461,-0.333506052155077,-1.7152160579594031,2.0439386535193035e-8,1.0041313166925742e-5,8.261815188962238e-6,3129,"tags=36%, list=21%, signal=30%",11152/11345/598/65018/22906/55669/125988/7019/26235/79823/81631/55187/487/84987/92609/137682/1678/6687/6648/8936/55062/1763/4711/4707/5018/84233/4709/6790/139341/56181/22863/3320/581/729515/4728/26515/54974/1267/51537/57226/64112/81554/27166/23788/23647/1459/3313/4702/6240/91647/5245/10651/80119/64863/7386/2810/374291/57602/55750/154791/26520/23230/79135/4719/131474/11140/80224/4725/79594/79017/728568/23192/4705/56270/3308/4976/90550/3155/26521/8473/7156/5864/10452/51499/7037/55102/23287/10962/29928/706/26519/90624/117145/9927/9093/1386/83667/152926/4708/9167/6548/158234/57001/11315/91942/10463/3091/5898/54902/513/51295/3028/79065/28978/84971/8834/3329/2395/55471/54539/26355/81892/4694/664/1347/3799/5716/617/578/26517/1352/6832/10087/647087/2631/10075/4706/55210/207/10928/9361/10105/4000/55737/83858/7416/3099/90871/55735/192111/6341/23277/54927/9131/6742/10730/56947/84275/201164/84883/64423/55572/80821/10939/292/30968/493856/93974,SeAx,Down
GO:0072655,establishment of protein localization to mitochondrion,112,-0.4980475959380668,-2.16777372316395,7.20150088146779e-8,3.14329984613735e-5,2.586251616752536e-5,2885,"tags=46%, list=19%, signal=37%",92609/1678/5018/3301/23203/80273/3320/581/26515/64112/23788/1459/10651/57602/134266/55750/26520/131474/3308/118424/26521/10452/10245/29928/9512/706/26519/5880/4285/9927/51100/158234/5898/3329/55823/10055/10469/29103/617/9049/26517/10075/3998/207/3099/100287932/9131/56947/7323/3098/93974,SeAx,Down
GO:0070585,protein localization to mitochondrion,118,-0.48248039542470356,-2.1087023305594217,7.983591789432967e-8,3.14329984613735e-5,2.586251616752536e-5,2885,"tags=45%, list=19%, signal=36%",92609/1678/57506/5018/3301/23203/80273/3320/581/26515/23098/64112/23788/1459/10651/57602/134266/55750/26520/131474/3308/118424/26521/10452/10245/29928/9512/706/26519/5880/4285/9927/51100/158234/5898/3329/55823/10055/10469/29103/617/9049/26517/10075/3998/207/3099/100287932/9131/56947/7323/3098/93974,SeAx,Down
GO:0001763,morphogenesis of a branching structure,128,0.5129485200199435,2.0170107425478463,8.143263850096763e-8,3.14329984613735e-5,2.586251616752536e-5,3670,"tags=51%, list=25%, signal=39%",3845/596/4851/1522/4192/639/650/25/10765/4233/780/3217/5076/2263/57142/8626/6474/54903/55366/3082/5727/2260/4204/4041/1435/10253/1499/6495/1739/2131/59277/9231/6926/2297/4488/7080/7849/8914/9955/170690/1813/3975/5311/3207/9620/3202/5154/6909/90/367/10818/2138/3169/9175/2247/1512/10116/7048/10252/652/23129/6662/64783/5087/4323,SeAx,Up
GO:0072073,kidney epithelium development,96,0.5571379677136776,2.1116771789145887,1.0110053884033646e-7,3.642315412621188e-5,2.9968328144672366e-5,3644,"tags=54%, list=25%, signal=41%",84445/596/10409/4851/171023/650/4208/3217/5076/2263/55366/5727/2260/5175/5455/2296/5420/1499/6495/4643/4091/1739/2131/9863/2043/6092/4088/100133941/2297/4853/5915/25959/7849/9955/170690/4086/3280/8842/3975/5311/3207/282679/847/2138/2247/182/10252/652/1948/6662/5087/6772,SeAx,Up
GO:0140053,mitochondrial gene expression,163,-0.4356722093764902,-2.0023684915743662,2.225914445068337e-7,7.518026038218308e-5,6.185699089453062e-5,2611,"tags=36%, list=18%, signal=30%",85476/55005/11222/23107/57038/54998/9238/124995/25821/122704/9617/54802/81554/51263/80324/29074/55168/51106/55278/64863/10352/56945/10240/57215/65080/64960/57129/51001/9692/78988/8846/219927/51116/2617/63875/5188/28973/57570/3028/90480/3396/51650/54948/23395/6832/29093/55052/84881/51253/124454/60528/79675/51081/5442/84275/51073/79828/708/7284,SeAx,Down
GO:0010975,regulation of neuron projection development,336,0.3951683303762977,1.7140148092860024,2.687290318638661e-7,8.542421695249014e-5,7.028553749801674e-5,3514,"tags=38%, list=24%, signal=30%",23654/25987/5792/26115/23413/4193/23191/4921/84628/4192/27/2033/83999/65981/25/7025/780/952/8507/22891/5364/57142/9314/9423/6474/9820/54664/1627/2260/5793/23557/6091/22902/6498/567/1272/23271/950/55704/1608/9693/8934/1399/23043/348/8321/23327/4734/115703/57698/63923/1268/5587/79625/7337/55714/2048/349667/81618/2664/9912/9863/5728/9024/1946/9139/57463/57520/2043/818/6092/1523/51393/4756/10500/2889/5454/8408/57465/10505/2580/4137/27020/23251/84879/3066/8482/29116/6695/5754/4135/85358/11075/3280/5530/5997/4858/157285/55558/64175/659/4038/154141/23111/7869/4133/2316/56965/2011/85442/7436/55754/23064/120114/2288/140578/4139/25793/9175/9638/3196/5526/23129/1948/10611/8850/162979/9762/84446,SeAx,Up
GO:0048754,branching morphogenesis of an epithelial tube,98,0.5381113600757674,2.0387183029085847,3.282023607230302e-7,9.334766091301344e-5,7.680480729607089e-5,3670,"tags=53%, list=25%, signal=40%",3845/596/4851/1522/4192/650/25/10765/4233/780/3217/5076/2263/54903/55366/5727/4041/1435/10253/1499/6495/1739/2131/9231/6926/2297/4488/7080/7849/8914/9955/170690/3975/5311/3207/9620/3202/6909/90/367/2138/3169/2247/1512/7048/10252/652/23129/6662/64783/5087/4323,SeAx,Up
GO:0045333,cellular respiration,220,-0.3876446615091631,-1.8423886248076649,3.178351191144877e-7,9.334766091301344e-5,7.680480729607089e-5,2848,"tags=34%, list=19%, signal=28%",23410/6648/4711/114789/4707/5018/23530/4709/56181/57017/515/10476/4509/4508/4728/8604/1355/8801/27166/48/4702/8013/7386/374291/54205/4719/509/93058/131474/5162/4725/4705/10514/55526/506/1349/10975/9551/90624/4191/7385/9927/4708/9167/1431/11315/3091/513/3417/2395/54539/4694/1743/8803/664/29103/1347/1352/1738/2631/4706/1327/10105/498/402/3418/10131/10632/6392/84275/84883/5160/6390/1737/30968,SeAx,Down
GO:0090596,sensory organ morphogenesis,175,0.4576380244925597,1.8651955588689835,4.6730492550523703e-7,1.2626579087151503e-4,1.0388926343863795e-4,3370,"tags=44%, list=23%, signal=34%",25987/6659/596/50937/4851/23322/22882/639/9215/4646/26018/6496/5076/2263/9423/7291/2624/5594/2260/7976/145258/4041/6015/148398/10253/6656/1499/6495/2535/25836/4669/5308/55714/2048/4211/613/3198/5309/115908/4124/6899/57822/6926/25861/7020/10370/220/4853/23424/6096/140469/5915/84879/56603/3066/7849/5754/8516/8323/8842/6101/3975/121643/11078/26160/23554/23418/6909/10818/55636/120114/2138/2247/128637/5797/182/652,SeAx,Up
GO:0007423,sensory organ development,355,0.38792060285798113,1.6884822004609539,5.382345453179054e-7,1.3220997649536183e-4,1.087800344221451e-4,3464,"tags=38%, list=23%, signal=30%",7111/25987/6659/596/50937/4851/23322/22882/639/81029/9215/90780/1050/493/650/4646/10765/780/26018/6496/5076/2263/9314/11145/9423/54903/7291/26020/261734/2624/5594/2260/102/1545/7976/145258/6498/4041/49855/2296/6015/148398/10253/5298/6656/1499/6495/7289/27319/2535/56917/25836/5089/116448/4669/5308/4212/5954/55714/2048/1739/4211/9355/613/3198/5309/115908/4124/6899/2043/1687/57822/6926/25861/4088/93/7020/10370/220/4781/23552/4853/23493/23424/6096/140469/5915/84879/56603/10018/3066/7849/23094/5316/90410/5754/8516/3280/8323/8842/6101/63973/1813/3975/121643/11078/26160/659/144165/388552/23554/23418/6909/1027/2823/4286/2561/147912/10818/130557/55636/221322/120114/2138/9261/2247/128637/5797/7048/182/10252/652/11020/9497/6662/200734,SeAx,Up
GO:0030855,epithelial cell differentiation,458,0.3648504925679588,1.6243108804564108,5.232511566698436e-7,1.3220997649536183e-4,1.087800344221451e-4,3569,"tags=36%, list=24%, signal=28%",3845/7111/1508/6659/10409/4851/5660/5468/3988/55506/8202/3399/23022/639/81029/7161/171023/1050/650/25/4646/5453/10765/11005/7716/4208/8407/1374/4233/23254/6496/5076/2263/8626/9314/11145/7026/9480/3858/2066/3398/5727/2624/9119/2260/5175/135228/56913/6498/1030/2296/5420/9693/10253/3572/79983/1499/6495/8321/26524/10309/2535/3552/873/9475/5308/3551/4643/27023/5170/1021/1901/1385/4649/144455/2131/4301/613/7430/1026/5309/23236/9863/91663/9231/9139/10855/6899/1687/118/8324/6926/307/25861/4088/93/2889/55810/3673/122786/100133941/4781/4488/5454/4853/7080/23493/23424/8609/10411/5915/4825/57826/56603/3066/7849/23094/90410/5754/51742/3280/81858/8842/10628/5530/3975/11078/659/406/3202/53918/2137/231/2316/90/1027/367/54206/1761/839/1645/10818/5936/170302/208/9555/10468/3169/2355/7051/8644/2247/10116/128637/182/10252/652/9497/6662/200734/7067/50848/10365/85301/57103,SeAx,Up
GO:0061138,morphogenesis of a branching epithelium,117,0.5111431507555393,1.9810507458453,6.437723032143499e-7,1.5125850115523247e-4,1.2445282420033932e-4,3670,"tags=50%, list=25%, signal=38%",3845/596/4851/1522/4192/650/25/10765/4233/780/3217/5076/2263/8626/54903/55366/3082/5727/2260/4041/1435/10253/1499/6495/1739/2131/59277/9231/6926/2297/4488/7080/7849/8914/9955/170690/3975/5311/3207/9620/3202/5154/6909/90/367/10818/2138/3169/2247/1512/10116/7048/10252/652/23129/6662/64783/5087/4323,SeAx,Up
GO:0048514,blood vessel morphogenesis,444,0.3720952384555068,1.6503807284215912,6.816349222143445e-7,1.5348146331859656e-4,1.2628183822076277e-4,2861,"tags=32%, list=19%, signal=26%",9990/861/1890/9289/6659/7057/4851/6095/3688/4192/1647/79879/5468/3592/639/302/79805/3627/493/54453/25/6678/11005/7716/3162/8817/10052/1232/3685/90268/5315/2263/9314/57608/576/7026/10769/4240/5579/5335/7291/9820/2549/2624/2260/3315/1545/4856/6091/56913/10563/3397/4204/154810/4041/146850/1281/6464/3726/2296/9693/10253/3248/375056/7039/1499/6495/348/9510/79602/3953/3552/4669/9475/22905/4643/6461/3690/140862/10014/5170/100127206/657/63923/2004/10016/154796/1901/5587/79625/5970/2048/60675/388/144455/4211/5795/3198/4035/5747/10298/79924/10855/6899/4814/83478/10370/55662/55810/57343/23328/3087/7049/4853/23493/4638/10411/23251/65125/219699/5316/7015/11126/284361/55109/196528/4086/3280/284/8879/5311/84700/3202/1870/9734/3200/23554/5154/339123/6909,SeAx,Up
GO:0072009,nephron epithelium development,73,0.5705214443262101,2.0636267619054416,9.354304847865838e-7,2.0220265359146796e-4,1.6636877337846442e-4,3644,"tags=55%, list=25%, signal=42%",84445/596/10409/4851/171023/650/4208/3217/5076/55366/5727/5175/5455/2296/5420/1499/6495/4643/1739/2131/9863/100133941/2297/4853/7849/9955/170690/3280/8842/3975/5311/3207/282679/2138/2247/182/652/6662/5087/6772,SeAx,Up
GO:0006520,amino acid metabolic process,222,-0.37569461559628853,-1.7947942020974248,1.502806693274e-6,2.835393858078755e-4,2.3329120060237374e-4,2989,"tags=37%, list=20%, signal=30%",283459/6301/1373/8833/339983/51540/25973/5095/4329/5096/56954/594/57038/384/8604/10667/63826/112399/92935/256987/36/790/55278/4953/8659/27034/79731/5831/10352/5625/4677/3376/56267/84245/80017/2744/64087/3735/3155/23463/2954/81539/2356/1491/22929/587/84842/9945/2617/152926/6470/11315/5188/3028/1743/7453/4522/125061/79814/57470/4942/5033/23395/10295/1738/38/5198/56922/10247/51078/2731/124454/79587/4357/60496/5723/2746/6611/1615/10056/2806/64116,SeAx,Down
GO:0048598,embryonic morphogenesis,425,0.3690924327849055,1.6356916804914943,1.5215844168076222e-6,2.835393858078755e-4,2.3329120060237374e-4,3370,"tags=36%, list=23%, signal=29%",23654/7157/50937/23314/4851/23322/3688/23528/81029/25/4646/4208/26018/3685/3217/6496/5076/2263/8626/9314/9423/6474/54903/3398/7291/51441/3899/5727/2624/5594/2260/7976/145258/4041/5566/2296/10253/388591/3340/1499/6495/8321/221833/7703/54928/7289/23168/26524/90102/2535/23767/25836/5089/4669/9475/3690/9968/657/154796/6788/3219/2048/79577/1739/2131/9355/23275/613/3198/115908/10265/3481/55614/91663/9095/3227/7249/6899/56983/57822/8324/6926/1843/25861/5573/4088/93/7020/10370/3673/220/3216/23552/4488/3212/4853/10432/64388/140469/8320/5915/28982/4324/56603/3226/10018/3066/7849/23272/65125/5754/860/8516/4325/3218/4086/3280/8323/51098/10395/3975/5311/121643/11078/26160/7798/3207/659/4155/9620/3202/4038/3200/144165/7709/6909/90/367/3676/10818/1387/55636/221322/2138/9555/5307/8613/2247/123169/3196/54623/7048/57534/652,SeAx,Up
GO:0006091,generation of precursor metabolites and energy,413,-0.3209504461550062,-1.6337232921138682,1.4996240491935827e-6,2.835393858078755e-4,2.3329120060237374e-4,2971,"tags=34%, list=20%, signal=28%",5499/3607/4129/9016/5256/90673/5465/23410/6648/4711/114789/65985/4707/5018/5223/23530/226/4709/56181/57017/29958/10495/515/57019/10476/4509/7262/4508/5663/4728/8604/195827/51167/1355/5447/2821/112464/83931/8801/27166/51/3795/48/4702/8013/8659/7386/374291/5501/54205/128/4719/509/93058/131474/10007/5162/4725/32/57215/4705/4200/9611/10514/55526/25796/506/1349/3155/8473/10975/9551/51763/2584/8630/90624/6120/4191/7385/669/9927/9945/4708/9167/1431/11315/3091/2475/4688/513/3417/2395/54539/10954/4694/1743/23178/8803/664/5504/29103/1347/1352/1528/10728/1738/5226/2631/38/4706/207/1327/10105/498/2731/2023/402/2230/3418/3099/10131/3939/6888/10632/6392/3516/84275/5634/11182/84883/5160/1312/6390/1737/3098/5230/30968/1535/93974,SeAx,Down
GO:0048589,developmental growth,472,0.35981863643576617,1.6014514498279806,1.4717948302672668e-6,2.835393858078755e-4,2.3329120060237374e-4,3246,"tags=34%, list=22%, signal=28%",84445/25987/7157/861/7093/1822/596/10409/4851/351/23191/55717/57190/4921/5660/3688/375790/4192/7161/10919/9215/2033/91603/90780/5324/25/10765/4208/607/780/1848/7294/2263/57142/2778/9423/79068/2066/80010/5727/80208/2260/10404/4856/22902/129685/4204/1281/49855/1435/2296/3275/10253/1499/6495/25942/348/26053/23168/26524/127343/3953/23767/25836/23327/9968/57698/657/63923/1901/1385/7337/6788/23286/2121/2664/5641/84258/2131/4211/27086/9355/7430/1026/154/23236/9863/3481/5728/8455/1946/59338/26173/4814/2620/8324/51393/5573/4088/10500/93/10370/4488/7049/5454/4853/8408/55841/23493/10505/4137/5915/4825/28982/84879/5738/10018/8482/205428/101929726/5754/9462/54413/196528/4086/3574/5340/5530/1813/3975/5997/2261/8879/5830/55558/3207/659/3202/4038/2309/144165/53918/84298/6909/23111/7869/3836/4133/1027/367/2017/3676/2619/170302/55636/153/114804/51299/2355/9175/25879/2247,SeAx,Up
GO:0009060,aerobic respiration,182,-0.3964393657043334,-1.8521163861868497,1.8764026168453712e-6,3.380026580477462e-4,2.781026194229771e-4,2756,"tags=35%, list=19%, signal=29%",4711/4707/5018/23530/4709/56181/57017/515/10476/4509/4508/4728/1355/8801/48/4702/7386/374291/54205/4719/509/5162/4725/4705/55526/506/1349/10975/9551/4191/7385/9927/4708/9167/1431/11315/3091/513/3417/2395/54539/4694/1743/8803/664/29103/1347/1352/1738/2631/4706/1327/10105/498/402/3418/10632/6392/84275/5160/6390/1737/30968,SeAx,Down
GO:0006626,protein targeting to mitochondrion,98,-0.48107875605005757,-2.064482359262222,2.021040097735134e-6,3.523129254245375e-4,2.898768547651343e-4,2605,"tags=41%, list=18%, signal=34%",23203/80273/3320/26515/23788/1459/10651/57602/134266/55750/26520/131474/3308/118424/26521/10452/10245/29928/9512/706/26519/5880/4285/9927/51100/158234/3329/55823/10055/10469/29103/9049/26517/10075/3998/100287932/9131/56947/7323/93974,SeAx,Down
GO:0001657,ureteric bud development,63,0.5731285177157157,2.0259909960417577,2.1443939131445208e-6,3.590090434373023e-4,2.953863024424724e-4,3618,"tags=54%, list=24%, signal=41%",84445/596/10409/650/3217/5076/2263/55366/5727/2260/2296/1499/6495/4091/1739/6092/4088/2297/5915/7849/9955/170690/4086/3280/3975/5311/3207/847/2138/2247/10252/652/6662/5087,SeAx,Up
GO:0045596,negative regulation of cell differentiation,451,0.3599898147733764,1.6016143425568745,2.192320213440225e-6,3.590090434373023e-4,2.953863024424724e-4,3953,"tags=39%, list=27%, signal=29%",3845/25987/7157/861/6659/205717/4851/351/6095/51043/3688/4192/5468/22882/753/3399/7161/9759/171023/7204/3627/1050/650/84695/10401/3685/6496/6595/57142/8626/94241/9682/9423/4773/6272/3398/7291/51441/23461/7832/5727/2624/5594/4856/22902/65980/6498/567/4204/4041/1030/9693/6653/10253/1499/79365/605/3552/1495/10011/6461/3690/4212/678/10014/4091/657/1021/63923/2048/79577/2664/4211/27086/9355/9290/5309/10859/3481/5728/6899/5925/2043/8324/6926/4088/10500/56834/4772/55810/4488/8408/7080/23532/23493/6096/10505/5744/5915/4825/8482/3149/81559/147906/9655/55796/3218/4086/3280/8994/7107/23512/5530/3707/5997/8651/55558/659/406/3202/4038/2309/144165/2137/23111/171392/7869/4133/22920/10818/54949/57721/51564/80349/149041/10468/4139/3169/2064/25793/56478/123169/3196/25805/3192/54623/57534/182/10252/652/51094/6662/7099/200734/64783/5087/6772/4763/19/2551/4054/5802/8621/8365/2660/7046/27031/283659/857/122953/25871/4602/4771/54795,SeAx,Up
GO:0098742,cell-cell adhesion via plasma-membrane adhesion molecules,135,0.4798576728155165,1.9008288228433692,2.5132261872331464e-6,3.9945512693552714e-4,3.2866462584745545e-4,4428,"tags=56%, list=30%, signal=39%",23654/5792/22859/3688/23705/84628/23022/650/10178/9314/1952/5175/6091/53834/64403/57451/6402/23767/1951/79633/2196/57575/9746/55714/253559/222256/1946/91663/57463/1525/6092/54510/81607/27020/84962/65125/3683/5754/23284/56122/4155/9620/56127/23418/90/22920/5099/120114/8404/5797/7048/3556/5101/83872/90952/56109/147409/9069/8832/5802/56106/53827/56126/3675/1825/56129/5291/1016/5819/869/266727/10686/5817/25945/91179,SeAx,Up
GO:0001501,skeletal system development,363,0.3790298166940886,1.6526646171588577,2.610058227470722e-6,4.029929903214795e-4,3.3157551737853625e-4,3508,"tags=38%, list=24%, signal=30%",25987/7157/861/22856/23314/1298/4921/55870/4192/3074/3988/302/81029/171023/9215/7353/650/29123/4208/8817/3217/2263/5364/8626/2778/6474/4773/54903/4664/7291/3073/5125/2260/4856/145258/53834/4041/56034/1281/57326/6715/2296/10655/3636/3340/1499/6495/7703/54928/55790/7289/3953/25836/5308/9968/7227/657/63923/5734/3219/1739/2121/8692/2131/27086/3198/139285/10265/10859/83452/59338/3227/6899/5075/5925/51222/79925/6926/875/4088/80263/55959/93/7020/10370/4781/537/3216/23552/4488/3212/102724560/4853/202018/5744/5915/28982/56603/3226/56243/860/4325/63827/3218/4086/399979/3975/2261/8879/26160/64175/3207/659/3202/389058/3200/9060/79705/54206/7076/55636/2138/10468/1310/2355/5307/2247/3224/7763/7048/4209/64131/652/4665/2822/6662/7067/124565,SeAx,Up
GO:0072163,mesonephric epithelium development,64,0.5665424502576161,2.0106422141149,2.9992992165263775e-6,4.3805980989482555e-4,3.6042787739992655e-4,3618,"tags=53%, list=24%, signal=40%",84445/596/10409/650/3217/5076/2263/55366/5727/2260/2296/1499/6495/4091/1739/6092/4088/2297/5915/7849/9955/170690/4086/3280/3975/5311/3207/847/2138/2247/10252/652/6662/5087,SeAx,Up
GO:0072164,mesonephric tubule development,64,0.5665424502576161,2.0106422141149,2.9992992165263775e-6,4.3805980989482555e-4,3.6042787739992655e-4,3618,"tags=53%, list=24%, signal=40%",84445/596/10409/650/3217/5076/2263/55366/5727/2260/2296/1499/6495/4091/1739/6092/4088/2297/5915/7849/9955/170690/4086/3280/3975/5311/3207/847/2138/2247/10252/652/6662/5087,SeAx,Up
GO:0033687,osteoblast proliferation,25,0.7454639225362862,2.2079230631519016,3.2071548593096755e-6,4.560911805186707e-4,3.7526377079568057e-4,1891,"tags=60%, list=13%, signal=52%",596/650/25/3685/2263/5364/4041/3726/5610/3690/63923/115908/10855/63979/4088,SeAx,Up
GO:0060537,muscle tissue development,288,0.39656956669187593,1.6976844647052738,3.5923812106089556e-6,4.941676932752349e-4,4.065924532304711e-4,3456,"tags=36%, list=23%, signal=29%",3845/861/7093/596/50937/4851/57190/3688/10472/7161/9215/2033/650/25/4208/607/10052/2263/1827/7026/88/6474/2066/3398/7291/7832/5727/80208/2260/1281/6840/2296/1499/6495/4669/3131/59269/657/63923/9242/1901/1385/10211/1739/4211/27086/3481/2817/6899/5925/1525/56983/8324/6926/5573/4088/5562/1655/9975/10370/4488/7049/4853/23493/4638/8320/5915/56603/90410/205428/8516/196528/4086/64208/5530/5997/5311/84700/406/9734/144165/80206/6909/4205/10791/90/10521/10818/1063/55636/2138/1310/84300/2355/5307/2247/844/7763/3192/4209/652/1948/10611/6662/6546,SeAx,Up
GO:0009410,response to xenobiotic stimulus,273,0.3939399465966384,1.6836454387960043,3.657791956145336e-6,4.941676932752349e-4,4.065924532304711e-4,3756,"tags=38%, list=25%, signal=29%",7157/596/4193/7057/6095/3988/20/7161/10919/5139/25/4646/7345/4208/107/1374/952/1848/90313/11044/4773/5579/64078/5727/1545/10257/7976/123/2944/6715/6609/1399/1499/8321/7172/10309/873/3690/10014/8443/590/1800/1385/5970/2621/5395/9943/25807/7050/1026/5925/11309/5562/3673/1788/57552/2987/4825/56603/3066/2052/5621/642/10628/9446/2948/1813/874/2309/144165/9/388552/8061/1027/54206/7367/847/1645/1063/4968/1728/10587/2355/6868/2941/6622/5797/7048/1244/3291/1571/2822/29104/9647/7515/57491/2729/57103/2768/4659/6772/122622/6505/19/57468,SeAx,Up
GO:0032835,glomerulus development,44,0.6313070694170738,2.087517638244417,3.986767885221061e-6,5.181263553130648e-4,4.263052173521341e-4,2675,"tags=55%, list=18%, signal=45%",596/10409/4851/171023/4811/4208/5076/55366/5175/2296/5420/4643/3690/3570/2131/9863/55959/100133941/4853/3280/8842/5530/284/3975,SeAx,Up
GO:0072006,nephron development,97,0.513364442763339,1.9454674856607546,4.026888771863198e-6,5.181263553130648e-4,4.263052173521341e-4,2800,"tags=41%, list=19%, signal=34%",84445/596/10409/4851/171023/650/4811/4208/3217/5076/2066/55366/5727/5175/5455/2296/5420/1499/6495/4643/3690/3570/1739/2131/9863/55959/100133941/2297/4853/7849/9955/170690/3280/8842/5530/284/3975/5311/3207/282679,SeAx,Up
GO:0045165,cell fate commitment,173,0.4374754058390648,1.7811212775776915,4.390965822245902e-6,5.518320768236477e-4,4.540376899184013e-4,3455,"tags=45%, list=23%, signal=35%",7157/596/50937/4851/3688/5468/639/81029/10919/650/3662/4208/84695/5076/2263/9314/7026/9480/2066/3398/5727/2624/2260/25925/145258/80213/1107/10253/6656/1499/6495/23168/27319/26524/116448/3570/657/79577/2131/9095/6899/8324/6926/1514/1108/4781/5454/4853/6693/7080/23493/8320/4170/56603/3226/3066/860/4086/3280/3574/121643/3207/6909/90/367/4286/2619/170302/2138/3169/5307/2247/123169/54623/182/652/5928/6662,SeAx,Up
GO:0061061,muscle structure development,489,0.3519245779322869,1.5683573336112195,4.569672038200867e-6,5.612388112372156e-4,4.6177738491292984e-4,3469,"tags=32%, list=23%, signal=25%",3845/7111/7093/6659/596/22954/50937/4193/10409/4851/6095/57190/3688/10472/3399/81029/9759/9215/2033/84976/221937/3627/650/3915/7345/4811/4208/81/607/7138/6595/824/9124/2263/1827/6830/7026/88/6474/4773/6272/3398/7291/7832/80208/4856/8910/145258/53834/4204/2319/1281/6840/2296/58494/1499/6495/8321/79365/2535/9260/4669/10011/3131/87/59269/10014/3756/657/9242/1901/1385/5587/10211/2121/4211/27086/9325/23236/3481/3856/2817/6938/6899/5925/1525/4814/2115/8324/6926/4756/5573/4088/5562/4772/1655/9975/10370/55662/7049/4853/23493/4638/8320/5915/56603/5738/6601/90410/101929726/55796/8516/196528/4086/3280/84033/64208/85461/5340/5530/5997/8554/84700/659/406/9734/144165/80206/6909/4205/29767/10791/90/10521/50804/10818/5936/1063/55636/1310/140578/84300/5307/844/3956/3192/4209/182/652/1948/10611/29765/6662/6546/8740,SeAx,Up
GO:0050808,synapse organization,326,0.38140194003025285,1.6515049189132274,4.7235452253778815e-6,5.67245297732046e-4,4.667194159531268e-4,2666,"tags=29%, list=18%, signal=25%",23654/5792/26115/22859/23012/5217/23380/351/23191/7534/3688/375790/84628/10160/9215/65981/147381/25/440279/4208/5783/55752/1501/22891/5364/1488/9423/2149/2066/23085/6272/119/9026/1627/80208/23557/102/4204/23181/57555/8934/1399/653464/1499/6495/348/8321/23767/9746/87/3690/4734/115703/8541/8443/7337/2048/388/1739/5641/7430/9912/5728/782/1946/9231/57463/2043/6092/54434/8496/784/55906/10810/1108/22866/23024/55209/4137/27020/400916/2894/6640/5621/392617/5754/9463/23284/54413/56122/85358/63827/57512/85461/10882/1813,SeAx,Up
GO:2000027,regulation of animal organ morphogenesis,54,0.5901540683927661,2.0317270467230792,5.116412082904072e-6,6.010671933916002e-4,4.945474745580504e-4,3455,"tags=63%, list=23%, signal=48%",650/3217/5076/5579/55366/3082/2260/6091/5083/1435/1499/6495/8321/2535/657/59277/3227/6899/6092/57822/10370/79864/7849/5754/860/3975/3207/5154/367/10818/2247/10252/652/6662,SeAx,Up
GO:0033688,regulation of osteoblast proliferation,20,0.7721832625113149,2.134137994256426,6.222012573362217e-6,7.153990626904132e-4,5.886177180264727e-4,1891,"tags=65%, list=13%, signal=57%",596/650/25/3685/2263/5364/4041/5610/3690/63923/115908/10855/4088,SeAx,Up
GO:0045669,positive regulation of osteoblast differentiation,47,0.6125251157418501,2.0504547996995712,7.4253193119302295e-6,8.013980389526226e-4,6.593761573368418e-4,3370,"tags=62%, list=23%, signal=48%",55603/4921/1050/650/4208/8626/3082/338557/4041/3572/1499/8321/3570/657/5587/23051/115908/93/51430/4488/860/4086/5530/659/90/4745/2247/182/652,SeAx,Up
GO:0006457,protein folding,182,-0.383473244578074,-1.7915402489998609,7.32297733246691e-6,8.013980389526226e-4,6.593761573368418e-4,2513,"tags=31%, list=17%, signal=26%",80273/5201/3320/8570/54431/5611/10465/3336/3313/51303/26278/134266/6102/131474/11140/2280/9531/3308/573/908/10961/2896/55664/90624/6904/9093/5481/23071/53938/27000/134492/3329/3326/10954/30001/10808/10726/9049/10525/10728/6950/3998/10105/8882/402/84750/10131/51182/10294/3312/10598/26973/10549/1676/8872/10049/7456,SeAx,Down
GO:0015980,energy derivation by oxidation of organic compounds,281,-0.33740222941529646,-1.676359976398339,7.563156918316758e-6,8.013980389526226e-4,6.593761573368418e-4,2911,"tags=32%, list=20%, signal=27%",9016/5256/90673/23410/6648/4711/114789/4707/5018/23530/4709/56181/57017/515/10476/4509/7262/4508/4728/8604/1355/112464/83931/8801/27166/3795/48/4702/8013/7386/374291/5501/54205/4719/509/93058/131474/5162/4725/4705/10514/55526/506/1349/10975/9551/51763/90624/4191/7385/9927/9945/4708/9167/1431/11315/3091/2475/513/3417/2395/54539/4694/1743/23178/8803/664/5504/29103/1347/1352/10728/1738/2631/4706/207/1327/10105/498/402/3418/10131/10632/6392/84275/84883/5160/1312/6390/1737/30968,SeAx,Down
GO:0048729,tissue morphogenesis,415,0.3581851371789102,1.586574693489486,7.204852436321553e-6,8.013980389526226e-4,6.593761573368418e-4,3392,"tags=35%, list=23%, signal=28%",23654/3845/84445/596/4193/4851/1522/23322/3688/4192/81029/3627/650/25/10765/4208/4233/780/3685/3217/6496/5076/2263/8626/9314/9423/6474/2066/54903/55366/3082/7291/23245/5727/2260/6091/7976/4041/5566/1281/1435/2296/5420/10253/388591/1499/92344/6495/8321/7289/90102/2535/23767/4669/4194/3690/9968/657/1901/6788/4649/388/1739/2131/27086/9355/23275/23671/115908/5728/59277/9420/9024/9231/9095/7249/6899/2043/6092/57822/6926/54101/5573/4088/83478/7020/10370/3673/220/2297/23552/4488/7049/3212/760/4853/7080/23493/4638/8320/94134/79864/7849/84962/8914/9955/170690/90410/5754/8516/4086/3280/8323/51098/10395/3975/5311/121643/26160/7798/3207/659/9620/3202/144165/5154/6909/2316/90/367/10818/55636/2138/10468/3169/2247/6868/3196/1512/10116/7048/57534/182/10252/652/23129/1948,SeAx,Up
GO:0001654,eye development,247,0.3970367160519658,1.6808042166975885,8.15809495617514e-6,8.47814329676355e-4,6.97566661839753e-4,3464,"tags=37%, list=23%, signal=29%",7111/25987/6659/596/50937/4851/23322/22882/639/81029/9215/90780/493/10765/6496/5076/9314/11145/7291/261734/1545/6498/4041/49855/2296/6015/148398/10253/6656/1499/7289/56917/25836/5089/4669/5308/4212/5954/55714/2048/1739/4211/9355/5309/4124/57822/4088/93/7020/10370/220/4781/23552/4853/23424/6096/5915/84879/3066/23094/5316/3280/8842/6101/1813/3975/121643/26160/659/144165/388552/23554/23418/6909/1027/2823/4286/147912/10818/130557/55636/221322/120114/2247/128637/5797/7048/182/10252/652/6662/200734,SeAx,Up
GO:0008053,mitochondrial fusion,31,-0.6517260312393922,-2.1728902776300116,1.0032784501762924e-5,0.0010229654235382423,8.41677889482554e-4,2439,"tags=52%, list=16%, signal=43%",581/54974/81554/23788/79594/4976/7037/9927/664/578/10075/54927/56947/201164/10939/30968,SeAx,Down
GO:0048568,embryonic organ development,312,0.3750061635135421,1.6166284064854057,1.209737244048643e-5,0.0012106333457109013,9.960877424681225e-4,3029,"tags=34%, list=20%, signal=27%",7157/23314/4851/79879/3399/639/79805/1050/4646/4208/26018/3217/6496/7942/5076/2263/7026/9423/6474/54903/3398/7291/5125/5727/2624/5594/2260/7976/145258/3726/2296/10253/388591/7003/3340/1499/6495/7173/7703/7289/2535/25836/5089/4669/5308/9968/657/2186/6788/3219/2048/1739/144455/613/3198/115908/10265/3481/3856/3227/6899/57822/6926/25861/4088/7020/10370/220/3216/23552/3212/79893/4853/23493/140469/8320/5915/28982/7849/5754/860/8516/4325/196528/3218/4254/3280/8323/51098/5340/3975/5311/121643/11078/26160/3207/3202/3200/144165/5154/6909/90/27042/50814/10818,SeAx,Up
GO:0045667,regulation of osteoblast differentiation,93,0.49538964552931847,1.8778645634142914,1.2549179199970189e-5,0.0012178695187957701,0.001002041537923825,3455,"tags=51%, list=23%, signal=39%",4851/55603/4921/5468/3399/1050/650/4208/2263/8626/3082/7291/5727/338557/4041/5566/3572/1499/8321/3570/4091/657/1021/63923/5587/23051/115908/5747/4088/93/1655/51430/4488/6096/860/4086/8994/5530/659/90/51564/4745/2247/25805/182/652/6662,SeAx,Up
GO:0048880,sensory system development,250,0.39523446087345915,1.6706165001953048,1.2620409521199691e-5,0.0012178695187957701,0.001002041537923825,3464,"tags=37%, list=23%, signal=29%",7111/25987/6659/596/50937/4851/23322/22882/639/81029/9215/90780/493/10765/6496/5076/9314/11145/7291/261734/1545/6498/4041/49855/2296/6015/148398/10253/6656/1499/7289/56917/25836/5089/4669/5308/4212/5954/55714/2048/1739/4211/9355/5309/4124/57822/4088/93/7020/10370/220/4781/23552/4853/23424/6096/5915/84879/3066/23094/5316/3280/8842/6101/1813/3975/121643/26160/659/144165/388552/23554/23418/6909/1027/2823/4286/147912/10818/130557/55636/221322/120114/2247/128637/5797/7048/182/10252/652/6662/200734,SeAx,Up
GO:0048645,animal organ formation,46,0.5976273849639221,1.9984121568696933,1.4667638843587064e-5,0.0013210653385124082,0.0010869492364089781,3530,"tags=63%, list=24%, signal=48%",4851/650/4208/5076/2263/8626/54903/5594/2260/6091/1499/6495/657/2131/3227/6092/10370/7849/3280/3207/3200/367/10818/2138/2247/7048/10252/652/6604,SeAx,Up
GO:0048736,appendage development,130,0.4624642620822522,1.8217851433779384,1.4491139108338832e-5,0.0013210653385124082,0.0010869492364089781,3618,"tags=48%, list=24%, signal=36%",2583/4851/23322/9215/83999/84133/2263/8626/6474/54903/7291/3899/5125/5727/2260/4041/1281/1499/221833/54928/7289/137392/25836/7700/5089/4669/5308/444/657/2131/3227/51222/6926/7020/4488/4853/5915/28982/56603/3226/10018/3066/23288/860/8323/51098/26160/3207/659/4038/144165/6909/54206/1387/55636/221322/5307/652/6662/8850/2768/5087,SeAx,Up
GO:0060173,limb development,130,0.4624642620822522,1.8217851433779384,1.4491139108338832e-5,0.0013210653385124082,0.0010869492364089781,3618,"tags=48%, list=24%, signal=36%",2583/4851/23322/9215/83999/84133/2263/8626/6474/54903/7291/3899/5125/5727/2260/4041/1281/1499/221833/54928/7289/137392/25836/7700/5089/4669/5308/444/657/2131/3227/51222/6926/7020/4488/4853/5915/28982/56603/3226/10018/3066/23288/860/8323/51098/26160/3207/659/4038/144165/6909/54206/1387/55636/221322/5307/652/6662/8850/2768/5087,SeAx,Up
GO:0042692,muscle cell differentiation,282,0.38360016632001026,1.6438257054324739,1.4223922729817968e-5,0.0013210653385124082,0.0010869492364089781,3038,"tags=30%, list=20%, signal=25%",3845/7111/596/22954/50937/4193/4851/6095/57190/3688/81029/9759/9215/3627/650/3915/7345/4811/4208/81/607/7138/824/2263/1827/6830/88/6474/4773/6272/3398/80208/4856/4204/58494/1499/6495/79365/4669/87/10014/3756/657/5587/10211/4211/27086/3481/3856/6899/5925/1525/4814/8324/6926/4756/5573/4772/4853/23493/5915/56603/5738/90410/101929726/8516/4086/3280/84033/64208/85461/5530/5997/8554/84700/659/9734/144165/80206/6909/4205/29767/90/50804/10818/5936,SeAx,Up
GO:0008589,regulation of smoothened signaling pathway,67,0.5607313142428916,2.0053244289377536,1.5262256903529358e-5,0.0013520858410929943,0.0011124723582486284,2111,"tags=37%, list=14%, signal=32%",22856/6095/55717/23322/2263/6474/54903/25989/5727/2622/84662/64839/5566/3340/92344/7289/137392/1495/2121/9231/283219/23432/5925/23552/80178,SeAx,Up
GO:0009953,dorsal/ventral pattern formation,59,0.5665923682571128,1.9836456325085972,1.5648931072471234e-5,0.0013639810244457185,0.0011222595050953904,3370,"tags=49%, list=23%, signal=38%",7093/84976/65981/6496/5727/145258/6656/1499/221833/7289/4091/657/9355/23432/3212/7080/4681/64388/79176/51098/3975/121643/26160/3207/4038/90/221322/3169/652,SeAx,Up
GO:0050890,cognition,208,0.4125654150543194,1.71657167886302,1.6113772127020656e-5,0.0013822035646733272,0.0011372526894659189,3082,"tags=38%, list=21%, signal=31%",3845/2760/351/6509/23191/23385/3688/4192/10919/9215/2033/894/25/4208/107/4125/6310/1827/10550/10769/7832/80208/5594/23208/567/4204/25946/55902/7991/348/25836/27023/6446/4212/1268/590/1385/100132074/7337/2048/5641/3198/23236/55236/22849/23152/5728/9993/55450/84197/8301/114781/55209/9486/4137/10411/84879/55180/5621/90410/3269/54413/8516/85358/57512/85461/10882/1813/874/8554/28964/81832/29767/8061/6326/2237/7436/8867/55636/10636,SeAx,Up
GO:0001525,angiogenesis,377,0.36013871817438947,1.5799603769236001,1.650912149372354e-5,0.0013939889461262814,0.0011469494932481617,2473,"tags=28%, list=17%, signal=24%",9990/861/1890/9289/7057/4851/6095/3688/4192/1647/79879/5468/3592/302/79805/3627/493/25/6678/11005/7716/3162/8817/1232/3685/90268/5315/2263/9314/57608/576/10769/4240/5579/5335/7291/2549/2624/2260/3315/1545/4856/6091/56913/10563/3397/4204/154810/146850/6464/2296/10253/375056/7039/1499/9510/79602/3953/3552/9475/22905/6461/3690/140862/10014/5170/100127206/657/63923/2004/10016/154796/1901/5587/79625/5970/2048/60675/388/144455/4211/5795/5747/10298/79924/10855/6899/4814/83478/55810/57343/23328/3087/7049/4853/10411/23251/65125/219699/5316/7015/11126/284361/55109,SeAx,Up
GO:0061005,cell differentiation involved in kidney development,36,0.6458513140988764,2.061742197902725,1.6874285170422312e-5,0.0013979298983879816,0.001150192039189457,2675,"tags=58%, list=18%, signal=48%",10409/4851/171023/4208/5076/55366/5727/84662/5455/5420/1499/4643/2131/139285/9863/100133941/4853/7849/3280/8842/3975,SeAx,Up
GO:0001823,mesonephros development,66,0.5542275507549324,1.9826119393885921,1.7560393908833172e-5,0.0013979298983879816,0.001150192039189457,3618,"tags=52%, list=24%, signal=39%",84445/596/10409/650/3217/5076/2263/55366/5727/2260/2296/1499/6495/4091/1739/6092/4088/2297/5915/7849/9955/170690/4086/3280/3975/5311/3207/847/2138/2247/10252/652/6662/5087,SeAx,Up
GO:0002088,lens development in camera-type eye,58,0.5548245676795864,1.9382225262397375,1.7590531659952397e-5,0.0013979298983879816,0.001150192039189457,4418,"tags=59%, list=30%, signal=41%",7111/50937/81029/90780/10765/6496/11145/6498/10253/6656/1499/1739/4211/5309/4088/10370/23424/1027/147912/10818/221322/2247/128637/7048/10252/652/200734/7046/131544/4771/5629/631/161742/25945,SeAx,Up
GO:0048592,eye morphogenesis,107,0.4841409116530017,1.863520326288821,1.7525355938686886e-5,0.0013979298983879816,0.001150192039189457,3455,"tags=46%, list=23%, signal=35%",25987/6659/596/50937/4851/23322/22882/639/9215/6496/5076/7291/4041/6015/148398/6656/1499/25836/4669/5308/55714/2048/4211/5309/4124/7020/10370/220/4853/23424/6096/5915/84879/8842/6101/3975/121643/26160/23554/23418/6909/10818/120114/2247/128637/5797/182/652/6662,SeAx,Up
GO:0048706,embryonic skeletal system development,91,0.5133789142691186,1.9358919596582338,1.7954769144237278e-5,0.001406196702253018,0.0011569938194547409,3835,"tags=53%, list=26%, signal=39%",23314/3217/2263/6474/54903/7291/5125/145258/10655/3340/1499/6495/7703/7289/25836/9968/3219/1739/2131/3198/10265/3227/6899/4088/55959/7020/3216/23552/3212/202018/28982/56243/860/4325/3218/3975/3207/3202/3200/2138/7048/64131/652/5087/3225/4323/7046/3223,SeAx,Up
GO:0032543,mitochondrial translation,129,-0.4147421478400992,-1.8318871142503725,1.854033654145539e-5,0.001426397606030069,0.0011736147664246778,2695,"tags=34%, list=18%, signal=28%",10128/85476/55005/11222/23107/57038/54998/124995/122704/9617/81554/51263/29074/55168/55278/10352/56945/10240/65080/64960/57129/78988/8846/219927/51116/2617/63875/5188/28973/90480/3396/51650/54948/23395/29093/55052/84881/51253/124454/51081/51073/79828/708/7284,SeAx,Down
GO:0030198,extracellular matrix organization,188,0.4140099356392991,1.7033716188768326,1.8740605112534214e-5,0.001426397606030069,0.0011736147664246778,2487,"tags=29%, list=17%, signal=25%",861/7093/1515/4851/1298/351/4921/3688/5468/302/9215/1471/650/25/3915/4811/11005/84695/780/10491/1520/102/1545/10609/1281/57326/2296/9510/55790/90102/4643/3690/149371/79625/2621/10211/2131/4035/100287171/11107/59277/2192/5925/2620/4088/333/55959/7049/79875/602/4324/5768/170690/8516/4325,SeAx,Up
GO:0048730,epidermis morphogenesis,18,0.7611928628680869,2.045416119969279,2.0185027150202877e-5,0.0015149984266624493,0.001246513957345862,1431,"tags=50%, list=10%, signal=45%",596/4851/2263/8626/9314/1499/92344/4669/2131,SeAx,Up
GO:0006400,tRNA modification,89,-0.4621346519615286,-1.9571945423884631,2.0734705970098425e-5,0.0015349363159234506,0.0012629185006156562,2965,"tags=45%, list=20%, signal=36%",54901/6301/131965/348180/54859/221078/127253/55623/84705/1787/25821/54802/54974/81627/54517/54920/80324/93587/84520/81605/123263/6741/55798/79693/91801/115708/8846/55250/55226/55140/158234/55644/57570/3028/134637/84881/24140/207/23587/79828,SeAx,Down
GO:0060688,regulation of morphogenesis of a branching structure,32,0.6673691474382202,2.087604652577459,2.14720983934782e-5,0.001547136262911416,0.0012729564016007288,3455,"tags=66%, list=23%, signal=50%",4192/25/3217/5076/2263/57142/6474/55366/3082/2260/4204/1499/6495/59277/7849/3975/5154/367/9175/652/6662,SeAx,Up
GO:0003279,cardiac septum development,83,0.5111107042402032,1.8955112026630803,2.1457887173179092e-5,0.001547136262911416,0.0012729564016007288,3844,"tags=53%, list=26%, signal=39%",7157/6659/4193/4851/639/2263/54903/6091/53834/3340/8321/2535/4194/4091/657/163/6899/6092/6926/10370/4488/7049/4853/23493/7849/5754/3280/7798/659/6909/90/10818/10454/55636/7048/182/652/23129/64783/78987/8543/4036/7046/27031,SeAx,Up
GO:0150063,visual system development,249,0.3963167579339641,1.6782583857533526,2.2139428467461363e-5,0.0015571650389768342,0.00128120790148392,3464,"tags=37%, list=23%, signal=29%",7111/25987/6659/596/50937/4851/23322/22882/639/81029/9215/90780/493/10765/6496/5076/9314/11145/7291/261734/1545/6498/4041/49855/2296/6015/148398/10253/6656/1499/7289/56917/25836/5089/4669/5308/4212/5954/55714/2048/1739/4211/9355/5309/4124/57822/4088/93/7020/10370/220/4781/23552/4853/23424/6096/5915/84879/3066/23094/5316/3280/8842/6101/1813/3975/121643/26160/659/144165/388552/23554/23418/6909/1027/2823/4286/147912/10818/130557/55636/221322/120114/2247/128637/5797/7048/182/10252/652/6662/200734,SeAx,Up
GO:0061564,axon development,362,0.36170101578299496,1.5772066689380726,2.218758475226059e-5,0.0015571650389768342,0.00128120790148392,2998,"tags=33%, list=20%, signal=27%",23654/25987/5792/596/22954/4851/351/23191/9315/3688/84628/23022/79805/7204/83999/25/7345/3996/107/780/5076/8633/2263/5364/57142/9314/9423/6474/5727/25894/80208/55701/6091/27242/7976/22902/23162/6498/1272/23271/55740/25942/348/26053/27319/334/23767/1951/1495/116448/26128/27023/57698/56288/63923/1268/1385/2048/10211/349667/2664/2131/9355/5747/10100/5728/59277/9024/1946/57463/2043/6092/1719/284656/8301/2115/51393/4756/1945/333/10500/2297/4781/4685/5454/4853/8408/7080/23334/57465/10505/4137/8609/4825/8482/219699/8941/5754/4135/54413/3800/4548/63973/1813/3975/4858/55558/659/4038/144165/23111/7869/4133/2316/2017/3676/2011/115557,SeAx,Up
GO:0006397,mRNA processing,445,-0.29237630975953527,-1.5005396752039082,2.2788601423177705e-5,0.0015788410524468245,0.0012990425426653526,2924,"tags=31%, list=20%, signal=26%",79760/84967/51759/54890/105/421/8233/6627/5411/57187/6733/9991/10189/23283/79084/84991/25949/51631/27336/58509/57035/6631/55339/9785/6626/6633/9238/8570/285672/8106/677/6432/55677/51639/10084/64062/23435/54517/255967/143884/199746/10421/50628/55696/10465/9984/80324/3183/8487/167153/81608/4841/58517/11193/57461/2081/4809/11338/1207/57703/55702/6732/55234/10236/79637/8683/2334/170506/10285/26528/9444/8458/2332/1478/5433/10569/7375/10212/338657/51634/23450/54496/79066/8896/5976/104/220988/10656/84148/10492/54960/10659/51692/9775/64282/4691/10179/51690/10284/53938/79833/9904/22938/10914/79882/3185/84811/55131/25929/11051/53981/55197/10594/51574/8175/84881/5511/55660/8731/550643/5394/8732/5935/8882/283989/6632/10250/4928/65109/10150/4154/51503/10929/3312/25804/29101/28960/708,SeAx,Down
GO:0043648,dicarboxylic acid metabolic process,69,-0.5011835043600626,-2.019863083333556,2.3925266638459273e-5,0.0016161517614279239,0.001329741135274368,2155,"tags=38%, list=15%, signal=32%",8801/79944/8659/5625/56267/80017/2744/4200/2356/5106/4191/197322/6470/57001/3417/1743/4522/8803/25902/4942/9380/3418/60496/2746/471/2806,SeAx,Down
GO:0048593,camera-type eye morphogenesis,90,0.5116319592036628,1.9215511139712338,2.3646773213267468e-5,0.0016161517614279239,0.001329741135274368,3455,"tags=50%, list=23%, signal=39%",25987/6659/50937/4851/23322/22882/639/9215/6496/5076/7291/4041/6015/148398/6656/1499/4669/5308/55714/2048/4211/5309/4124/7020/10370/220/4853/23424/6096/84879/8842/6101/3975/121643/26160/23554/23418/6909/10818/120114/128637/5797/182/652/6662,SeAx,Up
GO:0048705,skeletal system morphogenesis,156,0.4377093751470333,1.7647570509557862,2.4779862104732547e-5,0.0016532145038762307,0.0013602357053981843,3727,"tags=47%, list=25%, signal=36%",25987/22856/23314/29123/4208/8817/3217/2263/6474/4664/7291/2260/145258/4041/1281/2296/3636/3340/1499/6495/7703/54928/55790/7289/25836/9968/3219/1739/8692/2131/3198/10265/83452/59338/3227/6899/79925/875/4088/93/7020/10370/3216/4488/3212/102724560/5915/28982/56603/860/4325/3218/3975/2261/8879/3207/659/3202/389058/3200/2138/2355/3224/7763/7048/4209/652/4665/6662/7067/85301/3225/4323/4054,SeAx,Up
GO:2001222,regulation of neuron migration,31,0.6651754771038212,2.0649274507409157,2.936624544087229e-5,0.0019353071995423642,0.0015923365948940253,1284,"tags=39%, list=9%, signal=35%",23654/9289/23380/84628/4192/8633/1281/9693/653464/25836/57698/63923,SeAx,Up
GO:0090287,regulation of cellular response to growth factor stimulus,218,0.39558961592406666,1.652068083522943,3.1764779130358324e-5,0.0020681550171139326,0.0017016414336922454,3544,"tags=39%, list=24%, signal=30%",7157/7057/4851/83891/23191/9315/3688/5468/753/3592/9839/2033/493/650/25/56884/8817/57608/9480/8573/4052/5579/11171/2260/135228/6091/10563/6498/25778/1030/6653/10253/1499/25942/8321/26524/22905/3690/4734/4091/5170/10016/51341/23090/2817/54778/4756/4088/55959/10370/2297/3087/4488/7049/4853/7080/4681/387914/64388/27020/79176/3066/860/51742/8516/3280/222223/26036/53918/23111/10755/5046/1387/10468/2247/6868/25805/5526/10252/652/375616/5928/200734/9146/375387/100507588,SeAx,Up
GO:0030323,respiratory tube development,140,0.45254185430771593,1.7948794504249381,3.343399070980755e-5,0.002150920068997619,0.0017697390571206402,4278,"tags=48%, list=29%, signal=34%",3845/4851/1522/57190/3988/302/7161/171023/2033/1050/650/84695/8817/2263/5125/5594/2260/4204/1281/10253/1499/9618/7289/657/1385/2131/7917/4124/9231/93/51696/4781/7080/8546/8914/9678/5754/3280/659/9620/3202/5154/6909/54206/10454/3169/2355/2247/1512/7048/10252/652/6662/7067/10365/26257/4323/10905/4054/27031/26154/3675/2294/6431/5629/2254/3911,SeAx,Up
GO:0006997,nucleus organization,124,-0.4131508821882685,-1.8155396126855678,3.6645296672923816e-5,0.002302688176982329,0.0018946111768228912,2284,"tags=32%, list=15%, signal=28%",23435/51510/9221/545/55706/23345/10208/6839/57602/79188/11176/6732/2334/54700/129401/84172/57132/80346/23378/26135/23175/5119/23165/23133/124491/5347/7443/5048/84823/27183/8882/4000/4928/81929/1111/23399/6683/3267/1104/2113,SeAx,Down
GO:0060485,mesenchyme development,217,0.4041960066707117,1.6850431077409747,3.6504821581529495e-5,0.002302688176982329,0.0018946111768228912,3464,"tags=41%, list=23%, signal=32%",6659/596/4193/205717/10409/4851/4192/753/23603/650/4208/84695/5076/2263/57142/2066/3082/7291/9820/5594/2260/6091/145258/64839/2296/10253/1499/6495/90102/83989/4194/9475/5308/657/10016/2131/23275/139285/4902/5747/5728/9231/6899/2043/6092/56983/6926/4088/10500/1655/10370/2297/4488/7049/202018/7080/408050/23493/10505/8320/3066/8482/23272/25800/147906/5754/4254/3280/4040/5311/659/3202/144165/6909/7869/2316/90/10521/54949/4139/3169/25805/7048/182/10252/652/51094/6662/200734,SeAx,Up
GO:0009952,anterior/posterior pattern specification,133,0.4425728565750291,1.7496782157383242,3.8356171440670786e-5,0.0023824913846595967,0.0019602718471311968,2793,"tags=38%, list=19%, signal=31%",7157/50937/10409/4851/2033/650/3955/3217/7026/1952/7832/5125/4041/2296/6015/10655/1399/1499/7703/7289/79365/27023/9968/657/2186/3219/3227/6899/56983/6926/4088/93/3087/3216/4488/3212/23493/23424/3226/23272/11022/8553/3218/3280/4040/3975/3207/659/3202/3200/144165,SeAx,Up
GO:0007224,smoothened signaling pathway,118,0.4628744589141184,1.7989730257638488,4.140946351128068e-5,0.0025429175092609177,0.0020922676300436554,3426,"tags=40%, list=23%, signal=31%",50937/22856/6095/55717/23322/84976/2263/6474/54903/25989/5727/2622/84662/64839/5566/146057/3340/92344/7289/137392/403/1495/22873/2121/2131/9231/283219/23432/5925/23552/80178/4825/4294/55733/90410/860/3280/51098/26160/50814/2619/1387/221322/3169/7048/11020/23059,SeAx,Up
GO:0009165,nucleotide biosynthetic process,241,-0.33425892099505483,-1.6231587979177118,4.217983140804223e-5,0.002561121448641126,0.0021072455099653505,2756,"tags=34%, list=19%, signal=28%",4711/23417/4707/6785/226/4709/7371/515/10476/4509/318/4508/4728/50808/55229/790/55739/100/2182/4702/6240/7114/374291/9061/132/2180/4882/4719/509/204/5162/4725/32/4705/3735/506/51703/5635/113/9551/7298/5636/2617/9556/2181/8050/4708/197322/272/6470/5165/65220/513/54539/79877/4694/4522/125061/1841/5631/4860/3251/64802/1738/38/4706/5198/498/518/2023/10135/10632/6392/5634/5160/471/6390/1737/30968/11332/109/3614,SeAx,Down
GO:0061458,reproductive system development,198,0.40555072040129636,1.6780279679343204,4.383770968009026e-5,0.0026322109234578643,0.0021657366747216524,3370,"tags=36%, list=23%, signal=28%",9289/1822/596/10046/10409/4851/5660/55870/91603/55585/5324/3955/10765/2263/8626/8204/7026/55840/55366/5727/1545/6715/49855/2296/7301/1399/1499/9510/3552/25836/1495/7337/1739/599/4201/10265/9420/59338/122042/6092/22836/2620/6926/10370/2674/7080/10388/10018/51742/4254/7812/3975/8879/3207/2309/638/192670/83990/2316/1027/367/54206/1761/10818/55636/10468/2288/3169/8644/10116/128637/652,SeAx,Up
GO:0031069,hair follicle morphogenesis,15,0.7810814374470837,2.0020269237714494,4.7390180229725335e-5,0.002644919363976113,0.0021761929552057153,1431,"tags=53%, list=10%, signal=48%",596/4851/2263/8626/1499/92344/4669/2131,SeAx,Up
GO:0030167,proteoglycan catabolic process,10,0.8560193062557006,1.9715781996289568,4.84550909761085e-5,0.002644919363976113,0.0021761929552057153,1710,"tags=80%, list=12%, signal=71%",2990/2720/3425/4669/6448/2817/138050/10855,SeAx,Up
GO:0060411,cardiac septum morphogenesis,54,0.557294076341186,1.9185997496629699,4.647604195408172e-5,0.002644919363976113,0.0021761929552057153,3808,"tags=57%, list=26%, signal=43%",7157/6659/4193/4851/2263/54903/6091/53834/8321/2535/4091/657/6899/6092/6926/10370/4488/7049/4853/23493/3280/659/6909/90/55636/7048/182/652/64783/4036/7046,SeAx,Up
GO:0061326,renal tubule development,64,0.5312914786059089,1.885537569865804,4.894373360429521e-5,0.002644919363976113,0.0021761929552057153,3644,"tags=52%, list=25%, signal=39%",84445/596/4851/650/4208/3217/5076/55366/5727/5455/1499/6495/1739/100133941/2297/4853/7849/9955/170690/3280/8842/3975/5311/3207/144165/282679/2138/2247/182/652/6662/5087/6772,SeAx,Up
GO:0060538,skeletal muscle organ development,131,0.4506021123868182,1.7751671164059777,4.534408589031299e-5,0.002644919363976113,0.0021761929552057153,3339,"tags=37%, list=23%, signal=29%",3845/7093/596/50937/10409/4851/57190/10472/9215/2033/84976/4208/607/1827/7026/6474/7291/7832/80208/53834/6840/1499/6495/3131/59269/9242/10211/3481/2817/6899/5925/5562/1655/9975/10370/8320/56603/101929726/64208/5530/406/9734/10791/10521/1310/84300/5307/844/4209,SeAx,Up
GO:0043010,camera-type eye development,220,0.40248566768152494,1.6852077181873335,4.8185532499744725e-5,0.002644919363976113,0.0021761929552057153,3464,"tags=38%, list=23%, signal=30%",7111/25987/6659/50937/4851/23322/22882/639/81029/9215/90780/493/10765/6496/5076/9314/11145/7291/261734/1545/6498/4041/49855/2296/6015/148398/10253/6656/1499/7289/4669/5308/5954/55714/2048/1739/4211/9355/5309/4124/57822/4088/93/7020/10370/220/4781/23552/4853/23424/6096/84879/3066/5316/3280/8842/6101/1813/3975/121643/26160/659/144165/23554/23418/6909/1027/2823/4286/147912/10818/130557/55636/221322/120114/2247/128637/5797/7048/182/10252/652/6662/200734,SeAx,Up
GO:1901293,nucleoside phosphate biosynthetic process,242,-0.33279435471345453,-1.6206251768274165,4.648567575974928e-5,0.002644919363976113,0.0021761929552057153,2756,"tags=34%, list=19%, signal=28%",4711/23417/4707/6785/226/4709/7371/515/10476/4509/318/4508/4728/50808/55229/790/55739/100/2182/4702/6240/7114/374291/9061/132/2180/4882/4719/509/204/5162/4725/32/4705/3735/506/51703/5635/113/9551/7298/5636/2617/9556/2181/8050/4708/197322/272/6470/5165/65220/513/54539/79877/4694/4522/125061/1841/5631/4860/3251/64802/1738/38/4706/5198/498/518/2023/10135/10632/6392/5634/5160/471/6390/1737/30968/11332/109/3614,SeAx,Down
GO:0016055,Wnt signaling pathway,341,0.35830952721245923,1.5567502744423194,4.703479762740268e-5,0.002644919363976113,0.0021761929552057153,3324,"tags=35%, list=22%, signal=27%",84445/25987/6659/4851/351/129293/3487/4192/9839/81029/83999/90780/65981/650/25/7091/4811/29969/83786/607/51701/84133/64359/90268/1501/2263/9314/4163/27303/54903/1952/55366/261734/7090/7976/145258/85409/154810/4041/57326/10076/1454/9679/643965/1499/23043/348/8321/23168/26524/84327/2535/1951/9209/9968/10042/63923/6788/79577/2131/83439/139285/4035/6907/252839/115908/9863/5728/7249/57822/8324/2776/10023/4088/55959/5562/81847/100133941/2297/3087/387914/51366/7088/65125/147906/7015/90410/5754/8323/8994/4040/81839/1813/5311/406/65062/9620/4038/2309/144165/5218/57658/3836/79705/9736/9978/4286/2011/54949/80349/23401/4139/100507050/8613/2247/123169/25805/54623,SeAx,Up
GO:0007507,heart development,422,0.3486278650424775,1.544876611981999,4.6086996035159636e-5,0.002644919363976113,0.0021761929552057153,3850,"tags=37%, list=26%, signal=28%",7157/861/6659/4193/10409/4851/55717/23322/3688/3399/639/7161/171023/9215/2033/650/25/4208/10052/1848/9124/2263/57142/88/6474/2066/54903/3398/7291/5125/5727/5594/2260/6091/53834/4204/1281/6464/2296/388591/1399/3340/1499/6495/8321/9510/23054/2535/3552/23767/25836/9260/4669/4194/9475/5308/22873/9968/4091/657/9242/1901/1385/6788/203286/2131/4211/27086/163/1026/5747/5728/9095/7249/6899/5925/1525/6092/8324/6926/5573/4088/93/4772/10370/729991/4488/7049/156/4853/23493/8320/5915/7849/65125/90410/205428/5754/284086/196528/4086/3280/51098/64208/10395/5997/5311/121643/26160/7798/84700/659/9734/144165/80206/6909/4205/2316/90/1027/10818/10454/55636/221322/2138/2064/2247/3192/7048/4209/57534/182/10252/652/23129/1948/10611/23059/6662/6546/27019/8850/6604/64783/2548/7248/4763/10203/1363/78987/9645/8543/4036/7046/5463/27031/22980,SeAx,Up
GO:0006753,nucleoside phosphate metabolic process,473,-0.28342786684998533,-1.455849764150523,4.766168750935689e-5,0.002644919363976113,0.0021761929552057153,2518,"tags=29%, list=17%, signal=25%",7371/3094/515/10476/4509/318/390916/4508/5663/4728/195827/1267/2821/50808/23098/55229/8801/790/55739/100/2182/4702/8459/6240/7114/79077/374291/9061/30833/132/2180/4882/4719/509/79621/204/5162/4725/32/55270/64087/10591/4705/4200/9611/283927/55526/3735/4597/25796/4976/506/51703/5635/8473/113/9551/7298/706/5636/2584/53343/5106/6120/4191/5151/669/2617/51292/9556/2181/8050/4708/197322/272/6470/11315/56953/5165/65220/3091/2475/513/3417/54539/79877/4694/1743/4522/8803/125061/1841/5631/4860/3251/64802/1738/5226/25996/11164/38/4706/5901/5198/29789/498/518/2023/23597/8505/402/8226/3418/3099/3939/6888/10135/10632/8514/11163/6392/5634/3312/11182/5160/471/6390/1737/3098/5230/953/30968/11332/109/93974/3614,SeAx,Down
GO:0007611,learning or memory,178,0.41887659611465466,1.7143961604916103,4.990102008200905e-5,0.0026558477743578324,0.0021851846583208316,3082,"tags=38%, list=21%, signal=31%",3845/2760/351/23385/3688/4192/10919/9215/2033/894/25/4208/107/4125/6310/1827/10550/10769/7832/80208/5594/23208/567/4204/25946/55902/348/27023/6446/4212/1268/590/1385/100132074/7337/2048/5641/23236/55236/22849/23152/5728/55450/84197/8301/114781/9486/4137/10411/5621/90410/3269/54413/8516/85358/85461/10882/1813/8554/28964/81832/29767/8061/6326/2237/7436/8867/10636,SeAx,Up
GO:0007610,behavior,408,0.3465174646024055,1.5312027389377234,5.0128881011195216e-5,0.0026558477743578324,0.0021851846583208316,2732,"tags=28%, list=18%, signal=23%",3845/2760/7111/7157/2583/596/7057/351/23385/3688/4192/3074/27/20/10919/9215/2033/55585/894/25/7345/4208/107/1374/4125/6310/824/1827/10550/10769/3398/3073/261734/7832/80010/80208/5594/23208/567/4204/1272/142/1454/25946/57555/55902/348/6328/7466/26090/127343/3953/4985/4669/285382/27023/6446/4212/6448/1268/590/1385/100132074/7337/2048/5641/2131/4211/84251/3198/5309/23236/55236/22849/10499/23152/5728/79924/55450/6899/2043/2861/84197/8301/2115/5562/114781/9975/220/7080/9486/4137/10411/2894/84879/5028/3066/148523/5621/90410/3269/54413/8516/85358/3218/94103/85461/10882/1813/8554/28964/81832/80045,SeAx,Up
GO:0008033,tRNA processing,129,-0.40191448688399967,-1.7752282312942298,5.252112499891846e-5,0.0027555743640209256,0.0022672379355690503,3053,"tags=40%, list=21%, signal=32%",113179/1653/54901/6301/131965/348180/54859/221078/127253/55623/84705/1787/25821/10667/54802/54974/81627/54517/54920/80324/10557/93587/84520/81605/123263/60487/6741/55798/3735/79693/91801/9692/115708/8846/10248/55250/55226/55140/158234/55644/57570/3028/134637/51637/84881/24140/207/25940/283989/23587/60528/79828,SeAx,Down
GO:0048608,reproductive structure development,195,0.403288752589287,1.6659163661447571,5.3926462036385e-5,0.002802101931198313,0.0023055199963733833,3370,"tags=36%, list=23%, signal=29%",9289/1822/596/10046/10409/4851/5660/55870/91603/5324/3955/10765/2263/8626/8204/7026/55840/55366/5727/1545/6715/49855/2296/7301/1399/1499/9510/3552/25836/1495/7337/1739/599/4201/10265/9420/59338/122042/6092/22836/2620/6926/10370/2674/7080/10388/10018/51742/4254/7812/3975/8879/3207/2309/638/192670/83990/2316/1027/367/54206/1761/10818/55636/10468/2288/3169/8644/10116/128637/652,SeAx,Up
GO:0043583,ear development,138,0.4399595685953496,1.7410025585487776,5.573925913390185e-5,0.0028416505316943928,0.002338059886609746,3455,"tags=44%, list=23%, signal=34%",25987/596/4851/23322/1050/650/4646/780/26018/5076/2263/9423/54903/7291/26020/2624/5594/2260/102/7976/145258/10253/5298/6495/2535/25836/4669/2048/613/3198/115908/6899/2043/1687/57822/6926/25861/7020/220/23493/140469/10018/7849/90410/5754/8516/3280/8323/11078/6909/1027/2561/55636/2138/9261/2247/182/652/11020/9497/6662,SeAx,Up
GO:0060541,respiratory system development,158,0.4246767292367417,1.7198324599849564,5.547549514079529e-5,0.0028416505316943928,0.002338059886609746,3727,"tags=41%, list=25%, signal=31%",3845/10409/4851/1522/57190/23322/3988/302/7161/171023/2033/84976/1050/650/84695/8817/2263/5594/2260/53834/4204/1281/10253/1499/6495/7289/657/9242/1385/2131/7917/4124/9231/79925/93/220/4781/7080/8546/8914/9678/5754/3280/659/9620/3202/5154/6909/54206/10454/55636/3169/2355/2247/1512/7048/10252/652/6662/7067/10365/26257/4323/10905/4054,SeAx,Up
GO:0043062,extracellular structure organization,189,0.41139459618373897,1.6912815747518335,5.808305333161048e-5,0.002853462001854755,0.002347778155719834,2560,"tags=30%, list=17%, signal=25%",861/7093/1515/4851/1298/351/4921/3688/5468/302/9215/1471/650/25/3915/4811/11005/84695/780/10491/1520/102/1545/10609/1281/57326/2296/9510/55790/90102/4643/3690/149371/79625/2621/10211/2131/4035/100287171/11107/59277/2192/5925/2620/4088/333/55959/7049/79875/602/4324/5768/170690/8516/4325/56155,SeAx,Up
GO:0045229,external encapsulating structure organization,189,0.4113626166421099,1.6911501038719825,5.808305333161048e-5,0.002853462001854755,0.002347778155719834,2487,"tags=29%, list=17%, signal=25%",861/7093/1515/4851/1298/351/4921/3688/5468/302/9215/1471/650/25/3915/4811/11005/84695/780/10491/1520/102/1545/10609/1281/57326/2296/9510/55790/90102/4643/3690/149371/79625/2621/10211/2131/4035/100287171/11107/59277/2192/5925/2620/4088/333/55959/7049/79875/602/4324/5768/170690/8516/4325,SeAx,Up
GO:0002009,morphogenesis of an epithelium,344,0.358648633994766,1.557272420275729,5.7815309176063875e-5,0.002853462001854755,0.002347778155719834,3455,"tags=36%, list=23%, signal=29%",23654/3845/84445/596/4851/1522/23322/3688/4192/81029/3627/650/25/10765/4208/4233/780/3685/3217/5076/2263/8626/9314/9423/2066/54903/55366/3082/7291/23245/5727/2260/7976/4041/5566/1435/5420/10253/388591/1499/92344/6495/8321/7289/90102/2535/23767/4669/3690/9968/6788/4649/388/1739/2131/27086/9355/23671/115908/5728/59277/9420/9024/9231/7249/2043/57822/6926/54101/4088/83478/7020/10370/220/2297/23552/4488/3212/760/4853/7080/94134/79864/7849/84962/8914/9955/170690/90410/5754/3280/8323/51098/10395/3975/5311/121643/26160/7798/3207/9620/3202/144165/5154/6909/2316/90/367/10818/2138/10468/3169/2247/6868/1512/10116/7048/57534/182/10252/652/23129/1948/23059/6662,SeAx,Up
GO:0071363,cellular response to growth factor stimulus,491,0.3314436842129913,1.478153837208754,5.699180876250512e-5,0.002853462001854755,0.002347778155719834,3467,"tags=35%, list=23%, signal=28%",56940/7157/4193/7057/4851/5829/83891/23191/9315/4921/3688/5468/753/3592/9839/2033/5139/493/650/25/10765/56884/4208/8817/51701/5076/2263/9314/57608/9480/8573/4052/4093/2066/5579/6272/5335/3082/7291/11171/2549/2260/3315/135228/6091/8895/10563/6498/53834/3397/25778/1281/5083/6464/6715/1030/142/2296/1454/9693/6653/10253/3248/1399/3340/64762/1499/25942/8321/2591/26524/23767/4985/22905/3690/4734/678/4091/5170/657/10016/51341/1385/5587/79625/2186/7337/23090/5970/2621/8692/5641/2131/7050/3077/5309/5747/9863/5796/55614/2817/1795/6899/54778/4756/4088/55959/93/4772/1655/10370/2889/2297/2674/3087/4488/7049/4853/7080/4681/387914/64388/4137/27020/79176/1845/3066/860/51742/8516/11075/4086/3280/222223/26036/3975/2261/659/2309/53918/6909/23111/90/10755/2339/5046/2619/847/10818/23064/1387/10454/5894/10468/2064/9261/2247/6868/9392/9638/25805/8737/5526/7048/10252/652/375616/9497/5928/6662/7099/200734/9146,SeAx,Up
GO:0072080,nephron tubule development,62,0.5312284696624988,1.8818487300388693,6.090552868363279e-5,0.0029651664595166808,0.0024396866112817916,3644,"tags=52%, list=25%, signal=39%",84445/596/4851/650/4208/3217/5076/55366/5727/5455/1499/6495/1739/100133941/2297/4853/7849/9955/170690/3280/8842/3975/5311/3207/282679/2138/2247/182/652/6662/5087/6772,SeAx,Up
GO:0002504,antigen processing and presentation of peptide or polysaccharide antigen via MHC class II,29,0.6583485732956413,2.0158367519003333,6.217626496365857e-5,0.0029795236123231674,0.0024514994231277145,2573,"tags=55%, list=17%, signal=46%",1515/7057/3123/3117/3119/1520/8722/3127/567/1509/5641/29108/1514/81622/55207/3115,SeAx,Up
GO:0030324,lung development,136,0.43885748395522245,1.7381774820897589,6.230313993199813e-5,0.0029795236123231674,0.0024514994231277145,4278,"tags=46%, list=29%, signal=33%",3845/4851/1522/57190/3988/302/7161/171023/2033/1050/650/84695/8817/2263/5594/2260/4204/1281/10253/1499/657/1385/2131/7917/4124/9231/93/4781/7080/8546/8914/9678/5754/3280/659/9620/3202/5154/6909/54206/10454/3169/2355/2247/1512/7048/10252/652/6662/7067/10365/26257/4323/10905/4054/27031/26154/3675/2294/6431/5629/2254/3911,SeAx,Up
GO:0042274,ribosomal small subunit biogenesis,103,-0.41458033868592936,-1.7855154743639303,7.06680129766485e-5,0.0033454034869831503,0.002752538924191988,2993,"tags=36%, list=20%, signal=29%",57647/10171/6201/23160/6194/6217/51406/134430/27292/9136/83732/4809/27340/25983/84128/6207/64745/55226/51077/90121/7520/64434/9790/29777/6210/2091/84916/55720/84946/6208/5822/5394/6209/92856/51081/6230/28987,SeAx,Down
GO:0048562,embryonic organ morphogenesis,196,0.4043086688597414,1.671849294110724,7.119196909753188e-5,0.0033454034869831503,0.002752538924191988,3455,"tags=40%, list=23%, signal=31%",23314/4851/4646/4208/26018/3217/6496/5076/2263/9423/6474/3398/7291/2624/5594/2260/7976/145258/10253/388591/3340/1499/6495/7703/7289/2535/25836/4669/9968/3219/2048/1739/613/3198/115908/10265/3227/6899/57822/6926/25861/4088/7020/10370/220/3216/3212/4853/140469/5915/28982/7849/5754/860/8516/4325/3218/3280/8323/51098/3975/5311/121643/11078/26160/3207/3202/3200/6909/90/10818/55636/2138/7048/57534/652/23059/6662,SeAx,Up
GO:0006270,DNA replication initiation,36,-0.5919727537338374,-2.035887034055729,7.755970341822653e-5,0.0034998612762908933,0.00287962406619906,3723,"tags=58%, list=25%, signal=44%",11073/4172/4176/23595/64318/4171/4998/5557/222229/4999/81620/4683/1017/55388/5422/5000/4175/23594/5001/25792/997,SeAx,Down
GO:0019884,antigen processing and presentation of exogenous antigen,36,0.6226989442147414,1.9878332084348094,7.771712678662235e-5,0.0034998612762908933,0.00287962406619906,2573,"tags=50%, list=17%, signal=41%",3105/1515/3123/3117/3119/3140/1520/8722/3127/567/3551/1509/5641/1514/81622/8546/3134/3115,SeAx,Up
GO:2001026,regulation of endothelial cell chemotaxis,14,0.7865544103498767,1.9811921375042,7.585575677643748e-5,0.0034998612762908933,0.00287962406619906,1429,"tags=64%, list=10%, signal=58%",7057/4851/8817/4233/2260/3315/10563/5587/5641,SeAx,Up
GO:0002181,cytoplasmic translation,155,-0.36719983798660855,-1.6834563622761178,7.757650715966031e-5,0.0034998612762908933,0.00287962406619906,3035,"tags=34%, list=20%, signal=27%",54505/8893/6301/6152/6201/51121/54956/1974/6130/6194/6142/6217/8562/6132/8892/8665/1981/57409/2107/25873/55854/8890/23521/6146/6137/170506/2332/6231/6139/6207/6170/6188/10492/6181/6169/7555/2475/6210/1968/1983/6154/6144/6135/1819/6208/24140/6235/6209/6164/6133/6230/6168/6157,SeAx,Down
GO:0198738,cell-cell signaling by wnt,342,0.35820315564835425,1.556393522039905,7.645615598538193e-5,0.0034998612762908933,0.00287962406619906,3324,"tags=35%, list=22%, signal=27%",84445/25987/6659/4851/351/129293/3487/4192/9839/81029/83999/90780/65981/650/25/7091/4811/29969/83786/607/51701/84133/64359/90268/1501/2263/9314/4163/27303/54903/1952/55366/261734/7090/7976/145258/85409/154810/4041/57326/10076/1454/9679/643965/1499/23043/348/8321/23168/26524/84327/2535/1951/9209/9968/10042/63923/6788/79577/2131/83439/139285/4035/6907/252839/115908/9863/5728/7249/57822/8324/2776/10023/4088/55959/5562/81847/100133941/2297/3087/387914/51366/7088/65125/147906/7015/90410/5754/8323/8994/4040/81839/1813/5311/406/65062/9620/4038/2309/144165/5218/57658/3836/79705/9736/9978/4286/2011/54949/80349/23401/4139/100507050/8613/2247/123169/25805/54623,SeAx,Up
GO:0048002,antigen processing and presentation of peptide antigen,54,0.5503399054043626,1.8946585825396818,7.855618326169966e-5,0.0035084100359192147,0.002886657834688294,2573,"tags=44%, list=17%, signal=37%",3105/1515/3123/3117/55080/3119/3140/1520/8722/3127/567/3551/1509/80329/5641/3077/29108/1514/81622/4277/3416/3134/3106/3115,SeAx,Up
GO:0051960,regulation of nervous system development,323,0.36319175842795925,1.5721351686156275,7.971582487243516e-5,0.0035310189968085215,0.0029052600885346516,2956,"tags=32%, list=20%, signal=26%",23654/3845/7157/1890/22954/50937/4851/23191/3688/375790/4192/302/7161/65981/5324/650/147381/5783/22891/5364/57142/9682/9423/6474/3398/51441/9820/7832/1627/2624/6091/27242/7976/22902/6498/567/4204/1030/9693/57555/6653/3572/58494/1499/1075/79365/6596/23767/1495/9746/57698/56288/657/5970/2048/1739/2664/9355/5309/4124/58497/5728/1946/9231/57463/5925/2043/6092/1523/51393/10500/10810/63925/8408/57465/23493/10505/4137/27020/5915/4825/3066/8482/81559/9928/4135/54413/85358/63827/8553/3280/222223/5530/1813/55558/659/406/4038/2119/23111/7869/4133/22920/56965,SeAx,Up
GO:0072010,glomerular epithelium development,16,0.7555584096443809,1.9856742399274883,8.610822697450521e-5,0.0037480422354550067,0.003083822977630985,2569,"tags=69%, list=17%, signal=57%",10409/171023/5175/2296/5420/4643/2131/9863/100133941/4853/8842,SeAx,Up
GO:1901863,positive regulation of muscle tissue development,15,0.7714841141167904,1.9774275685925744,8.557859878040436e-5,0.0037480422354550067,0.003083822977630985,1906,"tags=60%, list=13%, signal=52%",596/50937/4208/6474/1499/1385/10211/3481/5562,SeAx,Up
GO:0048762,mesenchymal cell differentiation,173,0.40768511988282286,1.6598342029819924,8.66960176594885e-5,0.0037480422354550067,0.003083822977630985,3464,"tags=43%, list=23%, signal=33%",596/205717/4851/4192/753/23603/650/4208/84695/5076/2263/57142/2066/3082/7291/9820/5594/2260/145258/64839/2296/10253/1499/6495/90102/83989/9475/5308/657/10016/2131/23275/139285/4902/5747/5728/9231/6899/2043/6926/4088/10500/1655/10370/4488/7049/202018/7080/23493/10505/8320/3066/8482/23272/25800/147906/4254/3280/4040/7869/2316/90/10521/54949/4139/3169/25805/7048/182/10252/652/51094/6662/200734,SeAx,Up
GO:0042255,ribosome assembly,60,-0.4932038747636081,-1.9197368419488974,8.902795815271445e-5,0.0038183102052164195,0.0031416382225318788,1425,"tags=30%, list=10%, signal=27%",51001/51116/23195/6169/7520/29777/1983/6135/83939/6208/5822/55052/6209/51119/51388/1964/51081/708,SeAx,Down
GO:0060675,ureteric bud morphogenesis,41,0.5971442059200311,1.9447409179617279,9.381316819389098e-5,0.0038741363342411615,0.003187570975853104,3618,"tags=56%, list=24%, signal=43%",84445/596/650/3217/5076/55366/5727/1499/6495/1739/2297/7849/9955/170690/3280/3975/5311/3207/2138/2247/652/6662/5087,SeAx,Up
GO:0072171,mesonephric tubule morphogenesis,41,0.5971442059200311,1.9447409179617279,9.381316819389098e-5,0.0038741363342411615,0.003187570975853104,3618,"tags=56%, list=24%, signal=43%",84445/596/650/3217/5076/55366/5727/1499/6495/1739/2297/7849/9955/170690/3280/3975/5311/3207/2138/2247/652/6662/5087,SeAx,Up
GO:0061448,connective tissue development,194,0.4062202025458989,1.677636666376148,9.115538566898555e-5,0.0038741363342411615,0.003187570975853104,3482,"tags=39%, list=23%, signal=30%",25987/861/22856/23314/4851/4192/5468/3988/81029/9215/650/4208/8817/11145/79068/6474/4773/2260/4856/4041/1281/57326/1435/142/6653/1499/54928/9658/55790/3690/3570/7227/657/84649/2121/8692/2131/139285/10499/5925/51222/875/4088/55959/5562/2297/4781/4488/102724560/202018/5744/8609/5915/860/9462/4086/399979/2261/3207/659/3202/3200/23111/54206/116236/7076/3169/2355/5307/2247/7048/4209/652/2822/6662/7067,SeAx,Up
GO:1901342,regulation of vasculature development,200,0.39569370333459847,1.6355899595587107,9.291749607807641e-5,0.0038741363342411615,0.003187570975853104,2517,"tags=31%, list=17%, signal=26%",861/7057/3688/4192/1647/5468/79805/3627/493/25/6678/11005/3162/8817/1232/5315/9314/57608/576/10769/5579/5335/7291/2549/2624/3315/102/1545/10563/4204/146850/2296/10253/1499/9510/3552/9475/22905/3690/140862/5170/63923/10016/154796/5587/5970/388/10298/79924/4814/55810/57343/23328/3087/10411/23251/65125/7015/11126/284361/55109/4086,SeAx,Up
GO:0009117,nucleotide metabolic process,468,-0.2837548098359239,-1.4609921592433757,9.391411172938418e-5,0.0038741363342411615,0.003187570975853104,2518,"tags=29%, list=17%, signal=25%",7371/3094/515/10476/4509/318/390916/4508/5663/4728/195827/1267/2821/50808/23098/55229/8801/790/55739/100/2182/4702/8459/6240/7114/79077/374291/9061/30833/132/2180/4882/4719/509/79621/204/5162/4725/32/55270/64087/10591/4705/4200/9611/283927/55526/3735/4597/25796/4976/506/51703/5635/8473/113/9551/7298/706/5636/2584/53343/5106/6120/4191/5151/669/2617/51292/9556/2181/8050/4708/197322/272/6470/11315/56953/5165/65220/3091/2475/513/3417/54539/79877/4694/1743/4522/8803/125061/1841/5631/4860/3251/64802/1738/5226/25996/11164/38/4706/5901/5198/29789/498/518/2023/23597/8505/402/8226/3418/3099/3939/6888/10135/10632/8514/11163/6392/5634/3312/11182/5160/471/6390/1737/3098/5230/30968/11332/109/93974/3614,SeAx,Down
GO:0003156,regulation of animal organ formation,16,0.7535547303923756,1.9804083938658228,9.741027474650168e-5,0.003979143945351583,0.0032739693843089114,3370,"tags=88%, list=23%, signal=68%",650/2260/6091/1499/6495/3227/6092/10370/3207/367/10818/2247/10252/652,SeAx,Up
GO:0003206,cardiac chamber morphogenesis,84,0.4920117703324158,1.8298128870285248,1.0004554004054869e-4,0.003979143945351583,0.0032739693843089114,3808,"tags=46%, list=26%, signal=35%",7157/6659/4193/4851/650/4208/2263/6474/54903/6091/53834/2296/8321/9510/2535/4669/4091/657/6899/6092/6926/10370/4488/7049/4853/23493/3280/659/6909/90/55636/7048/182/652/6604/64783/1363/4036/7046,SeAx,Up
GO:0035107,appendage morphogenesis,104,0.47214702403773445,1.8062872107215067,9.909272537349585e-5,0.003979143945351583,0.0032739693843089114,3618,"tags=52%, list=24%, signal=40%",4851/23322/9215/2263/8626/6474/54903/7291/3899/5125/5727/2260/4041/1281/1499/221833/54928/7289/137392/25836/7700/5089/444/657/2131/3227/51222/6926/7020/4488/4853/5915/28982/56603/3226/10018/3066/23288/860/8323/51098/3207/4038/144165/6909/54206/1387/55636/221322/5307/652/6662/2768/5087,SeAx,Up
GO:0035108,limb morphogenesis,104,0.47214702403773445,1.8062872107215067,9.909272537349585e-5,0.003979143945351583,0.0032739693843089114,3618,"tags=52%, list=24%, signal=40%",4851/23322/9215/2263/8626/6474/54903/7291/3899/5125/5727/2260/4041/1281/1499/221833/54928/7289/137392/25836/7700/5089/444/657/2131/3227/51222/6926/7020/4488/4853/5915/28982/56603/3226/10018/3066/23288/860/8323/51098/3207/4038/144165/6909/54206/1387/55636/221322/5307/652/6662/2768/5087,SeAx,Up
GO:0072522,purine-containing compound biosynthetic process,217,-0.33639489644742954,-1.6094089668586264,1.0014129840263052e-4,0.003979143945351583,0.0032739693843089114,2756,"tags=35%, list=19%, signal=29%",4711/23417/4707/6785/226/4709/515/10476/4509/318/4508/4728/50808/55229/55739/100/2182/4702/7114/374291/9061/132/2180/4882/4719/509/204/5162/4725/32/4705/506/51703/5635/113/9551/5636/9556/2181/8050/4708/197322/272/6470/5165/65220/513/54539/79877/4694/4522/125061/5631/4860/3251/64802/1738/38/4706/51816/5198/498/518/2023/10135/10632/6392/5634/5160/471/6390/1737/30968/11332/109/3614,SeAx,Down
GO:0051146,striated muscle cell differentiation,204,0.3950945225592283,1.6376935666668866,1.0387450264618599e-4,0.0040676653065216594,0.003346803197387411,3469,"tags=35%, list=23%, signal=27%",3845/7111/596/22954/50937/4851/57190/3688/9759/9215/3627/650/4208/607/7138/824/1827/88/6474/4773/6272/80208/4856/58494/6495/79365/4669/10014/3756/657/5587/10211/4211/27086/3481/3856/6899/5925/1525/8324/6926/4756/5573/23493/5915/56603/5738/90410/101929726/84033/64208/85461/5530/5997/84700/9734/144165/80206/4205/29767/90/50804/10818/844/3192/652/1948/10611/29765/6546/8740,SeAx,Up
GO:0019693,ribose phosphate metabolic process,375,-0.29134441540792105,-1.484477377042423,1.0379727738914919e-4,0.0040676653065216594,0.003346803197387411,2793,"tags=32%, list=19%, signal=27%",957/3156/4711/114789/23417/4707/5223/254552/6785/226/4709/7371/3094/515/10476/4509/318/390916/4508/5663/4728/195827/2821/50808/55229/8801/790/100/2182/4702/8459/7114/374291/9061/30833/132/2180/4882/4719/509/79621/204/5162/4725/32/64087/4705/9611/283927/55526/4597/4976/506/51703/5635/8473/113/9551/706/5636/2584/53343/6120/5151/669/51292/9556/2181/8050/4708/197322/272/5165/65220/3091/2475/513/54539/79877/4694/1743/4522/8803/5631/4860/3251/64802/1738/11164/38/4706/5901/5198/29789/498/518/2023/23597/8505/402/3099/3939/6888/10632/11163/6392/5634/3312/11182/5160/471/6390/1737/3098/5230/30968/11332/109/93974/3614,SeAx,Down
GO:0001764,neuron migration,129,0.4369583588600204,1.7199103695047433,1.0553905332073266e-4,0.0041031154255053185,0.0033759709293962495,3173,"tags=41%, list=21%, signal=33%",23654/9289/23314/23380/84628/4192/9215/4208/8633/7026/9423/1952/7291/84892/23245/2624/2260/7976/57630/1281/7301/9693/6656/1399/653464/29967/1499/26053/25836/57698/63923/79625/2621/4756/7080/57465/8320/4825/6695/8941/23284/1813/3975/5830/55558/9620/2316/2823/2011/10806/170302/120114/4139,SeAx,Up
GO:0007156,homophilic cell adhesion via plasma membrane adhesion molecules,72,0.5078690891151763,1.8310192521754798,1.0750338209033259e-4,0.004120200544795442,0.003390028263901194,4714,"tags=64%, list=32%, signal=44%",23654/3688/23705/23022/1952/5175/6091/64403/1951/79633/2196/57575/9746/55714/253559/222256/57463/6092/54510/81607/27020/5754/56122/9620/56127/5099/120114/5797/5101/83872/90952/56109/147409/8832/56106/56126/1825/56129/5291/1016/5819/5817/25945/5310/56121/56125,SeAx,Up
GO:0006164,purine nucleotide biosynthetic process,209,-0.33837061064977597,-1.6096095091072113,1.0712980073232026e-4,0.004120200544795442,0.003390028263901194,2756,"tags=35%, list=19%, signal=29%",4711/23417/4707/6785/226/4709/515/10476/4509/318/4508/4728/50808/55229/55739/100/2182/4702/7114/374291/9061/132/2180/4882/4719/509/204/5162/4725/32/4705/506/51703/5635/113/9551/5636/9556/2181/8050/4708/197322/272/5165/65220/513/54539/79877/4694/4522/125061/5631/3251/64802/1738/38/4706/5198/498/518/2023/10135/10632/6392/5634/5160/471/6390/1737/30968/11332/109/3614,SeAx,Down
GO:0050673,epithelial cell proliferation,291,0.3668769730358665,1.5742828190009976,1.0847251313068122e-4,0.004128066626466207,0.0033965003370199963,3392,"tags=35%, list=23%, signal=28%",7057/4851/3487/23385/4192/283131/5468/3988/3592/9839/79805/90780/10765/6678/3915/4208/3162/1232/5076/2263/57142/8626/57608/7026/4163/8573/55840/3398/5335/55366/3082/7291/5727/2624/5594/2260/135228/4856/6091/567/1030/8660/7039/1499/6495/348/3690/5170/657/1021/10016/5587/6788/60675/79577/1739/599/1026/1992/5796/3481/9420/637/6899/5925/8324/4088/55959/57343/4781/4830/7049/4853/4825/860/284361/55109/3280/51098/1813/26160/659/3202/282679/6909/1027/367/54206/3676/253260/10818/170302/5894/2138/10468/2064/7051/2247/6868/5797/182/652/1948,SeAx,Up
GO:0060562,epithelial tube morphogenesis,235,0.3831129096577884,1.6143383740015937,1.1004838499214388e-4,0.004158751555926892,0.003421747355221316,3455,"tags=37%, list=23%, signal=29%",23654/3845/84445/596/4851/1522/4192/3627/650/25/10765/4208/4233/780/3217/5076/2263/9423/54903/55366/7291/5727/7976/4041/5566/1435/5420/10253/388591/1499/6495/8321/7289/2535/9968/6788/388/1739/2131/27086/9355/115908/9231/7249/2043/57822/6926/4088/10370/2297/23552/4488/4853/7080/7849/8914/9955/170690/5754/3280/8323/51098/10395/3975/5311/121643/26160/7798/3207/9620/3202/144165/6909/90/367/2138/3169/2247/1512/7048/57534/10252/652/23129/1948/23059/6662,SeAx,Up
GO:0033108,mitochondrial respiratory chain complex assembly,100,-0.4189275672626272,-1.782412768574052,1.1172687817377208e-4,0.004192861455910169,0.0034498123786989277,2910,"tags=35%, list=20%, signal=28%",84987/137682/4711/4707/5018/84233/4709/4728/57226/4702/7386/374291/4719/131474/80224/4725/728568/4705/90624/4708/57001/91942/54902/51295/55471/54539/4694/617/647087/4706/90871/6341/9131/84275/55572,SeAx,Down
GO:0035265,organ growth,120,0.4463540082659235,1.7400014224077387,1.1725080841957532e-4,0.004369816335857827,0.003595407729686288,2689,"tags=39%, list=18%, signal=32%",25987/861/596/10409/4851/4921/5660/7161/10919/5324/25/4208/1848/2263/2066/2260/2296/10253/26524/3953/657/1901/7337/6788/23286/2121/2131/4211/27086/3481/5728/5573/93/10370/4488/7049/55841/23493/5915/28982/10018/205428/196528/4086/3574/5997/2261,SeAx,Up
GO:0035767,endothelial cell chemotaxis,19,0.7166541086172091,1.9556701864975254,1.2138858858253241e-4,0.00443232386959463,0.0036468378248408037,1429,"tags=53%, list=10%, signal=48%",7057/4851/8817/4233/2260/3315/4856/10563/5587/5641,SeAx,Up
GO:0042063,gliogenesis,243,0.3826230795342994,1.6180298429122495,1.2083844266764929e-4,0.00443232386959463,0.0036468378248408037,2526,"tags=28%, list=17%, signal=23%",3845/7157/9289/6659/23380/4851/351/23385/4192/3074/9839/20/7161/9215/5324/650/25/5453/22891/5076/57142/9682/9423/3398/4664/5594/27242/4204/1272/1281/1030/1435/3572/6656/1399/653464/1499/1191/3953/116448/4669/9968/56288/1021/5970/4035/5309/1031/10100/5728/2817/5925/2043/10810/4781/5454/7080/4720/4137/8320/4825/5028/3066/8941/9463/63827/3280,SeAx,Up
GO:0046390,ribose phosphate biosynthetic process,199,-0.340239399131453,-1.6120089519984242,1.2126677020708774e-4,0.00443232386959463,0.0036468378248408037,2756,"tags=35%, list=19%, signal=29%",4711/23417/4707/6785/226/4709/7371/515/10476/4509/318/4508/4728/50808/55229/790/100/2182/4702/7114/374291/9061/132/2180/4882/4719/509/204/5162/4725/32/4705/506/51703/5635/113/9551/5636/9556/2181/8050/4708/197322/272/5165/513/54539/79877/4694/4522/5631/3251/1738/38/4706/5198/498/518/2023/10632/6392/5634/5160/471/6390/1737/30968/11332/109/3614,SeAx,Down
GO:0000963,mitochondrial RNA processing,22,-0.6709752806409863,-2.0456349265482996,1.2380340434940866e-4,0.004490158369826875,0.0036944230305326893,2472,"tags=55%, list=17%, signal=46%",9238/25821/54802/80324/9692/57570/3028/6832/84881/60528/79675/79828,SeAx,Down
GO:0072594,establishment of protein localization to organelle,405,-0.2890956337365594,-1.4738805397861234,1.2628029774146429e-4,0.004549458193299153,0.0037432138783154044,2513,"tags=29%, list=17%, signal=25%",80273/22863/3320/581/9688/55612/5663/347/26515/9709/222229/23435/653489/23558/3840/65057/64112/55696/9697/23788/54557/1459/80149/727851/25913/10651/11142/58477/55275/57602/134266/55750/23480/26520/23230/3587/131474/8239/1434/3059/9531/79035/3308/118424/26521/908/54899/3920/10452/10245/9818/5192/5195/129401/29928/9512/706/26519/22879/5880/7879/4285/23163/9927/51100/26262/1386/60559/79902/83752/158234/55027/7341/5898/51194/84268/4927/6730/10890/3329/55823/10055/10469/29103/100507582/617/3843/9049/26517/6747/6950/6734/10075/3998/207/5901/867/8031/27183/8882/7128/4000/4928/3099/6449/8504/23534/100287932/6729/3621/9131/56947/7323/3312/29098/3098/93974/10527,SeAx,Down
GO:0030178,negative regulation of Wnt signaling pathway,126,0.4302511839168121,1.6863643751983608,1.2784690399139594e-4,0.004575395160062938,0.0037645543566375496,1543,"tags=25%, list=10%, signal=23%",84445/25987/4851/129293/3487/4192/83999/650/7091/83786/51701/84133/64359/4163/27303/261734/7090/145258/85409/10076/1454/643965/1499/348/8321/26524/10042/63923/6788/139285/4035/115908,SeAx,Up
GO:0061548,ganglion development,11,0.821955415065751,1.9498170821521479,1.299160915945357e-4,0.0046188589406373085,0.00380031558791772,1042,"tags=55%, list=7%, signal=51%",8633/1545/7976/1499/6495/7289,SeAx,Up
GO:0001503,ossification,293,0.3630597739444969,1.560543609458502,1.3162743994846039e-4,0.004649115591382222,0.0038252102259531936,3520,"tags=37%, list=24%, signal=28%",861/596/22856/23314/4851/55603/4921/4192/79879/5468/3399/83999/1050/650/4208/8817/2263/5364/8626/6474/6272/4664/55366/3082/7291/5727/5594/338557/4041/5566/3726/7071/1435/2296/3572/3636/1499/8321/54928/55790/25836/9260/7286/3570/4091/657/1021/63923/1901/5587/166929/5734/23051/2131/9562/115908/154/5747/3481/1230/9902/63979/875/4088/93/1655/7020/51430/4488/102724560/202018/6096/5744/79176/8482/8792/860/4325/4086/8994/5530/2261/28964/659/4038/6256/144165/90/847/2550/51564/4745/2355/2247/25805/3192/58476/4209/182/64131/652/4665/2822/6662/6546/7067/1959,SeAx,Up
GO:0014902,myotube differentiation,88,0.4729194765916247,1.7695744640783404,1.3509686673502974e-4,0.00474067186906559,0.0039005411147557466,2772,"tags=35%, list=19%, signal=29%",596/50937/4851/57190/3688/9759/9215/3627/4208/607/824/1827/6474/4773/6272/80208/4856/58494/6495/79365/10014/3756/10211/6899/4756/56603/5738/101929726/85461/5530/9734,SeAx,Up
GO:0001656,metanephros development,51,0.5582042374585574,1.908951508812746,1.3760461087695375e-4,0.0047959775579921714,0.003946045659152855,3677,"tags=59%, list=25%, signal=44%",596/10409/3399/5076/55366/5727/5455/1499/6495/25836/51107/9231/3227/6092/2297/7849/8516/3280/3975/5311/3207/5154/231/2138/1512/10252/652/6662/6772/4763,SeAx,Up
GO:0072521,purine-containing compound metabolic process,434,-0.2828141302947234,-1.4462486963553594,1.3844790877993684e-4,0.0047959775579921714,0.003946045659152855,1844,"tags=29%, list=12%, signal=26%",3094/515/10476/4509/318/390916/4508/5663/4728/195827/2821/50808/23098/55229/8801/55739/100/2182/4702/8459/7114/374291/9061/30833/132/2180/4882/4719/509/204/5162/4725/32/55270/64087/10591/4705/4200/9611/283927/55526/4597/25796/4976/506/51703/5635/23463/8473/113/9551/706/5636/2584/53343/5106/6120/4191/5151/669/51292/9556/2181/8050/4708/197322/272/6470/5165/65220/3091/2475/513/3417/54539/79877/4694/1743/4522/8803/125061/5631/4860/3251/64802/1738/5226/11164/38/4706/51816/5901/5198/29789/498/518/2023/23597/8505/402/3418/3099/3939/6888/10135/10632/8514/11163/23028/6392/5634/3312/11182/5160/471/6390/1737/3098/5230/30968/11332/109/93974/3614,SeAx,Down
GO:0070050,neuron cellular homeostasis,43,0.5813135719475747,1.9211577607269323,1.4606029674234561e-4,0.0050006315669110174,0.00411443136441469,2497,"tags=47%, list=17%, signal=39%",351/3074/9256/529/54664/23557/57551/7301/528/8314/1268/51606/51382/3300/5562/537/760/535/5028/84286,SeAx,Up
GO:0043410,positive regulation of MAPK cascade,306,0.3577773465956339,1.5399372856398814,1.4620647438414892e-4,0.0050006315669110174,0.00411443136441469,2011,"tags=26%, list=14%, signal=23%",7805/56940/11184/50937/7057/4851/351/3487/90441/1647/7161/3123/4281/650/25/1796/4208/8817/10178/5871/2263/10550/57608/2149/2066/153769/3082/2260/23005/6091/23162/338557/6346/57551/25778/56034/146850/57630/7936/6464/55504/9693/10253/4296/1399/7039/3340/64762/1499/8844/23043/9618/348/3552/5610/9475/9170/3690/6788/2621/23286/10174/5795/10912/9290/154/23236/3481/1230/29108/6899/2861/1687/8324/4216/1236/100133941/84231/23328,SeAx,Up
GO:0051052,regulation of DNA metabolic process,464,-0.27666605464009425,-1.4236500063235131,1.4806933544358715e-4,0.005032494897717893,0.004140647950438346,2809,"tags=30%, list=19%, signal=25%",23293/4171/54726/5888/84289/93973/5788/10111/1763/6603/51010/604/79596/2185/387893/5930/80311/22976/3320/7398/581/55693/56252/8193/7334/5984/57662/54537/545/2074/65057/7874/3183/23326/81620/54464/64110/4683/5753/54737/1017/25913/80119/64863/143/54552/57695/54108/5985/86/6416/11176/4609/5982/79677/8239/84083/170506/7528/78996/7465/472/79035/55010/114799/9400/79000/5983/908/9275/7037/116028/6188/23450/890/9760/7320/10459/5976/64061/23175/23049/286053/4175/4292/55226/64282/283899/8607/7520/7454/253461/9212/8658/6778/27000/1677/6883/3326/118460/54386/3146/10926/5531/64802/10728/80169/53615/6950/197370/4361/993/207/3014/6118/23347/9643/5394/11177/8505/3575/4798/29117/5073/5001/9466/23137/8451/25792/1111/9131/7027/6742/23028/54984/1676/2140/126549,SeAx,Down
GO:0003007,heart morphogenesis,175,0.4036186786549787,1.6450288800599286,1.5292341042635052e-4,0.005164988187149989,0.004249661089742793,3844,"tags=42%, list=26%, signal=31%",7157/6659/4193/4851/171023/650/4208/2263/57142/6474/54903/7291/5727/6091/53834/2296/388591/1399/1499/6495/8321/9510/2535/25836/4669/4194/5308/4091/657/1901/2131/5747/9095/6899/6092/6926/4088/10370/4488/7049/4853/23493/196528/3280/51098/10395/5311/121643/26160/659/144165/6909/2316/90/10454/55636/2138/7048/57534/182/10252/652/23129/23059/6662/6604/64783/2548/1363/9645/4036/7046/27031,SeAx,Up
GO:0006163,purine nucleotide metabolic process,414,-0.28358929619087986,-1.44212686998076,1.5514052426208484e-4,0.0052073254230578046,0.004284495419961075,2500,"tags=29%, list=17%, signal=25%",3094/515/10476/4509/318/390916/4508/5663/4728/195827/2821/50808/23098/55229/8801/55739/100/2182/4702/8459/7114/374291/9061/30833/132/2180/4882/4719/509/204/5162/4725/32/55270/64087/10591/4705/4200/9611/283927/55526/4597/25796/4976/506/51703/5635/8473/113/9551/706/5636/2584/53343/5106/6120/4191/5151/669/51292/9556/2181/8050/4708/197322/272/5165/65220/3091/2475/513/3417/54539/79877/4694/1743/4522/8803/125061/5631/4860/3251/64802/1738/5226/11164/38/4706/5901/5198/29789/498/518/2023/23597/8505/402/3418/3099/3939/6888/10135/10632/8514/11163/6392/5634/3312/11182/5160/471/6390/1737/3098/5230/30968/11332/109/93974/3614,SeAx,Down
GO:0000959,mitochondrial RNA metabolic process,53,-0.5130198991003228,-1.9166498805463918,1.5615832618305796e-4,0.005209133300575588,0.004285982909663658,2472,"tags=43%, list=17%, signal=36%",10128/9238/25821/54802/80324/51106/64863/10352/57215/51001/9692/2617/57570/3028/81892/6832/84881/124454/60528/79675/5442/84275/79828,SeAx,Down
GO:0060993,kidney morphogenesis,61,0.5240022542847832,1.8475622669622316,1.6694556734041905e-4,0.005487830235802246,0.0045152898274238755,3644,"tags=48%, list=25%, signal=36%",84445/6659/596/10409/171023/650/3217/5076/2066/55366/5727/1499/6495/1739/2297/7849/9955/170690/3280/5530/3975/5311/3207/2138/2247/652/6662/5087/6772,SeAx,Up
GO:0034329,cell junction assembly,286,0.36949146678435574,1.5832285803410142,1.6755958343955786e-4,0.005487830235802246,0.0045152898274238755,2485,"tags=28%, list=17%, signal=24%",23654/56940/596/23380/7057/351/375790/84628/23603/10160/9215/147381/25/3915/55901/4208/10052/5783/5364/9423/88/2066/119/261734/5175/4204/5566/64403/9693/10580/57555/79983/8934/1399/653464/1499/6495/8321/90102/23767/1495/9475/3551/9746/87/3690/56288/8443/4649/2048/10211/1739/4301/613/286676/5795/222256/125111/5747/5796/5728/1946/9231/57463/6092/4088/2889/3673/1108/81671/79778/55209/27020/1845/84962/79834/23284/54413/56122/85358,SeAx,Up
GO:0007517,muscle organ development,251,0.3740144118370369,1.5816061082486617,1.6683795448345435e-4,0.005487830235802246,0.0045152898274238755,2254,"tags=24%, list=15%, signal=21%",3845/7093/596/50937/10409/4851/57190/3688/10472/3399/9215/2033/84976/221937/3627/650/4208/607/2263/1827/7026/6474/7291/7832/80208/8910/145258/53834/1281/6840/2296/1499/6495/8321/2535/4669/3131/59269/657/9242/1901/1385/10211/2121/3481/2817/6938/6899/5925/2115/4088/5562/1655/9975/10370/7049/23493/4638/8320/56603,SeAx,Up
GO:0001655,urogenital system development,48,0.5511698310671815,1.8543341241333906,1.728698751601202e-4,0.005593944942307124,0.0046025991344238746,3618,"tags=58%, list=24%, signal=44%",4851/5660/5324/5076/2263/8626/55840/5727/2624/6715/1399/1499/27023/7337/2048/9420/7849/3975/3207/1027/367/10818/2288/3169/10116/652/6662/5087,SeAx,Up
GO:1901361,organic cyclic compound catabolic process,488,-0.2757491504376391,-1.4210666005268036,1.7256814857965255e-4,0.005593944942307124,0.0046025991344238746,2500,"tags=28%, list=17%, signal=24%",3094/56829/9238/8570/581/390916/79899/5663/677/195827/1267/23435/2821/255967/23098/8801/3183/2107/54464/26058/100/80149/167153/114609/8659/79077/10957/2081/4939/30833/54790/5625/6741/79621/56267/219988/170506/9444/6050/55270/10591/472/23367/9611/283927/55526/55132/2332/2954/8473/91875/23019/80335/84186/79066/2584/9337/5976/8630/26135/53343/10492/84305/23016/23049/5151/669/4292/9775/6093/64282/22894/124245/1777/10179/272/51690/56953/3091/9704/2475/51092/23185/1677/79882/23405/54555/3163/118460/81892/56006/4363/340152/8803/125061/4860/3251/6832/55795/64802/57109/23034/11164/38/5511/51154/51816/207/550643/10247/5394/9125/2023/8882/402/5073/3099/60528/3939/65109/11340/60496/9131/55629/79675/11163/2935/51170/25804/11182/27044/1312/28960/3098/1676/5230/953/11332/2806,SeAx,Down
GO:0046700,heterocycle catabolic process,464,-0.27552236319630863,-1.4177648740354354,1.7574510447750872e-4,0.00565313419402653,0.004651299005720532,2500,"tags=29%, list=17%, signal=25%",3094/56829/9238/8570/581/390916/79899/5663/677/195827/1267/23435/2821/255967/23098/8801/3183/2107/54464/26058/100/80149/167153/114609/8659/79077/10957/2081/4939/30833/54790/5625/6741/79621/219988/170506/9444/6050/55270/10591/472/23367/9611/283927/55526/55132/2332/8473/91875/23019/80335/84186/79066/2584/9337/5976/26135/53343/10492/84305/23016/23049/5151/669/4292/9775/6093/64282/22894/124245/1777/10179/272/51690/56953/3091/9704/2475/51092/23185/1677/79882/23405/54555/3163/118460/81892/56006/4363/340152/8803/125061/4860/3251/6832/55795/64802/57109/23034/11164/38/5511/51154/51816/207/550643/10247/5394/9125/2023/8882/402/5073/3099/60528/3939/65109/11340/60496/9131/55629/79675/11163/2935/25804/11182/27044/28960/3098/1676/5230/953/11332/2806,SeAx,Down
GO:0110110,positive regulation of animal organ morphogenesis,21,0.6888441814701629,1.9397067282088951,1.8353991213935483e-4,0.005837598638689982,0.004803073093970643,3455,"tags=76%, list=23%, signal=59%",650/5579/2260/6091/1435/1499/6495/3227/6092/3207/367/10818/2247/10252/652/6662,SeAx,Up
GO:0007186,G protein-coupled receptor signaling pathway,434,0.33523757096746065,1.4870316176212846,1.836402236449476e-4,0.005837598638689982,0.004803073093970643,2968,"tags=29%, list=20%, signal=24%",2786/23266/9454/9289/22859/115727/23322/5660/375790/5468/5139/3627/493/92255/9826/166647/107/4233/1232/10178/2778/576/88/2149/5579/6272/1952/55366/84634/57528/6091/7976/10563/338557/6346/5566/146850/2296/1608/7301/9693/26033/6653/3248/1399/6495/348/8321/7289/6373/334/2535/1951/4985/2850/9475/9170/7253/3690/1234/56288/1268/59340/1901/5587/5970/5734/9943/60675/7430/9290/154/23236/59345/3363/8601/1230/57406/23432/79924/115207/2861/122042/51222/8324/2776/5573/333/1236/2696/156/760/202018/4836/6096/5744/5028/7849/65125/152/2774/11247/3269/9463/23284/6002/636/8323/2842/57512/5530/1813/5997/28964/80045/9620/2781/284521/1129/81491/29767/9397/2316/10755/367/26996/727,SeAx,Up
GO:0031126,sno(s)RNA 3'-end processing,11,-0.7879615024880195,-1.9745496236197415,1.9041833912820867e-4,0.006017664939466898,0.004951228467082508,1118,"tags=73%, list=8%, signal=67%",1736/51010/64282/2091/118460/51574/5394/5073,SeAx,Down
GO:0003205,cardiac chamber development,115,0.45195031537518526,1.7486069804314577,2.012328357257071e-4,0.006322454908498379,0.005202004272370789,3844,"tags=45%, list=26%, signal=34%",7157/6659/4193/4851/639/650/4208/2263/6474/54903/6091/53834/2296/3340/8321/9510/2535/4669/4194/4091/657/163/6899/6092/6926/10370/4488/7049/4853/23493/7849/5754/3280/7798/659/6909/90/10818/10454/55636/7048/182/652/23129/6604/64783/1363/78987/8543/4036/7046/27031,SeAx,Up
GO:0048704,embryonic skeletal system morphogenesis,67,0.5227946318843615,1.8696527552607975,2.0287373983306933e-4,0.006337165838485009,0.005214108165834408,3808,"tags=55%, list=26%, signal=41%",23314/3217/2263/6474/7291/145258/3340/1499/6495/7703/7289/25836/9968/3219/1739/3198/10265/3227/6899/4088/7020/3216/3212/28982/860/4325/3218/3975/3207/3202/3200/2138/7048/652/3225/4323/7046,SeAx,Up
GO:0007519,skeletal muscle tissue development,121,0.43977084901695745,1.7170740493558854,2.0781703695736214e-4,0.006344877218743419,0.005220452953362461,3339,"tags=37%, list=23%, signal=29%",3845/7093/596/50937/4851/57190/10472/9215/2033/4208/607/1827/7026/6474/7291/7832/80208/6840/1499/6495/3131/59269/9242/10211/3481/2817/6899/5925/5562/1655/9975/10370/8320/56603/64208/5530/406/9734/10791/10521/1310/84300/5307/844/4209,SeAx,Up
GO:0048839,inner ear development,119,0.4395107773687358,1.7085809033418577,2.0728483871277796e-4,0.006344877218743419,0.005220452953362461,3455,"tags=45%, list=23%, signal=35%",25987/4851/23322/1050/650/4646/26018/5076/2263/9423/54903/26020/2624/2260/102/7976/10253/5298/6495/2535/4669/2048/613/3198/115908/6899/2043/1687/57822/6926/25861/7020/220/23493/140469/7849/90410/5754/8516/3280/8323/11078/6909/1027/2561/55636/2138/9261/2247/182/652/11020/9497/6662,SeAx,Up
GO:0033002,muscle cell proliferation,155,0.4078300488049509,1.6444464794107099,2.0697976626181904e-4,0.006344877218743419,0.005220452953362461,3854,"tags=41%, list=26%, signal=31%",861/4193/7057/4851/57190/4921/5468/3592/7161/650/25/4208/3162/2263/9314/2066/3398/3082/2260/4856/2296/3248/1499/6495/348/9510/3690/3570/657/1901/27086/1026/5728/5573/10370/55810/3673/7049/23493/7015/205428/196528/4086/284/659/6909/3836/26119/1027/147912/10818/2247/4209/652/7099/2768/6772/4763/10203/3725/5739/2660/7046/4615,SeAx,Up
GO:0030900,forebrain development,283,0.3634838629505426,1.5584093401344103,2.0471941958736837e-4,0.006344877218743419,0.005220452953362461,3371,"tags=36%, list=23%, signal=28%",3845/25987/9289/50937/23380/4851/351/23322/4192/23603/317762/9215/493/650/5453/57688/6496/2263/57142/7026/6513/2066/3398/7832/2624/2260/6091/145258/567/5455/4204/1281/93986/6715/10642/7301/9693/6656/1399/653464/3340/1499/25942/79633/5308/27023/657/1021/1385/79625/2048/2131/27086/9355/23236/55236/5728/9095/6092/6926/333/63925/220/4781/5454/7080/23334/3738/8320/5915/84879/8482/8941/9928/85358/63827/3280/10460/10395/63973/1813/3975/5830/55558/22884/2316/6326/6867/10818/170302/57721/55636/153241/5307/2247/9638/5194/22903/5101/652/4929,SeAx,Up
GO:0019882,antigen processing and presentation,86,0.4794885659364913,1.7901757844956718,2.1296387538984038e-4,0.006465487542734256,0.0053196889985019855,2573,"tags=38%, list=17%, signal=32%",3105/1515/7057/3123/3117/55080/3119/3140/1520/8722/3127/567/5971/5873/3551/1509/80329/5641/2131/3077/29108/5867/1514/81622/1236/4277/3416/5696/8546/3134/55207/3106/3115,SeAx,Up
GO:0060042,retina morphogenesis in camera-type eye,43,0.5725897301796341,1.892326718197369,2.1802742562260135e-4,0.006582235799243228,0.005415747402704311,3680,"tags=53%, list=25%, signal=40%",50937/4851/23322/22882/639/9215/4041/148398/4669/4124/7020/6096/84879/8842/6101/3975/121643/23554/23418/120114/5797/6662/6505,SeAx,Up
GO:0045765,regulation of angiogenesis,197,0.3942679561142477,1.629546984693437,2.2041248825718486e-4,0.006595751762146791,0.00542686809834977,2517,"tags=31%, list=17%, signal=26%",861/7057/3688/4192/1647/5468/79805/3627/493/25/6678/11005/3162/8817/1232/5315/9314/57608/576/10769/5579/5335/7291/2549/2624/3315/1545/10563/4204/146850/2296/10253/1499/9510/3552/9475/22905/3690/140862/5170/63923/10016/154796/5587/5970/388/10298/79924/4814/55810/57343/23328/3087/10411/23251/65125/7015/11126/284361/55109/4086,SeAx,Up
GO:0030111,regulation of Wnt signaling pathway,247,0.36766564053382483,1.556465520592281,2.209161859638359e-4,0.006595751762146791,0.00542686809834977,2975,"tags=32%, list=20%, signal=26%",84445/25987/6659/4851/351/129293/3487/4192/9839/81029/83999/65981/650/25/7091/29969/83786/51701/84133/64359/90268/1501/2263/4163/27303/54903/55366/261734/7090/145258/85409/57326/10076/1454/9679/643965/1499/348/8321/26524/84327/10042/63923/6788/79577/83439/139285/4035/6907/252839/115908/7249/8324/2776/10023/4088/55959/81847/3087/387914/51366/7088/65125/147906/7015/90410/5754/8323/8994/406/65062/4038/2309/144165/5218/3836/79705/9736/9978,SeAx,Up
GO:0030336,negative regulation of cell migration,218,0.3774423512498715,1.5762811680816744,2.328086108377799e-4,0.00691262490641408,0.005687585726887116,2287,"tags=28%, list=15%, signal=24%",56940/9289/596/5217/23380/7057/4851/1647/5468/753/9839/23603/493/4208/3162/5912/94241/9314/7026/4163/5793/1545/4856/6091/10563/4204/1281/10076/375056/25942/348/90102/10014/657/63923/257144/1800/5734/388/8692/4301/613/5795/23671/4035/23236/9863/5796/5728/57406/9231/2043/1843/10370/7049/5801/7080/4681/57826/1845/3066,SeAx,Up
GO:0006029,proteoglycan metabolic process,62,0.5110228591692356,1.8102714245707252,2.35992085000114e-4,0.006968859165795716,0.005733854282660233,3643,"tags=53%, list=25%, signal=40%",22856/3074/650/2990/2720/29940/3073/3340/1499/54928/55790/3425/4669/6448/2131/2817/337876/138050/10855/55959/9469/113189/9486/9955/64132/222537/659/2137/9917/64131/124583/55501/9957,SeAx,Up
GO:0009451,RNA modification,170,-0.34797903378260214,-1.6118770149527488,2.4211807731323745e-4,0.007110902661960517,0.005850725163450315,2965,"tags=37%, list=20%, signal=30%",54901/6301/54890/55651/105/131965/348180/29063/54859/221078/91893/127253/55623/84705/1787/6633/25821/79872/54802/54974/81627/54517/54920/27292/80324/51106/93587/55695/84520/64863/81605/113802/123263/60487/6741/55798/79693/91801/79066/115708/8846/29081/54433/104/55250/55226/55140/158234/55644/57570/3028/134637/2091/51574/84881/24140/207/8731/6632/55178/5073/23587/79828,SeAx,Down
GO:0006605,protein targeting,284,-0.30533735631479575,-1.522024999759585,2.4579731218751804e-4,0.007179938784115392,0.00590752686588948,2538,"tags=31%, list=17%, signal=26%",23204/80273/22863/115362/3320/26515/29800/9709/2534/51114/9697/23788/54557/1459/10651/4641/253832/58477/55275/57602/134266/55750/23480/26520/23230/131474/11140/1121/200576/3308/130340/118424/23463/26521/54899/3920/10452/10245/1020/29928/9512/51763/706/55625/26519/285966/22879/5880/7879/4285/23163/9927/51100/60559/83752/158234/90522/6730/3329/55823/84243/6745/10055/10469/29103/100507582/6135/9049/26517/9344/6747/6734/10075/3998/8031/27183/11154/84750/6449/100287932/6729/9131/9270/56947/7323/7531/3312/93974,SeAx,Down
GO:1901605,alpha-amino acid metabolic process,152,-0.35864327559666503,-1.641881693466437,2.611590373970437e-4,0.007559884274341233,0.0062201393071053355,2376,"tags=31%, list=16%, signal=26%",8604/63826/112399/256987/36/790/4953/8659/27034/5831/5625/56267/84245/80017/2744/64087/3155/23463/2954/81539/2356/1491/22929/587/9945/6470/11315/3028/1743/4522/125061/79814/4942/5033/38/5198/56922/10247/51078/2731/4357/60496/5723/2746/6611/2806/64116,SeAx,Down
GO:0048667,cell morphogenesis involved in neuron differentiation,421,0.3318298779949165,1.471107012784488,2.61602213046227e-4,0.007559884274341233,0.0062201393071053355,3418,"tags=34%, list=23%, signal=27%",23654/25987/26115/596/4851/351/23191/3688/84628/23022/10160/7204/65981/25/7345/4208/3996/107/1501/22891/5076/8633/2263/5364/57142/9423/6474/1952/9820/3073/54664/5727/1627/25894/80208/55701/6091/7976/22902/6498/1272/23181/55740/10642/9693/23043/25942/348/26053/334/23767/1951/23327/26128/27023/4734/115703/57698/56288/63923/1385/7337/2048/10211/2664/2131/9355/9912/5747/5728/59277/9024/1946/57463/57520/5925/2043/6092/1523/284656/8301/2115/51393/4756/25861/1945/333/10500/2297/4781/5454/4853/8408/7080/23334/57465/10505/4137/8609/4825/84879/8482/219699/8941/5754/4135/54413/85358/3800/3280/5530/1813/3975/4858/11078/55558/659/4038/144165/23111/4205/7869/4133/56965/2017/3676/2011/85442/7436/115557/170302/120114/140578/2064/9175/6868/9638/3196/22903/5797/4929/23129/1948/10611,SeAx,Up
GO:0045766,positive regulation of angiogenesis,106,0.4458034296925819,1.7108234166535778,2.660091268007136e-4,0.0076463474533566824,0.0062912796842453204,2517,"tags=36%, list=17%, signal=30%",861/7057/3688/4192/79805/25/3162/8817/1232/5315/9314/57608/5579/5335/7291/2549/2624/3315/1545/146850/3552/3690/5170/63923/10016/5587/388/10298/79924/4814/57343/23328/10411/65125/7015/284361/55109/4086,SeAx,Up
GO:0002478,antigen processing and presentation of exogenous peptide antigen,32,0.6195476068261427,1.9380135738492708,2.721311280575323e-4,0.007780934476311664,0.006402015510526407,2573,"tags=50%, list=17%, signal=41%",3105/1515/3123/3117/3119/1520/8722/3127/567/3551/1509/5641/1514/81622/3134/3115,SeAx,Up
GO:0001759,organ induction,14,0.7592440075000632,1.91240203896028,2.7479639555860253e-4,0.007815788008414148,0.006430692381382478,3370,"tags=93%, list=23%, signal=72%",650/2260/6091/1499/6495/3227/6092/3207/367/10818/2247/10252/652,SeAx,Up
GO:0048641,regulation of skeletal muscle tissue development,17,0.7249274910604783,1.9271972572681406,2.846475574545578e-4,0.007984576839495992,0.00656956885153903,1906,"tags=53%, list=13%, signal=46%",596/50937/4208/6474/7291/1499/10211/3481/5562,SeAx,Up
GO:0010257,NADH dehydrogenase complex assembly,60,-0.47024656268910053,-1.8303782621877913,2.866409894267621e-4,0.007984576839495992,0.00656956885153903,2871,"tags=45%, list=19%, signal=36%",4722/29078/28976/137682/4711/4707/5018/84233/4709/4728/57226/4702/374291/4719/80224/4725/4705/4708/91942/51295/55471/54539/4694/617/4706/90871/55572,SeAx,Down
GO:0032981,mitochondrial respiratory chain complex I assembly,60,-0.47024656268910053,-1.8303782621877913,2.866409894267621e-4,0.007984576839495992,0.00656956885153903,2871,"tags=45%, list=19%, signal=36%",4722/29078/28976/137682/4711/4707/5018/84233/4709/4728/57226/4702/374291/4719/80224/4725/4705/4708/91942/51295/55471/54539/4694/617/4706/90871/55572,SeAx,Down
GO:0044270,cellular nitrogen compound catabolic process,461,-0.2733084406831848,-1.405620747229091,2.864761029666554e-4,0.007984576839495992,0.00656956885153903,2509,"tags=29%, list=17%, signal=25%",29958/3094/56829/9238/8570/581/390916/79899/5663/677/195827/1267/23435/2821/255967/23098/8801/3183/2107/54464/26058/100/80149/167153/114609/79077/10957/2081/4939/30833/54790/6741/79621/219988/170506/9444/6050/55270/10591/472/23367/9611/283927/55526/55132/2332/8473/91875/23019/80335/84186/79066/2584/9337/5976/26135/53343/10492/84305/23016/23049/5151/669/4292/9775/6093/64282/22894/124245/1777/10179/272/51690/56953/3091/9704/2475/51092/23185/1677/79882/23405/54555/3163/118460/81892/56006/4363/340152/8803/125061/4860/3251/6832/55795/64802/57109/23034/11164/38/5511/51154/51816/207/550643/10247/5394/9125/2023/8882/402/5073/4357/3099/60528/3939/65109/11340/60496/9131/55629/79675/11163/2935/25804/11182/27044/28960/3098/1676/5230/953/11332,SeAx,Down
GO:1904018,positive regulation of vasculature development,108,0.4406055770440807,1.7008346844693683,2.95828011895821e-4,0.00819822859633342,0.006745357744928195,2517,"tags=35%, list=17%, signal=29%",861/7057/3688/4192/79805/25/3162/8817/1232/5315/9314/57608/5579/5335/7291/2549/2624/3315/1545/146850/3552/3690/5170/63923/10016/5587/388/10298/79924/4814/57343/23328/10411/65125/7015/284361/55109/4086,SeAx,Up
GO:0048643,positive regulation of skeletal muscle tissue development,12,0.7981671191672994,1.9466962324824693,2.9913123406332233e-4,0.008247475453460173,0.006785877189492339,1906,"tags=67%, list=13%, signal=58%",596/50937/4208/6474/1499/10211/3481/5562,SeAx,Up
GO:0048638,regulation of developmental growth,227,0.37476593028230143,1.5729465107724265,3.094918754958926e-4,0.008489817742029459,0.006985272145843709,3246,"tags=37%, list=22%, signal=29%",861/7093/596/10409/4851/351/23191/375790/7161/25/4208/1848/2263/57142/9423/79068/2066/5727/2260/22902/4204/1435/2296/6495/25942/348/26524/25836/23327/57698/657/1385/6788/23286/2664/5641/84258/27086/7430/1026/154/23236/3481/5728/8455/1946/51393/10500/10370/7049/5454/8408/55841/23493/10505/4137/4825/28982/84879/10018/8482/3574/1813/5997/2261/8879/5830/55558/659/6909/23111/7869/4133/1027/367/2017/170302/55636/153/114804/2355/9175/2247,SeAx,Up
GO:0019439,aromatic compound catabolic process,473,-0.2705622888306012,-1.3897647001328262,3.124440374206318e-4,0.008527513021318657,0.007016287156112433,2500,"tags=29%, list=17%, signal=25%",3094/56829/9238/8570/581/390916/79899/5663/677/195827/1267/23435/2821/255967/23098/5445/8801/3183/2107/54464/26058/100/80149/167153/114609/79077/10957/2081/4939/30833/54790/6741/79621/56267/219988/170506/9444/6050/55270/10591/472/23367/9611/283927/55526/55132/2332/2954/8473/91875/23019/80335/84186/79066/2584/9337/5976/26135/53343/10492/84305/23016/23049/5151/669/4292/9775/6093/64282/22894/124245/1777/10179/272/51690/56953/3091/9704/2475/51092/23185/1677/79882/23405/54555/3163/118460/81892/56006/4363/340152/8803/125061/4860/3251/6832/55795/64802/57109/23034/11164/38/5511/51154/51816/207/550643/10247/5394/9125/2023/8882/402/5073/3099/60528/3939/65109/11340/60496/9131/55629/79675/11163/2935/25804/11182/27044/1312/28960/3098/1676/5230/953/11332,SeAx,Down
GO:0060348,bone development,150,0.4105653541800133,1.6439285710804026,3.169370983968299e-4,0.008606673767519944,0.007081419220461304,3553,"tags=45%, list=24%, signal=34%",25987/7157/22856/4921/3988/302/171023/9215/650/4208/8817/2263/5364/2778/6474/4664/7291/4041/56034/1281/6715/2296/3636/54928/55790/7289/3953/5308/63923/5734/2121/2131/27086/139285/10859/875/80263/55959/7020/10370/537/4488/102724560/4853/202018/5915/56603/860/4325/4086/2261/26160/64175/3207/659/389058/9060/79705/2355/7048/4209/64131/652/4665/6662/124565/85301,SeAx,Up
GO:0030278,regulation of ossification,80,0.47857260722206707,1.7594269843614272,3.417949100357969e-4,0.009235298469167232,0.0075986405262695065,3984,"tags=49%, list=27%, signal=36%",596/22856/4851/55603/4921/4192/79879/83999/650/4208/7291/5594/1435/25836/4091/657/1901/166929/5734/154/1230/4088/93/7020/860/659/4038/6256/90/4745/652/6662/6546/1959/5087/4054/1594/54795/6257,SeAx,Up
GO:0090646,mitochondrial tRNA processing,14,-0.7404018634278685,-2.0152053950979325,3.4732506220732593e-4,0.009338033015763131,0.0076831686973749405,2407,"tags=64%, list=16%, signal=54%",25821/54802/80324/9692/57570/3028/84881/60528/79828,SeAx,Down
GO:0035115,embryonic forelimb morphogenesis,21,0.6754649774780509,1.9020324141917662,3.5016717306794926e-4,0.00936783862999603,0.007707692230531619,2734,"tags=52%, list=18%, signal=43%",23322/8626/6474/7291/1499/25836/6926/7020/4488/860/3207,SeAx,Up
GO:0034655,nucleobase-containing compound catabolic process,437,-0.27414219716940663,-1.4037310271661947,3.52464672700908e-4,0.009382852666382792,0.007720045514589761,2500,"tags=29%, list=17%, signal=25%",3094/56829/9238/8570/581/390916/79899/5663/677/195827/1267/23435/2821/255967/23098/8801/3183/2107/54464/26058/100/80149/167153/114609/79077/10957/2081/4939/30833/6741/79621/219988/170506/9444/6050/55270/10591/472/23367/9611/283927/55526/55132/2332/8473/91875/23019/80335/84186/79066/2584/9337/5976/26135/53343/10492/84305/23016/23049/5151/669/4292/9775/6093/64282/22894/124245/1777/10179/272/51690/56953/3091/9704/2475/51092/23185/1677/79882/23405/54555/118460/81892/56006/340152/8803/4860/3251/6832/55795/64802/57109/23034/11164/38/5511/51154/51816/207/550643/10247/5394/9125/2023/8882/402/5073/3099/60528/3939/65109/11340/9131/55629/79675/11163/2935/25804/11182/27044/28960/3098/1676/5230/953/11332,SeAx,Down
GO:0036152,phosphatidylethanolamine acyl-chain remodeling,10,0.8174081490057533,1.8826492288217231,3.6968868794281753e-4,0.009793125831583264,0.00805761103132333,656,"tags=60%, list=4%, signal=57%",9926/64600/10162/11145/63874/254531,SeAx,Up
GO:0034497,protein localization to phagophore assembly site,15,-0.7262843896458523,-1.9996300668913345,3.8544450534267486e-4,0.010160693204252755,0.008360038975956142,3329,"tags=80%, list=22%, signal=62%",9776/987/11152/55062/55014/23647/55054/23192/56270/9927/79065/84971,SeAx,Down
GO:0040013,negative regulation of locomotion,247,0.3608335962748974,1.5275429340031688,3.888579184326696e-4,0.010200913549563817,0.008393131565966256,3434,"tags=36%, list=23%, signal=28%",56940/9289/596/5217/23380/7057/4851/1647/5468/753/9839/23603/493/4208/3162/5912/94241/9314/7026/4163/5793/1545/4856/6091/10563/4204/1281/10076/375056/25942/348/90102/1495/10014/657/63923/257144/1800/5734/388/6480/8692/4301/613/5795/23671/4035/23236/9863/5796/5728/57406/2192/9231/2043/6092/1843/10500/10370/7049/5801/7080/4681/10505/57826/1845/3066/8482/51742/196528/11188/10395/1813/55558/2309/84978/7869/90355/727/4286/7076/57522/2247/56254/1803/5797/182/652/51094/5928,SeAx,Up
GO:0071459,"protein localization to chromosome, centromeric region",30,-0.5917373453699207,-1.9560141248878176,3.9268699819220565e-4,0.01025159680304676,0.008434832852091925,2040,"tags=33%, list=14%, signal=29%",7272/9184/1058/9183/283489/9212/54908/3720/23137/55920,SeAx,Down
GO:0006099,tricarboxylic acid cycle,32,-0.5632391852362174,-1.8854402624483213,3.9592342949598756e-4,0.010286395254789985,0.008463464403800866,2155,"tags=44%, list=15%, signal=37%",8801/48/5162/55526/4191/1431/3417/1743/8803/3418/6392/5160/6390/1737,SeAx,Down
GO:0048511,rhythmic process,226,0.3709925448797099,1.555257688238685,3.9920063529641774e-4,0.01032191499110929,0.008492689415724345,2831,"tags=31%, list=19%, signal=25%",7157/4851/4783/6095/4192/5468/3399/2033/91603/10765/23239/107/5927/8204/50865/3398/55366/7291/7008/1545/5971/64839/3397/49855/7071/142/1454/7301/25942/9510/79365/4669/9475/3131/285382/1385/7337/4704/60675/10499/3363/5728/59338/6092/2620/2776/5562/1655/114781/83759/56938/9975/124626/7080/6096/22992/3066/8914/148523/8792/8553/2673/3184/1813/8879/80045/406/2309/51514,SeAx,Up
GO:0032200,telomere organization,168,-0.339194819070404,-1.566481392720724,4.079142602235725e-4,0.010496993629753266,0.008636741028493083,3259,"tags=39%, list=22%, signal=31%",55869/10575/7517/1736/5111/5595/3181/55651/23293/328/5888/93973/10111/1763/3320/56252/54537/545/65057/7874/3183/54464/4683/25913/80119/54552/86/4609/79677/170506/7528/472/79035/908/10459/5976/54433/23049/286053/55226/64282/6117/283899/8607/7520/6672/9212/8658/3326/54386/2146/84444/3021/10728/80169/6950/197370/4361/6118/5394/4798/5073/50485/23137/54984,SeAx,Down
GO:0000460,maturation of 5.8S rRNA,36,-0.5526479747745783,-1.900642958893006,4.187468355626352e-4,0.010674093865002267,0.008782455975256063,2968,"tags=39%, list=20%, signal=31%",10171/51010/79707/55759/27340/81887/23016/51077/29777/5394/11340/84549/10200/90459,SeAx,Down
GO:0032102,negative regulation of response to external stimulus,282,0.3505472977102515,1.5021856337394985,4.174091343152947e-4,0.010674093865002267,0.008782455975256063,2891,"tags=30%, list=20%, signal=25%",3105/5327/7057/4851/6095/5272/7534/55870/4192/5468/54625/5692/302/3123/83999/2161/11005/23220/10162/4907/90268/7391/9314/10769/8573/6773/5335/313/3082/51441/55829/135228/4856/23005/6091/10563/11274/23208/338557/2000/142/7301/348/90102/25939/7035/3559/5734/6480/613/10859/5728/55061/5925/2043/6092/4756/1843/4088/80263/10500/9975/10475/4277/6693/4681/10505/1845/8482/3134/9655/114899/3106/81858/5627/5340/1813/28964/284207/55558/2137/5154/4940/7869/90355,SeAx,Up
GO:0070306,lens fiber cell differentiation,31,0.6144606538303858,1.9074916547119443,4.215616953374684e-4,0.010684928920768097,0.008791370867841451,4367,"tags=65%, list=29%, signal=46%",7111/81029/10765/6496/11145/6498/10253/5309/4088/23424/1027/10818/2247/128637/10252/200734/4771/5629/631/161742,SeAx,Up
GO:0003179,heart valve morphogenesis,48,0.5385336186120624,1.8118213474272382,4.2312634882390315e-4,0.010684928920768097,0.008791370867841451,3455,"tags=50%, list=23%, signal=38%",6659/4193/4851/650/4208/7291/6091/53834/4669/4194/9475/4091/657/5925/6092/4772/4853/23493/659/90/7048/182/652/6662,SeAx,Up
GO:0014909,smooth muscle cell migration,53,0.5370577546507408,1.8437989067580545,4.3267205901598046e-4,0.01077492998581732,0.008865422155146744,1951,"tags=32%, list=13%, signal=28%",5327/596/4193/4921/4192/4208/780/6282/1545/4856/6653/9510/3690/657/4035/54434/3673,SeAx,Up
GO:0060840,artery development,80,0.47422736119048553,1.7434520977793657,4.312342349657733e-4,0.01077492998581732,0.008865422155146744,3808,"tags=54%, list=26%, signal=40%",6659/4851/4192/639/6091/1281/2296/3248/3340/6495/348/4669/4091/657/163/3198/4035/6899/6092/93/10370/23493/4638/196528/3280/5311/7798/659/144165/6909/10454/55636/2138/7048/182/652/23129/1948/1959/2548/4763/4036/7046,SeAx,Up
GO:0007613,memory,80,0.47401819624374036,1.7426831226104313,4.312342349657733e-4,0.01077492998581732,0.008865422155146744,3082,"tags=44%, list=21%, signal=35%",4192/10919/9215/894/107/6310/1827/10769/80208/23208/4204/55902/348/6446/1268/1385/100132074/5641/23236/22849/23152/55450/114781/9486/4137/5621/3269/8516/85358/1813/81832/6326/2237/7436/10636,SeAx,Up
GO:0010001,glial cell differentiation,176,0.3927787250711677,1.6002891717812968,4.400429209175112e-4,0.010908219929533168,0.008975090767530504,3574,"tags=38%, list=24%, signal=29%",3845/6659/4851/351/23385/4192/9839/20/7161/9215/650/25/5453/22891/5076/9682/3398/4664/5594/27242/4204/1272/3572/6656/1499/1191/116448/4669/9968/56288/1021/5970/4035/1031/10100/5728/2817/2043/10810/4781/5454/7080/4137/8320/4825/3066/9463/63827/3280/23512/80045/26227/23418/57721/208/5894/2064/8613/2247/4665/11076/6662/7099/375387/1959/84630/2629,SeAx,Up
GO:0048844,artery morphogenesis,55,0.5286328286294348,1.8282181242234994,4.434792805672866e-4,0.010943205626418342,0.009003876381236332,4229,"tags=60%, list=29%, signal=43%",6659/4851/4192/639/1281/2296/3248/6495/348/4669/657/3198/4035/6899/10370/23493/4638/196528/3280/5311/6909/55636/2138/7048/182/652/1948/4763/4036/7046/3949/2294/5629,SeAx,Up
GO:0003181,atrioventricular valve morphogenesis,21,0.6700377261329554,1.8867498927842474,4.478712157545104e-4,0.01100134568153352,0.00905171299209116,1275,"tags=43%, list=9%, signal=39%",6659/4193/4851/650/7291/4669/4194/4091/657,SeAx,Up
GO:0010977,negative regulation of neuron projection development,104,0.4516731335178281,1.7279604931589208,4.4994332050404785e-4,0.011002233954768662,0.009052443847626091,3150,"tags=41%, list=21%, signal=33%",25987/4193/83999/7025/952/22891/57142/9423/5793/23557/22902/567/8934/348/7337/2048/349667/81618/2664/5728/9139/2043/4756/10500/8408/10505/2580/23251/3066/8482/29116/6695/11075/3280/157285/55558/4038/23111/7869/4133/2316/120114/2288,SeAx,Up
GO:0060603,mammary gland duct morphogenesis,21,0.6695217156244498,1.885296865986462,4.6292536183209206e-4,0.011268687636669484,0.009271677232711035,2028,"tags=43%, list=14%, signal=37%",10765/780/2263/9423/5727/4041/1435/6926/4488,SeAx,Up
GO:1903053,regulation of extracellular matrix organization,49,0.5374439980436254,1.8194453658876695,4.69163154443093e-4,0.01136931698031603,0.00935447327999823,2045,"tags=35%, list=14%, signal=30%",861/4851/4921/5468/1471/650/25/3915/4811/780/90102/3690/4035/11107/5925/4088/7049,SeAx,Up
GO:0043038,amino acid activation,44,-0.5010648721325077,-1.8250868882657567,4.766032700536602e-4,0.011408701186477178,0.009386877909478281,3274,"tags=52%, list=22%, signal=41%",5917/2193/283459/6301/25973/57038/10667/92935/55278/79731/10352/4677/3376/3735/2617/5188/7453/57470/23395/124454/79587/1615/10056,SeAx,Down
GO:0061333,renal tubule morphogenesis,49,0.5366249545360826,1.8166726027352598,4.760121308337705e-4,0.011408701186477178,0.009386877909478281,3618,"tags=49%, list=24%, signal=37%",84445/596/650/4208/3217/5076/55366/5727/1499/6495/1739/2297/7849/9955/170690/3280/3975/5311/3207/2138/2247/652/6662/5087,SeAx,Up
GO:0032204,regulation of telomere maintenance,100,-0.39524051125389204,-1.6816313581842453,4.7712184828716545e-4,0.011408701186477178,0.009386877909478281,2238,"tags=37%, list=15%, signal=32%",545/65057/7874/3183/54464/4683/25913/80119/54552/86/4609/79677/170506/7528/472/79035/908/5976/23049/286053/55226/64282/283899/8607/7520/9212/8658/54386/80169/6950/197370/4361/5394/4798/5073/23137/54984,SeAx,Down
GO:0006516,glycoprotein catabolic process,27,0.6449984031329439,1.9391554641735747,4.799680821329494e-4,0.011426200510336822,0.009401276044190022,1959,"tags=48%, list=13%, signal=42%",1471/2990/4121/2720/80267/3425/4669/6448/2817/138050/10855/1514/57134,SeAx,Up
GO:0002495,antigen processing and presentation of peptide antigen via MHC class II,27,0.6436341973729436,1.9350540477345384,5.016203783786252e-4,0.011837364736934893,0.00973957471050937,1976,"tags=48%, list=13%, signal=42%",1515/3123/3117/3119/1520/8722/3127/567/1509/5641/29108/1514/81622,SeAx,Up
GO:0007416,synapse assembly,124,0.42157296253491955,1.6491588440482527,5.005046457140207e-4,0.011837364736934893,0.00973957471050937,3418,"tags=40%, list=23%, signal=31%",23654/23380/351/375790/84628/10160/9215/147381/4208/5783/5364/9423/2066/119/4204/57555/8934/1399/653464/1499/6495/8321/23767/9746/8443/2048/5728/1946/9231/57463/6092/1108/55209/27020/23284/54413/56122/85358/1813/56127/4038/2823/2561/28988/51201/6622/3556/23129/10611,SeAx,Up
GO:0072028,nephron morphogenesis,50,0.5378237984688246,1.823853039970411,5.132527734677767e-4,0.012059208642695066,0.009922103959395372,3644,"tags=50%, list=25%, signal=38%",84445/596/650/3217/5076/2066/55366/5727/1499/6495/1739/2297/7849/9955/170690/3280/3975/5311/3207/2138/2247/652/6662/5087/6772,SeAx,Up
GO:0009954,proximal/distal pattern formation,20,0.6928198429626266,1.914795647386421,5.251473291749579e-4,0.012285264791608106,0.010108098967578137,3875,"tags=75%, list=26%, signal=55%",22856/6496/8626/1499/221833/5089/3219/3227/56603/3226/3207/4038/5087/3225/3206,SeAx,Up
GO:0001658,branching involved in ureteric bud morphogenesis,36,0.5855928769229101,1.8693800241434253,5.534418692175725e-4,0.012726807920220263,0.010471392858118819,3618,"tags=58%, list=24%, signal=44%",596/650/3217/5076/55366/5727/1499/6495/1739/2297/7849/9955/170690/3975/5311/3207/2138/2247/652/6662/5087,SeAx,Up
GO:0061318,renal filtration cell differentiation,14,0.7399217242538831,1.8637326079047314,5.523067580754202e-4,0.012726807920220263,0.010471392858118819,2569,"tags=64%, list=17%, signal=53%",10409/171023/5420/4643/2131/9863/100133941/4853/8842,SeAx,Up
GO:0072112,podocyte differentiation,14,0.7399217242538831,1.8637326079047314,5.523067580754202e-4,0.012726807920220263,0.010471392858118819,2569,"tags=64%, list=17%, signal=53%",10409/171023/5420/4643/2131/9863/100133941/4853/8842,SeAx,Up
GO:0072311,glomerular epithelial cell differentiation,14,0.7399217242538831,1.8637326079047314,5.523067580754202e-4,0.012726807920220263,0.010471392858118819,2569,"tags=64%, list=17%, signal=53%",10409/171023/5420/4643/2131/9863/100133941/4853/8842,SeAx,Up
GO:0006309,apoptotic DNA fragmentation,14,-0.7248905050637051,-1.972987007213223,5.595331196893618e-4,0.01276041568880141,0.010499044736744158,1049,"tags=71%, list=7%, signal=66%",2021/400410/3297/581/1777/1677/23405/64802/9131/1676,SeAx,Down
GO:0042303,molting cycle,75,0.4763010250503861,1.7378505140685931,5.701853075884741e-4,0.01276041568880141,0.010499044736744158,3148,"tags=41%, list=21%, signal=33%",25987/596/4851/54888/11005/26018/2263/8626/55366/135228/7976/55504/1499/92344/25836/4669/5970/2131/9355/10855/4488/3066/7015/8323/11166/26133/406/4038/5154/50814/10468,SeAx,Up
GO:0042633,hair cycle,75,0.4763010250503861,1.7378505140685931,5.701853075884741e-4,0.01276041568880141,0.010499044736744158,3148,"tags=41%, list=21%, signal=33%",25987/596/4851/54888/11005/26018/2263/8626/55366/135228/7976/55504/1499/92344/25836/4669/5970/2131/9355/10855/4488/3066/7015/8323/11166/26133/406/4038/5154/50814/10468,SeAx,Up
GO:0055123,digestive system development,82,0.4661383074260737,1.7214013000803103,5.741503013971834e-4,0.01276041568880141,0.010499044736744158,1910,"tags=29%, list=13%, signal=26%",596/4851/639/2263/8626/6474/3398/55366/9026/5125/56913/56034/1281/3572/1399/1499/25836/2131/1026/3481/9139/5925/4088/93,SeAx,Up
GO:0016525,negative regulation of angiogenesis,72,0.4762063355764855,1.7168656000852611,5.735004811557295e-4,0.01276041568880141,0.010499044736744158,1369,"tags=28%, list=9%, signal=25%",7057/1647/5468/3627/493/6678/11005/9314/576/10769/4204/2296/10253/1499/9510/9475/22905/140862/154796/5970,SeAx,Up
GO:1901343,negative regulation of vasculature development,72,0.4762063355764855,1.7168656000852611,5.735004811557295e-4,0.01276041568880141,0.010499044736744158,1369,"tags=28%, list=9%, signal=25%",7057/1647/5468/3627/493/6678/11005/9314/576/10769/4204/2296/10253/1499/9510/9475/22905/140862/154796/5970,SeAx,Up
GO:2000181,negative regulation of blood vessel morphogenesis,72,0.4762063355764855,1.7168656000852611,5.735004811557295e-4,0.01276041568880141,0.010499044736744158,1369,"tags=28%, list=9%, signal=25%",7057/1647/5468/3627/493/6678/11005/9314/576/10769/4204/2296/10253/1499/9510/9475/22905/140862/154796/5970,SeAx,Up
GO:0006839,mitochondrial transport,156,-0.34367919536245206,-1.5779823784752685,0.00057779893554042055,0.01276041568880141,0.010499044736744158,2542,"tags=35%, list=17%, signal=29%",29957/80273/3320/79714/581/5663/8604/26515/1267/29074/115286/10166/23788/10651/134266/55750/26520/131474/22/11194/79594/94081/3308/90550/26521/10452/10245/29928/9512/26519/117145/1386/152926/6548/158234/28978/3329/664/10469/29103/578/26517/10105/55737/7416/3099/119559/100287932/9131/84275/10939/292/93974/64116,SeAx,Down
GO:0022618,protein-RNA complex assembly,197,-0.32468051594381997,-1.5358069024286036,5.729520233079797e-4,0.01276041568880141,0.010499044736744158,3035,"tags=34%, list=20%, signal=27%",54505/1653/54680/79760/8233/6627/6733/79084/51631/27336/8562/57035/6631/56342/6895/6633/3320/55794/51639/8665/545/10421/50628/8487/57461/4809/23521/11338/1207/55702/6732/8683/26747/472/5433/10569/7375/51634/23450/54496/23195/54960/10659/6169/8607/7520/29777/79833/1968/23405/1983/3326/84811/25929/11051/10594/6135/6208/5822/10728/55052/8175/6209/6632/51081/25804,SeAx,Down
GO:0050767,regulation of neurogenesis,275,0.35822341346549813,1.5312834896158354,5.785162553213074e-4,0.01276041568880141,0.010499044736744158,2956,"tags=31%, list=20%, signal=26%",23654/3845/7157/22954/50937/4851/23191/3688/4192/302/7161/65981/5324/650/22891/5364/57142/9682/9423/6474/3398/51441/9820/7832/1627/2624/6091/7976/22902/6498/567/4204/1030/9693/6653/3572/1499/79365/6596/1495/57698/657/5970/2048/2664/9355/5309/4124/58497/5728/1946/57463/5925/2043/6092/1523/51393/10500/63925/8408/57465/23493/10505/4137/27020/4825/3066/8482/81559/4135/85358/63827/8553/3280/5530/1813/55558/659/406/4038/2119/23111/7869/4133/22920/56965,SeAx,Up
GO:0070900,mitochondrial tRNA modification,10,-0.7885986811937188,-1.950086372554065,5.915055003636452e-4,0.012837332224759595,0.010562330304527743,2407,"tags=70%, list=16%, signal=59%",25821/54802/80324/57570/3028/84881/79828,SeAx,Down
GO:1900864,mitochondrial RNA modification,10,-0.7885986811937188,-1.950086372554065,5.915055003636452e-4,0.012837332224759595,0.010562330304527743,2407,"tags=70%, list=16%, signal=59%",25821/54802/80324/57570/3028/84881/79828,SeAx,Down
GO:0050678,regulation of epithelial cell proliferation,242,0.360538883199507,1.5195201207302917,5.884175115248506e-4,0.012837332224759595,0.010562330304527743,3392,"tags=35%, list=23%, signal=27%",7057/4851/4192/283131/5468/3592/79805/90780/10765/6678/3915/4208/3162/1232/5076/2263/57142/8626/57608/7026/4163/8573/55840/5335/7291/5727/2624/2260/135228/6091/567/1030/8660/7039/1499/6495/348/3690/5170/657/1021/10016/5587/6788/79577/1739/5796/3481/9420/637/6899/5925/8324/4088/55959/57343/4781/4830/7049/4853/860/284361/55109/3280/51098/1813/26160/3202/282679/1027/367/3676/253260/10818/170302/2138/2064/7051/2247/6868/5797/182/652/1948,SeAx,Up
GO:0099177,regulation of trans-synaptic signaling,308,0.34954146723380186,1.5051766543446798,5.913150186248256e-4,0.012837332224759595,0.010562330304527743,2696,"tags=27%, list=18%, signal=23%",2171/3845/5327/8878/5217/351/23191/3092/23385/3688/84628/7204/9215/147381/25/440279/4208/107/952/57142/10769/8573/2149/23085/5579/5335/23228/1627/6536/5594/23557/773/23208/4204/5566/9693/57555/8973/348/57616/9465/9746/9783/2905/1268/8541/590/7337/2048/10211/5641/613/9912/57617/154/23236/9381/22849/7779/5728/57406/128977/2043/54434/114781/760/57465/4137/27020/2894/5028/5621/26509/3269/9463/54413/85358/57512/5340/5530/1813/28964/81832,SeAx,Up
GO:0072088,nephron epithelium morphogenesis,49,0.528550192434448,1.7893365667204488,6.198409409978601e-4,0.013398481780609744,0.011024034251684047,3644,"tags=49%, list=25%, signal=37%",84445/596/650/3217/5076/55366/5727/1499/6495/1739/2297/7849/9955/170690/3280/3975/5311/3207/2138/2247/652/6662/5087/6772,SeAx,Up
GO:0002396,MHC protein complex assembly,18,0.6907437342889821,1.856110898831832,6.390671734704191e-4,0.013704440497754542,0.01127577168228509,789,"tags=39%, list=5%, signal=37%",3105/3123/3117/55080/3119/3127/567,SeAx,Up
GO:0002501,peptide antigen assembly with MHC protein complex,18,0.6907437342889821,1.856110898831832,6.390671734704191e-4,0.013704440497754542,0.01127577168228509,789,"tags=39%, list=5%, signal=37%",3105/3123/3117/55080/3119/3127/567,SeAx,Up
GO:0060586,multicellular organismal-level iron ion homeostasis,18,0.6896640342597433,1.8532096159214602,6.543739908346083e-4,0.013956999374395361,0.011483572666922359,2565,"tags=61%, list=17%, signal=51%",3162/567/27102/4669/8692/79901/3077/8301/4756/114781/26234,SeAx,Up
GO:0010633,negative regulation of epithelial cell migration,50,0.5331450936449724,1.8079867468825985,6.560099631932682e-4,0.013956999374395361,0.011483572666922359,1258,"tags=32%, list=8%, signal=29%",5217/7057/4851/1647/5468/23603/493/4208/9314/7026/4163/5793/10563/4204/348/10014,SeAx,Up
GO:0035850,epithelial cell differentiation involved in kidney development,30,0.5954393556547342,1.832107825388737,6.788343473928815e-4,0.014164727818316512,0.011654487963023288,2675,"tags=50%, list=18%, signal=41%",10409/4851/171023/4208/5076/5420/1499/4643/2131/9863/100133941/4853/7849/8842/3975,SeAx,Up
GO:0048565,digestive tract development,76,0.476791780110692,1.7390296079225522,6.788794420695738e-4,0.014164727818316512,0.011654487963023288,2756,"tags=34%, list=19%, signal=28%",596/4851/639/2263/8626/6474/3398/55366/5125/56913/56034/1281/3572/1399/1499/25836/2131/1026/9139/5925/4088/93/5915/3280/26160/3202,SeAx,Up
GO:0009152,purine ribonucleotide biosynthetic process,182,-0.33504783334491445,-1.5653026313167007,6.751907046434463e-4,0.014164727818316512,0.011654487963023288,2756,"tags=35%, list=19%, signal=29%",4711/23417/4707/6785/226/4709/515/10476/4509/318/4508/4728/50808/55229/100/2182/4702/7114/374291/9061/132/2180/4882/4719/509/204/5162/4725/32/4705/506/51703/113/9551/9556/2181/8050/4708/197322/272/5165/513/54539/79877/4694/4522/3251/1738/38/4706/5198/498/518/2023/10632/6392/5160/471/6390/1737/30968/11332/109/3614,SeAx,Down
GO:0071826,protein-RNA complex organization,207,-0.3200991170867193,-1.5208065766012555,6.739525188597002e-4,0.014164727818316512,0.011654487963023288,3035,"tags=33%, list=20%, signal=26%",54505/1653/54680/79760/8233/6627/6733/79084/51631/27336/8562/3831/57035/6631/56342/6895/6633/3320/55794/51639/8665/545/10421/50628/8487/57461/4809/23521/11338/1207/55702/6732/8683/26747/472/5433/10569/7375/51634/23450/54496/23195/54960/10659/6169/8607/7520/29777/79833/1968/23405/1983/3326/84811/25929/11051/3799/10594/6135/6208/5822/10728/55052/8175/6209/6632/51081/25804,SeAx,Down
GO:0048812,neuron projection morphogenesis,464,0.3195946724947587,1.4209019977069284,6.766654004314344e-4,0.014164727818316512,0.011654487963023288,3520,"tags=34%, list=24%, signal=26%",23654/25987/26115/596/23380/4851/351/23191/3688/84628/23022/10160/7204/65981/25/7345/3996/107/780/1501/22891/5076/8633/2263/5364/57142/9423/6474/1952/9820/54664/5727/1627/25894/80208/55701/6091/7976/22902/6498/4204/1272/23181/4343/55740/10642/9693/1499/23043/25942/348/26053/334/23767/1951/23327/26128/27023/6446/4734/115703/57698/56288/63923/1385/7337/4649/2048/10211/2664/84258/2131/9355/9912/5747/5728/59277/9024/1946/57463/57520/2043/6092/1523/284656/8301/2115/51393/4756/1945/333/10500/63925/2297/4781/5454/4853/8408/7080/23334/57465/4681/10505/4137/8609/4825/84879/8482/219699/8941/5754/4135/54413/85358/3800/5530/1813/3975/4858/55558/659/4038/144165/84298/23111/4205/7869/4133/2823/56965/2017/3676/2011/85442/7436/115557/170302/140578/114804/51299/28988/2064/9175/6868/9638/3196/22903/5797/4929/23129/1948/10611/9762/8904/84446/1959,SeAx,Up
GO:0000375,"RNA splicing, via transesterification reactions",281,-0.2934684480811614,-1.4580779787719136,6.835217120165373e-4,0.014205255979695266,0.01168783381865924,2924,"tags=31%, list=20%, signal=26%",79760/51759/8233/6627/5411/6733/79084/84991/25949/51631/27336/58509/57035/6631/9785/6626/6633/8570/6432/51639/10084/143884/199746/10421/50628/55696/10465/3183/8487/58517/11193/57461/4809/11338/1207/57703/55702/6732/55234/10236/8683/10285/26528/9444/2332/10569/7375/10212/338657/51634/23450/54496/79066/8896/5976/220988/10656/10492/54960/10659/9775/4691/10179/51690/10284/53938/79833/9904/22938/3185/84811/25929/10594/51574/8175/55660/5394/5935/6632/10250/4928/65109/51503/10929/3312/25804/28960/708,SeAx,Down
GO:0099537,trans-synaptic signaling,459,0.3147967829044751,1.4009329572854075,6.860791655626322e-4,0.014205255979695266,0.01168783381865924,2750,"tags=24%, list=19%, signal=21%",2171/9990/3845/5327/8878/5217/351/9900/6509/23191/3092/23385/3688/84628/10160/7204/9215/9751/147381/25/440279/10723/4208/107/10052/952/57142/1488/10769/8573/2149/23085/5579/5335/8447/23228/1627/6536/80208/5594/23557/773/23208/4204/5566/9693/57555/64130/8973/1499/348/57616/9465/9746/9783/2905/1268/8541/590/59340/7337/2048/10211/1739/5641/2131/613/9912/63908/57617/222256/8676/154/23236/9381/22849/7779/3363/5728/57406/782/128977/2043/116841/54434/784/114781/26258/760/57465/4137/27020/90019/2894/5028/9342/5621/26509/3269/9463/54413/56122/85358/4040/57512/5340/5530/1813/28964/81832/4155/56127,SeAx,Up
GO:0001958,endochondral ossification,24,0.6426957674740108,1.8740286213910033,7.003557037465683e-4,0.014316598044867785,0.011779444104079148,3670,"tags=71%, list=25%, signal=53%",4208/8817/4664/2296/3636/54928/55790/2131/875/102724560/860/4325/2261/4209/652/4665/4323,SeAx,Up
GO:0036075,replacement ossification,24,0.6426957674740108,1.8740286213910033,7.003557037465683e-4,0.014316598044867785,0.011779444104079148,3670,"tags=71%, list=25%, signal=53%",4208/8817/4664/2296/3636/54928/55790/2131/875/102724560/860/4325/2261/4209/652/4665/4323,SeAx,Up
GO:0021536,diencephalon development,42,0.5488919706981662,1.8061180781634405,7.047030125712123e-4,0.014316598044867785,0.011779444104079148,3371,"tags=52%, list=23%, signal=41%",650/6496/2624/4204/6715/1499/5308/27023/657/1385/79625/9095/5454/7080/3280/1813/55558/170302/5307/2247/652/4929,SeAx,Up
GO:0035567,non-canonical Wnt signaling pathway,49,0.5256147028884086,1.779398856241599,6.951799988878176e-4,0.014316598044867785,0.011779444104079148,2793,"tags=43%, list=19%, signal=35%",81029/25/51701/84133/54903/1952/7976/1454/8321/2535/1951/9968/115908/9863/57822/8324/5754/8323/81839/9620/144165,SeAx,Up
GO:0048708,astrocyte differentiation,59,0.5014218923198958,1.755483134734353,7.036627407549403e-4,0.014316598044867785,0.011779444104079148,2209,"tags=34%, list=15%, signal=29%",3845/4851/351/9839/9215/650/25/9682/3398/5594/4204/3572/4669/1021/4035/10100/2043/5454/4137/8320,SeAx,Up
GO:0048771,tissue remodeling,122,0.41472602931224967,1.6190674246892791,7.177637302957416e-4,0.014527322840892089,0.01195282474578834,3081,"tags=39%, list=21%, signal=31%",7157/861/4193/4921/4192/5468/3988/1471/4208/952/2149/55366/10609/4041/2296/1499/3953/3552/9475/3690/1901/2131/613/9290/115908/154/875/56834/93/51430/102724560/4853/8792/54849/7107/3574/5340/5530/659/3200/23418/171392/2316/79705/4286/7076/55636,SeAx,Up
GO:0009304,tRNA transcription,13,-0.7496329658961891,-1.9986928331620184,7.317626718011709e-4,0.014683624885035176,0.012081427308112624,2209,"tags=54%, list=15%, signal=46%",5441/2975/661/55718/9330/2972/5434,SeAx,Down
GO:0010092,specification of animal organ identity,24,0.6405739081978743,1.8678415182307126,7.296897114254721e-4,0.014683624885035176,0.012081427308112624,3794,"tags=83%, list=26%, signal=62%",650/4208/5076/2263/2260/6091/1499/6495/2131/3227/6092/7849/3207/367/10818/2247/10252/652/6604/4036,SeAx,Up
GO:0019377,glycolipid catabolic process,19,0.6708313954766099,1.8306250456465094,7.336378088378049e-4,0.014683624885035176,0.012081427308112624,1034,"tags=42%, list=7%, signal=39%",2760/2517/3074/2720/3073/6609/950/4758,SeAx,Up
GO:0002347,response to tumor cell,34,0.5895657475303437,1.8688847747919772,7.43934349964958e-4,0.01478022510003909,0.012160908259489097,540,"tags=29%, list=4%, signal=28%",7805/3105/4851/3592/3123/1612/10666/3140/9314/27303,SeAx,Up
GO:1905330,regulation of morphogenesis of an epithelium,39,0.5644978070343947,1.812732855190089,7.427863031285924e-4,0.01478022510003909,0.012160908259489097,3455,"tags=56%, list=23%, signal=43%",4192/81029/3627/25/3217/5076/55366/3082/2260/388591/1499/6495/27086/59277/7849/3975/5154/6909/367/2247/652/6662,SeAx,Up
GO:0006144,purine nucleobase metabolic process,14,-0.7126360038265566,-1.9396330433360887,7.513679872519106e-4,0.014873232978422437,0.0122374334997188,3076,"tags=64%, list=21%, signal=51%",10606/8833/100/132/51292/6470/5631/3251/23028,SeAx,Down
GO:0035904,aorta development,52,0.5182548030710867,1.772130183609924,7.583145023959056e-4,0.01495595463849443,0.01230549542113064,3794,"tags=58%, list=26%, signal=43%",6659/4851/639/6091/1281/3340/6495/4669/4091/657/163/4035/6899/6092/23493/4638/3280/5311/144165/6909/10454/55636/2138/7048/182/23129/1948/1959/2548/4036,SeAx,Up
GO:0009150,purine ribonucleotide metabolic process,348,-0.28249954496168944,-1.4305794036229134,7.64806008288283e-4,0.014974679959383626,0.012320902284552659,2756,"tags=31%, list=19%, signal=26%",4711/114789/23417/4707/5223/254552/6785/226/4709/3094/515/10476/4509/318/390916/4508/5663/4728/195827/2821/50808/55229/8801/100/2182/4702/8459/7114/374291/9061/30833/132/2180/4882/4719/509/204/5162/4725/32/64087/4705/9611/283927/55526/4597/4976/506/51703/8473/113/9551/706/2584/53343/5151/669/51292/9556/2181/8050/4708/197322/272/5165/65220/3091/2475/513/54539/79877/4694/1743/4522/8803/4860/3251/64802/1738/11164/38/4706/5901/5198/29789/498/518/2023/23597/8505/402/3099/3939/10632/11163/6392/3312/11182/5160/471/6390/1737/3098/5230/30968/11332/109/93974/3614,SeAx,Down
GO:0009259,ribonucleotide metabolic process,364,-0.27952406628344145,-1.4208015264317315,7.622033394124059e-4,0.014974679959383626,0.012320902284552659,2793,"tags=31%, list=19%, signal=26%",957/3156/4711/114789/23417/4707/5223/254552/6785/226/4709/7371/3094/515/10476/4509/318/390916/4508/5663/4728/195827/2821/50808/55229/8801/790/100/2182/4702/8459/7114/374291/9061/30833/132/2180/4882/4719/509/79621/204/5162/4725/32/64087/4705/9611/283927/55526/4597/4976/506/51703/8473/113/9551/706/2584/53343/5151/669/51292/9556/2181/8050/4708/197322/272/5165/65220/3091/2475/513/54539/79877/4694/1743/4522/8803/4860/3251/64802/1738/11164/38/4706/5901/5198/29789/498/518/2023/23597/8505/402/3099/3939/10632/11163/6392/3312/11182/5160/471/6390/1737/3098/5230/30968/11332/109/93974/3614,SeAx,Down
GO:0035136,forelimb morphogenesis,24,0.6368188867031486,1.8568922976022464,7.738352482754466e-4,0.015096771414009074,0.012421356977828184,2734,"tags=46%, list=18%, signal=37%",23322/8626/6474/7291/1499/25836/6926/7020/4488/860/3207,SeAx,Up
GO:0019886,antigen processing and presentation of exogenous peptide antigen via MHC class II,25,0.6392252883088364,1.8932643337120099,7.810403743439328e-4,0.015128108182633021,0.012447140317784464,1976,"tags=48%, list=13%, signal=42%",1515/3123/3117/3119/1520/8722/3127/567/1509/5641/1514/81622,SeAx,Up
GO:0042982,amyloid precursor protein metabolic process,63,0.49011231945245826,1.732531387929214,7.809847778093002e-4,0.015128108182633021,0.012447140317784464,4271,"tags=54%, list=29%, signal=39%",23385/5074/20/57142/6646/102/2319/1454/6653/348/1191/4669/25825/9475/5970/1739/81618/51107/2043/8301/5621/8728/6253/5664/26119/26574/6868/1859/347731/9452/177/114134/63941/6667,SeAx,Up
GO:2000146,negative regulation of cell motility,228,0.36773891871909015,1.5457770631822099,7.872680468529302e-4,0.015194273304261553,0.012501579811679613,3434,"tags=36%, list=23%, signal=28%",56940/9289/596/5217/23380/7057/4851/1647/5468/753/9839/23603/493/4208/3162/5912/94241/9314/7026/4163/5793/1545/4856/6091/10563/4204/1281/10076/375056/25942/348/90102/1495/10014/657/63923/257144/1800/5734/388/8692/4301/613/5795/23671/4035/23236/9863/5796/5728/57406/2192/9231/2043/1843/10370/7049/5801/7080/4681/57826/1845/3066/51742/196528/11188/10395/1813/2309/84978/90355/727/4286/7076/57522/2247/56254/1803/5797/182/652/51094/5928,SeAx,Up
GO:0042730,fibrinolysis,13,0.75711515143101,1.8708850136104866,8.051997900161504e-4,0.015409101296724773,0.012678336490974605,487,"tags=38%, list=3%, signal=37%",5327/7057/302/2161/7391,SeAx,Up
GO:0048546,digestive tract morphogenesis,24,0.6359165105019207,1.8542610700231235,8.033138114758482e-4,0.015409101296724773,0.012678336490974605,1910,"tags=42%, list=13%, signal=36%",596/4851/2263/8626/6474/3398/1499/25836/4088/93,SeAx,Up
GO:0003170,heart valve development,58,0.492614896436224,1.7208994421915078,8.069533062496503e-4,0.015409101296724773,0.012678336490974605,2152,"tags=34%, list=15%, signal=30%",6659/4193/4851/639/650/4208/6474/7291/6091/53834/4669/4194/9475/4091/657/5925/6092/4772/4853/23493,SeAx,Up
GO:0051647,nucleus localization,30,-0.571573043150938,-1.889360126678223,8.265390406213189e-4,0.015727524561681715,0.012940329531447187,1087,"tags=33%, list=7%, signal=31%",6585/2475/199953/5108/10726/5048/84823/4000/29109/9368,SeAx,Down
GO:0072078,nephron tubule morphogenesis,47,0.5362926177738856,1.795263155578682,8.302898554410405e-4,0.015743460978257483,0.012953441733639723,3618,"tags=49%, list=24%, signal=37%",84445/596/650/3217/5076/55366/5727/1499/6495/1739/2297/7849/9955/170690/3280/3975/5311/3207/2138/2247/652/6662/5087,SeAx,Up
GO:0003151,outflow tract morphogenesis,55,0.5171631674966313,1.7885515707556436,8.377251854096182e-4,0.01577375227161525,0.012978364875005421,3380,"tags=56%, list=23%, signal=44%",4851/4208/2263/7291/6091/2296/1399/1499/6495/8321/2535/25836/5308/4091/657/6899/6092/6926/10370/4488/7049/23493/3280/659/144165/6909/2138/7048/182/652/23129,SeAx,Up
GO:0060350,endochondral bone morphogenesis,44,0.5311361160807663,1.7562863847715486,8.366571089336865e-4,0.01577375227161525,0.012978364875005421,3670,"tags=61%, list=25%, signal=46%",25987/4208/8817/6474/4664/1281/2296/3636/54928/55790/2131/875/102724560/5915/860/4325/2261/3207/659/2355/7048/4209/652/4665/6662/85301/4323,SeAx,Up
GO:0032963,collagen metabolic process,60,0.5018531745700048,1.765860000737782,8.463870410933218e-4,0.015881512396070524,0.013067028002844266,4410,"tags=50%, list=30%, signal=35%",861/1508/4851/4921/3688/1471/57332/1520/2149/54463/10609/4669/9902/1514/3673/51430/4324/3066/4325/64175/2355/652/26276/162427/4323/4602/64115/3624/4261/8985,SeAx,Up
GO:0010560,positive regulation of glycoprotein biosynthetic process,15,0.7237520671284621,1.8550832922906155,8.600020494629562e-4,0.016081145589265797,0.013231282669573947,1986,"tags=53%, list=13%, signal=46%",23385/11261/5074/20/6646/1499/23236/1236,SeAx,Up
GO:0034501,protein localization to kinetochore,15,-0.7047999795204877,-1.9404784823762768,8.830431706702224e-4,0.01639850616598585,0.013492401348927546,2040,"tags=67%, list=14%, signal=58%",55055/983/51112/7272/9184/9183/283489/9212/54908/55920,SeAx,Down
GO:1903083,protein localization to condensed chromosome,15,-0.7047999795204877,-1.9404784823762768,8.830431706702224e-4,0.01639850616598585,0.013492401348927546,2040,"tags=67%, list=14%, signal=58%",55055/983/51112/7272/9184/9183/283489/9212/54908/55920,SeAx,Down
GO:0043039,tRNA aminoacylation,43,-0.5048237002974532,-1.8187589154100263,8.895596126335016e-4,0.016406758179766015,0.013499190960172124,3274,"tags=53%, list=22%, signal=42%",5917/2193/283459/6301/25973/57038/10667/92935/55278/79731/10352/4677/3376/3735/2617/5188/7453/57470/23395/124454/79587/1615/10056,SeAx,Down
GO:0007007,inner mitochondrial membrane organization,43,-0.504740922826345,-1.818460688002152,8.895596126335016e-4,0.016406758179766015,0.013499190960172124,3672,"tags=58%, list=25%, signal=44%",91137/9868/57143/440574/65018/125988/1678/5018/26515/3313/10651/55750/26520/79135/4976/26521/29928/26519/158234/8834/617/26517/55735/54927/10939,SeAx,Down
GO:0000723,telomere maintenance,149,-0.34186389124402977,-1.5602479356949732,9.00994832339488e-4,0.016561143108716304,0.013626216153963472,3259,"tags=42%, list=22%, signal=33%",55869/10575/7517/1736/5111/5595/3181/55651/23293/328/5888/93973/10111/1763/3320/56252/54537/545/65057/7874/3183/54464/4683/25913/80119/54552/86/4609/79677/170506/7528/472/79035/908/10459/5976/54433/23049/286053/55226/64282/6117/283899/8607/7520/6672/9212/8658/3326/54386/10728/80169/6950/197370/4361/6118/5394/4798/5073/50485/23137/54984,SeAx,Down
GO:0009313,oligosaccharide catabolic process,11,0.778413906053477,1.8465292681190446,9.120496972686465e-4,0.016651069473107318,0.01370020597888607,1325,"tags=45%, list=9%, signal=41%",2760/3074/4125/4758/23324,SeAx,Up
GO:0007219,Notch signaling pathway,138,0.4034656663371207,1.596589340293619,9.095749551490217e-4,0.016651069473107318,0.01370020597888607,3675,"tags=43%, list=25%, signal=32%",4851/351/23385/1050/650/3955/23220/3996/22848/8626/51441/2624/102/4856/6091/4204/80213/1272/2296/159686/3572/6495/375704/22905/1021/3559/51341/23090/81619/151636/51107/9139/221336/6092/56983/2620/307/55662/84231/4853/23493/3280/55534/5664/157285/26160/4179/6909/1027/3169/6868/7048/57534/182/6662/54492/64783/4323/51162,SeAx,Up
GO:0048333,mesodermal cell differentiation,21,0.6531671508294811,1.8392442749606883,9.304227055258032e-4,0.01692930740963448,0.013929135240620212,4244,"tags=76%, list=29%, signal=54%",3688/5076/2263/9314/2260/3690/657/3673/8516/4086/3207/2138/652/3675/2294/3624,SeAx,Up
GO:0042147,"retrograde transport, endosome to Golgi",84,-0.4067845923552673,-1.6828477315953239,9.406049333882882e-4,0.01700009719073682,0.013987379822679561,2197,"tags=33%, list=15%, signal=29%",7874/7260/253725/27131/55275/80148/200576/51479/374403/54497/84910/7879/23258/387680/25938/400/10490/9779/51272/112936/9559/63893/29934/55111/55737/9367/58533/55658,SeAx,Down
GO:0008380,RNA splicing,415,-0.2660653253492407,-1.3565533184020353,9.391830254752548e-4,0.01700009719073682,0.013987379822679561,2924,"tags=29%, list=20%, signal=24%",79760/84967/51759/54407/421/8233/6627/5411/57187/6733/9991/10189/79084/84991/25949/51631/27336/58509/57035/6631/9785/6626/6633/8570/285672/6432/55677/51639/10084/23435/54517/143884/199746/10421/50628/55696/10465/9984/80324/3183/23326/8487/64863/4841/58517/11193/57461/2081/4809/11338/1207/57703/55702/6732/55234/10236/79637/8683/2334/10285/26528/9444/8458/2332/6231/10569/7375/6207/10212/338657/51634/23450/54496/79066/8896/3276/5976/220988/10656/10492/54960/10659/9775/4691/10179/51690/10284/53938/79833/9904/22938/6883/3185/84811/55131/25929/10594/51574/51637/8175/84881/5511/55660/5394/5935/8882/25940/283989/6632/10250/4928/65109/10150/4154/51503/10929/3312/25804/28960/708,SeAx,Down
GO:0009260,ribonucleotide biosynthetic process,194,-0.32501221128412994,-1.5283858932981875,9.55887815207153e-4,0.01721872584459818,0.014167263619070227,2756,"tags=34%, list=19%, signal=28%",4711/23417/4707/6785/226/4709/7371/515/10476/4509/318/4508/4728/50808/55229/790/100/2182/4702/7114/374291/9061/132/2180/4882/4719/509/204/5162/4725/32/4705/506/51703/113/9551/9556/2181/8050/4708/197322/272/5165/513/54539/79877/4694/4522/3251/1738/38/4706/5198/498/518/2023/10632/6392/5160/471/6390/1737/30968/11332/109/3614,SeAx,Down
GO:0031128,developmental induction,20,0.67612672640553,1.8686596897496432,9.630319778490401e-4,0.017289783416266486,0.014225728534479263,3455,"tags=75%, list=23%, signal=58%",650/2260/6091/1499/6495/3227/6092/7080/3207/367/10818/2247/10252/652/6662,SeAx,Up
GO:0010712,regulation of collagen metabolic process,24,0.6304626074684719,1.8383581017755732,9.801857327792966e-4,0.01731712169881664,0.014248221990689447,2287,"tags=42%, list=15%, signal=35%",861/4851/4921/3688/1471/57332/2149/3673/51430/3066,SeAx,Up
GO:0009063,amino acid catabolic process,72,-0.4190580439851231,-1.7164819842041965,9.805772094444655e-4,0.01731712169881664,0.014248221990689447,1956,"tags=35%, list=13%, signal=30%",36/8659/27034/55556/5625/56267/2744/64087/3155/2954/587/152926/6470/3028/1743/125061/4942/10295/1738/38/56922/10247/2731/2746/2806,SeAx,Down
GO:0060349,bone morphogenesis,68,0.4731366566063867,1.6973541109876136,9.751819757597914e-4,0.01731712169881664,0.014248221990689447,3727,"tags=54%, list=25%, signal=41%",25987/22856/4208/8817/2263/6474/4664/7291/4041/1281/2296/3636/54928/55790/2131/875/7020/10370/4488/102724560/5915/56603/860/4325/2261/3207/659/389058/2355/7048/4209/652/4665/6662/85301/4323/4054,SeAx,Up
GO:0098773,skin epidermis development,84,0.4527734280064326,1.6838838081261813,9.759922302080853e-4,0.01731712169881664,0.014248221990689447,3950,"tags=46%, list=27%, signal=34%",596/4851/54888/64834/11005/4233/2263/8626/9314/55366/135228/7976/55504/1499/92344/4669/5970/2131/9355/10855/57822/4488/8546/56603/3066/8323/11166/26133/4038/5154/50814/10468/6662/2629/147409/4763/26154/91/29841,SeAx,Up
GO:0031123,RNA 3'-end processing,91,-0.38988346698690274,-1.647787292836927,9.714338942545824e-4,0.01731712169881664,0.014248221990689447,3188,"tags=40%, list=22%, signal=31%",26512/55149/1736/81556/84967/51010/23283/23318/55339/677/55756/167153/6741/170506/1478/5433/23016/51692/64282/3028/10914/79882/2091/118460/11051/53981/55197/6832/57117/51574/5394/5073/60528/11340/90459/29101,SeAx,Down
GO:0048732,gland development,311,0.33791098292282284,1.4551268367378831,9.939255005375848e-4,0.017488298044134362,0.014389062865406432,3380,"tags=33%, list=23%, signal=26%",540/596/4851/23322/5660/51043/55870/23705/4192/3988/171023/90780/5324/1050/650/25/10765/1374/4233/780/6496/2263/57142/8626/9480/9423/55840/2066/3398/3082/5727/2624/5594/2260/1545/6091/4041/6715/1030/1435/8660/2296/1399/7039/1499/6495/4669/5308/27023/657/1385/7337/5970/3219/25807/144455/2131/4124/3481/59277/9420/9095/6899/6926/4088/55959/10370/3673/220/4781/4830/4488/7049/5454/4853/7080/10018/7849/8792/3280/3184/1813/5311/3207/3202/3200/5154/6909/1027/367/54206/10818/208/5894/2288/3169/5307/2247/139596/10116/2671/7048/652/23129,SeAx,Up
GO:0120035,regulation of plasma membrane bounded cell projection organization,494,0.31213024771192766,1.393471145890628,9.967423755724246e-4,0.017488298044134362,0.014389062865406432,3328,"tags=32%, list=22%, signal=26%",23654/25987/5792/26115/22954/23413/4193/5217/23191/4921/375790/84628/4192/27/23603/2033/83999/65981/54874/25/7025/780/952/23433/8507/10178/22891/5364/57142/9314/9423/6474/9820/54664/1627/2260/5793/23557/6091/22902/4651/6498/567/1272/23271/950/55704/57451/1608/5420/9693/26751/8934/1399/653464/5337/23043/348/8321/26053/23327/22873/4734/115703/57698/63923/1268/5587/79625/7337/55714/2048/349667/81618/2664/10602/7430/9912/100287171/9863/5728/9024/1946/9139/57463/57520/2043/818/6092/1523/51393/4756/10500/83478/2889/1236/5454/115704/202018/8408/57465/10505/2580/140469/4137/27020/23251/84879/3066/8482/29116/170690/6695/5621/90410/5754/4135/85358/57787/11075/3280/54849/6101/5530/5997/4858/157285/55558/64175/659/4038/117177/154141/23111/7869/4133/2316/2823/56965/2011/85442/7436/10806/55754/23064/120114/23580/2288/140578/4139/153241/25793/9175/9638/3196/5580/5526/8766,SeAx,Up
GO:0008543,fibroblast growth factor receptor signaling pathway,51,0.5128768106694922,1.753940396475912,0.0010088901656356965,0.017587233726113885,0.014470465397776511,3351,"tags=51%, list=23%, signal=40%",7057/3688/8817/2263/2260/53834/25778/10253/1399/3340/1499/2591/23767/2131/55614/2817/55959/387914/27020/860/2261/6909/10818/23064/2247/10252,SeAx,Up
GO:0031345,negative regulation of cell projection organization,146,0.4051103070317415,1.6175094677093977,0.0010061009114143396,0.017587233726113885,0.014470465397776511,2915,"tags=36%, list=20%, signal=29%",25987/22954/4193/5217/83999/7025/952/22891/57142/9423/5793/23557/22902/567/9693/10253/8934/653464/348/7337/2048/349667/81618/2664/9912/5728/9139/2043/4756/10500/83478/115704/8408/10505/2580/23251/3066/8482/29116/6695/5621/11075/3280/5530/157285/55558/4038/117177/23111/7869/4133/2316,SeAx,Up
GO:0043542,endothelial cell migration,163,0.3927468110568705,1.5937113613019538,0.0010128806145549784,0.017600021996961746,0.014480987361246332,1436,"tags=26%, list=10%, signal=24%",7057/4851/5829/3688/1647/5468/9839/493/54453/25/6678/4208/3162/8817/4233/9314/57608/7026/10769/5335/2624/2260/3315/1545/4856/6091/10563/3397/4204/375056/3964/348/9475/3690/10014/5170/10016/154796/5587/388/5641/27086,SeAx,Up
GO:0006888,endoplasmic reticulum to Golgi vesicle-mediated transport,115,-0.3771624751497861,-1.6445406942255543,0.0010408220295584812,0.018027571306839848,0.014832767384801026,2397,"tags=32%, list=16%, signal=27%",22878/60561/50999/122553/6399/55014/9218/25956/10342/10282/81876/9117/51014/10427/10959/10113/286451/56681/1315/10972/51124/9183/90522/51693/8452/84272/51399/4253/10525/378/10945/3998/23256/64764/29098/6683/372,SeAx,Down
GO:0014904,myotube cell development,30,0.5866867923989889,1.80517705656942,0.001046744646124098,0.018072230248097846,0.014869511973190483,1005,"tags=27%, list=7%, signal=25%",596/57190/9215/1827/6474/4773/80208/6495,SeAx,Up
GO:0060441,epithelial tube branching involved in lung morphogenesis,23,0.6569049192317311,1.8984983142973841,0.0010686219458019327,0.018159852185891962,0.014941605756595049,3455,"tags=70%, list=23%, signal=53%",3845/1522/2263/10253/1499/2131/9231/7080/9620/3202/6909/3169/1512/10252/652/6662,SeAx,Up
GO:0007413,axonal fasciculation,12,0.7645156553083853,1.8646217190898207,0.0010680464138953603,0.018159852185891962,0.014941605756595049,2050,"tags=58%, list=14%, signal=50%",57142/27242/1268/2048/57463/2043/4685,SeAx,Up
GO:0106030,neuron projection fasciculation,12,0.7645156553083853,1.8646217190898207,0.0010680464138953603,0.018159852185891962,0.014941605756595049,2050,"tags=58%, list=14%, signal=50%",57142/27242/1268/2048/57463/2043/4685,SeAx,Up
GO:0051962,positive regulation of nervous system development,200,0.3672963205893819,1.5182100929992803,0.001065378195934713,0.018159852185891962,0.014941605756595049,2737,"tags=29%, list=18%, signal=24%",23654/3845/22954/50937/4851/23191/3688/375790/4192/7161/65981/5324/650/147381/22891/5364/9423/6474/3398/9820/1627/6091/7976/22902/6498/4204/57555/3572/1499/23767/9746/57698/5970/2048/2664/4124/1946/9231/57463/2043/6092/1523/51393/63925/57465/4137/27020/4825/3066/8482/4135/54413/85358/63827/3280/1813/55558/659,SeAx,Up
GO:0050804,modulation of chemical synaptic transmission,307,0.3404773336128841,1.466604526644837,0.0010565965312072667,0.018159852185891962,0.014941605756595049,2696,"tags=27%, list=18%, signal=22%",3845/5327/8878/5217/351/23191/3092/23385/3688/84628/7204/9215/147381/25/440279/4208/107/952/57142/10769/8573/2149/23085/5579/5335/23228/1627/6536/5594/23557/773/23208/4204/5566/9693/57555/8973/348/57616/9465/9746/9783/2905/1268/8541/590/7337/2048/10211/5641/613/9912/57617/154/23236/9381/22849/7779/5728/57406/128977/2043/54434/114781/760/57465/4137/27020/2894/5028/5621/26509/3269/9463/54413/85358/57512/5340/5530/1813/28964/81832,SeAx,Up
GO:0006515,protein quality control for misfolded or incompletely synthesized proteins,20,-0.6498682746026243,-1.9644898720348676,0.001092737403680599,0.01851145118962369,0.015230895209196009,1404,"tags=35%, list=9%, signal=32%",5192/83752/8452/9361/55139/10730/55658,SeAx,Down
GO:0032259,methylation,229,-0.3095201112618925,-1.4873876860813797,0.0010975615007072653,0.018535069843193943,0.015250328220353581,2715,"tags=31%, list=18%, signal=26%",51611/29063/387893/221078/56980/91893/127253/110599564/84705/1787/6633/25821/79872/81627/27292/2107/115286/51106/54737/93587/5926/55695/64863/6839/113802/79723/11176/60487/114826/10196/7799/55798/23463/91801/4297/84274/54496/79066/7298/115708/29081/3276/23378/64745/151194/28989/10400/158234/79624/57570/3028/2091/55471/2146/51574/53615/51108/133383/24140/207/8731/23347/54815/25940/6632/55178/84193/2935/5110/79828/1312,SeAx,Down
GO:0043414,macromolecule methylation,166,-0.3344230518278608,-1.536287347992732,0.0011074875105143078,0.018644431485418438,0.01534030904873729,2696,"tags=32%, list=18%, signal=26%",29063/387893/221078/91893/127253/84705/1787/6633/25821/79872/81627/27292/2107/115286/51106/54737/93587/5926/55695/64863/113802/11176/55798/23463/91801/4297/54496/79066/115708/29081/3276/151194/28989/158234/57570/3028/2091/55471/2146/51574/53615/24140/207/8731/23347/54815/25940/6632/55178/84193/2935/5110/79828,SeAx,Down
GO:0051216,cartilage development,136,0.4012784525453693,1.589338670896066,0.0011355963867257846,0.019058269794615345,0.015680807903006584,3553,"tags=40%, list=24%, signal=30%",25987/861/22856/23314/4192/81029/650/4208/8817/6474/4773/2260/4856/1281/57326/1499/54928/55790/7227/657/2121/8692/2131/5925/51222/875/4088/55959/4781/4488/102724560/202018/5744/5915/860/4086/399979/2261/3207/659/3202/3200/54206/7076/2355/5307/2247/7048/4209/652/2822/6662/7067/85301,SeAx,Up
GO:0001573,ganglioside metabolic process,21,0.6461993187655206,1.8196236537824007,0.0011422220146343326,0.01911011692595645,0.01572346680728506,2266,"tags=52%, list=15%, signal=44%",2760/2583/3074/20/338596/3073/4758/4669/6483/8869/6482,SeAx,Up
GO:0035137,hindlimb morphogenesis,20,0.6715960185328724,1.8561378490398759,0.0011479304909838093,0.019146346831100326,0.01575327613357898,3370,"tags=75%, list=23%, signal=58%",4851/23322/9215/8626/7291/3899/5727/1499/657/6926/4488/5915/55636/5307/652,SeAx,Up
GO:0090151,establishment of protein localization to mitochondrial membrane,34,-0.5535179245521511,-1.8703750019084084,0.00116285652592838,0.019335620511129123,0.01590900717577806,2852,"tags=53%, list=19%, signal=43%",1678/5018/3320/581/26515/64112/23788/10651/55750/26520/3308/26521/10452/29928/26519/158234/617/26517,SeAx,Down
GO:0043144,sno(s)RNA processing,12,-0.7508969016359273,-1.9303475117490063,0.0012512001834455604,0.020693399100837413,0.017026163427078817,1118,"tags=75%, list=8%, signal=69%",7737/1736/51010/64282/2091/118460/51574/5394/5073,SeAx,Down
GO:0033151,V(D)J recombination,15,-0.69904139615118,-1.9246237612613386,0.0012521727435184742,0.020693399100837413,0.017026163427078817,1638,"tags=40%, list=11%, signal=36%",7528/78996/472/3146/51176/64919,SeAx,Down
GO:0003161,cardiac conduction system development,24,0.6220831542585665,1.8139245580342034,0.0012897129368610013,0.02124880704511235,0.017483143277602278,2517,"tags=42%, list=17%, signal=35%",4851/6474/3398/657/9242/6926/4488/4853/23493/4086,SeAx,Up
GO:0042776,proton motive force-driven mitochondrial ATP synthesis,66,-0.4345545935161997,-1.7253100930548115,0.0013064440057366981,0.021459037711249598,0.01765611735796453,2756,"tags=39%, list=19%, signal=32%",4711/4707/4709/515/10476/4509/4508/4728/4702/374291/4719/509/4725/4705/506/9551/4708/513/54539/4694/4706/498/10632/6392/6390/30968,SeAx,Down
GO:0007162,negative regulation of cell adhesion,208,0.3679227156472325,1.530825635511057,0.0013357647193687283,0.021790027662748512,0.01792845004625223,2738,"tags=28%, list=18%, signal=23%",23654/942/7805/56940/861/7057/4851/51043/4192/5074/64600/23603/3123/650/25/84695/81/5364/9314/8573/51441/1029/102/1545/27242/5420/375056/90102/941/3559/2048/1739/3077/5747/10859/5728/1946/91663/2192/9231/55824/2043/9306/8324/1843/5573/6693/1845/65125/6695/9655/5621/10385/10395/5340/284/8651/55558/4155,SeAx,Up
GO:0046034,ATP metabolic process,178,-0.32232398021218317,-1.4989931132431693,0.0013314068601458745,0.021790027662748512,0.01792845004625223,2756,"tags=33%, list=19%, signal=27%",4711/114789/4707/5223/226/4709/515/10476/4509/318/4508/5663/4728/195827/2821/4702/7114/374291/4719/509/204/4725/4705/9611/55526/506/8473/9551/706/2584/669/9556/4708/65220/3091/2475/513/54539/4694/64802/11164/4706/29789/498/518/2023/8505/402/3099/3939/10632/6392/3312/11182/6390/3098/5230/30968/93974,SeAx,Down
GO:0060070,canonical Wnt signaling pathway,229,0.3553705226093837,1.493582032666001,0.0013386915588513148,0.021790027662748512,0.01792845004625223,3030,"tags=33%, list=20%, signal=26%",84445/6659/4851/3487/4192/9839/81029/83999/90780/65981/650/7091/4811/83786/607/84133/90268/1501/2263/9314/4163/27303/54903/55366/261734/7090/7976/85409/4041/10076/1454/9679/643965/1499/348/8321/26524/84327/2535/63923/6788/2131/83439/139285/6907/252839/115908/5728/8324/2776/10023/4088/55959/81847/2297/3087/51366/7088/65125/147906/90410/5754/8323/8994/4040/406/4038/2309/144165/5218/3836/79705/9736/9978/54949,SeAx,Up
GO:0009880,embryonic pattern specification,44,0.51844161354452,1.714309984954544,0.001342860144425736,0.021792240902332366,0.017930271060705893,3029,"tags=45%, list=20%, signal=36%",23314/10409/84976/2263/2066/5727/1499/56917/4212/4091/4211/6926/4088/23424/23272/11022/4086/3975/5046/10818,SeAx,Up
GO:0007080,mitotic metaphase chromosome alignment,57,-0.4539126023421247,-1.7212443886357602,0.001348672593592463,0.021821038011298415,0.01795396481353471,3450,"tags=46%, list=23%, signal=35%",10464/11004/221150/220134/8379/332/10403/1062/348235/51510/27436/81620/8697/84722/57132/5119/9183/283489/9212/8452/54908/10726/3835/27183/81929/54984,SeAx,Down
GO:0006260,DNA replication,264,-0.29204192225582404,-1.4256471966135216,0.0013574102408520983,0.021896850571835044,0.018016342049832722,2791,"tags=32%, list=19%, signal=26%",5888/84289/93973/10111/1763/604/79596/5930/4998/51550/5557/3978/6418/5427/5984/222229/57662/201254/4999/545/81620/4683/5753/6240/1017/55388/80119/64863/5422/57695/54108/5985/86/6416/5982/84083/92675/7528/7465/114799/5000/9400/5983/51659/116028/890/5931/5976/64061/23175/25842/4175/9093/6117/283899/11198/8607/56953/23594/253461/27000/55159/84897/79892/10926/80169/3159/4361/993/6118/5932/11177/8882/4798/50485/5001/116447/25792/57418/1111/6742/5442/10498/997,SeAx,Down
GO:0002683,negative regulation of immune system process,366,0.32153216790371275,1.4045588693241182,0.0013724246883490734,0.02207316373761426,0.0181614094097321,2683,"tags=25%, list=18%, signal=21%",942/7805/56940/3105/861/22954/8878/7057/5272/7534/51043/4192/5074/5468/54625/64600/5692/3123/966/7353/1050/3662/55080/11005/23220/84695/3162/10401/10769/6773/3398/5335/55366/7291/51441/55829/23228/2624/56927/4856/27242/11274/23208/1281/142/7301/375056/1499/25939/941/5170/1021/3559/1268/257144/5734/25807/1739/613/7430/5795/3077/9290/23236/10859/9231/55061/55824/9306/4068/1843/8887/5573/56834/124626/79004/6693/4681/1845/3149/3134/81559/9655/5621/11126/3106/10385/4254/7107/127018/1813/284/8651,SeAx,Up
GO:0060191,regulation of lipase activity,39,0.5539245224031167,1.77877959585134,0.0013794454712983762,0.02212024726082025,0.01820014890134106,2699,"tags=46%, list=18%, signal=38%",942/115727/27/25/7294/2263/341/6272/2260/9170/5170/4035/9290/2776/636/5997/2261/3702,SeAx,Up
GO:0007623,circadian rhythm,162,0.37837405972668803,1.5352046335503995,0.0013878334008850972,0.022188910350245755,0.018256643679036594,2743,"tags=31%, list=19%, signal=26%",7157/4783/6095/5468/3399/2033/23239/107/5927/8204/50865/3398/55366/5971/64839/3397/7071/142/1454/25942/79365/4669/9475/285382/1385/7337/4704/60675/10499/3363/5728/2776/5562/114781/83759/56938/9975/124626/7080/6096/22992/3066/8914/148523/8792/8553/2673/3184/1813/80045/406,SeAx,Up
GO:0009124,nucleoside monophosphate biosynthetic process,37,-0.5088952167893207,-1.7677571364897886,0.0013957016501060825,0.02224888412145507,0.01830598903911844,2518,"tags=43%, list=17%, signal=36%",10606/8833/7371/318/790/100/132/7298/272/6470/5631/3251/5198/5634/471/3614,SeAx,Down
GO:0015986,proton motive force-driven ATP synthesis,74,-0.4174183439414734,-1.7154283375149237,0.0014479693595482992,0.023014195349997085,0.018935673605981477,2756,"tags=38%, list=19%, signal=31%",4711/4707/4709/515/10476/4509/4508/4728/4702/374291/4719/509/4725/4705/506/9551/9556/4708/513/54539/4694/4706/498/518/10632/6392/6390/30968,SeAx,Down
GO:1990845,adaptive thermogenesis,132,0.39778290665539234,1.5700979080360424,0.0014591814818818766,0.02312438923193449,0.01902633918650732,1918,"tags=27%, list=13%, signal=23%",2171/1152/4851/51043/3988/3662/291/2778/55366/23228/7090/338557/3397/10644/94097/56034/6653/79071/5565/170394/9658/79602/3953/8809/7253/23090/10912/154/57406/58488/9673/5925/51393/93/4857,SeAx,Up
GO:0001942,hair follicle development,61,0.48631007917760705,1.7146646698272683,0.0014648305517675532,0.02314603597003467,0.019044149740431348,3677,"tags=48%, list=25%, signal=36%",596/4851/54888/11005/2263/8626/55366/135228/7976/55504/1499/92344/4669/5970/2131/9355/10855/4488/3066/8323/11166/26133/4038/5154/50814/10468/6662/147409/4763,SeAx,Up
GO:0043928,exonucleolytic catabolism of deadenylated mRNA,13,-0.7352744073199833,-1.9604096340146988,0.0014707524388067256,0.023171854750179435,0.019065392976890007,1269,"tags=46%, list=9%, signal=42%",51010/9337/23016/22894/11340/28960,SeAx,Down
GO:0051147,regulation of muscle cell differentiation,100,0.4322757694395851,1.6462472156559422,0.0014856211201886543,0.023338071318312465,0.019202153034506963,2772,"tags=33%, list=19%, signal=27%",596/22954/4193/4851/9759/650/3915/4811/4208/2263/6830/6474/4773/3398/4856/4204/79365/10014/657/5587/27086/3481/6899/8324/4772/4853/23493/56603/4086/5997/8554/659/9734,SeAx,Up
GO:0120039,plasma membrane bounded cell projection morphogenesis,477,0.30961248430254484,1.3782375138379843,0.0015031705117993213,0.02354531433554647,0.019372668930100177,3520,"tags=33%, list=24%, signal=26%",23654/25987/26115/596/23380/4851/351/23191/3688/84628/23022/23603/10160/7204/65981/25/7345/3996/107/780/1501/22891/5076/8633/2263/5364/57142/9423/6474/1952/9820/54664/5727/1627/25894/80208/55701/6091/7976/22902/6498/4204/1272/23181/4343/55740/10642/9693/1499/23043/25942/348/26053/334/23767/1951/23327/26128/27023/6446/4734/115703/57698/56288/63923/1385/7337/4649/2048/10211/2664/84258/2131/9355/9912/5747/5728/59277/9024/1946/57463/57520/2043/6092/1523/284656/8301/2115/51393/4756/1945/333/10500/63925/2297/4781/5454/4853/8408/7080/23334/57465/4681/10505/4137/8609/4825/84879/8482/219699/8941/5754/4135/54413/85358/3800/5530/1813/3975/4858/55558/659/4038/144165/84298/23111/4205/7869/4133/2823/56965/2017/3676/2011/85442/7436/115557/6642/170302/140578/114804/51299/28988/2064/9175/6868/9638/3196/22903/5797/4929/23129/1948/10611/9762/8904/84446/1959,SeAx,Up
GO:0009144,purine nucleoside triphosphate metabolic process,204,-0.3107029107560788,-1.4734251102664884,0.001516754895396858,0.023621162693730893,0.01943507562007077,2756,"tags=32%, list=19%, signal=27%",4711/114789/4707/5223/226/4709/515/10476/4509/318/4508/5663/4728/195827/2821/50808/100/4702/7114/374291/132/4719/509/204/4725/55270/4705/9611/55526/4976/506/8473/9551/706/2584/669/9556/4708/65220/3091/2475/513/54539/4694/64802/11164/4706/5901/29789/498/518/2023/8505/402/3099/3939/10632/6392/3312/11182/6390/3098/5230/30968/93974/3614,SeAx,Down
GO:0007169,transmembrane receptor protein tyrosine kinase signaling pathway,442,0.31506330171724717,1.3981966860070913,0.001513247632548814,0.023621162693730893,0.01943507562007077,3474,"tags=34%, list=23%, signal=27%",5327/115727/7057/9847/5829/23191/3092/4921/51043/3487/3688/23705/27/3592/57732/650/25/1796/8817/4233/780/23433/2263/57142/57608/2066/5579/6272/5335/3082/29988/9026/2549/5594/2260/3315/5793/6091/8895/401474/53834/25778/56034/6464/1435/8660/55704/2296/1176/7301/9693/10580/6653/10253/3636/1399/7039/2444/3340/64762/1499/23636/2591/140710/23767/22905/4643/3690/4734/5170/1509/92799/10016/5587/5970/2048/5641/2131/5795/4035/5164/4902/154/23236/5747/3481/55614/2817/1946/1795/59338/7249/2043/5791/284656/64397/1945/55959/5562/2889/2674/3087/3416/5801/387914/27020/1845/9678/9655/90410/860/145957/9046/10628/57727/284/8651/2261/28964/8879/144165/54741/5154/6909/367/54206/1288/10818/5936/23064/208/10636/5894/6655/56899/2064/9261/2247/6868/7763/5580/6622/5526/10252/1948/51094/8503/2822/6662/9146/27019,SeAx,Up
GO:0007218,neuropeptide signaling pathway,32,0.5774698018287593,1.8063895366578953,0.0015451895945761181,0.02399484071577397,0.019742531299121364,1742,"tags=31%, list=12%, signal=28%",10178/6272/84634/7301/9693/6653/4985/5970/60675/2861,SeAx,Up
GO:0071027,nuclear RNA surveillance,14,-0.6890690852795336,-1.8754892536623056,0.0015529973137588836,0.02400660840908747,0.019752213549414758,2748,"tags=57%, list=19%, signal=47%",51010/54464/80335/84186/23016/118460/5394/11340,SeAx,Down
GO:0042471,ear morphogenesis,79,0.458041090281952,1.685425443017525,0.0015548321508476342,0.02400660840908747,0.019752213549414758,3134,"tags=44%, list=21%, signal=35%",4646/26018/5076/2263/9423/7291/2624/5594/2260/7976/145258/10253/6495/2535/25836/4669/2048/613/3198/115908/6899/57822/6926/25861/7020/220/140469/7849/5754/8516/8323/11078/6909/55636/2138,SeAx,Up
GO:0043408,regulation of MAPK cascade,447,0.31293602711138135,1.3915094153064014,0.0015680040685982684,0.024141008509131173,0.01986279557882467,2011,"tags=22%, list=14%, signal=20%",154043/7805/56940/11184/50937/7057/4851/351/7534/3487/55870/90441/1647/5468/7161/3123/4281/650/25/7345/23239/1796/29969/4208/8817/1848/10178/5871/2263/10550/57608/2149/2066/153769/3082/5594/2260/23005/6091/23162/338557/6346/57551/25778/56034/146850/57630/7936/6464/55504/6609/9693/10253/4296/1399/7039/3340/64762/1499/8844/23043/9618/348/3552/5610/9475/9170/3690/59340/6788/2621/23286/2048/10174/1739/8692/7430/5795/10912/9290/154/23236/10298/3481/1230/2192/29108/7444/6899/2043/2861/1687/8324/4216/1843/1236/100133941/84231/23328,SeAx,Up
GO:0000377,"RNA splicing, via transesterification reactions with bulged adenosine as nucleophile",277,-0.29148061567620936,-1.4352380429353897,0.0015800430810164897,0.024188534871991813,0.019901899431082906,2924,"tags=31%, list=20%, signal=25%",79760/51759/8233/6627/5411/6733/79084/84991/25949/51631/27336/58509/57035/6631/9785/6626/6633/6432/51639/10084/143884/199746/10421/50628/55696/10465/3183/8487/58517/11193/57461/4809/11338/1207/57703/55702/6732/55234/10236/8683/26528/9444/2332/10569/7375/10212/338657/51634/23450/54496/79066/8896/5976/220988/10656/10492/54960/10659/9775/4691/10179/51690/10284/53938/79833/9904/22938/3185/84811/25929/10594/51574/8175/55660/5394/5935/6632/10250/4928/65109/51503/10929/3312/25804/28960/708,SeAx,Down
GO:0000398,"mRNA splicing, via spliceosome",277,-0.29148061567620936,-1.4352380429353897,0.0015800430810164897,0.024188534871991813,0.019901899431082906,2924,"tags=31%, list=20%, signal=25%",79760/51759/8233/6627/5411/6733/79084/84991/25949/51631/27336/58509/57035/6631/9785/6626/6633/6432/51639/10084/143884/199746/10421/50628/55696/10465/3183/8487/58517/11193/57461/4809/11338/1207/57703/55702/6732/55234/10236/8683/26528/9444/2332/10569/7375/10212/338657/51634/23450/54496/79066/8896/5976/220988/10656/10492/54960/10659/9775/4691/10179/51690/10284/53938/79833/9904/22938/3185/84811/25929/10594/51574/8175/55660/5394/5935/6632/10250/4928/65109/51503/10929/3312/25804/28960/708,SeAx,Down
GO:0072595,maintenance of protein localization in organelle,38,-0.5159562027633771,-1.8105605019244413,0.0016216487387774741,0.02475533837387986,0.020368255345215736,2306,"tags=45%, list=16%, signal=38%",81573/6500/51141/23345/1020/706/10959/11079/7295/6672/11315/10945/207/402/3099/25792/3098,SeAx,Down
GO:0051961,negative regulation of nervous system development,100,0.43089994924412356,1.641007643313134,0.0016354282887725044,0.02489536471134257,0.02048346654343976,2937,"tags=39%, list=20%, signal=31%",7157/4851/5783/57142/9682/9423/7832/2624/22902/567/4204/1030/9693/6653/1499/1495/657/2048/2664/9355/5309/5728/5925/6092/10500/8408/10505/4825/8482/81559/3280/222223/5530/55558/4038/23111/7869/4133/22920,SeAx,Up
GO:0048858,cell projection morphogenesis,480,0.3118621637640365,1.3890061269992495,0.0016686304839712326,0.025329435773540847,0.020840612549658445,3418,"tags=32%, list=23%, signal=26%",23654/25987/26115/596/23380/4851/351/23191/3688/84628/4192/23022/23603/10160/7204/65981/25/7345/3996/107/780/1501/22891/5076/8633/2263/5364/57142/9423/6474/1952/9820/54664/5727/1627/25894/80208/55701/6091/7976/22902/6498/4204/1272/23181/4343/55740/10642/9693/1499/23043/25942/348/26053/334/23767/1951/23327/26128/27023/6446/4734/115703/57698/56288/63923/1385/7337/4649/2048/10211/2664/84258/2131/9355/9912/5747/5728/59277/9024/1946/57463/57520/2043/6092/1523/284656/8301/2115/51393/4756/1945/333/10500/63925/2297/4781/5454/4853/8408/7080/23334/57465/4681/10505/4137/8609/4825/84879/8482/219699/8941/5754/4135/54413/85358/3800/5530/1813/3975/4858/55558/659/4038/144165/84298/23111/4205/7869/4133/2823/56965/2017/3676/2011/85442/7436/115557/6642/170302/140578/114804/51299/28988/2064/9175/6868/9638/3196/22903/5797/4929/23129/1948/10611,SeAx,Up
GO:0009127,purine nucleoside monophosphate biosynthetic process,20,-0.6268877828236269,-1.8950220350615583,0.0017007040316177043,0.02567207985157004,0.021122534047495395,3076,"tags=50%, list=21%, signal=40%",10606/8833/318/100/132/272/3251/5198/471/3614,SeAx,Down
GO:0008038,neuron recognition,30,0.5746138929417597,1.768029942659894,0.0016975781551662422,0.02567207985157004,0.021122534047495395,2050,"tags=43%, list=14%, signal=37%",351/23022/57142/6091/27242/63923/1268/2048/2131/57463/2043/6092/4685,SeAx,Up
GO:0022900,electron transport chain,152,-0.3332085198082457,-1.5254404752745754,0.001718092064041527,0.02586231062417942,0.021279052568571794,2828,"tags=30%, list=19%, signal=25%",6648/4711/4707/4709/57017/29958/10495/57019/4728/8604/1355/5447/4702/8659/7386/374291/54205/128/4719/4725/57215/4705/4200/10514/1349/10975/8630/7385/4708/9167/11315/4688/10954/4694/29103/1347/1528/1738/4706/1327/2731/2230/6392/84883/6390/1535,SeAx,Down
GO:0014812,muscle cell migration,65,0.4755021021567251,1.6967393086209606,0.0017517359609783864,0.026295503147575557,0.02163547572857516,1951,"tags=28%, list=13%, signal=24%",5327/596/4193/4921/4192/4208/780/6282/1545/4856/6653/6495/9510/3690/657/4035/54434/3673,SeAx,Up
GO:0003171,atrioventricular valve development,23,0.6465137721829775,1.8684672175920238,0.0017626822937286605,0.0262964940457741,0.021636291022118077,1275,"tags=39%, list=9%, signal=36%",6659/4193/4851/650/7291/4669/4194/4091/657,SeAx,Up
GO:0006983,ER overload response,11,0.7584236546121187,1.799109015119362,0.0017693484458537608,0.0262964940457741,0.021636291022118077,1046,"tags=45%, list=7%, signal=42%",7157/54499/55829/84919/7466,SeAx,Up
GO:1903035,negative regulation of response to wounding,59,0.48072053268480547,1.683007464521121,0.00177126643831639,0.0262964940457741,0.021636291022118077,3390,"tags=41%, list=23%, signal=32%",5327/7057/4192/302/83999/2161/7391/8573/135228/348/90102/7035/5728/2043/4756/4088/5627/5340/28964/2137/5154/2247/5580/2266,SeAx,Up
GO:0009205,purine ribonucleoside triphosphate metabolic process,198,-0.31114930685340136,-1.4708631524335656,0.0017587833951610216,0.0262964940457741,0.021636291022118077,2756,"tags=32%, list=19%, signal=26%",4711/114789/4707/5223/226/4709/515/10476/4509/318/4508/5663/4728/195827/2821/50808/4702/7114/374291/4719/509/204/4725/4705/9611/55526/4976/506/8473/9551/706/2584/669/9556/4708/65220/3091/2475/513/54539/4694/64802/11164/4706/5901/29789/498/518/2023/8505/402/3099/3939/10632/6392/3312/11182/6390/3098/5230/30968/93974/3614,SeAx,Down
GO:0042797,tRNA transcription by RNA polymerase III,12,-0.7397490411549122,-1.9016894567031406,0.0017826716421235423,0.026393308367220883,0.02171594813649558,3169,"tags=50%, list=21%, signal=39%",5441/2975/661/55718/9330/5434,SeAx,Down
GO:0055088,lipid homeostasis,107,0.42048110927478544,1.618485600150324,0.0018004451435094345,0.02658362173640706,0.02187253461657708,3096,"tags=35%, list=21%, signal=28%",25987/6095/5468/3988/20/215/1050/7391/57142/6646/63874/23461/4041/8660/348/51474/128486/100127206/84649/9420/80339/5562/9975/100133941/22913/51099/29116/114899/94103/6296/9734/26119/116238/54206/1645/9969/340895,SeAx,Up
GO:0030574,collagen catabolic process,20,0.6551289034430725,1.8106265077882642,0.0018117010563538888,0.026604436164501127,0.02188966036052296,2487,"tags=45%, list=17%, signal=38%",1508/3688/1471/1520/54463/9902/1514/4324/4325,SeAx,Up
GO:0009199,ribonucleoside triphosphate metabolic process,204,-0.3084596440153174,-1.4627870202118434,0.0018088657419937548,0.026604436164501127,0.02188966036052296,2756,"tags=32%, list=19%, signal=26%",4711/114789/4707/5223/226/4709/7371/515/10476/4509/318/4508/5663/4728/195827/2821/50808/790/4702/7114/374291/4719/509/204/4725/4705/9611/55526/4976/506/8473/9551/706/2584/669/9556/4708/65220/3091/2475/513/54539/4694/64802/11164/4706/5901/29789/498/518/2023/8505/402/3099/3939/10632/6392/3312/11182/6390/3098/5230/30968/93974/3614,SeAx,Down
GO:0035909,aorta morphogenesis,29,0.5849431652076813,1.7910723559342132,0.0018632061924029292,0.027286629441044524,0.022450956943973678,3392,"tags=59%, list=23%, signal=45%",6659/4851/1281/6495/4669/657/4035/6899/23493/4638/3280/6909/55636/2138/7048/182/1948,SeAx,Up
GO:0000956,nuclear-transcribed mRNA catabolic process,120,-0.35553022189873884,-1.5595069122734697,0.0018820726799157988,0.027488434492608044,0.022616998577423428,2120,"tags=31%, list=14%, signal=27%",2107/54464/80149/167153/10957/6741/219988/170506/472/23019/84186/9337/5976/10492/84305/23016/23049/4292/9775/64282/22894/51690/9704/118460/56006/23034/51154/550643/5394/9125/5073/65109/11340/55629/2935/25804/28960,SeAx,Down
GO:0071044,histone mRNA catabolic process,11,-0.7301551715541328,-1.8296929667552397,0.0019352294397605527,0.02818862504707824,0.023193103003400696,2114,"tags=73%, list=14%, signal=62%",55149/54464/167153/6741/472/5976/64282/5394,SeAx,Down
GO:0022404,molting cycle process,63,0.4724320297543331,1.6700321288126418,0.0019518577272093782,0.028202778496897004,0.023204748212024805,3148,"tags=43%, list=21%, signal=34%",596/4851/54888/11005/26018/2263/8626/55366/135228/7976/55504/1499/92344/4669/5970/2131/9355/10855/4488/3066/8323/11166/26133/4038/5154/50814/10468,SeAx,Up
GO:0022405,hair cycle process,63,0.4724320297543331,1.6700321288126418,0.0019518577272093782,0.028202778496897004,0.023204748212024805,3148,"tags=43%, list=21%, signal=34%",596/4851/54888/11005/26018/2263/8626/55366/135228/7976/55504/1499/92344/4669/5970/2131/9355/10855/4488/3066/8323/11166/26133/4038/5154/50814/10468,SeAx,Up
GO:0040008,regulation of growth,442,0.31298113878152123,1.3889564054012862,0.0019455981709629612,0.028202778496897004,0.023204748212024805,3255,"tags=31%, list=22%, signal=25%",7157/861/2786/7093/596/22954/10409/4851/351/23191/3487/375790/84861/7161/65981/25/9826/4208/780/952/1848/6595/2263/123879/57142/9423/79068/55840/2066/5579/3490/1029/5727/2260/102/4856/22902/4204/1435/2296/7003/1399/29967/6495/25942/348/7466/26524/25836/23327/9792/9746/6446/8314/57698/657/1385/6788/23286/79577/8692/2664/5641/84258/27086/7430/5795/1026/154/23236/10298/1031/3481/5728/8455/1946/3020/5925/9306/51393/3300/4088/10500/131566/10370/58191/7049/5454/8408/55841/23493/10505/4137/23251/4825/28982/84879/54617/55615/10018/8482/6695/147906/9928/221927/3574/1813/5997/2261/8879/5830/55558/659/29946/2137/6909/23111/7869/4133/1027/367/2017/253260/170302/29948/112398/55636/340719/153/114804/2064/2355/4493/9175/2247/6868/51147,SeAx,Up
GO:0034383,low-density lipoprotein particle clearance,19,0.6427694632502973,1.754047121135053,0.001980866300183829,0.028491731553858462,0.02344249368567107,2900,"tags=47%, list=20%, signal=38%",3988/302/3162/6646/84649/57552/29116/26119/948,SeAx,Up
GO:0042472,inner ear morphogenesis,64,0.4695876377443464,1.6665524838358492,0.001982952607805547,0.028491731553858462,0.02344249368567107,3134,"tags=47%, list=21%, signal=37%",4646/26018/5076/2263/9423/2624/2260/7976/10253/6495/2535/2048/613/3198/115908/6899/57822/6926/25861/7020/220/140469/7849/5754/8516/8323/11078/6909/55636/2138,SeAx,Up
GO:0043534,blood vessel endothelial cell migration,93,0.42786676308269583,1.6219067949982433,0.0019876726121030052,0.028491731553858462,0.02344249368567107,1340,"tags=29%, list=9%, signal=27%",7057/4851/3688/1647/5468/493/25/4208/3162/8817/9314/57608/10769/5335/2624/2260/3315/1545/6091/3397/4204/375056/348/10014/5170/154796/5587,SeAx,Up
GO:0061484,hematopoietic stem cell homeostasis,16,0.6786729742717597,1.7836125243853624,0.0020216852212966638,0.028826350754319715,0.023717812455928643,1431,"tags=44%, list=10%, signal=40%",9289/6659/2624/4856/84662/8314/2131,SeAx,Up
GO:0001510,RNA methylation,88,-0.38243464696401713,-1.6090077993387613,0.0020209181345829277,0.028826350754319715,0.023717812455928643,2821,"tags=38%, list=19%, signal=31%",131965/29063/221078/91893/127253/84705/1787/6633/25821/79872/81627/27292/51106/93587/55695/64863/113802/55798/91801/79066/115708/29081/158234/57570/3028/2091/51574/24140/207/8731/6632/55178/79828,SeAx,Down
GO:0050680,negative regulation of epithelial cell proliferation,93,0.42695947719560917,1.6184675628067315,0.0020376763033570005,0.028977901956161133,0.023842506109085792,3887,"tags=43%, list=26%, signal=32%",7057/4851/5468/3592/6678/4208/2263/7026/4163/8573/55840/5727/135228/6091/567/1030/348/1021/6788/79577/1739/5796/5925/4781/7049/51098/1813/26160/282679/1027/367/5797/652/1948/6662/26257/6772/4763/7046/857,SeAx,Up
GO:0007268,chemical synaptic transmission,455,0.30598651284803136,1.3608134739686468,0.002064513656945341,0.029205842413959744,0.024030051493351117,3234,"tags=27%, list=22%, signal=22%",9990/3845/5327/8878/5217/351/9900/6509/23191/3092/23385/3688/84628/7204/9215/9751/147381/25/440279/10723/4208/107/10052/952/57142/1488/10769/8573/2149/23085/5579/5335/8447/23228/1627/6536/80208/5594/23557/773/23208/4204/5566/9693/57555/64130/8973/1499/348/57616/9465/9746/9783/2905/1268/8541/590/59340/7337/2048/10211/1739/5641/2131/613/9912/63908/57617/222256/8676/154/23236/9381/22849/7779/3363/5728/57406/782/128977/2043/116841/54434/784/114781/26258/760/57465/4137/27020/90019/2894/5028/9342/5621/26509/3269/9463/54413/56122/85358/4040/57512/5340/5530/1813/28964/81832/4155/56127/1129/6813/29767/10755/1142/2561/2550/8867/10636/5152/1728/51201/4355/89848/8773,SeAx,Up
GO:0098916,anterograde trans-synaptic signaling,455,0.30598651284803136,1.3608134739686468,0.002064513656945341,0.029205842413959744,0.024030051493351117,3234,"tags=27%, list=22%, signal=22%",9990/3845/5327/8878/5217/351/9900/6509/23191/3092/23385/3688/84628/7204/9215/9751/147381/25/440279/10723/4208/107/10052/952/57142/1488/10769/8573/2149/23085/5579/5335/8447/23228/1627/6536/80208/5594/23557/773/23208/4204/5566/9693/57555/64130/8973/1499/348/57616/9465/9746/9783/2905/1268/8541/590/59340/7337/2048/10211/1739/5641/2131/613/9912/63908/57617/222256/8676/154/23236/9381/22849/7779/3363/5728/57406/782/128977/2043/116841/54434/784/114781/26258/760/57465/4137/27020/90019/2894/5028/9342/5621/26509/3269/9463/54413/56122/85358/4040/57512/5340/5530/1813/28964/81832/4155/56127/1129/6813/29767/10755/1142/2561/2550/8867/10636/5152/1728/51201/4355/89848/8773,SeAx,Up
GO:0009156,ribonucleoside monophosphate biosynthetic process,31,-0.5365869237685945,-1.7890101881351737,0.0020994517663659664,0.02962255181577463,0.024372912631935806,3076,"tags=45%, list=21%, signal=36%",10606/8833/7371/318/790/100/132/272/5631/3251/5198/5634/471/3614,SeAx,Down
GO:0007097,nuclear migration,23,-0.6212713105731089,-1.9178318607916907,0.0021110564387566916,0.029708721341253023,0.024443811396130114,1087,"tags=39%, list=7%, signal=36%",6585/199953/5108/10726/5048/84823/4000/29109/9368,SeAx,Down
GO:0002062,chondrocyte differentiation,79,0.45157446428962,1.6616305996962724,0.002120214505034272,0.02976010177975378,0.024486086313779257,3808,"tags=51%, list=26%, signal=38%",25987/861/22856/4192/81029/650/4208/8817/6474/2260/4856/1281/1499/54928/7227/657/2131/5925/51222/4088/55959/4781/4488/5744/5915/860/399979/2261/3207/659/2355/7048/4209/652/2822/6662/85301/10865/4054/7046,SeAx,Up
GO:0030326,embryonic limb morphogenesis,85,0.4454660968926811,1.6622990838931837,0.002180436777906587,0.030447236040845465,0.025051448252080572,4056,"tags=54%, list=27%, signal=40%",4851/23322/8626/6474/54903/7291/3899/5727/2260/4041/1499/221833/54928/7289/25836/5089/657/3227/6926/7020/4488/4853/5915/28982/56603/3226/10018/3066/860/8323/51098/3207/4038/144165/6909/1387/55636/221322/5307/652/2768/5087/3206/100131390/79659/26005,SeAx,Up
GO:0035113,embryonic appendage morphogenesis,85,0.4454660968926811,1.6622990838931837,0.002180436777906587,0.030447236040845465,0.025051448252080572,4056,"tags=54%, list=27%, signal=40%",4851/23322/8626/6474/54903/7291/3899/5727/2260/4041/1499/221833/54928/7289/25836/5089/657/3227/6926/7020/4488/4853/5915/28982/56603/3226/10018/3066/860/8323/51098/3207/4038/144165/6909/1387/55636/221322/5307/652/2768/5087/3206/100131390/79659/26005,SeAx,Up
GO:0003281,ventricular septum development,59,0.47449090436078,1.661197472524375,0.0022381034807363778,0.031121119953407436,0.025605908037553665,3808,"tags=53%, list=26%, signal=39%",6659/4193/4851/639/2263/6091/53834/8321/2535/4194/4091/657/163/6092/6926/10370/7049/23493/7849/5754/3280/7798/659/90/10818/7048/652/64783/8543/4036/7046,SeAx,Up
GO:0099536,synaptic signaling,479,0.3123210385755998,1.3910322237674362,0.002240213853048759,0.031121119953407436,0.025605908037553665,3234,"tags=28%, list=22%, signal=23%",2171/9990/3845/5327/8878/5217/351/9900/6509/23191/3092/23385/3688/375790/84628/10160/7204/9215/9751/147381/25/440279/10723/4208/107/10052/952/57142/1488/10769/8573/2149/23085/5579/5335/8447/23228/1627/6536/80208/5594/23557/773/23208/4204/5566/9693/57555/64130/1399/8973/1499/348/57616/9465/9746/9783/2905/1268/8541/590/59340/7337/5970/2048/10211/1739/5641/2131/613/9912/63908/57617/222256/8676/154/23236/9381/22849/7779/3363/5728/57406/782/128977/2043/116841/54434/2776/784/114781/156/26258/760/57465/4137/27020/90019/2894/5028/9342/5621/26509/3269/9463/54413/56122/85358/4040/57512/5340/5530/1813/28964/81832/4155/56888/56127/1129/6813/29767/3836/10755/1142/2561/2550/8867/10636/5152/1728/51201/4355/89848/8773,SeAx,Up
GO:0006310,DNA recombination,287,-0.2778203816828684,-1.3844517791643034,0.0022530980294070526,0.031219850643373622,0.025687141906114416,2850,"tags=29%, list=19%, signal=24%",4171/328/5888/93973/5788/10111/959/51010/604/387893/27336/80311/29128/22976/79728/55693/7334/23613/201254/54537/2074/64110/4683/5890/27301/80119/4841/86/7247/79677/84083/7528/78996/472/79035/55010/9400/79000/7156/27030/7037/51659/116028/79447/7320/10459/286053/4175/4292/6117/283899/125150/8607/7520/57820/7454/51444/6778/55159/3329/118460/54386/400629/3146/6832/5531/197370/4361/3014/6118/5932/23347/9643/3575/4798/9466/23137/1111/51176/23028/64919/126549/10538,SeAx,Down
GO:0001709,cell fate determination,23,0.636124787605557,1.8384423705706903,0.0022662952695656643,0.03132240316299962,0.02577152030864279,3370,"tags=57%, list=23%, signal=44%",4208/5076/9314/5727/2624/1499/4853/4170/56603/3280/6909/182/652,SeAx,Up
GO:0009168,purine ribonucleoside monophosphate biosynthetic process,18,-0.644173305500768,-1.869577357149107,0.002292000929981672,0.031596869963318765,0.02599734674608642,3076,"tags=56%, list=21%, signal=44%",10606/8833/318/100/132/272/3251/5198/471/3614,SeAx,Down
GO:0035357,peroxisome proliferator activated receptor signaling pathway,16,0.674443448498098,1.7724969570530869,0.0022994689608804918,0.031619160978621316,0.026015687399917498,2932,"tags=62%, list=20%, signal=50%",2171/5468/171023/650/81/7291/10499/10370/6256/84498,SeAx,Up
GO:0034982,mitochondrial protein processing,12,-0.7316273233762284,-1.8808107745950455,0.00233672646359548,0.03204992337378166,0.026370111093313674,1329,"tags=58%, list=9%, signal=53%",6687/23203/9512/4285/10730/10939/30968,SeAx,Down
GO:0006487,protein N-linked glycosylation,65,-0.41407634691378553,-1.6384688632767697,0.002357910734310372,0.03225860660307152,0.026541811969958723,2007,"tags=29%, list=14%, signal=25%",79796/79947/3703/79053/56052/6184/10195/9761/9945/2530/84061/1650/5238/55858/58505/29880/1798/51465/64116,SeAx,Down
GO:0009083,branched-chain amino acid catabolic process,21,-0.6077421840473034,-1.8305673819225883,0.0023964105079026226,0.032506674607801746,0.02674591794447672,2673,"tags=62%, list=18%, signal=51%",4329/594/36/27034/64087/3155/587/152926/3028/10295/1738/38/56922,SeAx,Down
GO:0040036,regulation of fibroblast growth factor receptor signaling pathway,20,0.647786471681409,1.7903337050903145,0.0024001042132703364,0.032506674607801746,0.02674591794447672,3351,"tags=60%, list=23%, signal=47%",7057/3688/25778/10253/1499/2817/55959/387914/27020/860/2247/10252,SeAx,Up
GO:0007616,long-term memory,29,0.5775631718844692,1.7684751143312767,0.002391349419703996,0.032506674607801746,0.02674591794447672,3082,"tags=48%, list=21%, signal=38%",10919/894/107/4204/55902/348/6446/22849/55450/114781/9486/5621/1813/10636,SeAx,Up
GO:0021983,pituitary gland development,21,0.6267774634792175,1.7649339222196851,0.0023869444874929004,0.032506674607801746,0.02674591794447672,3370,"tags=71%, list=23%, signal=55%",650/6496/2624/6715/5308/657/1385/9095/5454/7080/3280/1813/5307/2247/652,SeAx,Up
GO:0009141,nucleoside triphosphate metabolic process,218,-0.3098994532316363,-1.4771439317964585,0.002414186172907679,0.032615655195982744,0.02683558524832115,2756,"tags=33%, list=19%, signal=27%",4711/114789/4707/5223/226/4709/7371/515/10476/4509/318/4508/5663/4728/195827/2821/50808/790/100/4702/7114/79077/374291/132/4719/509/204/4725/55270/4705/9611/55526/4976/506/8473/9551/7298/706/2584/669/9556/4708/65220/3091/2475/513/54539/4694/1841/64802/11164/4706/5901/29789/498/518/2023/8505/402/3099/3939/10632/6392/3312/11182/6390/3098/5230/30968/93974/3614,SeAx,Down
GO:1903624,regulation of DNA catabolic process,10,-0.7396193719960156,-1.8289678801176186,0.002432499148623435,0.03262186527812347,0.026840694794264198,2439,"tags=80%, list=16%, signal=67%",400410/3297/581/472/1677/64802/9131/1676,SeAx,Down
GO:0035914,skeletal muscle cell differentiation,52,0.4922358627530097,1.6831605315970992,0.002430330911335412,0.03262186527812347,0.026840694794264198,2254,"tags=37%, list=15%, signal=31%",3845/50937/4851/57190/9215/4208/607/7832/6495/3131/59269/2817/6899/5925/1655/9975/10370/8320/56603,SeAx,Up
GO:0006119,oxidative phosphorylation,135,-0.3489847017158998,-1.554949787121681,0.00243275568228789,0.03262186527812347,0.026840694794264198,2756,"tags=32%, list=19%, signal=26%",4711/4707/4709/57017/515/10476/4509/4508/4728/1355/4702/7386/374291/54205/4719/509/4725/4705/506/1349/10975/9551/7385/4708/9167/11315/513/2395/54539/4694/29103/1347/1738/2631/4706/1327/10105/498/10632/6392/84275/6390/30968,SeAx,Down
GO:0031145,anaphase-promoting complex-dependent catabolic process,23,-0.616906919232404,-1.9043592142623573,0.002497312002972206,0.03332215818286864,0.02741688343224067,3041,"tags=57%, list=21%, signal=45%",79791/246184/25906/51343/27338/8697/1017/51433/8452/5347/25847/64682/8881,SeAx,Down
GO:1903038,negative regulation of leukocyte cell-cell adhesion,99,0.4180432742634179,1.5920268147470455,0.0024924209290443753,0.03332215818286864,0.02741688343224067,2454,"tags=28%, list=17%, signal=24%",942/7805/56940/861/51043/4192/5074/64600/3123/84695/9314/27242/375056/941/3559/1739/3077/10859/9231/55824/9306/5573/6693/1845/65125/9655/5621/10385,SeAx,Up
GO:0031125,rRNA 3'-end processing,10,-0.737374014411581,-1.8234154472625588,0.002561655109110343,0.0340508016982484,0.028016398452102003,1185,"tags=50%, list=8%, signal=46%",51010/23016/5394/11340/90459,SeAx,Down
GO:0055092,sterol homeostasis,57,0.48262496421630574,1.6790936534160936,0.002564521889560899,0.0340508016982484,0.028016398452102003,4058,"tags=47%, list=27%, signal=35%",25987/6095/20/215/6646/23461/4041/348/51474/100127206/84649/9420/100133941/22913/29116/6296/9734/26119/54206/1645/9969/340895/57476/19/857/6721/3949,SeAx,Up
GO:0010517,regulation of phospholipase activity,33,0.5721133978088577,1.794079309205481,0.0026053371616044547,0.034423574624230985,0.028323109434093982,2699,"tags=48%, list=18%, signal=40%",942/115727/27/25/7294/2263/2260/9170/5170/4035/9290/2776/636/5997/2261/3702,SeAx,Up
GO:0003407,neural retina development,55,0.490919039024691,1.697789157359474,0.0025996537310916373,0.034423574624230985,0.028323109434093982,3680,"tags=44%, list=25%, signal=33%",4851/23322/22882/639/9215/493/6496/148398/4669/7020/6096/3280/8842/6101/3975/121643/23554/23418/2823/120114/5797/6662/6604/6505,SeAx,Up
GO:0014855,striated muscle cell proliferation,59,0.46982290006187244,1.6448547420909545,0.0026225585047060505,0.03456660038885731,0.02844078850803173,3018,"tags=41%, list=20%, signal=33%",861/4851/57190/7161/25/4208/2263/2066/3082/2260/2296/6495/657/5573/10370/7049/23493/205428/196528/4086/284/6909/3836/147912,SeAx,Up
GO:0071028,nuclear mRNA surveillance,10,-0.7368440606420491,-1.8221049510004,0.0026477591695107483,0.03481384562539193,0.02864421752340479,2114,"tags=60%, list=14%, signal=51%",54464/84186/23016/118460/5394/11340,SeAx,Down
GO:0030857,negative regulation of epithelial cell differentiation,34,0.5602158797191127,1.7758476176566846,0.0026628809446453063,0.03489434420318902,0.028710450331970554,4524,"tags=62%, list=31%, signal=43%",3845/4851/8626/10253/1499/3552/6926/55810/4488/3280/2137/10468/182/10252/6662/200734/6772/857/6431/161742/10413,SeAx,Up
GO:1901606,alpha-amino acid catabolic process,55,-0.43275493574375606,-1.6273170982809275,0.0026667957357359483,0.03489434420318902,0.028710450331970554,2149,"tags=38%, list=14%, signal=33%",36/8659/27034/5625/56267/2744/64087/3155/2954/587/6470/3028/1743/125061/4942/38/56922/10247/2731/2746/2806,SeAx,Down
GO:0090288,negative regulation of cellular response to growth factor stimulus,62,0.46727263195125146,1.6552885608296641,0.0026770146725055705,0.03494344756091812,0.02875085170776387,2185,"tags=35%, list=15%, signal=30%",7057/4851/5468/3592/493/25/8573/10563/6498/6653/10253/8321/22905/4734/4091/10016/2817/55959/3087/4681/387914/64388,SeAx,Up
GO:1902743,regulation of lamellipodium organization,41,-0.48191494130310275,-1.7189942863082157,0.002689457738649014,0.03502127619195005,0.028814887731270604,1745,"tags=32%, list=12%, signal=28%",10163/8874/10096/5880/146206/7454/2475/6624/10109/51225/11344/832/960,SeAx,Down
GO:0006177,GMP biosynthetic process,13,-0.715539614181073,-1.9077921646595197,0.002697112888864108,0.035036533777455865,0.02882744140324391,3076,"tags=62%, list=21%, signal=49%",10606/8833/100/132/3251/5198/471/3614,SeAx,Down
GO:0007264,small GTPase-mediated signal transduction,416,0.31124831052441176,1.3778990901797556,0.0027073797937501583,0.035085564521404926,0.028867783033701043,2765,"tags=29%, list=19%, signal=24%",3845/7157/9289/115727/8878/50937/23380/4851/58480/23191/3688/11261/27/3988/23179/10160/7204/23268/54453/25/1796/9826/5912/4233/25780/23433/3685/57221/10971/79567/5364/10769/9423/2149/1029/25894/57572/55701/6091/93663/9265/9743/9909/1281/1435/55704/9693/10253/1399/5337/23636/8844/348/26053/403/9475/9170/51495/1124/115703/57698/154796/4649/2048/10211/8615/388/2664/613/10602/9886/9912/121512/1026/6236/9290/10188/22898/56882/84144/83452/57636/1795/7249/5900/8216/5925/55103/10565/5867/83478/2889/4853/9828/10411/57826/94134/57584/25959/57569/6016/57148/23094/143872/9928/9046/4254/4925/11188/84033/23362/10395/3707/28964/57514/89941/157285/9620/4038,SeAx,Up
GO:0060071,"Wnt signaling pathway, planar cell polarity pathway",38,0.5396506142587841,1.7303429264609036,0.00276541703276311,0.03575194651926279,0.029416070376205937,2793,"tags=47%, list=19%, signal=39%",25/84133/54903/1952/7976/8321/2535/1951/9968/115908/9863/57822/8324/5754/8323/81839/9620/144165,SeAx,Up
GO:0003197,endocardial cushion development,37,0.5383323906695352,1.723619993943464,0.002818347745277604,0.036263723438941624,0.02983715139002093,3808,"tags=57%, list=26%, signal=42%",4193/4851/650/7291/6091/4194/657/6092/6926/10370/4488/23493/659/6909/90/7048/182/652/6662/78987/7046,SeAx,Up
GO:0014910,regulation of smooth muscle cell migration,47,0.5097608335547165,1.706446839482157,0.002818673896925374,0.036263723438941624,0.02983715139002093,1951,"tags=30%, list=13%, signal=26%",596/4193/4921/4192/4208/6282/1545/6653/9510/3690/657/4035/54434/3673,SeAx,Up
GO:0048738,cardiac muscle tissue development,153,0.3715965218234426,1.4953298040339358,0.002825134635047081,0.036263723438941624,0.02983715139002093,3456,"tags=34%, list=23%, signal=26%",861/4851/3688/7161/9215/650/25/4208/10052/2263/88/6474/2066/3398/2260/2296/4669/657/9242/1901/1385/4211/27086/1525/8324/6926/5573/10370/4488/7049/4853/23493/5915/90410/205428/196528/4086/5997/84700/144165/80206/6909/4205/90/10818/55636/2247/3192/652/1948/10611/6546,SeAx,Up
GO:0046112,nucleobase biosynthetic process,16,-0.6396323856077002,-1.7773541706861553,0.0028436227248024052,0.036414543139412794,0.029961243176765674,3076,"tags=56%, list=21%, signal=45%",10606/1373/8833/790/100/6470/2475/5631/3251,SeAx,Down
GO:0070525,tRNA threonylcarbamoyladenosine metabolic process,17,-0.6500105145634132,-1.8524720275765019,0.0028678761981103906,0.03663830490446466,0.03014535040641605,2407,"tags=59%, list=16%, signal=49%",25821/54802/80324/84520/79693/55644/57570/3028/84881/79828,SeAx,Down
GO:0061180,mammary gland epithelium development,52,0.48801936159146087,1.6687425485252048,0.0028977106929373455,0.036932142888286355,0.03038711511163691,1224,"tags=27%, list=8%, signal=25%",90780/10765/780/2263/57142/9423/2066/3398/5727/5594/6091/4041/1435/27023,SeAx,Up
GO:0014009,glial cell proliferation,40,0.5138271938926121,1.6658268442048825,0.0029253519985415854,0.03719671105910289,0.03060479713149141,1101,"tags=28%, list=7%, signal=26%",3845/7157/6659/4851/5324/9423/4204/1030/1435/1191/3953,SeAx,Up
GO:1903020,positive regulation of glycoprotein metabolic process,17,0.6672614287282752,1.7738938186007775,0.002962519792353131,0.03749179881061272,0.030847590123500742,1986,"tags=47%, list=13%, signal=41%",23385/11261/5074/20/6646/1499/23236/1236,SeAx,Up
GO:0030856,regulation of epithelial cell differentiation,113,0.3966125236493575,1.5302978880506324,0.0029578590809888903,0.03749179881061272,0.030847590123500742,3950,"tags=42%, list=27%, signal=31%",3845/4851/55506/8202/7161/650/7716/5076/8626/5727/135228/1030/2296/10253/1499/3552/9475/3551/23236/118/6926/55810/100133941/4488/23493/8609/4825/7849/3280/8842/3975/2137/1027/54206/9555/10468/2247/182/10252/652/6662/200734/50848/6772/1594/857/26154/29841,SeAx,Up
GO:0060560,developmental growth involved in morphogenesis,170,0.3633479965843183,1.4763590393375223,0.0029693726667176616,0.03749179881061272,0.030847590123500742,3785,"tags=38%, list=26%, signal=29%",84445/4851/351/23191/3688/25/10765/780/2263/57142/9423/80208/22902/4204/1435/10253/1499/6495/25942/348/26053/23767/23327/9968/57698/63923/1901/2664/84258/2131/9355/9863/1946/51393/10500/8408/10505/4137/4825/8482/5754/54413/3975/55558/659/144165/84298/6909/23111/7869/4133/2017/3676/114804/51299/9175/7048/10252/652/6662/8904/6792/65059/5802/118813,SeAx,Up
GO:0001708,cell fate specification,64,0.4586165183638422,1.6276163092340956,0.003009468688225515,0.03790948436170322,0.03119125442047498,3455,"tags=48%, list=23%, signal=37%",50937/4851/3688/10919/5076/5727/2260/145258/1107/6656/1499/6495/657/9095/6899/8324/6926/1108/4781/5454/8320/3226/3066/3207/6909/367/2138/3169/2247/5928/6662,SeAx,Up
GO:0009611,response to wounding,382,0.31176885952814126,1.369026339957598,0.003029771136953179,0.03807647261417437,0.03132864940634083,2915,"tags=28%, list=20%, signal=23%",25987/5792/5327/596/7057/9315/4921/3688/4192/5468/302/308/966/83999/2161/3162/5912/780/3685/7294/7391/79567/2778/9314/8573/2149/2153/2624/3315/135228/23162/23208/2677/1281/6609/26127/1608/7301/3572/375056/348/79602/5359/90102/3552/23767/1495/5873/4669/7035/3690/678/2905/2004/79625/2621/2048/349667/2131/23671/1026/5747/54566/5728/1230/2192/10855/2043/10565/1719/57822/8324/4756/2776/4088/55959/4772/131566/83478/3673/4781/2696/4488/26258/4853/4638/55330/8546/5028/84962/152/5754/55207/26509/8323/5627/5340/4548/5530/1813/28964/388552/9060/2137/5154/948/8061/2316,SeAx,Up
GO:2000050,regulation of non-canonical Wnt signaling pathway,16,0.6660401007404717,1.7504122168682417,0.003071092710787211,0.038506229719475836,0.03168224596499006,888,"tags=31%, list=6%, signal=29%",81029/25/84133/54903/1454,SeAx,Up
GO:0061101,neuroendocrine cell differentiation,12,0.7324005757400776,1.7862943827461204,0.0030867618162564235,0.03856473842426707,0.03173038589428963,3346,"tags=58%, list=23%, signal=45%",4851/650/2624/5454/3280/2247/182,SeAx,Up
GO:0008544,epidermis development,221,0.34781200297009757,1.4567597196915731,0.0030900317797386456,0.03856473842426707,0.03173038589428963,3455,"tags=37%, list=23%, signal=29%",2171/596/4851/55506/8202/23022/54888/3123/4646/5453/64834/11005/4233/23254/2263/8626/9314/3858/4664/55366/5727/9119/2260/135228/7976/2319/55504/2296/1499/92344/26524/3552/4669/9475/5308/5970/2131/9355/613/1026/2012/10855/1687/224/57822/25861/4488/5454/23493/5744/8609/8546/56603/3066/3280/222223/8323/81858/10628/11166/5530/26133/11078/26160/60401/4038/2137/5154/54206/50814/9555/10468/2355/7051/8644/2247/182/652/4665/9497/6662,SeAx,Up
GO:0010755,regulation of plasminogen activation,14,0.6910376488720386,1.7406022249060618,0.0030978452126597207,0.03857316942215007,0.031737322770493966,348,"tags=43%, list=2%, signal=42%",861/5327/7057/1522/302/2161,SeAx,Up
GO:0021988,olfactory lobe development,22,0.6200720107369464,1.7738931762996968,0.003106399842099534,0.0385907695326572,0.031751803830679805,3081,"tags=59%, list=21%, signal=47%",23322/2066/3398/6091/4204/2131/9355/6092/8320/8482/9928/170302/55636,SeAx,Up
GO:0140962,multicellular organismal-level chemical homeostasis,39,0.5308509648990616,1.7046850728035823,0.003114865249377981,0.03860718304504268,0.0317653085788812,1915,"tags=36%, list=13%, signal=31%",3988/3162/567/5566/7466/27102/4669/8692/2131/79901/3077/8301/4756/114781,SeAx,Up
GO:0055001,muscle cell development,129,0.3832384719887436,1.5084636982027557,0.0031225852521169326,0.038614303666910536,0.03177116730083566,3456,"tags=33%, list=23%, signal=25%",7111/596/4851/57190/3688/9215/7345/81/7138/1827/88/6474/4773/80208/6495/4669/87/657/5587/4211/27086/3856/1525/6926/5573/23493/3280/84033/5530/5997/84700/9734/144165/80206/4205/29767/844/3192/652/10611/29765/6546,SeAx,Up
GO:0006418,tRNA aminoacylation for protein translation,40,-0.48337236196333566,-1.7237469053218548,0.0031325382477120772,0.038648942216064075,0.03179966728751698,3274,"tags=50%, list=22%, signal=39%",5917/2193/6301/25973/57038/10667/92935/79731/10352/4677/3376/3735/2617/7453/57470/23395/124454/79587/1615/10056,SeAx,Down
GO:0042273,ribosomal large subunit biogenesis,73,-0.3979975780369991,-1.6292687761076232,0.0032322326601297155,0.03978812140168789,0.03273696380862707,2992,"tags=47%, list=20%, signal=37%",11224/6128/4736/22868/115416/29997/6838/84154/55319/54680/51121/55651/6130/79707/55759/51550/56342/55794/2971/4809/26155/81887/84365/23195/51491/8886/55027/6154/6135/55052/51154/51388/84549/26156,SeAx,Down
GO:0141091,transforming growth factor beta receptor superfamily signaling pathway,244,0.34173039599410393,1.4446393881577186,0.0032506714510744127,0.03992415573092301,0.032848890452962486,3808,"tags=39%, list=26%, signal=29%",56940/7157/7057/4851/5829/83891/9315/5468/753/9839/2033/650/25/56884/51701/9480/4052/4093/11171/135228/6498/3397/1281/1030/142/6653/10253/3248/25942/8321/26524/3547/4091/5170/657/51341/23090/2131/3077/5747/9863/5796/54778/4756/4088/93/1655/10370/2297/4488/7049/4853/7080/408050/4681/64388/79176/3066/860/51742/8516/4086/3280/222223/26036/659/53918/23111/90/10755/2339/5046/1761/1387/10454/10468/6868/9392/25805/7048/10252/652/375616/5928/200734/375387/100507588/285704/147409/4054/3725/2660/4036/7046,SeAx,Up
GO:0007369,gastrulation,143,0.38177187760535114,1.5202815144814572,0.0032678189311397907,0.04004374944190347,0.03294729004686592,3370,"tags=38%, list=23%, signal=30%",7157/3688/81029/3685/5076/2263/9314/2260/145258/4041/5566/2296/1499/23168/90102/3690/657/154796/79577/2131/23275/55614/91663/9095/56983/8324/1843/5573/4088/93/3673/10432/8320/4324/23272/65125/8516/4086/3975/3207/659/4155/144165/7709/90/3676/10818/2138/9555/8613/123169/3196/54623/7048/652,SeAx,Up
GO:0006998,nuclear envelope organization,53,-0.44539106298319797,-1.6639875551810537,0.003290484093267191,0.040230262533972626,0.03310074972603147,2437,"tags=36%, list=16%, signal=30%",9688/23435/51510/545/79188/57132/80346/23175/5119/124491/5347/7443/5048/84823/27183/4000/23399/6683/1104,SeAx,Down
GO:0007409,axonogenesis,323,0.320556474111822,1.3875813390148353,0.0033059431458129537,0.04032802880355125,0.03318119008652469,3392,"tags=33%, list=23%, signal=26%",23654/25987/596/4851/351/23191/3688/84628/23022/7204/25/7345/3996/107/5076/8633/2263/5364/57142/9423/6474/5727/25894/80208/55701/6091/7976/22902/6498/1272/55740/25942/348/26053/334/23767/1951/26128/27023/57698/56288/63923/1385/2048/10211/2664/2131/9355/5747/5728/59277/9024/1946/57463/2043/6092/284656/8301/2115/51393/4756/1945/333/10500/2297/4781/5454/4853/8408/7080/23334/10505/4137/8609/4825/8482/219699/8941/5754/4135/54413/3800/1813/3975/4858/55558/659/4038/144165/23111/7869/4133/2017/3676/2011/115557/170302/140578/2064/9175/6868/9638/5797/4929/23129/1948,SeAx,Up
GO:0003174,mitral valve development,11,0.736298570635414,1.7466245787483472,0.0033639513407629044,0.040751205555265506,0.03352937244642205,2924,"tags=73%, list=20%, signal=58%",6659/4851/7291/4669/4091/657/659/90,SeAx,Up
GO:0003183,mitral valve morphogenesis,11,0.736298570635414,1.7466245787483472,0.0033639513407629044,0.040751205555265506,0.03352937244642205,2924,"tags=73%, list=20%, signal=58%",6659/4851/7291/4669/4091/657/659/90,SeAx,Up
GO:0014013,regulation of gliogenesis,72,0.43806764242002333,1.5793642578713456,0.0033644020323618275,0.040751205555265506,0.03352937244642205,1736,"tags=25%, list=12%, signal=22%",3845/7157/4851/4192/7161/5324/650/22891/9682/9423/3398/4204/1030/3572/1499/5970/5309/5925,SeAx,Up
GO:0007059,chromosome segregation,375,-0.25961447393269954,-1.3228048760305302,0.003370797350703864,0.040751205555265506,0.03352937244642205,2421,"tags=23%, list=16%, signal=20%",8193/25906/1062/2491/348235/201254/84191/3796/51510/440145/27436/55706/81620/9113/1459/4085/7272/8697/84722/55839/51433/51647/86/9184/6732/79677/8239/81565/472/9611/81624/9400/7156/27030/54820/338657/9275/699/115106/116028/6188/10982/10734/8243/57132/10096/7320/10459/7273/286053/4292/54892/28989/5119/23310/9232/57820/9183/283489/9212/8658/10735/8452/64793/5347/54908/10726/55795/4361/5901/3835/64682/27183/10426/29117/150465/8881/23137/81929/55920/54984/29098/56984/1731/292/1104,SeAx,Down
GO:0009100,glycoprotein metabolic process,285,0.32981410647679466,1.413800807125089,0.0034291851353076977,0.041364545694649105,0.034034017884256855,3643,"tags=36%, list=25%, signal=28%",285203/596/22856/23385/3074/11261/5074/20/9215/1471/148789/650/79158/2990/4121/4125/2720/64083/80267/6646/29940/338596/84892/3073/2590/56913/175/4245/3340/1499/7991/54928/2591/55790/3425/4669/25825/286148/6448/53947/25834/10610/8703/6483/6480/81618/2131/23275/2589/200424/4124/23236/2817/337876/138050/10855/10565/84197/56983/55959/1514/9469/8869/57134/1236/84572/10005/113189/9486/11282/6482/9955/64132/2673/222537/170384/659/282679/2137/11320/5046/26574/7903/55741/79087/283417/23193/84920/4249/9917/200185/22822/64131/126433/256281/79695/51809/91319/9695/145173/124583/55501/9957,SeAx,Up
GO:1902476,chloride transmembrane transport,53,0.4928534280570573,1.6920388989346626,0.0034584458118241002,0.04162459057260008,0.034247978218602745,1060,"tags=21%, list=7%, signal=19%",9990/6509/80727/284129/10723/94015/53405/57719/84561/55129/23155,SeAx,Up
GO:0050769,positive regulation of neurogenesis,175,0.35908429874597125,1.463520082325366,0.0034749671691922585,0.04173049462736659,0.03433511420507158,2815,"tags=30%, list=19%, signal=24%",23654/3845/22954/50937/4851/23191/3688/4192/7161/65981/5324/650/22891/5364/9423/6474/3398/9820/1627/6091/7976/22902/6498/4204/3572/1499/57698/5970/2048/2664/4124/1946/57463/2043/6092/1523/51393/63925/57465/4137/27020/4825/3066/8482/4135/85358/63827/3280/1813/55558/659/2119,SeAx,Up
GO:1990830,cellular response to leukemia inhibitory factor,85,-0.3895104729565439,-1.6108254747175472,0.00350176590822671,0.04195907531719987,0.03452318636095139,1867,"tags=31%, list=13%, signal=27%",9021/131474/29887/688/54941/7037/5916/129401/1491/587/9945/4691/11235/7520/51444/5826/9806/10678/8731/2731/3720/3099/6723/11156/84159/292,SeAx,Down
GO:0010635,regulation of mitochondrial fusion,11,-0.7102951636302908,-1.7799258511699152,0.0035419043291842205,0.04234613051971577,0.03484164854791372,2103,"tags=55%, list=14%, signal=47%",23788/79594/7037/664/10075/201164,SeAx,Down
GO:0060419,heart growth,62,0.4603015598161695,1.6305939068463267,0.0035778942407081737,0.04268198780747676,0.03511798599454241,2861,"tags=39%, list=19%, signal=31%",861/10409/4851/7161/25/4208/1848/2263/2066/2260/2296/657/1901/4211/27086/5573/10370/7049/23493/205428/196528/4086/5997/6909,SeAx,Up
GO:0001659,temperature homeostasis,141,0.3845535665234818,1.5238968376297661,0.003625655627251844,0.04315648240015191,0.0355083917679383,2743,"tags=30%, list=19%, signal=25%",2171/8878/4851/51043/3662/2778/79068/55366/23228/7090/338557/3397/10644/94097/56034/79071/5565/170394/9658/79602/3953/3552/8809/7253/1268/23090/10912/154/57406/58488/9673/5925/51393/93/4857/7840/3226/8792/1813/26027/4858/406,SeAx,Up
GO:0090092,regulation of transmembrane receptor protein serine/threonine kinase signaling pathway,190,0.36149467805521224,1.4883574050684074,0.0036757769568974293,0.043656920164997164,0.0359201431253551,3544,"tags=38%, list=24%, signal=30%",7157/7057/4851/83891/9315/5468/753/9839/2033/650/25/56884/9480/4052/11171/135228/4856/6498/1030/142/6653/10253/25942/8321/26524/3547/4091/5170/657/51341/23090/4035/3077/9863/54778/4756/4088/93/10370/2297/4488/7049/4853/7080/408050/4681/64388/79176/3066/51742/8516/3280/222223/26036/659/53918/23111/90/10755/5046/1761/1387/10468/6868/25805/7048/10252/652/375616/5928/200734/375387/100507588,SeAx,Up
GO:0045662,negative regulation of myoblast differentiation,17,0.6605261874511233,1.7559883885040684,0.0037097727530921265,0.043870465305482956,0.03609584429669251,3788,"tags=65%, list=26%, signal=48%",6659/4851/3399/3627/10011/6926/55796/144165/652/6662/2660,SeAx,Up
GO:2000811,negative regulation of anoikis,14,0.6859390735960865,1.7277598110612316,0.0037099930874547947,0.043870465305482956,0.03609584429669251,2363,"tags=57%, list=16%, signal=48%",596/4851/3688/5747/57343/7088/4170/51651,SeAx,Up
GO:0016074,sno(s)RNA metabolic process,14,-0.6596864353429279,-1.7955163665056133,0.003724063749181577,0.04390352097010854,0.036123041913930905,1392,"tags=71%, list=9%, signal=65%",7737/1736/51010/84186/64282/2091/118460/51574/5394/5073,SeAx,Down
GO:2001014,regulation of skeletal muscle cell differentiation,15,0.6825456373882222,1.749465135441195,0.003729037032805296,0.04390352097010854,0.036123041913930905,3788,"tags=73%, list=26%, signal=55%",4208/6495/2817/6899/1655/9975/56603/406/10521/84300/2660,SeAx,Up
GO:0021772,olfactory bulb development,21,0.611725780356924,1.722550097534007,0.003758538048070939,0.04415465132994642,0.03632966754016395,3081,"tags=57%, list=21%, signal=45%",23322/2066/3398/6091/4204/2131/9355/6092/8320/9928/170302/55636,SeAx,Up
GO:0071025,RNA surveillance,17,-0.6385934718720763,-1.8199344735685428,0.0038162905325671904,0.04473586559217591,0.036807880373475994,2748,"tags=53%, list=19%, signal=43%",51010/54464/80335/84186/23016/118460/6832/5394/11340,SeAx,Down
GO:0044743,protein transmembrane import into intracellular organelle,37,-0.48148127169971366,-1.6725288940684129,0.0038860595303735882,0.04541055092705449,0.03736299955508165,1885,"tags=46%, list=13%, signal=40%",131118/5190/92609/80273/134266/131474/8239/10452/10245/5192/5195/83752/3329/10469/29103/100287932/9131,SeAx,Down
GO:0002562,somatic diversification of immune receptors via germline recombination within a single locus,64,-0.40175649553645565,-1.5901390117654177,0.003899055445994316,0.04541055092705449,0.03736299955508165,2777,"tags=45%, list=19%, signal=37%",4436/55183/80762/23075/2956/10039/121260/7518/5788/959/51010/604/22976/54537/4683/7528/78996/472/7037/10459/4292/6778/3329/118460/3146/9466/51176/64919/10538,SeAx,Down
GO:0016444,somatic cell DNA recombination,64,-0.40175649553645565,-1.5901390117654177,0.003899055445994316,0.04541055092705449,0.03736299955508165,2777,"tags=45%, list=19%, signal=37%",4436/55183/80762/23075/2956/10039/121260/7518/5788/959/51010/604/22976/54537/4683/7528/78996/472/7037/10459/4292/6778/3329/118460/3146/9466/51176/64919/10538,SeAx,Down
GO:0090141,positive regulation of mitochondrial fission,19,-0.6025083020506689,-1.7876761866210273,0.00391908684014968,0.045471023846703554,0.03741275560568698,1661,"tags=47%, list=11%, signal=42%",79594/90550/5898/664/10928/55737/192111/56947/80821,SeAx,Down
GO:0050768,negative regulation of neurogenesis,96,0.41639064912011237,1.5782134448109466,0.003921076445700195,0.045471023846703554,0.03741275560568698,2937,"tags=38%, list=20%, signal=30%",7157/4851/57142/9682/9423/7832/2624/22902/567/4204/1030/9693/6653/1499/1495/657/2048/2664/9355/5309/5728/5925/10500/8408/10505/4825/8482/81559/3280/5530/55558/4038/23111/7869/4133/22920,SeAx,Up
GO:0045880,positive regulation of smoothened signaling pathway,26,0.583756782200958,1.7417130541068662,0.003940555013621849,0.04550162242224887,0.03743793157341137,2111,"tags=42%, list=14%, signal=36%",22856/6474/25989/2622/3340/92344/137392/1495/2121/9231/80178,SeAx,Up
GO:2000177,regulation of neural precursor cell proliferation,68,0.4490152321067258,1.6108197060420295,0.003939347715740499,0.04550162242224887,0.03743793157341137,3246,"tags=35%, list=22%, signal=28%",7157/9289/50937/4851/3688/4192/6496/3398/7832/2624/7976/1499/1495/9355/5309/63925/63827/1813/3975/2309/2316/22920/5152/2247,SeAx,Up
GO:0019915,lipid storage,71,0.4404878160451645,1.5894497548325908,0.003987173312628112,0.0459417581693866,0.03780006749532296,1707,"tags=27%, list=12%, signal=24%",2760/2583/3074/5468/3988/1374/3685/8204/6646/79068/3073/123/27141/348/3690/128486/84649/1040/10226,SeAx,Up
GO:0006360,transcription by RNA polymerase I,68,-0.3985661396049508,-1.5990174743528036,0.004117849895225755,0.04734651241234039,0.038955874484733685,2541,"tags=32%, list=17%, signal=27%",9533/5437/84232/2074/11176/10514/54700/84128/84172/11137/4691/80758/2475/23133/6949/9188/56919/51082/64425/2965/5434/10498,SeAx,Down
GO:0008334,histone mRNA metabolic process,20,-0.5947038593717136,-1.7977331010813766,0.00414258278434931,0.0475297608633199,0.039106648074849676,3598,"tags=60%, list=24%, signal=45%",134353/55149/84967/54464/167153/6741/472/5976/51692/64282/53981/5394,SeAx,Down
GO:0061036,positive regulation of cartilage development,19,0.6202433790541388,1.6925759166149785,0.004166469137203233,0.047702540714928535,0.03924880828623206,3455,"tags=63%, list=23%, signal=49%",4192/650/8817/51222/4088/202018/860/4086/3207/659/652/6662,SeAx,Up
GO:0010596,negative regulation of endothelial cell migration,39,0.5226272552920886,1.6782768416105887,0.00425790730299175,0.04864636588872604,0.0400253709754916,1258,"tags=31%, list=8%, signal=28%",7057/4851/1647/5468/493/4208/9314/7026/10563/4204/348/10014,SeAx,Up
GO:0001912,positive regulation of leukocyte mediated cytotoxicity,49,0.4837098569255515,1.6375355587205649,0.004309651588967782,0.049133664951016655,0.0404263120404173,2440,"tags=29%, list=16%, signal=24%",3105/23705/3592/3123/10666/3140/567/80329/3077/4068/4277/3134/11126/3106,SeAx,Up
GO:0044282,small molecule catabolic process,263,-0.2787721756924982,-1.3573546608761928,0.00435043721105329,0.04949423723901469,0.04072298455288443,2149,"tags=25%, list=14%, signal=22%",36/10455/51/100/6652/8659/27034/5825/55556/8310/5625/128/10007/3033/56267/2744/32/64087/283927/3155/6566/2954/2584/8630/23175/5106/587/83667/152926/197322/2530/83752/6470/11315/3028/5826/2710/1743/125061/4942/2582/4860/10295/1738/5226/25953/11164/38/51816/207/56922/10247/2731/2023/84750/4357/3099/60496/2746/35/2098/3098/5230/11332/2806/9663,SeAx,Down
GO:0002097,tRNA wobble base modification,18,-0.6268140857736958,-1.8191958777205535,0.004379712197208571,0.049722614944779656,0.04091088969705662,2726,"tags=61%, list=18%, signal=50%",348180/54859/84705/25821/81605/91801/8846/55250/55140/134637/23587,SeAx,Down
GO:0009081,branched-chain amino acid metabolic process,25,-0.5695117521547565,-1.7874269413600676,0.004409567976726257,0.049748027862690385,0.040931798997234835,2707,"tags=60%, list=18%, signal=49%",5095/4329/5096/594/36/27034/64087/3155/587/152926/3028/10295/1738/38/56922,SeAx,Down
GO:0008340,determination of adult lifespan,28,0.5784016930682541,1.7658892043376506,0.004403399370967796,0.049748027862690385,0.040931798997234835,1274,"tags=29%, list=9%, signal=26%",7157/1822/2583/3988/9215/8626/4669/6448,SeAx,Up
GO:0060038,cardiac muscle cell proliferation,40,0.5025523894535284,1.629273948365525,0.004402190120019237,0.049748027862690385,0.040931798997234835,2517,"tags=42%, list=17%, signal=35%",861/4851/7161/25/4208/2263/2066/2260/2296/657/5573/10370/7049/23493/205428/196528/4086,SeAx,Up
GO:0003158,endothelium development,94,0.4209844126080649,1.594757641023578,0.004439143984000523,0.049769987737632415,0.04094986719462374,2243,"tags=31%, list=15%, signal=26%",4851/3988/3627/7716/4233/7026/5175/9693/1499/8321/2535/4669/9475/3551/1901/388/27086/4301/7430/23236/91663/10855/118/93/2889/55810/23493/10411/57826,SeAx,Up
GO:0071675,regulation of mononuclear cell migration,98,0.41473433567817863,1.571285320705148,0.004439143984000523,0.049769987737632415,0.04094986719462374,2307,"tags=32%, list=16%, signal=27%",7057/351/4192/27/3592/3627/25/5594/102/4856/10563/6346/1435/375056/58494/1399/83692/3690/257144/2621/9943/5641/23236/5747/1230/29108/1843/1236/6693/4681/65125,SeAx,Up
GO:0007178,transmembrane receptor protein serine/threonine kinase signaling pathway,262,0.3343926750828666,1.426120732694224,0.004436265888364372,0.049769987737632415,0.04094986719462374,3808,"tags=37%, list=26%, signal=28%",56940/7157/7057/4851/5829/83891/9315/5468/753/9839/2033/650/25/56884/51701/9480/4052/4093/11171/135228/4856/6498/3397/1281/1030/142/6653/10253/3248/6711/11030/25942/8321/26524/3547/4091/5170/657/51341/23090/2131/4035/3077/5747/9863/5796/54778/4756/4088/93/1655/10370/2297/4488/7049/4853/7080/408050/4681/64388/79176/3066/860/51742/8516/4086/3280/222223/26036/659/53918/23111/90/10755/2339/5046/1761/1387/10454/10468/6868/9392/25805/7048/10252/652/375616/5928/200734/375387/100507588/285704/147409/4054/3725/2660/4036/7046,SeAx,Up
GO:0099504,synaptic vesicle cycle,159,0.3696842018944586,1.4980714960265862,0.004448871913779676,0.04977578431069435,0.040954636512597474,2470,"tags=28%, list=17%, signal=24%",5217/9900/23191/529/9751/440279/51429/8871/1488/8573/5579/9829/8447/23557/23208/1176/57555/5337/1499/528/9783/8541/51606/63908/57617/163/8676/9381/5728/9024/85439/116841/8301/51382/114781/537/26258/57465/2580/535/90019/5028/9342/1487/54413,SeAx,Up
