Geneid,baseMean,log2FoldChange,lfcSE,pvalue,padj,comparison,Ensembl,gene_symbol,gene_type,DEG_class
ENSG00000113196.5,11073.312847669597,-19.901218633526504,3.9444273362166014,3.280471730480242e-52,4.1031082594384827e-51,HuT78_vs_HH,ENSG00000113196,HAND1,protein_coding,Down
ENSG00000179344.19,5520.237909260646,-17.77469595365609,3.7460537220297336,7.65468708749979e-42,7.357192980190616e-41,HuT78_vs_HH,ENSG00000179344,HLA-DQB1,protein_coding,Down
ENSG00000069535.16,2161.59430731137,-17.34626739783087,3.706393713985369,8.976837789492065e-40,8.14162330622478e-39,HuT78_vs_HH,ENSG00000069535,MAOB,protein_coding,Down
ENSG00000198033.14,1777.795303601339,-17.0330203812526,3.6764695287867224,2.430838051677611e-38,2.1177214122669987e-37,HuT78_vs_HH,ENSG00000198033,TUBA3C,protein_coding,Down
ENSG00000060982.17,7303.971887192547,-17.018381116993147,3.673754134905337,1.763764048210173e-38,1.543796967113713e-37,HuT78_vs_HH,ENSG00000060982,BCAT1,protein_coding,Down
ENSG00000178860.11,14690.645495068455,-16.890089952558824,1.3437259948189668,3.9606384146633477e-47,4.330453058582836e-46,HuT78_vs_HH,ENSG00000178860,MSC,protein_coding,Down
ENSG00000196628.22,3167.5556799228243,-16.83086026559703,3.6580756404875103,2.8209343199607294e-37,2.371950773680528e-36,HuT78_vs_HH,ENSG00000196628,TCF4,protein_coding,Down
ENSG00000198142.5,1983.9712460020878,-16.82357236199118,3.6563285033517725,2.0884613583372183e-37,1.7651697070822934e-36,HuT78_vs_HH,ENSG00000198142,SOWAHC,protein_coding,Down
ENSG00000186522.17,2245.2456522891125,-16.69425506186094,3.6432834898390216,6.46474948715671e-37,5.339358686065488e-36,HuT78_vs_HH,ENSG00000186522,SEPTIN10,protein_coding,Down
ENSG00000132821.14,1263.3013757961817,-16.501827069560385,3.623941531418966,3.593194291281319e-36,2.905093126443513e-35,HuT78_vs_HH,ENSG00000132821,VSTM2L,protein_coding,Down
ENSG00000082556.15,867.2307263213215,-15.897037819519076,3.566767160240981,1.2817405358071965e-33,9.459187091265681e-33,HuT78_vs_HH,ENSG00000082556,OPRK1,protein_coding,Down
ENSG00000058091.19,800.4463472396128,-15.667474518242862,3.5416063459100773,1.084768635537927e-32,7.725568102167105e-32,HuT78_vs_HH,ENSG00000058091,CDK14,protein_coding,Down
ENSG00000147408.18,2139.3388315190105,-15.613154381127044,3.5363072327250897,1.9072528912245564e-32,1.3450880374096126e-31,HuT78_vs_HH,ENSG00000147408,CSGALNACT1,protein_coding,Down
ENSG00000107874.13,1816.4562338411004,-15.562342271324372,3.530127687051856,2.224186419537901e-32,1.5635286734540163e-31,HuT78_vs_HH,ENSG00000107874,CUEDC2,protein_coding,Down
ENSG00000171843.18,837.7015770873223,-15.449451999636715,3.5215042288392966,1.3426002856764757e-31,9.20468675603446e-31,HuT78_vs_HH,ENSG00000171843,MLLT3,protein_coding,Down
ENSG00000170955.12,845.8257700754682,-15.428381811411423,3.5187448286408882,1.2837097659992916e-31,8.810210310831368e-31,HuT78_vs_HH,ENSG00000170955,CAVIN3,protein_coding,Down
ENSG00000138119.19,753.5474497255655,-15.422628728521856,3.5207136377935377,2.8634950929473117e-31,1.9407140689746393e-30,HuT78_vs_HH,ENSG00000138119,MYOF,protein_coding,Down
ENSG00000184743.15,1943.9737805986392,-15.17304591803274,3.490887975045064,7.772927441843262e-31,5.189782958480699e-30,HuT78_vs_HH,ENSG00000184743,ATL3,protein_coding,Down
ENSG00000101746.18,519.1533874311476,-15.076974994170836,3.484869510641042,4.781777326171699e-30,3.097460432007741e-29,HuT78_vs_HH,ENSG00000101746,NOL4,protein_coding,Down
ENSG00000115159.19,546.1091990278555,-15.065514497328754,3.50834201235006,1.6287547964094907e-27,9.510556120790723e-27,HuT78_vs_HH,ENSG00000115159,GPD2,protein_coding,Down
ENSG00000135298.16,511.27747104920553,-15.026559499249887,3.47808977510837,4.910136400473136e-30,3.177448247634875e-29,HuT78_vs_HH,ENSG00000135298,ADGRB3,protein_coding,Down
ENSG00000163421.10,584.0283871664631,-14.928116167549103,3.466662385084269,9.570989469083449e-30,6.111646533589642e-29,HuT78_vs_HH,ENSG00000163421,PROK2,protein_coding,Down
ENSG00000152402.12,506.08057568525254,-14.807058012698135,3.4566884076439934,4.227920394900864e-29,2.6289354249400265e-28,HuT78_vs_HH,ENSG00000152402,GUCY1A2,protein_coding,Down
ENSG00000139687.19,1324.596861780349,-14.806910459868853,3.453786286003572,2.0605711802894792e-29,1.2961112062120068e-28,HuT78_vs_HH,ENSG00000139687,RB1,protein_coding,Down
ENSG00000188352.15,799.6558548265917,-14.676739625113488,3.331832012085937,3.080930290733464e-29,1.9286150086037097e-28,HuT78_vs_HH,ENSG00000188352,FOCAD,protein_coding,Down
ENSG00000147650.13,1008.5889824112513,-14.601997377664873,3.435074107677709,2.1458687244914035e-28,1.2971756533532682e-27,HuT78_vs_HH,ENSG00000147650,LRP12,protein_coding,Down
ENSG00000127990.21,759.4254549552917,-14.505422123697198,3.427219156771897,4.357735655552325e-28,2.6004747618504324e-27,HuT78_vs_HH,ENSG00000127990,SGCE,protein_coding,Down
ENSG00000137265.18,14364.118185645702,-14.494095672120237,0.8137414414012756,5.433381998740188e-68,9.959671953527549e-67,HuT78_vs_HH,ENSG00000137265,IRF4,protein_coding,Down
ENSG00000119121.24,509.2305888212587,-14.39399159524923,3.4141376923415105,1.3968114735994565e-27,8.181862442886165e-27,HuT78_vs_HH,ENSG00000119121,TRPM6,protein_coding,Down
ENSG00000099810.23,647.2633073994944,-14.393876778777475,3.4115632870335326,7.775002003485406e-28,4.60598186870115e-27,HuT78_vs_HH,ENSG00000099810,MTAP,protein_coding,Down
ENSG00000179820.19,808.852456572584,-14.366306723862685,3.4093299114039333,1.1297662918926252e-27,6.65954051661537e-27,HuT78_vs_HH,ENSG00000179820,MYADM,protein_coding,Down
ENSG00000137766.19,2462.2783964985015,-14.316526533307242,3.404866333243746,2.0268276381682753e-27,1.1792698485824612e-26,HuT78_vs_HH,ENSG00000137766,UNC13C,protein_coding,Down
ENSG00000138685.19,756.8378297385669,-14.284169961097426,3.400859339908849,2.2771579361732717e-27,1.3231475426725926e-26,HuT78_vs_HH,ENSG00000138685,FGF2,protein_coding,Down
ENSG00000196735.15,7881.9821917435165,-14.251750033013783,1.332993818987724,3.178277942300002e-34,2.390219066474087e-33,HuT78_vs_HH,ENSG00000196735,HLA-DQA1,protein_coding,Down
ENSG00000137491.17,375.92522403656506,-14.219462337369917,3.356224916255508,4.950000681380015e-27,2.835752038700032e-26,HuT78_vs_HH,ENSG00000137491,SLCO2B1,protein_coding,Down
ENSG00000042832.13,282.5674842515228,-14.111274318745137,3.3855051398642018,1.6858227120792413e-26,9.445970510115543e-26,HuT78_vs_HH,ENSG00000042832,TG,protein_coding,Down
ENSG00000187164.22,362.8246323086351,-13.924090587822638,3.365901343079876,7.607679339180872e-26,4.173017038196309e-25,HuT78_vs_HH,ENSG00000187164,SHTN1,protein_coding,Down
ENSG00000198642.9,561.0195831402019,-13.912486367559955,3.3622470468905847,5.027239837883959e-26,2.778626666969535e-25,HuT78_vs_HH,ENSG00000198642,KLHL9,protein_coding,Down
ENSG00000156103.17,271.90383372021364,-13.894075865782153,3.361607438992465,8.623716134015412e-26,4.718425372570229e-25,HuT78_vs_HH,ENSG00000156103,MMP16,protein_coding,Down
ENSG00000164749.14,275.2849592025444,-13.866885213859268,3.359414365535671,1.0977366571587202e-25,5.9844718230857e-25,HuT78_vs_HH,ENSG00000164749,HNF4G,protein_coding,Down
ENSG00000149328.18,258.93328493527775,-13.854524116965367,3.3573793384127595,1.0334951516737813e-25,5.642874868774358e-25,HuT78_vs_HH,ENSG00000149328,GLB1L2,protein_coding,Down
ENSG00000172179.14,236.74123314614062,-13.828955195038056,3.3577240814715625,2.3383931647572896e-25,1.2567537367538868e-24,HuT78_vs_HH,ENSG00000172179,PRL,protein_coding,Down
ENSG00000170837.3,336.56992547985556,-13.77356240025299,3.3479463141596897,1.6430856722414088e-25,8.892996497642143e-25,HuT78_vs_HH,ENSG00000170837,GPR27,protein_coding,Down
ENSG00000117281.18,263.2815422816277,-13.762417700644574,3.3534547183731602,6.709069952166685e-25,3.530048796390327e-24,HuT78_vs_HH,ENSG00000117281,CD160,protein_coding,Down
ENSG00000147647.15,221.58214739831473,-13.71384384139796,3.34363939004948,3.7886228351088255e-25,2.0195141680970682e-24,HuT78_vs_HH,ENSG00000147647,DPYS,protein_coding,Down
ENSG00000082438.20,380.090708459637,-13.680669171677133,3.3478962218357227,1.967179361854206e-24,1.0145725612602243e-23,HuT78_vs_HH,ENSG00000082438,COBLL1,protein_coding,Down
ENSG00000128573.30,1112.950749199465,-13.635796850630328,3.356750226272292,3.4799011212522115e-23,1.7043799817091347e-22,HuT78_vs_HH,ENSG00000128573,FOXP2,protein_coding,Down
ENSG00000120278.19,636.9684685193713,-13.630883244064641,3.3327486875612213,4.961753404189663e-25,2.6287208177562554e-24,HuT78_vs_HH,ENSG00000120278,PLEKHG1,protein_coding,Down
ENSG00000197872.13,262.9016139432992,-13.608188616939158,3.335991511341914,1.772884017348378e-24,9.16904658654818e-24,HuT78_vs_HH,ENSG00000197872,CYRIA,protein_coding,Down
ENSG00000218336.11,1224.4526960528283,-13.539218487679431,3.32305398903981,1.1070315050888691e-24,5.799011899446636e-24,HuT78_vs_HH,ENSG00000218336,TENM3,protein_coding,Down
ENSG00000137558.10,194.03841235684123,-13.483883327106396,3.328710709191212,1.3201013465399635e-23,6.581821289003574e-23,HuT78_vs_HH,ENSG00000137558,PI15,protein_coding,Down
ENSG00000189057.13,937.3350689307163,-13.483355035187287,3.319226099112639,1.5611812286993443e-24,8.109555581362516e-24,HuT78_vs_HH,ENSG00000189057,FAM111B,protein_coding,Down
ENSG00000118402.7,431.5572469554408,-13.47309306802715,3.315817571417011,1.6449529415300011e-24,8.520934692750598e-24,HuT78_vs_HH,ENSG00000118402,ELOVL4,protein_coding,Down
ENSG00000242265.6,5525.508314924469,-13.459203846040397,0.5852548312831828,2.1559589764406795e-114,8.672411524676351e-113,HuT78_vs_HH,ENSG00000242265,PEG10,protein_coding,Down
ENSG00000188921.16,220.21509758428365,-13.412009720302827,3.3161137678859482,9.204110068591475e-24,4.6155123710639743e-23,HuT78_vs_HH,ENSG00000188921,HACD4,protein_coding,Down
ENSG00000168386.20,297.8713358241138,-13.38484089825539,4.070650480422138,6.553507836670473e-8,1.4434995375245273e-7,HuT78_vs_HH,ENSG00000168386,FILIP1L,protein_coding,Down
ENSG00000185338.9,1003.3685068270743,-13.35525930119017,3.305359077260516,6.117337524609326e-24,3.0902038743501295e-23,HuT78_vs_HH,ENSG00000185338,SOCS1,protein_coding,Down
ENSG00000186367.7,282.72355644337813,-13.348438366076877,3.304263844117445,6.011100254353268e-24,3.038893313226771e-23,HuT78_vs_HH,ENSG00000186367,MINAR2,protein_coding,Down
ENSG00000170989.12,2383.793799263131,-13.346023815783656,1.3261024463850233,2.863587282072342e-30,1.8660566523624417e-29,HuT78_vs_HH,ENSG00000170989,S1PR1,protein_coding,Down
ENSG00000144908.16,171.34551137680398,-13.301506949714588,3.3076125262741325,3.7752776648168215e-23,1.8435066993464831e-22,HuT78_vs_HH,ENSG00000144908,ALDH1L1,protein_coding,Down
ENSG00000197565.19,228.14872600178535,-13.289307296401164,3.3018630698165334,1.9058430794598986e-23,9.44802314743281e-23,HuT78_vs_HH,ENSG00000197565,COL4A6,protein_coding,Down
ENSG00000147862.20,309.2775158030935,-13.255366204898799,3.297866275244553,2.3054808021429484e-23,1.138587771668399e-22,HuT78_vs_HH,ENSG00000147862,NFIB,protein_coding,Down
ENSG00000114455.17,1721.5290061882479,-13.216274507610132,1.336417018792435,3.443797178565282e-29,2.1516303273365926e-28,HuT78_vs_HH,ENSG00000114455,HHLA2,protein_coding,Down
ENSG00000156463.20,1617.1402852810218,-13.177711418065249,1.3224379740318484,1.0696296797861464e-29,6.810202059918342e-29,HuT78_vs_HH,ENSG00000156463,SH3RF2,protein_coding,Down
ENSG00000182985.21,5512.763129857182,-13.1532390486056,0.810195947335174,1.2323660873624159e-56,1.6871247076254587e-55,HuT78_vs_HH,ENSG00000182985,CADM1,protein_coding,Down
ENSG00000181656.8,148.83293932408895,-13.073356744133953,3.2799205606612567,1.1600714060919605e-22,5.546298839177007e-22,HuT78_vs_HH,ENSG00000181656,GPR88,protein_coding,Down
ENSG00000104447.15,252.98952370339813,-12.983045835941864,3.2659663679545465,1.1060768885155718e-22,5.292033806176008e-22,HuT78_vs_HH,ENSG00000104447,TRPS1,protein_coding,Down
ENSG00000173040.15,167.03427205643163,-12.978383401886497,3.2710749215946753,2.7290355570524884e-22,1.2854181573930279e-21,HuT78_vs_HH,ENSG00000173040,EVC2,protein_coding,Down
ENSG00000188580.17,166.56383769072116,-12.953081814212204,3.262250925097686,1.2597650312771417e-22,6.0097063150201265e-22,HuT78_vs_HH,ENSG00000188580,NKAIN2,protein_coding,Down
ENSG00000164023.17,231.91693646327923,-12.834714907607987,3.2497608361123107,3.2024483790398303e-22,1.5013492706484213e-21,HuT78_vs_HH,ENSG00000164023,SGMS2,protein_coding,Down
ENSG00000239887.6,159.4099648245598,-12.817079947241854,3.2483667715191094,3.6320173781597227e-22,1.6990697232432042e-21,HuT78_vs_HH,ENSG00000239887,C1orf226,protein_coding,Down
ENSG00000118777.14,445.9120845434771,-12.780402399147379,3.242030477565379,3.5348366524071243e-22,1.6547961957910219e-21,HuT78_vs_HH,ENSG00000118777,ABCG2,protein_coding,Down
ENSG00000147889.19,1454.8794968933773,-12.769596474017513,1.3203137691890245,5.2766518101293794e-28,3.1402101845395527e-27,HuT78_vs_HH,ENSG00000147889,CDKN2A,protein_coding,Down
ENSG00000138061.15,5748.778290947529,-12.726681561139063,3.2433040653626386,1.6351049150234651e-21,7.420028676010035e-21,HuT78_vs_HH,ENSG00000138061,CYP1B1,protein_coding,Down
ENSG00000235098.11,1735.9781332966984,-12.723630895032434,3.254449011700154,8.503312849060344e-21,3.744043120331198e-20,HuT78_vs_HH,ENSG00000235098,ANKRD65,protein_coding,Down
ENSG00000188958.12,4446.978679320656,-12.716937483664298,0.6436394158266349,1.526433441736695e-84,3.610527594583366e-83,HuT78_vs_HH,ENSG00000188958,UTS2B,protein_coding,Down
ENSG00000170558.12,120.17130703972487,-12.714048381333727,3.2428962784042428,2.0534896761426507e-21,9.279865100266007e-21,HuT78_vs_HH,ENSG00000170558,CDH2,protein_coding,Down
ENSG00000166049.11,117.87061939479074,-12.695024586837931,3.2456132056102533,4.564004426780451e-21,2.0342910292144194e-20,HuT78_vs_HH,ENSG00000166049,PASD1,protein_coding,Down
ENSG00000139263.14,114.43376298616899,-12.64855334402699,3.2338149411384225,2.4098384605537785e-21,1.0863861866619647e-20,HuT78_vs_HH,ENSG00000139263,LRIG3,protein_coding,Down
ENSG00000163359.19,2922.591077203862,-12.545780258292805,0.5877567392804796,7.732411197894462e-99,2.3712121209919653e-97,HuT78_vs_HH,ENSG00000163359,COL6A3,protein_coding,Down
ENSG00000184564.12,107.28403298758744,-12.534121744808393,3.221669719294159,5.6328215460375215e-21,2.5012798367804778e-20,HuT78_vs_HH,ENSG00000184564,SLITRK6,protein_coding,Down
ENSG00000064692.22,106.19798240958987,-12.524797157310383,3.2202064649068434,6.364756758501532e-21,2.814790459231438e-20,HuT78_vs_HH,ENSG00000064692,SNCAIP,protein_coding,Down
ENSG00000104267.12,1818.4101533346911,-12.510291884774936,0.9980227142536738,2.7596289517808025e-35,2.162732659564594e-34,HuT78_vs_HH,ENSG00000104267,CA2,protein_coding,Down
ENSG00000021355.15,1411.774294408608,-12.496875470757239,1.318850428373716,6.613805169198641e-27,3.762449706249057e-26,HuT78_vs_HH,ENSG00000021355,SERPINB1,protein_coding,Down
ENSG00000196440.13,121.86027092981298,-12.469312622468143,3.470917809836405,5.820011351661196e-12,1.6402926373174558e-11,HuT78_vs_HH,ENSG00000196440,ARMCX4,protein_coding,Down
ENSG00000198796.9,935.677156193257,-12.445065998589659,1.320237770205417,1.3345251983939662e-26,7.522866310842803e-26,HuT78_vs_HH,ENSG00000198796,ALPK2,protein_coding,Down
ENSG00000082269.19,251.31501188383342,-12.301751169015374,3.190893909810432,1.3127644333257338e-20,5.733665837645539e-20,HuT78_vs_HH,ENSG00000082269,FAM135A,protein_coding,Down
ENSG00000187912.12,97.67612709076802,-12.265772194159585,3.189990474601016,5.578525356469501e-20,2.3468341178459327e-19,HuT78_vs_HH,ENSG00000187912,CLEC17A,protein_coding,Down
ENSG00000180287.18,140.95832138850727,-12.260566260252658,3.191769328686129,3.844484512663422e-20,1.6326219176781487e-19,HuT78_vs_HH,ENSG00000180287,PLD5,protein_coding,Down
ENSG00000185630.21,470.38144077201486,-12.187079785405857,1.318958279066204,1.3072480997849794e-25,7.104822554002351e-25,HuT78_vs_HH,ENSG00000185630,PBX1,protein_coding,Down
ENSG00000127955.19,180.03209282885717,-12.171384975929579,3.1679618011652684,2.8848908040414525e-20,1.2323428990190838e-19,HuT78_vs_HH,ENSG00000127955,GNAI1,protein_coding,Down
ENSG00000196126.14,6140.613719940749,-12.161850688541898,0.509084380156724,6.370220471621337e-124,2.9233480072760873e-122,HuT78_vs_HH,ENSG00000196126,HLA-DRB1,protein_coding,Down
ENSG00000166446.17,779.9013197291455,-12.137675292020297,3.17008398707294,2.792653717265184e-20,1.193332980233349e-19,HuT78_vs_HH,ENSG00000166446,CDYL2,protein_coding,Down
ENSG00000198108.5,132.06109548194974,-12.11775928764323,3.1744584717852966,8.10351871375991e-20,3.3796211006858533e-19,HuT78_vs_HH,ENSG00000198108,CHSY3,protein_coding,Down
ENSG00000166482.14,82.13850098101673,-12.110956172883903,3.178274812568103,1.5761058302588944e-19,6.473806267180641e-19,HuT78_vs_HH,ENSG00000166482,MFAP4,protein_coding,Down
ENSG00000101333.21,82.48584841289862,-12.104839998767014,3.179462932354015,2.1140899938569556e-19,8.629168459109834e-19,HuT78_vs_HH,ENSG00000101333,PLCB4,protein_coding,Down
ENSG00000180530.12,589.1096413092873,-12.039512183061579,3.151765696279591,6.4161301173715945e-20,2.6922544694045073e-19,HuT78_vs_HH,ENSG00000180530,NRIP1,protein_coding,Down
ENSG00000111732.13,76.67542057023883,-11.99508048582214,3.1672998753935215,4.3266400600497664e-19,1.7457925666448484e-18,HuT78_vs_HH,ENSG00000111732,AICDA,protein_coding,Down
ENSG00000183439.12,74.22233632331047,-11.94481152782167,3.1601838497049837,4.920526268074194e-19,1.9805194209947796e-18,HuT78_vs_HH,ENSG00000183439,TRIM61,protein_coding,Down
ENSG00000127252.9,72.00732344186339,-11.893201192990347,3.1565830971913997,8.728089350858172e-19,3.4797549253513176e-18,HuT78_vs_HH,ENSG00000127252,PLAAT1,protein_coding,Down
ENSG00000007264.17,1929.3994733715597,16.80430792522144,3.2885790347272774,6.696271651394939e-36,5.367312941736178e-35,HuT78_vs_HH,ENSG00000007264,MATK,protein_coding,Up
ENSG00000182866.20,1446.965601346614,16.51390376507546,3.399608721113181,1.3563087676173122e-36,1.1117466772551214e-35,HuT78_vs_HH,ENSG00000182866,LCK,protein_coding,Up
ENSG00000135269.20,2938.7653869422256,16.50686588014758,2.78405050791574,2.8859805808772074e-39,2.5868627861466744e-38,HuT78_vs_HH,ENSG00000135269,TES,protein_coding,Up
ENSG00000167286.13,1864.8015369542088,16.098564133162846,3.0779775118776582,5.2405890118606775e-36,4.221297687983944e-35,HuT78_vs_HH,ENSG00000167286,CD3D,protein_coding,Up
ENSG00000277443.5,1059.0977351467843,15.835945221164144,3.258249299179189,1.6057138820910794e-28,9.75630257589419e-28,HuT78_vs_HH,ENSG00000277443,MARCKS,protein_coding,Up
ENSG00000187772.8,799.132221636138,15.76103568733591,3.554688349061702,1.2936077395841665e-32,9.177784251497247e-32,HuT78_vs_HH,ENSG00000187772,LIN28B,protein_coding,Up
ENSG00000007237.21,1723.4634470911826,15.679921904554776,3.092436297035284,1.5726009600736684e-19,6.463484173018014e-19,HuT78_vs_HH,ENSG00000007237,GAS7,protein_coding,Up
ENSG00000154096.16,931.0447738175462,15.671955256559842,3.2408468272963726,6.037830683018558e-30,3.8898194410173437e-29,HuT78_vs_HH,ENSG00000154096,THY1,protein_coding,Up
ENSG00000161243.12,1036.139033194867,15.65340941362663,3.021984735267964,1.1796362185931147e-33,8.730379805181183e-33,HuT78_vs_HH,ENSG00000161243,FBXO27,protein_coding,Up
ENSG00000078596.13,6002.525797662796,15.55948985511869,1.2891964628702999,8.825513601842986e-41,8.204202480229646e-40,HuT78_vs_HH,ENSG00000078596,ITM2A,protein_coding,Up
ENSG00000060558.5,2351.8268456879855,15.542722389748533,3.1948956220181244,6.119399993796264e-16,2.1250770082373222e-15,HuT78_vs_HH,ENSG00000060558,GNA15,protein_coding,Up
ENSG00000170627.13,2245.7839397206553,15.479400891159802,2.723013996170907,7.747199627088139e-35,5.925425630272284e-34,HuT78_vs_HH,ENSG00000170627,GTSF1,protein_coding,Up
ENSG00000250366.6,727.8332973205396,15.45191208450103,3.3353445131546495,4.889030661980303e-32,3.40924219462757e-31,HuT78_vs_HH,ENSG00000250366,TUNAR,protein_coding,Up
ENSG00000074696.15,3099.6936799926475,15.393858386502298,2.695107960962272,1.4533038024648602e-34,1.1005757383802746e-33,HuT78_vs_HH,ENSG00000074696,HACD3,protein_coding,Up
ENSG00000227507.4,1165.6424035434611,15.37677569732797,2.9225213794485687,3.9797650418538205e-33,2.8960512445829616e-32,HuT78_vs_HH,ENSG00000227507,LTB,protein_coding,Up
ENSG00000089327.18,2318.3048499748766,15.36442366577869,2.7273709132954123,4.161760283022297e-34,3.117254124633885e-33,HuT78_vs_HH,ENSG00000089327,FXYD5,protein_coding,Up
ENSG00000153094.27,812.707636900908,15.331288934588121,3.1133066654546515,2.618162333738068e-32,1.8375072533983973e-31,HuT78_vs_HH,ENSG00000153094,BCL2L11,protein_coding,Up
ENSG00000187855.6,581.4003556535973,15.253922505684175,3.507094848206469,1.7303240189341337e-30,1.1383802594027545e-29,HuT78_vs_HH,ENSG00000187855,ASCL4,protein_coding,Up
ENSG00000145703.18,1171.6614942027754,15.173371671564377,2.7689561396062237,1.081621639217437e-32,7.707367317616653e-32,HuT78_vs_HH,ENSG00000145703,IQGAP2,protein_coding,Up
ENSG00000148175.15,1260.7183373466833,15.102562695818618,2.752421423991262,1.0293173409879721e-32,7.354765847092238e-32,HuT78_vs_HH,ENSG00000148175,STOM,protein_coding,Up
ENSG00000137486.19,894.5950955688891,15.093174697861262,2.816100582028681,5.998905640802693e-32,4.160922683160271e-31,HuT78_vs_HH,ENSG00000137486,ARRB1,protein_coding,Up
ENSG00000172716.19,1625.056526738615,15.04815514598863,2.871929049370143,3.6288512821282e-32,2.5386376145988637e-31,HuT78_vs_HH,ENSG00000172716,SLFN11,protein_coding,Up
ENSG00000184719.14,730.8709957140321,14.974885338584212,2.8861531478932263,1.220069407930058e-31,8.386690186472809e-31,HuT78_vs_HH,ENSG00000184719,RNLS,protein_coding,Up
ENSG00000265972.8,1058.3817470640615,14.897877519269002,2.7546833450146884,1.8991863261483842e-31,1.2979599050179281e-30,HuT78_vs_HH,ENSG00000265972,TXNIP,protein_coding,Up
ENSG00000159228.14,1619.5293149977804,14.8724870416768,2.7139040466248847,3.5814695565210765e-32,2.5068363442609663e-31,HuT78_vs_HH,ENSG00000159228,CBR1,protein_coding,Up
ENSG00000015475.21,1144.383149128887,14.738657526901974,2.729664246969826,2.0593651201439587e-31,1.4052201890490165e-30,HuT78_vs_HH,ENSG00000015475,BID,protein_coding,Up
ENSG00000136231.16,752.8988665518156,14.724203686431318,2.8551664904372576,1.1652558372656534e-30,7.720782576046396e-30,HuT78_vs_HH,ENSG00000136231,IGF2BP3,protein_coding,Up
ENSG00000173762.10,463.3875024220098,14.709310584541607,3.251385172075939,7.915571391435636e-29,4.875408409479236e-28,HuT78_vs_HH,ENSG00000173762,CD7,protein_coding,Up
ENSG00000169442.10,630.3764774565027,14.671362425261927,3.4072425310667893,1.4922534274439468e-13,4.550430257341357e-13,HuT78_vs_HH,ENSG00000169442,CD52,protein_coding,Up
ENSG00000159217.12,853.61418149852625,14.669901067996552,3.0124163282053154,6.612206610172019e-30,4.253548309495159e-29,HuT78_vs_HH,ENSG00000159217,IGF2BP1,protein_coding,Up
ENSG00000168421.15,1089.5327921130436,14.57781112348441,2.721015100680308,8.654173488664752e-31,5.766351895591396e-30,HuT78_vs_HH,ENSG00000168421,RHOH,protein_coding,Up
ENSG00000185340.18,1732.088043752215,14.440077134054587,2.7102077402207345,2.468514970329796e-30,1.6102179984138254e-29,HuT78_vs_HH,ENSG00000185340,GAS2L1,protein_coding,Up
ENSG00000154127.11,595.7396970393705,14.434257492955657,2.7882675174939053,1.332974494954218e-29,8.44562790118538e-29,HuT78_vs_HH,ENSG00000154127,UBASH3B,protein_coding,Up
ENSG00000073849.18,547.2333804454358,14.41015858793252,3.024242761859067,8.856136578256234e-29,5.434182110377284e-28,HuT78_vs_HH,ENSG00000073849,ST6GAL1,protein_coding,Up
ENSG00000100336.19,412.75835160885526,14.289620425969808,3.0989541536995455,1.4506825803033818e-25,7.871251485884253e-25,HuT78_vs_HH,ENSG00000100336,APOL4,protein_coding,Up
ENSG00000198829.8,348.5651531406323,14.259174076745511,3.220918904268216,7.530789886399125e-27,4.2747728479721166e-26,HuT78_vs_HH,ENSG00000198829,SUCNR1,protein_coding,Up
ENSG00000124785.11,425.11834333367943,14.241221846834714,2.943329742957819,1.9452289471420417e-28,1.1797193517032215e-27,HuT78_vs_HH,ENSG00000124785,NRN1,protein_coding,Up
ENSG00000148834.15,1519.4851138778552,14.236799895554988,2.675256561513684,1.2113318863972559e-29,7.697361518973885e-29,HuT78_vs_HH,ENSG00000148834,GSTO1,protein_coding,Up
ENSG00000137078.12,627.5321601351509,14.21098837185644,2.995639697899361,5.236263084736033e-28,3.11902270490698e-27,HuT78_vs_HH,ENSG00000137078,SIT1,protein_coding,Up
ENSG00000128268.13,339.2258068534752,14.189120848288026,3.1839772244443654,5.629698739029634e-27,3.2166533829799746e-26,HuT78_vs_HH,ENSG00000128268,MGAT3,protein_coding,Up
ENSG00000135503.15,651.8891690004152,14.176684895878674,2.7373963859911314,9.82148634306229e-29,6.0095507750765645e-28,HuT78_vs_HH,ENSG00000135503,ACVR1B,protein_coding,Up
ENSG00000091490.13,970.4892786437234,14.147757297949438,2.709546499559989,6.476513199599979e-29,3.9928285965178105e-28,HuT78_vs_HH,ENSG00000091490,SEL1L3,protein_coding,Up
ENSG00000115884.13,330.8718572733938,14.145156447711217,3.1850772403809176,2.593341477997494e-26,1.4493576107522014e-25,HuT78_vs_HH,ENSG00000115884,SDC1,protein_coding,Up
ENSG00000198692.12,1290.7425834558455,14.102472123511697,3.307881977146292,2.0962254743328316e-11,5.7150153919727986e-11,HuT78_vs_HH,ENSG00000198692,EIF1AY,protein_coding,Up
ENSG00000107719.12,449.164642562834,14.078182537273047,3.703266956415332,7.216861949522621e-10,1.8039386610688209e-9,HuT78_vs_HH,ENSG00000107719,PALD1,protein_coding,Up
ENSG00000151692.17,507.38290851052125,14.060834363305405,2.7593635722738763,3.492314647254373e-28,2.0936217478227344e-27,HuT78_vs_HH,ENSG00000151692,RNF144A,protein_coding,Up
ENSG00000173801.19,1762.535059631561,14.02895257137164,1.3655137384409726,1.9256634235554044e-30,1.2637045014701704e-29,HuT78_vs_HH,ENSG00000173801,JUP,protein_coding,Up
ENSG00000154451.17,534.3677838085794,14.00896288458651,2.8111739716222672,1.018005444689098e-27,6.019811688127502e-27,HuT78_vs_HH,ENSG00000154451,GBP5,protein_coding,Up
ENSG00000103489.14,574.7656666769584,13.997960929407183,2.7300582426680657,3.1591316167631257e-28,1.898501270461139e-27,HuT78_vs_HH,ENSG00000103489,XYLT1,protein_coding,Up
ENSG00000167880.10,291.1285991359632,13.973651213510202,3.1964818273261484,5.98764512048348e-26,3.2982662238064747e-25,HuT78_vs_HH,ENSG00000167880,EVPL,protein_coding,Up
ENSG00000184937.18,450.426157004175,13.942666447128847,3.55045825178855,3.976075630986583e-10,1.0083711558405942e-9,HuT78_vs_HH,ENSG00000184937,WT1,protein_coding,Up
ENSG00000214194.11,924.1869117144479,13.936576905258695,2.695619438849309,4.346296030754344e-28,2.5948362880816015e-27,HuT78_vs_HH,ENSG00000214194,SMIM30,protein_coding,Up
ENSG00000125384.9,277.03624870170734,13.923696106059914,3.2136586853985767,4.520619771034831e-26,2.5007316415915517e-25,HuT78_vs_HH,ENSG00000125384,PTGER2,protein_coding,Up
ENSG00000256235.5,437.6802984580535,13.89587152511423,3.816692491961639,1.1110854197936195e-8,2.572530871588247e-8,HuT78_vs_HH,ENSG00000256235,SMIM3,protein_coding,Up
ENSG00000100473.20,278.35702461635896,13.854677308870729,3.132564681036444,5.161885320558774e-26,2.850629295883157e-25,HuT78_vs_HH,ENSG00000100473,COCH,protein_coding,Up
ENSG00000105854.15,731.0492181773711,13.77527071320337,2.803931892155378,3.428008363648643e-27,1.9830107857715385e-26,HuT78_vs_HH,ENSG00000105854,PON2,protein_coding,Up
ENSG00000128342.6,1714.3225366510226,13.771518399537069,2.716285167571821,2.444441980357477e-27,1.4197153444741087e-26,HuT78_vs_HH,ENSG00000128342,LIF,protein_coding,Up
ENSG00000181104.8,2261.194154526887,13.758181878394772,2.645446851212719,1.1885761249085684e-27,6.993549722769017e-27,HuT78_vs_HH,ENSG00000181104,F2R,protein_coding,Up
ENSG00000198286.13,805.9977973631818,13.73241976662978,2.6915735231770315,3.591053170412543e-27,2.0754854088685887e-26,HuT78_vs_HH,ENSG00000198286,CARD11,protein_coding,Up
ENSG00000240403.8,267.65282034160987,13.714873407094688,3.201701854100069,5.6680113250341e-20,2.383710603393657e-19,HuT78_vs_HH,ENSG00000240403,KIR3DL2,protein_coding,Up
ENSG00000268480.4,436.3234117813576,13.646901703472981,2.969436217062953,2.1224725077651375e-25,1.1430654625497123e-24,HuT78_vs_HH,ENSG00000268480,NFILZ,protein_coding,Up
ENSG00000253276.5,726.7893368613885,13.635927296019213,2.6778637269630714,3.608960320868596e-27,2.0849104548705854e-26,HuT78_vs_HH,ENSG00000253276,CCDC71L,protein_coding,Up
ENSG00000110328.8,208.51832249269177,13.610849069288097,3.349313863783632,2.2045663333635512e-24,1.1343116076876101e-23,HuT78_vs_HH,ENSG00000110328,GALNT18,protein_coding,Up
ENSG00000130830.17,322.49336134292156,13.603844290819637,2.8422219892697402,1.335466885298811e-25,7.255164616965153e-25,HuT78_vs_HH,ENSG00000130830,MPP1,protein_coding,Up
ENSG00000072609.20,443.89263076800404,13.594469146547997,2.7692997144968565,1.5137497325231137e-26,8.496425608946486e-26,HuT78_vs_HH,ENSG00000072609,CHFR,protein_coding,Up
ENSG00000096264.15,204.82369267520164,13.581208049003545,3.346146773361473,2.861220083689813e-24,1.4658129461764674e-23,HuT78_vs_HH,ENSG00000096264,NCR2,protein_coding,Up
ENSG00000142156.18,281.37300102673595,13.512714047770626,2.9429337495862073,2.2613588411780815e-20,9.72041219560486e-20,HuT78_vs_HH,ENSG00000142156,COL6A1,protein_coding,Up
ENSG00000114450.13,316.8262599763585,13.50188003604772,2.9741769632636905,2.527553576134185e-25,1.3545068156972381e-24,HuT78_vs_HH,ENSG00000114450,GNB4,protein_coding,Up
ENSG00000118965.18,371.3065439528531,13.467838874310782,2.7267553611819957,3.099768434539341e-26,1.7264650430491978e-25,HuT78_vs_HH,ENSG00000118965,WDR35,protein_coding,Up
ENSG00000105374.12,237.70186522960594,13.436095341996413,2.9431414692146562,1.4964297609387874e-24,7.788725668656236e-24,HuT78_vs_HH,ENSG00000105374,NKG7,protein_coding,Up
ENSG00000227051.8,203.54764936231228,13.395125036528782,3.1331194588372036,2.7673988833901844e-24,1.4183055307599007e-23,HuT78_vs_HH,ENSG00000227051,C14orf132,protein_coding,Up
ENSG00000162894.14,201.8577252672821,13.392765038693616,3.143005265098666,2.8724840252642293e-24,1.471005277063603e-23,HuT78_vs_HH,ENSG00000162894,FCMR,protein_coding,Up
ENSG00000131196.19,292.824785972878,13.376623205518522,2.825004454008017,2.6247015319981903e-25,1.4036821939488065e-24,HuT78_vs_HH,ENSG00000131196,NFATC1,protein_coding,Up
ENSG00000132846.8,390.4181341297769,13.373796354144657,2.946431690200295,5.508193542935155e-25,2.9087636322963484e-24,HuT78_vs_HH,ENSG00000132846,ZBED3,protein_coding,Up
ENSG00000135525.21,232.43117515744407,13.34083268898684,2.9122901174575495,1.601502936662277e-24,8.309071565891503e-24,HuT78_vs_HH,ENSG00000135525,MAP7,protein_coding,Up
ENSG00000158555.17,366.1092577320243,13.324611609339183,2.7145357273643436,1.514026173910596e-25,8.204699843898876e-25,HuT78_vs_HH,ENSG00000158555,GDPD5,protein_coding,Up
ENSG00000111249.16,257.69667494725735,13.317723016098046,2.874835559027362,1.1838378604315805e-24,6.1963690100420835e-24,HuT78_vs_HH,ENSG00000111249,CUX2,protein_coding,Up
ENSG00000136014.14,173.80378824898233,13.314367668596878,3.322189889810166,3.8615023985753993e-23,1.8849048974019917e-22,HuT78_vs_HH,ENSG00000136014,USP44,protein_coding,Up
ENSG00000134326.13,272.6064914484865,13.302498688367503,3.5044479152783654,3.0135981842492885e-10,7.708778240494795e-10,HuT78_vs_HH,ENSG00000134326,CMPK2,protein_coding,Up
ENSG00000143479.19,356.4576957048107,13.270854986212386,2.710420630783109,1.9939249724141202e-25,1.075160153816768e-24,HuT78_vs_HH,ENSG00000143479,DYRK3,protein_coding,Up
ENSG00000171310.11,2863.341809591103,13.229184825221997,1.3051495779555509,5.6490669199137386e-24,2.856976684797662e-23,HuT78_vs_HH,ENSG00000171310,CHST11,protein_coding,Up
ENSG00000143502.18,309.16528065935614,13.215938878869599,2.7581188331393105,3.8304122978358344e-25,2.0401211065669974e-24,HuT78_vs_HH,ENSG00000143502,SUSD4,protein_coding,Up
ENSG00000089177.22,267.9590332524362,13.210584283587488,2.960072505105133,3.93500411094786e-24,2.0009718524379035e-23,HuT78_vs_HH,ENSG00000089177,KIF16B,protein_coding,Up
ENSG00000130054.6,177.2071142628614,13.180958823408698,3.1296112271963317,3.2750859948560506e-23,1.6058764398404405e-22,HuT78_vs_HH,ENSG00000130054,NALF2,protein_coding,Up
ENSG00000079385.25,197.16957211559887,13.179086565143146,3.130149391181967,1.1368531514402162e-18,4.496694119186749e-18,HuT78_vs_HH,ENSG00000079385,CEACAM1,protein_coding,Up
ENSG00000089876.14,588.5630343659026,13.105318976104448,2.6531612644873017,3.674530156291818e-25,1.9603009221019757e-24,HuT78_vs_HH,ENSG00000089876,DHX32,protein_coding,Up
ENSG00000163513.22,269.861027573103,13.100073446884242,2.736349125232219,1.6009236985107387e-24,8.309071565891503e-24,HuT78_vs_HH,ENSG00000163513,TGFBR2,protein_coding,Up
ENSG00000109906.17,168.37866777809185,13.095537325142043,3.1228298539298693,8.564957546504259e-23,4.1206013917899602e-22,HuT78_vs_HH,ENSG00000109906,ZBTB16,protein_coding,Up
ENSG00000132205.13,510.213755806617,13.068537231294473,2.7524035971940775,3.0552958876034403e-21,1.3712008024495743e-20,HuT78_vs_HH,ENSG00000132205,EMILIN2,protein_coding,Up
ENSG00000005249.16,196.14423439908117,13.062704077707883,2.8570095318969146,6.144323524914981e-24,3.101431777700114e-23,HuT78_vs_HH,ENSG00000005249,PRKAR2B,protein_coding,Up
ENSG00000198879.14,290.745124729238,13.031780490857876,2.703365624774467,2.283360882548881e-24,1.1739267211936712e-23,HuT78_vs_HH,ENSG00000198879,SFMBT2,protein_coding,Up
ENSG00000115963.16,190.0221710471025,13.02431331368588,2.8795017563481102,3.881662845838193e-23,1.8933275400377683e-22,HuT78_vs_HH,ENSG00000115963,RND3,protein_coding,Up
ENSG00000180730.6,251.0781643654838,13.022845308965415,2.7677872419638008,4.186157088695874e-24,2.1261958432179785e-23,HuT78_vs_HH,ENSG00000180730,SHISA2,protein_coding,Up
ENSG00000117090.18,779.1247341911188,13.01568751793307,2.710895817607768,2.4448012261441602e-24,1.2549466081266972e-23,HuT78_vs_HH,ENSG00000117090,SLAMF1,protein_coding,Up
ENSG00000162739.16,159.2720722396466,13.007882865713304,3.1124513341634814,1.0701882668401399e-22,5.12220480415995e-22,HuT78_vs_HH,ENSG00000162739,SLAMF6,protein_coding,Up
ENSG00000005882.14,604.3635930002588,12.977538462913989,2.648320495345846,1.3224237156116103e-24,6.902342124776178e-24,HuT78_vs_HH,ENSG00000005882,PDK2,protein_coding,Up
ENSG00000082074.21,210.94255294229055,12.953223761332614,3.16433671254471,7.276200861418582e-13,2.146948739571392e-12,HuT78_vs_HH,ENSG00000082074,FYB1,protein_coding,Up
ENSG00000110665.14,183.716184087837,12.919703226776434,2.873946274289159,3.086959396733003e-23,1.515913406843302e-22,HuT78_vs_HH,ENSG00000110665,C11orf21,protein_coding,Up
ENSG00000114315.6,271.88328903266415,12.914835469259058,2.7211257720196773,1.1525776021391116e-23,5.759794435843191e-23,HuT78_vs_HH,ENSG00000114315,HES1,protein_coding,Up
ENSG00000213762.14,228.64568071436798,12.88845229751496,2.937806236352387,3.8934577637638566e-23,1.8983701846290439e-22,HuT78_vs_HH,ENSG00000213762,ZNF134,protein_coding,Up
ENSG00000132872.14,4096.549815578887,-18.33844970912437,3.8089311978459865,8.303303632749797e-43,7.267760661224184e-42,HuT78_vs_MyLa,ENSG00000132872,SYT4,protein_coding,Down
ENSG00000060982.17,7303.971887192547,-18.271246938884758,3.7933393134638207,3.1211936032819807e-44,2.8646842416601444e-43,HuT78_vs_MyLa,ENSG00000060982,BCAT1,protein_coding,Down
ENSG00000135074.18,3144.528045274941,-17.91068272749336,3.7757840201744033,1.0985344679976247e-41,9.266795936189672e-41,HuT78_vs_MyLa,ENSG00000135074,ADAM19,protein_coding,Down
ENSG00000138061.15,5748.778290947529,-17.670315033089278,3.7437511143934756,3.7203000962211886e-40,3.05139528974517e-39,HuT78_vs_MyLa,ENSG00000138061,CYP1B1,protein_coding,Down
ENSG00000154975.16,1339.8379123500156,-16.595530489844677,3.6327983744904806,1.2864532482805064e-36,9.635830565999907e-36,HuT78_vs_MyLa,ENSG00000154975,CA10,protein_coding,Down
ENSG00000103175.13,1332.7574580797618,-16.571521649259118,3.6439441571708575,1.2849895700635014e-34,8.999069890724133e-34,HuT78_vs_MyLa,ENSG00000103175,WFDC1,protein_coding,Down
ENSG00000196628.22,3167.5556799228243,-16.39213061702582,3.6148504195612925,1.8142916329316447e-35,1.310735191352446e-34,HuT78_vs_MyLa,ENSG00000196628,TCF4,protein_coding,Down
ENSG00000039560.16,1138.6446609332897,-16.29830461569091,3.604896621374361,3.5431317493820544e-35,2.5414219091742607e-34,HuT78_vs_MyLa,ENSG00000039560,RAI14,protein_coding,Down
ENSG00000198467.18,959.703697829671,-16.064437879468116,3.5810982945490233,2.6074752932176664e-34,1.8105074851628047e-33,HuT78_vs_MyLa,ENSG00000198467,TPM2,protein_coding,Down
ENSG00000173482.18,921.2167919954287,-15.959432096720246,3.573538718787061,1.6942385380485777e-33,1.1440938272739437e-32,HuT78_vs_MyLa,ENSG00000173482,PTPRM,protein_coding,Down
ENSG00000169760.19,906.2718827608372,-15.957298855132745,3.569932642870645,6.187918508807542e-34,4.240123129615599e-33,HuT78_vs_MyLa,ENSG00000169760,NLGN1,protein_coding,Down
ENSG00000198883.12,5683.4312432063825,-15.906497042678044,1.3403714849697355,5.5522259413623745e-42,4.720297501224776e-41,HuT78_vs_MyLa,ENSG00000198883,PNMA5,protein_coding,Down
ENSG00000136542.11,823.1197298567627,-15.819124547056253,3.557604189078868,3.4209096482649544e-33,2.2899186156054007e-32,HuT78_vs_MyLa,ENSG00000136542,GALNT5,protein_coding,Down
ENSG00000107874.13,1816.4562338411004,-15.578067007897817,3.5315611318012086,1.8493553364534516e-32,1.2063387437436353e-31,HuT78_vs_MyLa,ENSG00000107874,CUEDC2,protein_coding,Down
ENSG00000185338.9,1003.3685068270743,-15.444730640400389,3.5209284288180944,1.3623583597396544e-31,8.556923615656346e-31,HuT78_vs_MyLa,ENSG00000185338,SOCS1,protein_coding,Down
ENSG00000184743.15,1943.9737805986392,-15.43258684433459,3.5169889905665266,7.153256506410074e-32,4.5521675804708245e-31,HuT78_vs_MyLa,ENSG00000184743,ATL3,protein_coding,Down
ENSG00000166446.17,779.9013197291455,-15.37212548811812,3.511214107173987,1.3272739391269596e-31,8.348629946255628e-31,HuT78_vs_MyLa,ENSG00000166446,CDYL2,protein_coding,Down
ENSG00000184374.5,609.4238065943576,-15.346380511651919,3.509770359449455,2.215810610703274e-31,1.3857322307723498e-30,HuT78_vs_MyLa,ENSG00000184374,COLEC10,protein_coding,Down
ENSG00000122786.22,643.6066535548937,-15.326406651293574,3.561269453721156,4.5766852563053594e-26,2.3707447911537264e-25,HuT78_vs_MyLa,ENSG00000122786,CALD1,protein_coding,Down
ENSG00000146674.18,874.1543366664885,-15.295248254566022,4.069114523824324,8.097764622112404e-11,2.0346667885095617e-10,HuT78_vs_MyLa,ENSG00000146674,IGFBP3,protein_coding,Down
ENSG00000168542.20,1089.3826618781468,-15.267786446974641,3.502698092937328,6.070558280802653e-31,3.737250168809683e-30,HuT78_vs_MyLa,ENSG00000168542,COL3A1,protein_coding,Down
ENSG00000186281.15,578.0402807848246,-15.263441466260714,3.500581779244061,4.122849289682674e-31,2.557500942048277e-30,HuT78_vs_MyLa,ENSG00000186281,GPAT2,protein_coding,Down
ENSG00000154864.15,711.6579935494474,-15.221900613208213,3.8408315320612627,5.0866042213757956e-14,1.497824510103722e-13,HuT78_vs_MyLa,ENSG00000154864,PIEZO2,protein_coding,Down
ENSG00000115155.19,597.0203480488951,-15.051231786822484,3.479127148028218,2.6689636244064655e-30,1.6059373461167806e-29,HuT78_vs_MyLa,ENSG00000115155,OTOF,protein_coding,Down
ENSG00000218336.11,1224.4526960528283,-15.04962831722705,3.4798359690792005,3.437237685440301e-30,2.0558751149308605e-29,HuT78_vs_MyLa,ENSG00000218336,TENM3,protein_coding,Down
ENSG00000136267.16,508.75714252338446,-15.03590849594832,3.477858892878323,3.333858825159855e-30,1.995874233730289e-29,HuT78_vs_MyLa,ENSG00000136267,DGKB,protein_coding,Down
ENSG00000139352.5,547.625756934477,-15.027810686616636,3.4770942164922656,3.6397187733707756e-30,2.1749864637020322e-29,HuT78_vs_MyLa,ENSG00000139352,ASCL1,protein_coding,Down
ENSG00000139687.19,1324.596861780349,-14.938596637821922,3.4669979902398627,6.172394441596867e-30,3.65824541870541e-29,HuT78_vs_MyLa,ENSG00000139687,RB1,protein_coding,Down
ENSG00000140403.15,777.6855993769927,-14.778214897804167,4.327308861785632,3.615051988834049e-8,7.769619487215394e-8,HuT78_vs_MyLa,ENSG00000140403,DNAJA4,protein_coding,Down
ENSG00000136327.7,428.88021460898796,-14.685773467349728,3.47526529407891,9.187468467400773e-26,4.714184115576152e-25,HuT78_vs_MyLa,ENSG00000136327,NKX2-8,protein_coding,Down
ENSG00000162627.19,402.5381719197534,-14.571862129594052,3.52266499979302,2.0616545316516104e-21,8.726711111080039e-21,HuT78_vs_MyLa,ENSG00000162627,SNX7,protein_coding,Down
ENSG00000147408.18,2139.3388315190105,-14.555508861575582,3.428499397271495,2.086202100257862e-28,1.1785640213550375e-27,HuT78_vs_MyLa,ENSG00000147408,CSGALNACT1,protein_coding,Down
ENSG00000120278.19,636.9684685193713,-14.515642010592076,3.42466882972426,3.132479995933627e-28,1.7612429588870995e-27,HuT78_vs_MyLa,ENSG00000120278,PLEKHG1,protein_coding,Down
ENSG00000186522.17,2245.2456522891125,-14.504800637837235,3.4233437656867887,3.2573930328699723e-28,1.8298966981635494e-27,HuT78_vs_MyLa,ENSG00000186522,SEPTIN10,protein_coding,Down
ENSG00000177694.17,371.2699965605017,-14.492150184492509,3.4021369717829932,6.441719278468877e-28,3.572550100267442e-27,HuT78_vs_MyLa,ENSG00000177694,NAALADL2,protein_coding,Down
ENSG00000144015.6,355.87488600978895,-14.485060689542147,3.4252901395910373,9.666326612052867e-28,5.324650665041632e-27,HuT78_vs_MyLa,ENSG00000144015,TRIM43,protein_coding,Down
ENSG00000138685.19,756.8378297385669,-14.357645124273649,3.4080633735109647,1.1181916968673426e-27,6.143925963436794e-27,HuT78_vs_MyLa,ENSG00000138685,FGF2,protein_coding,Down
ENSG00000142621.23,333.1598909993749,-14.351583110922094,3.4088432077933475,1.6196678852966075e-27,8.839669827919048e-27,HuT78_vs_MyLa,ENSG00000142621,FHAD1,protein_coding,Down
ENSG00000114374.15,293.69999437503685,-14.18009030592454,3.3913839254021036,7.404594360747762e-27,3.9550851763780977e-26,HuT78_vs_MyLa,ENSG00000114374,USP9Y,protein_coding,Down
ENSG00000152527.16,281.4335565532959,-14.079535457770907,3.3803323354933847,1.3701314262224304e-26,7.235382041311562e-26,HuT78_vs_MyLa,ENSG00000152527,PLEKHH2,protein_coding,Down
ENSG00000115919.17,277.4683936239564,-13.960152659375929,3.37280105392962,1.0660186376945088e-25,5.450537820742461e-25,HuT78_vs_MyLa,ENSG00000115919,KYNU,protein_coding,Down
ENSG00000205730.7,326.2166813144486,-13.90134310660791,3.3628618551963503,6.735942388018755e-26,3.4713142405317687e-25,HuT78_vs_MyLa,ENSG00000205730,ITPRIPL2,protein_coding,Down
ENSG00000176014.15,1844.150973699931,-13.878427109805477,1.9258143214463668,1.3933206084444825e-15,4.4518625863831675e-15,HuT78_vs_MyLa,ENSG00000176014,TUBB6,protein_coding,Down
ENSG00000118402.7,431.5572469554408,-13.875729887471762,3.357692649246059,5.888207858219004e-26,3.0392480402442886e-25,HuT78_vs_MyLa,ENSG00000118402,ELOVL4,protein_coding,Down
ENSG00000103855.20,588.931798717469,-13.85921293558588,3.355895365729445,6.584489535358817e-26,3.394606491864377e-25,HuT78_vs_MyLa,ENSG00000103855,CD276,protein_coding,Down
ENSG00000144407.11,266.27632977195685,-13.833986818063998,3.3553814860176283,1.27004499034657e-25,6.470874260823631e-25,HuT78_vs_MyLa,ENSG00000144407,PTH2R,protein_coding,Down
ENSG00000182463.17,225.19281807913075,-13.755199308448542,3.358863272883789,2.5188576136403233e-25,1.267990393146942e-24,HuT78_vs_MyLa,ENSG00000182463,TSHZ2,protein_coding,Down
ENSG00000104213.15,235.75046981698318,-13.752284316645799,3.3462000705953683,2.153619220699982e-25,1.0870689118273767e-24,HuT78_vs_MyLa,ENSG00000104213,PDGFRL,protein_coding,Down
ENSG00000168389.20,261.0702174656296,-13.709520235967938,3.349436706321119,1.4901344512492062e-24,7.249317768992499e-24,HuT78_vs_MyLa,ENSG00000168389,MFSD2A,protein_coding,Down
ENSG00000150893.12,216.32438573328287,-13.648485033902013,3.3367283801572976,6.557513983163956e-25,3.2471154917392034e-24,HuT78_vs_MyLa,ENSG00000150893,FREM2,protein_coding,Down
ENSG00000170955.12,845.8257700754682,-13.60137184439625,3.3310403225756886,5.95040012385311e-25,2.9509727859276097e-24,HuT78_vs_MyLa,ENSG00000170955,CAVIN3,protein_coding,Down
ENSG00000169855.22,550.5603253438057,-13.592253016474194,3.3250264674206726,5.160048403593742e-25,2.5697711442123515e-24,HuT78_vs_MyLa,ENSG00000169855,ROBO1,protein_coding,Down
ENSG00000153956.19,249.6316469683925,-13.5123703903169,3.326393359872958,4.0811284212161184e-24,1.938387270907787e-23,HuT78_vs_MyLa,ENSG00000153956,CACNA2D1,protein_coding,Down
ENSG00000188352.15,799.6558548265917,-13.39723722287117,3.30643618575975,2.3334055302627274e-24,1.1250933879361497e-23,HuT78_vs_MyLa,ENSG00000188352,FOCAD,protein_coding,Down
ENSG00000179869.16,253.2200980530659,-13.365483033030234,3.3116037266074585,5.513397954095806e-24,2.5987745220879077e-23,HuT78_vs_MyLa,ENSG00000179869,ABCA13,protein_coding,Down
ENSG00000179820.19,808.852456572584,-13.351230256519237,3.302177641578253,3.774572270585085e-24,1.7986837441512034e-23,HuT78_vs_MyLa,ENSG00000179820,MYADM,protein_coding,Down
ENSG00000124429.20,399.3498246594563,-13.350595310528215,3.3036918160094753,5.055396955269113e-24,2.3863451111199694e-23,HuT78_vs_MyLa,ENSG00000124429,POF1B,protein_coding,Down
ENSG00000137693.16,222.11723759550662,-13.325620773394297,3.347541024421226,7.863776915388279e-21,3.2371637567358003e-20,HuT78_vs_MyLa,ENSG00000137693,YAP1,protein_coding,Down
ENSG00000115008.8,296.40726677113963,-13.204494122197564,3.2886680408676714,1.8425802650092264e-23,8.527822654071465e-23,HuT78_vs_MyLa,ENSG00000115008,IL1A,protein_coding,Down
ENSG00000176788.11,8532.495345359865,-13.115397813751159,3.2760561004633098,1.9743283880107118e-23,9.13433506600767e-23,HuT78_vs_MyLa,ENSG00000176788,BASP1,protein_coding,Down
ENSG00000171843.18,837.7015770873223,-13.085700800654445,3.2751898451429717,3.745600156621859e-23,1.7068673720717725e-22,HuT78_vs_MyLa,ENSG00000171843,MLLT3,protein_coding,Down
ENSG00000107242.22,185.446709339005,-13.083116021239157,3.2780007812105483,7.49307950040951e-23,3.370980501513191e-22,HuT78_vs_MyLa,ENSG00000107242,PIP5K1B,protein_coding,Down
ENSG00000136305.14,309.8134547941872,-13.068788925900028,3.272826587237373,3.8605145325569474e-23,1.75800439912001e-22,HuT78_vs_MyLa,ENSG00000136305,CIDEB,protein_coding,Down
ENSG00000172164.16,159.58602415811063,-13.060237171083227,3.284792763225895,3.5378546617113656e-22,1.548836405982003e-21,HuT78_vs_MyLa,ENSG00000172164,SNTB1,protein_coding,Down
ENSG00000136244.14,146.1781312512834,-13.021319239771767,3.2968232796769277,5.470861038851989e-21,2.270755793610126e-20,HuT78_vs_MyLa,ENSG00000136244,IL6,protein_coding,Down
ENSG00000178860.11,14690.645495068455,-12.96592634521801,1.3207825296934472,7.723629115555197e-29,4.442279711519456e-28,HuT78_vs_MyLa,ENSG00000178860,MSC,protein_coding,Down
ENSG00000114455.17,1721.5290061882479,-12.892636294036354,1.3322551965387348,5.478837386395087e-28,3.0489191996962923e-27,HuT78_vs_MyLa,ENSG00000114455,HHLA2,protein_coding,Down
ENSG00000183960.11,140.7666638318064,-12.888552179321232,3.3299858282094847,5.046364675972363e-18,1.8289563632354784e-17,HuT78_vs_MyLa,ENSG00000183960,KCNH8,protein_coding,Down
ENSG00000155719.19,129.67442668433614,-12.855383258668429,3.25574348435531,5.056788296607877e-22,2.1983029309436446e-21,HuT78_vs_MyLa,ENSG00000155719,OTOA,protein_coding,Down
ENSG00000136237.21,127.15763645784924,-12.823294724445482,3.2523486803963424,3.883574254459826e-22,1.6963422474370392e-21,HuT78_vs_MyLa,ENSG00000136237,RAPGEF5,protein_coding,Down
ENSG00000134343.15,135.03905995850852,-12.808301747724835,3.2456622388841017,1.1627595446224546e-21,4.9783985364863505e-21,HuT78_vs_MyLa,ENSG00000134343,ANO3,protein_coding,Down
ENSG00000141449.18,152.50791329216986,-12.808155215341923,3.257674368870156,2.1440613230827287e-21,9.063753235075316e-21,HuT78_vs_MyLa,ENSG00000141449,GREB1L,protein_coding,Down
ENSG00000198642.9,561.0195831402019,-12.777068254322757,3.2406441226870766,3.0417523118605786e-22,1.3361360930393973e-21,HuT78_vs_MyLa,ENSG00000198642,KLHL9,protein_coding,Down
ENSG00000162545.8,181.7161091408387,-12.741191654141646,3.241229838720842,8.217028553115193e-22,3.5402490291818285e-21,HuT78_vs_MyLa,ENSG00000162545,CAMK2N1,protein_coding,Down
ENSG00000145839.2,639.1111738907347,-12.680832305729595,1.351046353334346,2.6021978408516353e-26,1.3603868616052691e-25,HuT78_vs_MyLa,ENSG00000145839,IL9,protein_coding,Down
ENSG00000164256.11,115.44451092469572,-12.670814086768067,3.2335432108338806,1.3625794238489124e-21,5.8148322301974056e-21,HuT78_vs_MyLa,ENSG00000164256,PRDM9,protein_coding,Down
ENSG00000134871.22,117.9412133948247,-12.662910695049945,3.24257653677124,6.471100322608908e-21,2.6773920795099014e-20,HuT78_vs_MyLa,ENSG00000134871,COL4A2,protein_coding,Down
ENSG00000261115.8,633.5324340030792,-12.653615000811783,1.3229112544933057,2.1722214131000177e-27,1.1786245494143435e-26,HuT78_vs_MyLa,ENSG00000261115,TMEM178B,protein_coding,Down
ENSG00000178573.8,113.87209675554222,-12.608051117546243,3.229719697953883,3.360817853908841e-21,1.409315929536484e-20,HuT78_vs_MyLa,ENSG00000178573,MAF,protein_coding,Down
ENSG00000107872.16,265.0415571508081,-12.588124097297449,3.2201228547126886,1.2204762050071691e-21,5.2220835127572014e-21,HuT78_vs_MyLa,ENSG00000107872,FBXL15,protein_coding,Down
ENSG00000198142.5,1983.9712460020878,-12.544453343292806,3.1157616720234618,9.090794682020657e-22,3.912824540646474e-21,HuT78_vs_MyLa,ENSG00000198142,SOWAHC,protein_coding,Down
ENSG00000054219.13,867.4476743637829,-12.539209965053617,1.3184814326884924,4.21547689027508e-27,2.266514451772076e-26,HuT78_vs_MyLa,ENSG00000054219,LY75,protein_coding,Down
ENSG00000137265.18,14364.118185645702,-12.529183928336561,0.8105892285065368,1.726014667564058e-51,1.9193813278466185e-50,HuT78_vs_MyLa,ENSG00000137265,IRF4,protein_coding,Down
ENSG00000091128.14,102.11735403633122,-12.466779315810713,3.215899012291152,1.1404873714787126e-20,4.6624755057973844e-20,HuT78_vs_MyLa,ENSG00000091128,LAMB4,protein_coding,Down
ENSG00000158528.14,101.35020079009614,-12.457179112799146,3.212135686017894,7.999505749383776e-21,3.2919974244306515e-20,HuT78_vs_MyLa,ENSG00000158528,PPP1R9A,protein_coding,Down
ENSG00000184524.8,698.8070684652488,-12.436039411384124,1.3215132660610938,1.5669214346801676e-26,8.251186690176415e-26,HuT78_vs_MyLa,ENSG00000184524,CEND1,protein_coding,Down
ENSG00000077616.12,98.63948328691193,-12.413559435159009,3.2079743101782228,1.2158797298529972e-20,4.9613526985516945e-20,HuT78_vs_MyLa,ENSG00000077616,NAALAD2,protein_coding,Down
ENSG00000164330.20,131.31928787581683,-12.40174798257209,3.2074790659376586,1.0566529874132485e-20,4.3238173893114184e-20,HuT78_vs_MyLa,ENSG00000164330,EBF1,protein_coding,Down
ENSG00000135218.21,117.14369883041165,-12.37073973152006,3.251690759753115,6.9097872376049634e-18,2.4829130705184858e-17,HuT78_vs_MyLa,ENSG00000135218,CD36,protein_coding,Down
ENSG00000148498.19,182.683378746438,-12.364535455713002,3.198536028539224,9.104590626472053e-21,3.733798918653564e-20,HuT78_vs_MyLa,ENSG00000148498,PARD3,protein_coding,Down
ENSG00000183878.18,161.72922866998329,-12.316452449077783,4.027431216381627,6.710162611207115e-7,1.3254554306132516e-6,HuT78_vs_MyLa,ENSG00000183878,UTY,protein_coding,Down
ENSG00000145555.16,271.31642645712986,-12.29301428300369,3.1880719008982354,1.060053934480126e-20,4.3363725449088144e-20,HuT78_vs_MyLa,ENSG00000145555,MYO10,protein_coding,Down
ENSG00000152910.21,90.42150209830496,-12.273834299963898,3.190655801067014,2.4058155430702725e-20,9.683444710572841e-20,HuT78_vs_MyLa,ENSG00000152910,CNTNAP4,protein_coding,Down
ENSG00000183317.19,160.2734411344552,-12.270709717825468,3.186640617084787,1.4457211939153052e-20,5.880800349656109e-20,HuT78_vs_MyLa,ENSG00000183317,EPHA10,protein_coding,Down
ENSG00000113494.19,91.45844910618483,-12.261398998416613,3.1793376725894897,3.67111529324808e-20,1.4658592407139165e-19,HuT78_vs_MyLa,ENSG00000113494,PRLR,protein_coding,Down
ENSG00000149289.12,253.2825017685695,-12.174989083318074,3.1757590821176462,2.6944371599589215e-20,1.0815090700876077e-19,HuT78_vs_MyLa,ENSG00000149289,ZC3H12C,protein_coding,Down
ENSG00000172456.20,104.97484550178574,-12.143586711029783,3.184074823808544,6.774062948488119e-20,2.6664561282889053e-19,HuT78_vs_MyLa,ENSG00000172456,FGGY,protein_coding,Down
ENSG00000196664.6,433.1512086111025,-12.12283001065279,1.3214455317675755,3.0474030175105375e-25,1.5287453243731652e-24,HuT78_vs_MyLa,ENSG00000196664,TLR7,protein_coding,Down
ENSG00000248746.8,82.42231190579726,-12.082767989871801,3.170843335931833,1.0507388866566694e-19,4.1037698261301686e-19,HuT78_vs_MyLa,ENSG00000248746,ACTN3,protein_coding,Down
ENSG00000101204.19,80.23499775632132,-12.076386616432693,3.1712094692129376,1.2919006478053358e-19,5.023073133307561e-19,HuT78_vs_MyLa,ENSG00000101204,CHRNA4,protein_coding,Down
ENSG00000131746.15,2211.2220109481045,16.823735955832806,3.0724619844967953,1.8536434942013317e-39,1.4921887374877056e-38,HuT78_vs_MyLa,ENSG00000131746,TNS4,protein_coding,Up
ENSG00000007264.17,1929.3994733715597,16.779660494985546,3.287949517494689,8.537246994293243e-36,6.2021148314729e-35,HuT78_vs_MyLa,ENSG00000007264,MATK,protein_coding,Up
ENSG00000182866.20,1446.965601346614,16.482302316455574,3.39013292010609,1.5263959926291022e-36,1.1400297405120395e-35,HuT78_vs_MyLa,ENSG00000182866,LCK,protein_coding,Up
ENSG00000110448.13,3183.1041286776076,16.091932139272245,2.822236577229683,5.2429395065899986e-37,3.9750570441761167e-36,HuT78_vs_MyLa,ENSG00000110448,CD5,protein_coding,Up
ENSG00000013725.16,2714.0932069186415,16.010449014360784,2.86851216264297,1.81210420506187e-36,1.3487809311577014e-35,HuT78_vs_MyLa,ENSG00000013725,CD6,protein_coding,Up
ENSG00000277443.5,1059.0977351467843,15.809958147086986,3.2563926968536445,1.965745048389296e-28,1.1119598617906985e-27,HuT78_vs_MyLa,ENSG00000277443,MARCKS,protein_coding,Up
ENSG00000187772.8,799.132221636138,15.74947154700582,3.569029202683074,1.3580209986737976e-32,8.902961607502819e-32,HuT78_vs_MyLa,ENSG00000187772,LIN28B,protein_coding,Up
ENSG00000136732.18,1811.8999029799784,15.62962907832033,2.773452139448736,2.1291839207274357e-34,1.4823533140406342e-33,HuT78_vs_MyLa,ENSG00000136732,GYPC,protein_coding,Up
ENSG00000163017.16,847.9479699704076,15.419024236008838,3.0761880400673802,2.100801319993027e-32,1.3669367750109396e-31,HuT78_vs_MyLa,ENSG00000163017,ACTG2,protein_coding,Up
ENSG00000154930.17,1692.7521204098794,15.398760215473851,2.7453405305789893,4.466091162755539e-34,3.0715866028597856e-33,HuT78_vs_MyLa,ENSG00000154930,ACSS1,protein_coding,Up
ENSG00000153094.27,812.707636900908,15.305043655494773,3.109785877879253,2.7923980753708204e-32,1.8088133258602335e-31,HuT78_vs_MyLa,ENSG00000153094,BCL2L11,protein_coding,Up
ENSG00000187855.6,581.4003556535973,15.229808826930016,3.505396888655707,1.7020775587189088e-30,1.0336988267839487e-29,HuT78_vs_MyLa,ENSG00000187855,ASCL4,protein_coding,Up
ENSG00000115523.19,634.301272344872,14.98711679875769,3.0636887812653257,5.98266985494876e-31,3.6866258259833186e-30,HuT78_vs_MyLa,ENSG00000115523,GNLY,protein_coding,Up
ENSG00000132530.19,672.999837870569,14.869109274131384,2.9999920171909595,5.352906690131366e-25,2.6647988117831204e-24,HuT78_vs_MyLa,ENSG00000132530,XAF1,protein_coding,Up
ENSG00000159217.12,853.61418149852625,14.646900931819275,3.0125088186205757,7.175045688966345e-30,4.2428480246959334e-29,HuT78_vs_MyLa,ENSG00000159217,IGF2BP1,protein_coding,Up
ENSG00000166582.13,1286.4258302770133,14.547163175694092,2.6365803288859504,4.574212314852803e-31,2.833446249975123e-30,HuT78_vs_MyLa,ENSG00000166582,CENPV,protein_coding,Up
ENSG00000175130.9,668.137625341543,14.52465992884192,3.0760937493937073,5.500305435555162e-17,1.887453416050301e-16,HuT78_vs_MyLa,ENSG00000175130,MARCKSL1,protein_coding,Up
ENSG00000205426.11,422.54679011896076,14.414688449603643,3.1203482787316696,3.708172360530782e-28,2.077756249991302e-27,HuT78_vs_MyLa,ENSG00000205426,KRT81,protein_coding,Up
ENSG00000073849.18,547.2333804454358,14.385227578954348,3.0220808629139415,9.275433572472444e-29,5.32071856294161e-28,HuT78_vs_MyLa,ENSG00000073849,ST6GAL1,protein_coding,Up
ENSG00000101311.19,514.0932103546312,14.271931571588514,2.873723929070318,6.417158404038819e-29,3.6957501316764437e-28,HuT78_vs_MyLa,ENSG00000101311,FERMT1,protein_coding,Up
ENSG00000106484.17,679.6972580039676,14.149410083224788,3.9675160507370375,9.242569807134115e-8,1.9341427793252879e-7,HuT78_vs_MyLa,ENSG00000106484,MEST,protein_coding,Up
ENSG00000115884.13,330.8718572733938,14.122335121389257,3.182150795687153,1.9369336496953963e-26,1.0166756446427749e-25,HuT78_vs_MyLa,ENSG00000115884,SDC1,protein_coding,Up
ENSG00000196839.16,770.0944834957073,14.100384680704773,2.799183184114507,1.8344153837336769e-28,1.039927607490257e-27,HuT78_vs_MyLa,ENSG00000196839,ADA,protein_coding,Up
ENSG00000107719.12,449.164642562834,14.054513421082747,3.7042073198798793,7.736794827375949e-10,1.838352725345319e-9,HuT78_vs_MyLa,ENSG00000107719,PALD1,protein_coding,Up
ENSG00000142347.23,635.1901830351815,14.014918772370182,3.868354997609228,5.2226807363823755e-8,1.1096706559711688e-7,HuT78_vs_MyLa,ENSG00000142347,MYO1F,protein_coding,Up
ENSG00000092621.15,1303.3903688418009,13.941692963480953,2.6679142366610273,1.9920160030716602e-28,1.1263316515415595e-27,HuT78_vs_MyLa,ENSG00000092621,PHGDH,protein_coding,Up
ENSG00000162337.14,846.3375117603445,13.914073819019576,2.729734710438953,4.932720542414521e-28,2.749861118221834e-27,HuT78_vs_MyLa,ENSG00000162337,LRP5,protein_coding,Up
ENSG00000071575.13,397.7844567861878,13.913338698525159,2.7928326222736017,2.8376486739643588e-27,1.5326595593774343e-26,HuT78_vs_MyLa,ENSG00000071575,TRIB2,protein_coding,Up
ENSG00000125384.9,277.03624870170734,13.898588894760099,3.210161604899698,4.213736971324409e-26,2.18708219622744e-25,HuT78_vs_MyLa,ENSG00000125384,PTGER2,protein_coding,Up
ENSG00000166501.16,1205.6188174909862,13.8857060354729,2.8264500014766663,1.9826929299314785e-27,1.0771336788577307e-26,HuT78_vs_MyLa,ENSG00000166501,PRKCB,protein_coding,Up
ENSG00000256235.5,437.6802984580535,13.874306591786079,3.819421284650095,1.1800498682434717e-8,2.6155765191865927e-8,HuT78_vs_MyLa,ENSG00000256235,SMIM3,protein_coding,Up
ENSG00000147443.15,1391.6501160189214,13.863708987499356,2.6590781805126245,4.911015019271924e-28,2.73995114495595e-27,HuT78_vs_MyLa,ENSG00000147443,DOK2,protein_coding,Up
ENSG00000100473.20,278.35702461635896,13.847756046279983,3.1485250791202137,4.652546971250587e-26,2.407171285284196e-25,HuT78_vs_MyLa,ENSG00000100473,COCH,protein_coding,Up
ENSG00000132623.18,452.9237705868226,13.765867027901749,2.7371335372236087,2.194061526097261e-27,1.1899793537089306e-26,HuT78_vs_MyLa,ENSG00000132623,ANKEF1,protein_coding,Up
ENSG00000110328.8,208.51832249269177,13.586650179577203,3.3463853739717915,1.94860382359996e-24,9.430432095424537e-24,HuT78_vs_MyLa,ENSG00000110328,GALNT18,protein_coding,Up
ENSG00000096264.15,204.82369267520164,13.557475730379775,3.343850976255812,2.51732263031372e-24,1.2106371158995834e-23,HuT78_vs_MyLa,ENSG00000096264,NCR2,protein_coding,Up
ENSG00000082512.17,1011.2650893556988,13.51043730706038,2.649395266044586,7.613037471396934e-27,4.061429282223342e-26,HuT78_vs_MyLa,ENSG00000082512,TRAF5,protein_coding,Up
ENSG00000196372.15,466.0630185878429,13.48451006689069,2.736363876849899,3.187549703627727e-26,1.6630638625852751e-25,HuT78_vs_MyLa,ENSG00000196372,ASB13,protein_coding,Up
ENSG00000114450.13,316.8262599763585,13.478576483200609,2.9731483278093105,2.544145259712658e-25,1.2802256822330142e-24,HuT78_vs_MyLa,ENSG00000114450,GNB4,protein_coding,Up
ENSG00000085662.16,1861.8895261910347,13.46308659794728,1.2789915459588885,3.0971545482566425e-31,1.9285817117739523e-30,HuT78_vs_MyLa,ENSG00000085662,AKR1B1,protein_coding,Up
ENSG00000071967.14,346.96041640934044,13.387908386012098,2.8307940926225688,2.0663946761676804e-25,1.044254432512345e-24,HuT78_vs_MyLa,ENSG00000071967,CYBRD1,protein_coding,Up
ENSG00000162894.14,201.8577252672821,13.375879892598594,3.1482099084275506,2.5751864470034163e-24,1.2375518054496875e-23,HuT78_vs_MyLa,ENSG00000162894,FCMR,protein_coding,Up
ENSG00000227051.8,203.54764936231228,13.370592658448325,3.1296406160418297,2.450946696535869e-24,1.1800217323957141e-23,HuT78_vs_MyLa,ENSG00000227051,C14orf132,protein_coding,Up
ENSG00000132846.8,390.4181341297769,13.346460500465787,2.9421341057774653,5.769993149673293e-25,2.8629682649743787e-24,HuT78_vs_MyLa,ENSG00000132846,ZBED3,protein_coding,Up
ENSG00000127989.16,476.8894201248983,13.321395132167325,2.6856837169304426,7.09977668839257e-26,3.653035514402699e-25,HuT78_vs_MyLa,ENSG00000127989,MTERF1,protein_coding,Up
ENSG00000136014.14,173.80378824898233,13.291676244433026,3.319710121700896,3.1032761238344107e-23,1.419122727085399e-22,HuT78_vs_MyLa,ENSG00000136014,USP44,protein_coding,Up
ENSG00000134326.13,272.6064914484865,13.27665629904686,3.503759661298902,3.2547130327531135e-10,7.915408650097281e-10,HuT78_vs_MyLa,ENSG00000134326,CMPK2,protein_coding,Up
ENSG00000004399.15,248.65376756810815,13.268168066078998,2.831751294306385,1.3265670623821087e-24,6.472912214161746e-24,HuT78_vs_MyLa,ENSG00000004399,PLXND1,protein_coding,Up
ENSG00000161243.12,1036.139033194867,13.2302386428303,1.319429740455048,1.51693343035651e-29,8.877500403159583e-29,HuT78_vs_MyLa,ENSG00000161243,FBXO27,protein_coding,Up
ENSG00000089177.22,267.9590332524362,13.183368663835237,2.9543446057178686,3.758214916036886e-24,1.7915440746418704e-23,HuT78_vs_MyLa,ENSG00000089177,KIF16B,protein_coding,Up
ENSG00000183072.11,207.66621232198878,13.16916502027755,2.995434331438392,4.5718060609955724e-24,2.166703577925647e-23,HuT78_vs_MyLa,ENSG00000183072,NKX2-5,protein_coding,Up
ENSG00000172292.17,2477.7655726417192,13.165112235325116,2.590692194386044,9.320451842268186e-26,4.780537145229487e-25,HuT78_vs_MyLa,ENSG00000172292,CERS6,protein_coding,Up
ENSG00000130054.6,177.2071142628614,13.159314879642723,3.1280667625661356,2.6115255924737144e-23,1.1992957380799832e-22,HuT78_vs_MyLa,ENSG00000130054,NALF2,protein_coding,Up
ENSG00000185432.14,206.5061070096787,13.155253084712925,2.8954706501173324,2.394508620617369e-24,1.1532753456210705e-23,HuT78_vs_MyLa,ENSG00000185432,TMT1A,protein_coding,Up
ENSG00000185760.19,537.931067137058,13.13923074485924,2.6617958242072945,2.4826600677143496e-25,1.2502514939150355e-24,HuT78_vs_MyLa,ENSG00000185760,KCNQ5,protein_coding,Up
ENSG00000090975.16,273.5046506624471,13.102984701234757,2.747498535779479,2.454119502975151e-24,1.1811129794045473e-23,HuT78_vs_MyLa,ENSG00000090975,PITPNM2,protein_coding,Up
ENSG00000148798.13,177.9590099092448,13.033256220996362,2.9744854419977167,1.7271803178362825e-23,8.002254206313641e-23,HuT78_vs_MyLa,ENSG00000148798,INA,protein_coding,Up
ENSG00000162836.14,247.94939757184565,13.026310920857203,2.6825860836620854,1.3479449396511454e-24,6.5723031793764975e-24,HuT78_vs_MyLa,ENSG00000162836,ACP6,protein_coding,Up
ENSG00000166199.15,421.8204861476237,12.998067923481958,2.975229197961643,1.0859882303770166e-14,3.3077084848103896e-14,HuT78_vs_MyLa,ENSG00000166199,ALKBH3,protein_coding,Up
ENSG00000162739.16,159.2720722396466,12.98781007596615,3.1128989728640537,8.617125082404492e-23,3.8686528142947896e-22,HuT78_vs_MyLa,ENSG00000162739,SLAMF6,protein_coding,Up
ENSG00000198915.14,157.22544410346484,12.96711240750732,3.110961669934902,1.0560621793121851e-22,4.723287022297772e-22,HuT78_vs_MyLa,ENSG00000198915,RASGEF1A,protein_coding,Up
ENSG00000162490.9,172.05382716943197,12.95638245897674,2.94956316382284,2.877315311987041e-23,1.3185671751451162e-22,HuT78_vs_MyLa,ENSG00000162490,DRAXIN,protein_coding,Up
ENSG00000106560.12,237.46515249859237,12.934504172856705,2.7315901338759017,3.697730404978686e-24,1.7646473953894985e-23,HuT78_vs_MyLa,ENSG00000106560,GIMAP2,protein_coding,Up
ENSG00000086289.14,493.0695149527671,12.921290710417413,2.652017208565447,1.5808160861779326e-24,7.681870265159208e-24,HuT78_vs_MyLa,ENSG00000086289,EPDR1,protein_coding,Up
ENSG00000111110.14,898.8146737686703,12.913144540770892,2.619511370647642,1.3408872879701819e-24,6.54033833237851e-24,HuT78_vs_MyLa,ENSG00000111110,PPM1H,protein_coding,Up
ENSG00000141429.16,1148.7144139256397,12.899583712480611,2.6064226888328044,1.1866508929904527e-24,5.807593348984067e-24,HuT78_vs_MyLa,ENSG00000141429,GALNT1,protein_coding,Up
ENSG00000213762.14,228.64568071436798,12.860988875061647,2.9322459167545603,3.8704585676922736e-23,1.7619170978949845e-22,HuT78_vs_MyLa,ENSG00000213762,ZNF134,protein_coding,Up
ENSG00000181381.17,242.24544894083553,12.845528616257633,2.7258975883723133,3.0326333736947053e-23,1.3873046949583394e-22,HuT78_vs_MyLa,ENSG00000181381,DDX60L,protein_coding,Up
ENSG00000185974.8,143.80513377032148,12.815134617665258,3.085190962572758,2.094417079408649e-22,9.25306365963828e-22,HuT78_vs_MyLa,ENSG00000185974,GRK1,protein_coding,Up
ENSG00000089682.20,352.64379101452334,12.811424199079347,2.6706662835434747,5.010507007448678e-24,2.366012240147776e-23,HuT78_vs_MyLa,ENSG00000089682,RBM41,protein_coding,Up
ENSG00000135824.14,131.98889933919702,12.801572675086922,3.318927876995495,1.2656585076801547e-18,4.726454822520188e-18,HuT78_vs_MyLa,ENSG00000135824,RGS8,protein_coding,Up
ENSG00000250366.6,727.8332973205396,12.79884768621656,1.332786686227845,5.791284819774159e-28,3.2172981694849365e-27,HuT78_vs_MyLa,ENSG00000250366,TUNAR,protein_coding,Up
ENSG00000105851.12,776.8274558061313,12.791987243829595,1.3607264265676822,9.534429488008642e-26,4.886441978655786e-25,HuT78_vs_MyLa,ENSG00000105851,PIK3CG,protein_coding,Up
ENSG00000114200.12,252.9217976170353,12.782095940055724,2.908824555835987,5.493153966342335e-23,2.4849800639826327e-22,HuT78_vs_MyLa,ENSG00000114200,BCHE,protein_coding,Up
ENSG00000185198.13,135.97661689147125,12.743138092197121,3.1257473325645253,5.355539597588411e-21,2.2243068060984628e-20,HuT78_vs_MyLa,ENSG00000185198,PRSS57,protein_coding,Up
ENSG00000163818.22,164.46106853618784,12.722672767604113,3.009438426166713,8.306340703895784e-17,2.826541472424902e-16,HuT78_vs_MyLa,ENSG00000163818,LZTFL1,protein_coding,Up
ENSG00000173198.8,257.5507546629147,12.722443094189847,4.017206223579627,1.3217925168103303e-6,2.558200456131428e-6,HuT78_vs_MyLa,ENSG00000173198,CYSLTR1,protein_coding,Up
ENSG00000170430.12,154.49738669963557,12.695699441982194,3.1805322816745587,1.0914476845966603e-14,3.323560204053335e-14,HuT78_vs_MyLa,ENSG00000170430,MGMT,protein_coding,Up
ENSG00000172543.11,812.9992420258899,12.685454019484771,1.739202185004274,8.795944206919785e-16,2.837562892296672e-15,HuT78_vs_MyLa,ENSG00000172543,CTSW,protein_coding,Up
ENSG00000165929.15,134.65540849167627,12.652435388914629,3.031999582434443,1.000539408636319e-21,4.296550284269241e-21,HuT78_vs_MyLa,ENSG00000165929,TC2N,protein_coding,Up
ENSG00000119888.13,324.0035385743508,12.64194319999437,4.716831964612923,3.131320302847706e-5,5.483807781109131e-5,HuT78_vs_MyLa,ENSG00000119888,EPCAM,protein_coding,Up
ENSG00000170522.12,346.0655527969575,12.631527470883931,2.7673858679955994,6.567704049737594e-23,2.9597817040190204e-22,HuT78_vs_MyLa,ENSG00000170522,ELOVL6,protein_coding,Up
ENSG00000198393.10,336.9093988690752,12.623646574083255,2.665050270208783,2.774524379648994e-23,1.2723566586898432e-22,HuT78_vs_MyLa,ENSG00000198393,ZNF26,protein_coding,Up
ENSG00000163106.13,124.36373697111456,12.607025017756314,3.1032365469799115,3.1693623619871737e-21,1.3311730474952894e-20,HuT78_vs_MyLa,ENSG00000163106,HPGDS,protein_coding,Up
ENSG00000102098.21,183.49016406836935,12.592700723481173,3.6556673797600276,3.323407106635049e-8,7.156967088693752e-8,HuT78_vs_MyLa,ENSG00000102098,SCML2,protein_coding,Up
ENSG00000137563.15,1480.9176356774592,12.579849202448065,2.577847926971841,1.404058488595998e-23,6.528396104841828e-23,HuT78_vs_MyLa,ENSG00000137563,GGH,protein_coding,Up
ENSG00000140548.12,295.5445705238291,12.536672733513916,2.6564452626967276,4.7712877860364564e-23,2.1636810617749877e-22,HuT78_vs_MyLa,ENSG00000140548,ZNF710,protein_coding,Up
ENSG00000090612.24,271.57753044182505,12.518142761266578,2.886088211816018,4.0222758144395043e-22,1.7542142611096946e-21,HuT78_vs_MyLa,ENSG00000090612,ZNF268,protein_coding,Up
ENSG00000135919.16,1261.7165892477437,12.510085675823703,2.6030027908193674,3.34080586236034e-23,1.5261381985328532e-22,HuT78_vs_MyLa,ENSG00000135919,SERPINE2,protein_coding,Up
ENSG00000145506.16,486.87097665710627,12.489979641208004,2.6274512351633845,7.498671161888489e-23,3.3723319963040953e-22,HuT78_vs_MyLa,ENSG00000145506,NKD2,protein_coding,Up
ENSG00000213799.15,223.96347546625233,12.447785684766123,2.891078556305708,8.151973982218208e-22,3.513382172957999e-21,HuT78_vs_MyLa,ENSG00000213799,ZNF845,protein_coding,Up
ENSG00000204179.13,115.49038670570705,12.443191815977343,3.037822509330378,3.462645871973181e-21,1.4492184858518456e-20,HuT78_vs_MyLa,ENSG00000204179,PTPN20,protein_coding,Up
ENSG00000122223.15,153.7153181381376,12.435141404692018,2.8468373207079263,4.377163972654402e-18,1.5890690266185184e-17,HuT78_vs_MyLa,ENSG00000122223,CD244,protein_coding,Up
ENSG00000179222.20,585.5049274439539,12.430361788860214,1.309180624450311,1.1711475320721156e-26,6.214806915918519e-26,HuT78_vs_MyLa,ENSG00000179222,MAGED1,protein_coding,Up
ENSG00000108018.18,155.4632034995617,12.40320457863867,2.7835193197968406,7.211439737824344e-22,3.1142045759796117e-21,HuT78_vs_MyLa,ENSG00000108018,SORCS1,protein_coding,Up
ENSG00000035720.10,109.50250023290327,12.39080911973803,3.0643546144596336,6.5712411990188564e-21,2.7170998269927907e-20,HuT78_vs_MyLa,ENSG00000035720,STAP1,protein_coding,Up
ENSG00000124019.12,108.92700676663718,12.355230920161697,3.036555030389967,6.993974354385895e-21,2.887312884406442e-20,HuT78_vs_MyLa,ENSG00000124019,FAM124B,protein_coding,Up
ENSG00000125820.7,176.45249423835028,12.353841931398415,3.801480758823075,4.0269635645838436e-7,8.066925320814823e-7,HuT78_vs_MyLa,ENSG00000125820,NKX2-2,protein_coding,Up
ENSG00000197951.13,248.85278552995973,12.343620741286143,2.6463700998007287,2.4506359732991903e-22,1.0793896127072779e-21,HuT78_vs_MyLa,ENSG00000197951,ZNF71,protein_coding,Up
ENSG00000204519.12,357.77031481088653,12.337074772780488,2.632033067012946,1.916363331981792e-22,8.475046931020935e-22,HuT78_vs_MyLa,ENSG00000204519,ZNF551,protein_coding,Up
ENSG00000113196.5,11073.312847669597,-19.760161288134718,3.9325712364696934,1.7067409138239605e-51,2.1936838589613096e-50,MyLa_vs_HH,ENSG00000113196,HAND1,protein_coding,Down
ENSG00000196126.14,6140.613719940749,-17.69836741412694,3.739370516186126,1.63685422344575e-41,1.6410093149360352e-40,MyLa_vs_HH,ENSG00000196126,HLA-DRB1,protein_coding,Down
ENSG00000179344.19,5520.237909260646,-17.63155999684289,3.7323120697870102,3.336371236803857e-41,3.31172325432328e-40,MyLa_vs_HH,ENSG00000179344,HLA-DQB1,protein_coding,Down
ENSG00000077782.25,3937.922528265415,-17.401102169703194,3.711259846005051,3.7339753998159334e-40,3.604807510059338e-39,MyLa_vs_HH,ENSG00000077782,FGFR1,protein_coding,Down
ENSG00000198502.9,2805.0344860427354,-17.27490540793446,3.6991598938527415,1.481432108908455e-39,1.4021426779523523e-38,MyLa_vs_HH,ENSG00000198502,HLA-DRB5,protein_coding,Down
ENSG00000110448.13,3183.1041286776076,-16.72108064219372,3.646302958153209,5.6757894700273485e-37,4.9981462272207046e-36,MyLa_vs_HH,ENSG00000110448,CD5,protein_coding,Down
ENSG00000172292.17,2477.7655726417192,-16.569358676336275,3.630207884560745,1.5927252981711794e-36,1.3820232231068564e-35,MyLa_vs_HH,ENSG00000172292,CERS6,protein_coding,Down
ENSG00000013725.16,2714.0932069186415,-16.357266067730606,3.6102975857028548,1.7012613338067124e-35,1.4295640853322298e-34,MyLa_vs_HH,ENSG00000013725,CD6,protein_coding,Down
ENSG00000155926.16,1342.6332163804516,-16.275649728051935,3.709265804070304,3.969268893566915e-23,2.1271168375763814e-22,MyLa_vs_HH,ENSG00000155926,SLA,protein_coding,Down
ENSG00000141576.18,1349.882312422646,-16.220010877531774,3.598139269130227,9.847555021739868e-35,8.102473775147455e-34,MyLa_vs_HH,ENSG00000141576,RNF157,protein_coding,Down
ENSG00000135919.16,1261.7165892477437,-16.01598197968716,3.5764963993064365,4.318140267915855e-34,3.478264654619737e-33,MyLa_vs_HH,ENSG00000135919,SERPINE2,protein_coding,Down
ENSG00000082556.15,867.2307263213215,-15.751125196195895,3.550467722391759,4.762927676634166e-33,3.723769430688248e-32,MyLa_vs_HH,ENSG00000082556,OPRK1,protein_coding,Down
ENSG00000204287.16,980.8907643437375,-15.723308817361618,3.7337187339752607,2.1279833189553442e-19,9.66678515020739e-19,MyLa_vs_HH,ENSG00000204287,HLA-DRA,protein_coding,Down
ENSG00000147443.15,1391.6501160189214,-15.446496393778515,3.4834881742146626,9.106606509022096e-32,6.82105762253362e-31,MyLa_vs_HH,ENSG00000147443,DOK2,protein_coding,Down
ENSG00000092621.15,1303.3903688418009,-15.374190346475515,3.5122642042936323,1.618377191221035e-31,1.201841021833832e-30,MyLa_vs_HH,ENSG00000092621,PHGDH,protein_coding,Down
ENSG00000147889.19,1454.8794968933773,-15.353058157125105,3.5095597420638076,1.6702980481644116e-31,1.2389865942929298e-30,MyLa_vs_HH,ENSG00000147889,CDKN2A,protein_coding,Down
ENSG00000075651.19,844.9731079260995,-15.306676776563133,3.50514775484382,2.7499953516275807e-31,2.0191937700147752e-30,MyLa_vs_HH,ENSG00000075651,PLD1,protein_coding,Down
ENSG00000137563.15,1480.9176356774592,-15.269188724139058,3.5013985506275516,3.8276052946921216e-31,2.8041135360158753e-30,MyLa_vs_HH,ENSG00000137563,GGH,protein_coding,Down
ENSG00000166582.13,1286.4258302770133,-15.06996797564272,3.48158110797051,2.549757887480285e-30,1.820876413563318e-29,MyLa_vs_HH,ENSG00000166582,CENPV,protein_coding,Down
ENSG00000136732.18,1811.8999029799784,-14.83645896567281,3.4605587360033314,3.961224344724134e-29,2.7015508573934927e-28,MyLa_vs_HH,ENSG00000136732,GYPC,protein_coding,Down
ENSG00000141429.16,1148.7144139256397,-14.811156036480742,3.4546838852967525,2.1800159621924578e-29,1.504880722206266e-28,MyLa_vs_HH,ENSG00000141429,GALNT1,protein_coding,Down
ENSG00000163421.10,584.0283871664631,-14.784379186597551,3.4539480415042405,3.2735299792497455e-29,2.2407519022879168e-28,MyLa_vs_HH,ENSG00000163421,PROK2,protein_coding,Down
ENSG00000127990.21,759.4254549552917,-14.358394167138487,3.4105950915686774,1.4347644976649082e-27,9.234215159539136e-27,MyLa_vs_HH,ENSG00000127990,SGCE,protein_coding,Down
ENSG00000196839.16,770.0944834957073,-14.346861325881425,3.4080298187250557,1.4973199631431104e-27,9.613089201795152e-27,MyLa_vs_HH,ENSG00000196839,ADA,protein_coding,Down
ENSG00000141753.9,4686.852025585636,-14.326411319427265,3.4049203527825123,1.4392417114228637e-27,9.258458650036615e-27,MyLa_vs_HH,ENSG00000141753,IGFBP4,protein_coding,Down
ENSG00000104312.10,626.5569631041934,-14.296865808476182,3.4021376048264713,1.965253194684592e-27,1.2530892801528517e-26,MyLa_vs_HH,ENSG00000104312,RIPK2,protein_coding,Down
ENSG00000111110.14,898.8146737686703,-14.15204288727426,3.3873171956031163,6.909077053644888e-27,4.3104835442869234e-26,MyLa_vs_HH,ENSG00000111110,PPM1H,protein_coding,Down
ENSG00000196735.15,7881.9821917435165,-14.113468209179722,1.329562396513923,1.1964710529101455e-33,9.514098372530767e-33,MyLa_vs_HH,ENSG00000196735,HLA-DQA1,protein_coding,Down
ENSG00000154930.17,1692.7521204098794,-14.026757783219036,3.375834756292304,2.6785841280625074e-26,1.6366613661996558e-25,MyLa_vs_HH,ENSG00000154930,ACSS1,protein_coding,Down
ENSG00000138760.13,1114.7730552214543,-13.928606108360539,3.362798092863477,3.358635020923839e-26,2.044516124600672e-25,MyLa_vs_HH,ENSG00000138760,SCARB2,protein_coding,Down
ENSG00000082512.17,1011.2650893556988,-13.924701874256689,3.362434238164335,3.5177361561509756e-26,2.1393679572149166e-25,MyLa_vs_HH,ENSG00000082512,TRAF5,protein_coding,Down
ENSG00000163359.19,2922.591077203862,-13.912199870668351,0.9812078345407999,8.455665483325944e-43,8.746245098745002e-42,MyLa_vs_HH,ENSG00000163359,COL6A3,protein_coding,Down
ENSG00000180828.3,571.5222253099017,-13.88768629100324,3.3622773922092284,1.02873318881847e-25,6.113761810246748e-25,MyLa_vs_HH,ENSG00000180828,BHLHE22,protein_coding,Down
ENSG00000178053.22,339.9332182936584,-13.868110669811156,3.361190015630131,1.4677992633831359e-25,8.687478564792193e-25,MyLa_vs_HH,ENSG00000178053,MLF1,protein_coding,Down
ENSG00000198963.12,509.91620753517026,-13.864678779031196,3.3586692296082474,9.714384755566225e-26,5.786452308925714e-25,MyLa_vs_HH,ENSG00000198963,RORB,protein_coding,Down
ENSG00000156103.17,271.90383372021364,-13.748081000071448,3.3468506535510176,2.686931856009715e-25,1.5710535163469994e-24,MyLa_vs_HH,ENSG00000156103,MMP16,protein_coding,Down
ENSG00000164749.14,275.2849592025444,-13.719935860135012,3.3434953023460587,3.411234225303882e-25,1.9891998057443175e-24,MyLa_vs_HH,ENSG00000164749,HNF4G,protein_coding,Down
ENSG00000172179.14,236.74123314614062,-13.683242475930616,3.343422445461395,7.176294144826359e-25,4.145773120102922e-24,MyLa_vs_HH,ENSG00000172179,PRL,protein_coding,Down
ENSG00000185818.9,271.6287715863526,-13.586893146607665,3.321797662526011,9.445446700158373e-25,5.4397926134849344e-24,MyLa_vs_HH,ENSG00000185818,NAT8L,protein_coding,Down
ENSG00000147647.15,221.58214739831473,-13.567296440374836,3.328359206562654,1.1623117601328405e-24,6.673308004322163e-24,MyLa_vs_HH,ENSG00000147647,DPYS,protein_coding,Down
ENSG00000197872.13,262.9016139432992,-13.461406903818336,3.320571968948907,5.312366940857165e-24,2.9689570471780206e-23,MyLa_vs_HH,ENSG00000197872,CYRIA,protein_coding,Down
ENSG00000189057.13,937.3350689307163,-13.337528356586098,3.305009777007022,4.741135342140325e-24,2.659974899445323e-23,MyLa_vs_HH,ENSG00000189057,FAM111B,protein_coding,Down
ENSG00000147852.19,306.5373172526501,-13.319466154552364,3.357079936823905,2.315925461457247e-20,1.0987789056851948e-19,MyLa_vs_HH,ENSG00000147852,VLDLR,protein_coding,Down
ENSG00000006740.20,334.36323609773734,-13.27271312282856,3.294713834039145,7.963709129750404e-24,4.409134285812957e-23,MyLa_vs_HH,ENSG00000006740,ARHGAP44,protein_coding,Down
ENSG00000188921.16,220.21509758428365,-13.263180098572835,3.298341426661325,2.706991570922677e-23,1.4629737662298128e-22,MyLa_vs_HH,ENSG00000188921,HACD4,protein_coding,Down
ENSG00000168386.20,297.8713358241138,-13.216534278932437,4.048567475425252,8.859189911429072e-8,2.0993058566482743e-7,MyLa_vs_HH,ENSG00000168386,FILIP1L,protein_coding,Down
ENSG00000178184.17,243.13503388012643,-13.17716488294174,3.287383454628135,2.7602132903550965e-23,1.4896008204222763e-22,MyLa_vs_HH,ENSG00000178184,PARD6G,protein_coding,Down
ENSG00000101230.7,297.9880420180372,-13.176561307544087,3.284389204059952,1.6568165649756981e-23,9.049995930984189e-23,MyLa_vs_HH,ENSG00000101230,ISM1,protein_coding,Down
ENSG00000124570.23,1668.9280848984322,-13.171399479784256,1.3254662795633982,1.5556464840589836e-29,1.0784436503585497e-28,MyLa_vs_HH,ENSG00000124570,SERPINB6,protein_coding,Down
ENSG00000166199.15,421.8204861476237,-13.135101048622687,3.49654233010447,4.2608621617730687e-14,1.4796647096826112e-13,MyLa_vs_HH,ENSG00000166199,ALKBH3,protein_coding,Down
ENSG00000185760.19,537.931067137058,-13.120014832717462,3.277459722011315,2.1793330336858684e-23,1.1845858866346848e-22,MyLa_vs_HH,ENSG00000185760,KCNQ5,protein_coding,Down
ENSG00000105974.15,1021.8881694577904,-13.112509248729104,1.338115070574541,1.128847902398211e-28,7.552502418868523e-28,MyLa_vs_HH,ENSG00000105974,CAV1,protein_coding,Down
ENSG00000135378.6,290.11402579569074,-13.09096008838641,3.284373673945081,1.5298156868161963e-22,7.99121757365751e-22,MyLa_vs_HH,ENSG00000135378,PRRG4,protein_coding,Down
ENSG00000164649.22,1390.4823471308655,-13.065323839552626,1.3230347751259477,3.4898328656524e-29,2.3850546270607093e-28,MyLa_vs_HH,ENSG00000164649,CDCA7L,protein_coding,Down
ENSG00000078043.18,394.3638126498217,-13.049071377865298,3.270324786472518,4.07122991809358e-23,2.1808606462192203e-22,MyLa_vs_HH,ENSG00000078043,PIAS2,protein_coding,Down
ENSG00000122870.13,173.58150988555292,-13.046866787848037,3.3864017015775287,1.0119938177314928e-16,4.013790452372047e-16,MyLa_vs_HH,ENSG00000122870,BICC1,protein_coding,Down
ENSG00000151552.15,332.7105836073944,-13.03959550798411,3.223545115313573,3.361908342102085e-23,1.8090731388363533e-22,MyLa_vs_HH,ENSG00000151552,QDPR,protein_coding,Down
ENSG00000134184.15,505.5192571610659,-13.022768390469995,3.2671679430694884,4.674830700286702e-23,2.501111187062257e-22,MyLa_vs_HH,ENSG00000134184,GSTM1,protein_coding,Down
ENSG00000086289.14,493.0695149527671,-13.013934936273733,3.217317213331356,3.7718520304166446e-23,2.0238183413923476e-22,MyLa_vs_HH,ENSG00000086289,EPDR1,protein_coding,Down
ENSG00000104267.12,1818.4101533346911,-12.924441940229764,1.1459743105364422,5.929629092636168e-29,4.0125055017823047e-28,MyLa_vs_HH,ENSG00000104267,CA2,protein_coding,Down
ENSG00000188580.17,166.56383769072116,-12.805706819847048,3.2466810718161048,3.6369965305155846e-22,1.868386905093008e-21,MyLa_vs_HH,ENSG00000188580,NKAIN2,protein_coding,Down
ENSG00000143891.19,2047.0732446003215,-12.771300897488292,0.9737247023305547,1.3219000933548322e-36,1.1493211418741513e-35,MyLa_vs_HH,ENSG00000143891,GALM,protein_coding,Down
ENSG00000049449.12,523.380977008531,-12.768442129491731,3.242878804991963,5.326070589921037e-22,2.7093941451382075e-21,MyLa_vs_HH,ENSG00000049449,RCN1,protein_coding,Down
ENSG00000102401.22,253.67176912688194,-12.698981776921094,3.2348763718235287,8.164866300417144e-22,4.1207852890931154e-21,MyLa_vs_HH,ENSG00000102401,ARMCX3,protein_coding,Down
ENSG00000071282.14,274.7890783812155,-12.667911576090008,3.2353304374013874,1.8809495573519676e-21,9.338824983225979e-21,MyLa_vs_HH,ENSG00000071282,LMCD1,protein_coding,Down
ENSG00000136848.20,1072.732627506426,-12.664497764978606,1.3260734705058803,2.612986400504953e-27,1.6547644197172522e-26,MyLa_vs_HH,ENSG00000136848,DAB2IP,protein_coding,Down
ENSG00000167693.18,1765.7179928226135,-12.64064928159133,1.3202104701344828,1.8049435018323846e-27,1.1553943349401507e-26,MyLa_vs_HH,ENSG00000167693,NXN,protein_coding,Down
ENSG00000235098.11,1735.9781332966984,-12.574910819197685,3.2377334219479126,2.2768710167873124e-20,1.0814307566249651e-19,MyLa_vs_HH,ENSG00000235098,ANKRD65,protein_coding,Down
ENSG00000166049.11,117.87061939479074,-12.546782718432592,3.2294262742310504,1.2420668240094918e-20,5.964575135341085e-20,MyLa_vs_HH,ENSG00000166049,PASD1,protein_coding,Down
ENSG00000118596.14,461.2515355080767,-12.528987792314998,2.879164278063592,1.7672845081536367e-22,9.216894355648798e-22,MyLa_vs_HH,ENSG00000118596,SLC16A7,protein_coding,Down
ENSG00000127989.16,476.8894201248983,-12.467171025689664,3.2075918214639505,3.1643301440821656e-21,1.5574288054313772e-20,MyLa_vs_HH,ENSG00000127989,MTERF1,protein_coding,Down
ENSG00000184564.12,107.28403298758744,-12.398841188844413,3.2215637591565796,1.545951106085022e-20,7.39118883551214e-20,MyLa_vs_HH,ENSG00000184564,SLITRK6,protein_coding,Down
ENSG00000064692.22,106.19798240958987,-12.381433547812708,3.210610728875729,1.7431690708480395e-20,8.306662705799816e-20,MyLa_vs_HH,ENSG00000064692,SNCAIP,protein_coding,Down
ENSG00000138735.18,109.4142413184791,-12.345623340831368,3.2106585163542087,7.92423666273166e-20,3.6674920605604305e-19,MyLa_vs_HH,ENSG00000138735,PDE5A,protein_coding,Down
ENSG00000205116.4,462.42237695066376,-12.226082927776599,3.2135114556639857,1.308407432855706e-18,5.724227617458348e-18,MyLa_vs_HH,ENSG00000205116,TMEM278,protein_coding,Down
ENSG00000126016.18,172.6690493433588,-12.210309738617427,3.1860501990571963,5.129118057835218e-20,2.3942620217681374e-19,MyLa_vs_HH,ENSG00000126016,AMOT,protein_coding,Down
ENSG00000154114.15,154.29058621771136,-11.998498716277672,3.1752355777754047,3.174593704929614e-19,1.4306528269829759e-18,MyLa_vs_HH,ENSG00000154114,TBCEL,protein_coding,Down
ENSG00000198108.5,132.06109548194974,-11.970826361273428,3.160336200355893,2.1637219266112294e-19,9.818867642591975e-19,MyLa_vs_HH,ENSG00000198108,CHSY3,protein_coding,Down
ENSG00000166482.14,82.13850098101673,-11.96196549845129,3.161801474320369,4.144425576822638e-19,1.857438051675703e-18,MyLa_vs_HH,ENSG00000166482,MFAP4,protein_coding,Down
ENSG00000180530.12,589.1096413092873,-11.891586887594253,3.1365342604648014,1.7329041814962889e-19,7.905124325320663e-19,MyLa_vs_HH,ENSG00000180530,NRIP1,protein_coding,Down
ENSG00000133740.13,705.0935072917023,-11.88228027357087,1.314648734833495,1.478003172791498e-24,8.463451384442705e-24,MyLa_vs_HH,ENSG00000133740,E2F5,protein_coding,Down
ENSG00000170677.8,167.99663401395875,-11.86531907143354,3.1427876415646816,2.6715484852168663e-19,1.2085488166550303e-18,MyLa_vs_HH,ENSG00000170677,SOCS6,protein_coding,Down
ENSG00000186998.18,649.7401531801306,-11.862128123006158,1.3210022556088492,3.1601433134348658e-24,1.7868176921473582e-23,MyLa_vs_HH,ENSG00000186998,EMID1,protein_coding,Down
ENSG00000144935.18,107.86670850456855,-11.847894399999824,3.1441196968183185,4.6311945418196415e-19,2.0699025536191835e-18,MyLa_vs_HH,ENSG00000144935,TRPC1,protein_coding,Down
ENSG00000101311.19,514.0932103546312,-11.805925949274474,3.1341040299971183,3.025401044434206e-19,1.3648339152686399e-18,MyLa_vs_HH,ENSG00000101311,FERMT1,protein_coding,Down
ENSG00000105976.18,1520.6807397387345,-11.795772693654282,0.8142188039522401,1.846637595766324e-45,2.0430583858762735e-44,MyLa_vs_HH,ENSG00000105976,MET,protein_coding,Down
ENSG00000183439.12,74.22233632331047,-11.79554647567744,3.1435895034873567,1.2764404757934012e-18,5.5937621792250834e-18,MyLa_vs_HH,ENSG00000183439,TRIM61,protein_coding,Down
ENSG00000107295.12,73.924768514028,-11.782151618352335,3.142985263109182,1.5652352404892995e-18,6.831785294473222e-18,MyLa_vs_HH,ENSG00000107295,SH3GL2,protein_coding,Down
ENSG00000204519.12,357.77031481088653,-11.748943778749236,3.1282584124641217,4.755676496708486e-19,2.124810825560565e-18,MyLa_vs_HH,ENSG00000204519,ZNF551,protein_coding,Down
ENSG00000127252.9,72.00732344186339,-11.732673105820195,3.1266415930171108,2.2425644324138272e-18,9.719767957316066e-18,MyLa_vs_HH,ENSG00000127252,PLAAT1,protein_coding,Down
ENSG00000242265.6,5525.508314924469,-11.69652903174872,0.3384493693061008,9.269389094634204e-260,2.0475923401757218e-257,MyLa_vs_HH,ENSG00000242265,PEG10,protein_coding,Down
ENSG00000164114.20,127.92577187906365,-11.68621511001758,3.1257247355261226,1.9115183265349346e-18,8.30704179717566e-18,MyLa_vs_HH,ENSG00000164114,MAP9,protein_coding,Down
ENSG00000196757.9,254.44489528898993,-11.648502526380222,3.1194517200581675,1.2789141855931598e-18,5.602718850701059e-18,MyLa_vs_HH,ENSG00000196757,ZNF700,protein_coding,Down
ENSG00000156463.20,1617.1402852810218,-11.630672059956854,0.8073682223072608,7.036528111824774e-45,7.687097307746209e-44,MyLa_vs_HH,ENSG00000156463,SH3RF2,protein_coding,Down
ENSG00000170425.5,398.56313915912693,-11.623279412635545,1.3151426806099207,1.6496651780334523e-23,9.014711222352195e-23,MyLa_vs_HH,ENSG00000170425,ADORA2B,protein_coding,Down
ENSG00000137962.15,89.05985750535322,-11.61239895888653,3.1363486394554068,1.9181156952091345e-17,7.913517523159434e-17,MyLa_vs_HH,ENSG00000137962,ARHGAP29,protein_coding,Down
ENSG00000188153.16,66.70123067932423,-11.605637668531157,3.1241786981266717,5.3463570964451826e-18,2.280074346792214e-17,MyLa_vs_HH,ENSG00000188153,COL4A5,protein_coding,Down
ENSG00000145390.14,285.98768887744075,-11.597112421505356,3.1139809701400147,1.8575945948422403e-18,8.083482589174931e-18,MyLa_vs_HH,ENSG00000145390,USP53,protein_coding,Down
ENSG00000006468.17,327.86664558837833,-11.582401584733022,3.1132456379854774,2.3007722889857834e-18,9.96211469845572e-18,MyLa_vs_HH,ENSG00000006468,ETV1,protein_coding,Down
ENSG00000085662.16,1861.8895261910347,-11.562698318078395,1.3114073865307407,2.0708977260015438e-23,1.1264611879373172e-22,MyLa_vs_HH,ENSG00000085662,AKR1B1,protein_coding,Down
ENSG00000134460.19,8465.69810719686,18.372345637344875,2.8909270505005704,2.105667563506606e-46,2.3988780904879018e-45,MyLa_vs_HH,ENSG00000134460,IL2RA,protein_coding,Up
ENSG00000135074.18,3144.528045274941,17.50870685213163,3.275275585699044,1.2464924213336587e-41,1.2525470876824652e-40,MyLa_vs_HH,ENSG00000135074,ADAM19,protein_coding,Up
ENSG00000103175.13,1332.7574580797618,16.561404207442557,3.641438495785566,3.6976965144644328e-34,2.9951571580494068e-33,MyLa_vs_HH,ENSG00000103175,WFDC1,protein_coding,Up
ENSG00000128342.6,1714.3225366510226,15.921627676009786,2.849292802833656,6.815926426397245e-36,5.802218753444499e-35,MyLa_vs_HH,ENSG00000128342,LIF,protein_coding,Up
ENSG00000198883.12,5683.4312432063825,15.794886385292529,1.3316350931575973,2.0336587349569422e-41,2.032567046985723e-40,MyLa_vs_HH,ENSG00000198883,PNMA5,protein_coding,Up
ENSG00000185340.18,1732.088043752215,15.592240731420821,2.780543427837955,4.926366968693228e-35,4.094728361159365e-34,MyLa_vs_HH,ENSG00000185340,GAS2L1,protein_coding,Up
ENSG00000089327.18,2318.3048499748766,15.51617347625348,2.736488963707739,9.63688029253991e-35,7.93915681748879e-34,MyLa_vs_HH,ENSG00000089327,FXYD5,protein_coding,Up
ENSG00000142798.21,1204.5029353319521,15.444181068566015,3.1353056134641046,2.415277093906228e-18,1.0447496304307955e-17,MyLa_vs_HH,ENSG00000142798,HSPG2,protein_coding,Up
ENSG00000158887.22,972.0543914177091,15.406384475325895,2.9151533336598088,5.339656864511187e-32,4.024970960970173e-31,MyLa_vs_HH,ENSG00000158887,MPZ,protein_coding,Up
ENSG00000186281.15,578.0402807848246,15.247901816651263,3.5083889571708937,1.415083400843808e-30,1.02006537407065e-29,MyLa_vs_HH,ENSG00000186281,GPAT2,protein_coding,Up
ENSG00000145839.2,639.1111738907347,15.236261616333369,3.3368065441604484,2.253169054135483e-29,1.5537329250025263e-28,MyLa_vs_HH,ENSG00000145839,IL9,protein_coding,Up
ENSG00000129521.17,838.1600689140375,15.211595787628632,3.079412306582929,6.754168952212365e-32,5.076533100010597e-31,MyLa_vs_HH,ENSG00000129521,EGLN3,protein_coding,Up
ENSG00000151474.24,815.1760980268527,15.20998529164778,2.953463587115836,1.9887323218717855e-32,1.5318645597491125e-31,MyLa_vs_HH,ENSG00000151474,FRMD4A,protein_coding,Up
ENSG00000060558.5,2351.8268456879855,15.166291359211234,3.177809685374589,2.7846947844402367e-15,1.0246450346021909e-14,MyLa_vs_HH,ENSG00000060558,GNA15,protein_coding,Up
ENSG00000146674.18,874.1543366664885,15.136190235676578,3.8025038412155237,1.1084054140881123e-10,3.1390368887028177e-10,MyLa_vs_HH,ENSG00000146674,IGFBP3,protein_coding,Up
ENSG00000184374.5,609.4238065943576,15.1189871129486,3.2539792688413223,7.7499878190030825e-31,5.627052437051096e-30,MyLa_vs_HH,ENSG00000184374,COLEC10,protein_coding,Up
ENSG00000074696.15,3099.6936799926475,15.03635540764009,2.675889174492732,4.5697610535010764e-33,3.579188450136991e-32,MyLa_vs_HH,ENSG00000074696,HACD3,protein_coding,Up
ENSG00000116711.12,862.2880142475991,15.025218119996774,2.8084518321765777,3.1858304948085683e-32,2.430967730611245e-31,MyLa_vs_HH,ENSG00000116711,PLA2G4A,protein_coding,Up
ENSG00000171509.18,791.7907208883537,15.003493104175721,3.376531727940881,1.872820789431005e-14,6.620144656537642e-14,MyLa_vs_HH,ENSG00000171509,RXFP1,protein_coding,Up
ENSG00000148834.15,1519.4851138778552,14.934273880496171,2.696356470085229,1.644040966710999e-32,1.2701117912948696e-31,MyLa_vs_HH,ENSG00000148834,GSTO1,protein_coding,Up
ENSG00000261115.8,633.5324340030792,14.908727508146871,2.991181467749842,7.595763890539701e-31,5.518148873210921e-30,MyLa_vs_HH,ENSG00000261115,TMEM178B,protein_coding,Up
ENSG00000102245.10,544.5577924731436,14.838976170118066,3.148295497687979,1.0480878013523916e-29,7.316405096425131e-29,MyLa_vs_HH,ENSG00000102245,CD40LG,protein_coding,Up
ENSG00000107281.12,1010.9710190282736,14.735878074678626,2.7409998241036093,2.2528128066047156e-31,1.661624748640592e-30,MyLa_vs_HH,ENSG00000107281,NPDC1,protein_coding,Up
ENSG00000140563.18,823.1424578213654,14.707708098921335,2.7674810898392876,4.902360137870252e-31,3.585435447635409e-30,MyLa_vs_HH,ENSG00000140563,MCTP2,protein_coding,Up
ENSG00000186827.13,7286.9341989326085,14.70160272754875,0.8671126280694549,4.060328245758977e-62,6.541193822864864e-61,MyLa_vs_HH,ENSG00000186827,TNFRSF4,protein_coding,Up
ENSG00000167286.13,1864.8015369542088,14.699937932470203,2.9837783599742753,2.85036065961349e-30,2.0322073564957668e-29,MyLa_vs_HH,ENSG00000167286,CD3D,protein_coding,Up
ENSG00000104921.16,554.1147640751884,14.680178283188525,2.9822102552443788,3.8305939849571624e-29,2.616568731967856e-28,MyLa_vs_HH,ENSG00000104921,FCER2,protein_coding,Up
ENSG00000115155.19,597.0203480488951,14.668168769868236,3.0553306740376196,8.541918487584213e-30,5.978884191658702e-29,MyLa_vs_HH,ENSG00000115155,OTOF,protein_coding,Up
ENSG00000140403.15,777.6855993769927,14.664217518400253,4.089828789137157,4.550310328645917e-8,1.0939714907441843e-7,MyLa_vs_HH,ENSG00000140403,DNAJA4,protein_coding,Up
ENSG00000117090.18,779.1247341911188,14.6137109584688,2.821147331022556,3.7824552893168625e-30,2.6791706405253623e-29,MyLa_vs_HH,ENSG00000117090,SLAMF1,protein_coding,Up
ENSG00000163600.15,2600.5691069479703,14.56117219363586,1.3162378048979726,9.793125186277772e-36,8.32575346071482e-35,MyLa_vs_HH,ENSG00000163600,ICOS,protein_coding,Up
ENSG00000198692.12,1290.7425834558455,14.511625915015749,3.331170206260392,6.2291054266792094e-12,1.904431347619695e-11,MyLa_vs_HH,ENSG00000198692,EIF1AY,protein_coding,Up
ENSG00000196664.6,433.1512086111025,14.44731963573602,3.06271379921598,1.6740143908649325e-28,1.111999467693306e-27,MyLa_vs_HH,ENSG00000196664,TLR7,protein_coding,Up
ENSG00000136327.7,428.88021460898796,14.361200618984807,3.1155937968220107,2.2017943081510424e-25,1.2926119467627269e-24,MyLa_vs_HH,ENSG00000136327,NKX2-8,protein_coding,Up
ENSG00000170627.13,2245.7839397206553,14.357407845702088,2.657613783725225,2.948068888885825e-30,2.1007207123482207e-29,MyLa_vs_HH,ENSG00000170627,GTSF1,protein_coding,Up
ENSG00000144015.6,355.87488600978895,14.319186886922548,3.250861791264171,3.700230912065013e-27,2.331968543372501e-26,MyLa_vs_HH,ENSG00000144015,TRIM43,protein_coding,Up
ENSG00000214194.11,924.1869117144479,14.155766079058326,2.7094894540523167,6.514032483523346e-29,4.401108624041461e-28,MyLa_vs_HH,ENSG00000214194,SMIM30,protein_coding,Up
ENSG00000105854.15,731.0492181773711,14.140012741251432,2.8297662183766548,1.521082151135953e-28,1.0124751621938138e-27,MyLa_vs_HH,ENSG00000105854,PON2,protein_coding,Up
ENSG00000113946.6,381.6173869368406,14.11912903280641,2.942428951881947,7.006804895456989e-28,4.5477932371758435e-27,MyLa_vs_HH,ENSG00000113946,CLDN16,protein_coding,Up
ENSG00000107954.13,352.24935029345284,14.082855993462664,2.996180580958462,1.5817392472515377e-27,1.0135106985953437e-26,MyLa_vs_HH,ENSG00000107954,NEURL1,protein_coding,Up
ENSG00000157110.18,588.2116421495477,14.026853955010925,2.8422904199438355,6.605666567572913e-28,4.293847998761984e-27,MyLa_vs_HH,ENSG00000157110,RBPMS,protein_coding,Up
ENSG00000095397.20,437.9978774511837,14.022802039320077,2.843958747514783,1.4414310867079829e-27,9.267968107086897e-27,MyLa_vs_HH,ENSG00000095397,WHRN,protein_coding,Up
ENSG00000114374.15,293.69999437503685,14.007091553703615,3.2127580357808783,2.6001222819539606e-26,1.5894649953426815e-25,MyLa_vs_HH,ENSG00000114374,USP9Y,protein_coding,Up
ENSG00000012817.18,607.5214240318305,13.950698095879455,2.9836760667179205,1.820680693246673e-17,7.518672837479053e-17,MyLa_vs_HH,ENSG00000012817,KDM5D,protein_coding,Up
ENSG00000198286.13,805.9977973631818,13.934982732414936,2.7045605166601745,6.4599192226039915e-28,4.205400960449442e-27,MyLa_vs_HH,ENSG00000198286,CARD11,protein_coding,Up
ENSG00000168421.15,1089.5327921130436,13.842515912325684,2.675772556557708,5.8180328898469295e-28,3.791321132668751e-27,MyLa_vs_HH,ENSG00000168421,RHOH,protein_coding,Up
ENSG00000148053.20,351.7032435344761,13.825104777461705,2.9156203609618245,2.3090538857572606e-22,1.1970524778470318e-21,MyLa_vs_HH,ENSG00000148053,NTRK2,protein_coding,Up
ENSG00000007237.21,1723.4634470911826,13.784845513193773,2.9859475155498574,1.3892103317109467e-15,5.190819453322468e-15,MyLa_vs_HH,ENSG00000007237,GAS7,protein_coding,Up
ENSG00000152527.16,281.4335565532959,13.78346516239853,3.06629086188574,4.698033059646008e-26,2.839956626454843e-25,MyLa_vs_HH,ENSG00000152527,PLEKHH2,protein_coding,Up
ENSG00000163564.16,362.72222816205425,13.770445595743219,2.7881587383277946,2.1892012154747914e-26,1.3407828684813418e-25,MyLa_vs_HH,ENSG00000163564,PYHIN1,protein_coding,Up
ENSG00000141448.13,310.22923124440166,13.72070119708483,2.9231161195520707,4.4811024156635305e-23,2.398447958248164e-22,MyLa_vs_HH,ENSG00000141448,GATA6,protein_coding,Up
ENSG00000151276.25,407.47784818768747,13.676321692272214,2.765957182967671,1.5536114952167848e-26,9.564581302390343e-26,MyLa_vs_HH,ENSG00000151276,MAGI1,protein_coding,Up
ENSG00000198353.9,449.71740014768574,13.675053747861561,2.7429472895655715,6.19083589450965e-27,3.867936922969524e-26,MyLa_vs_HH,ENSG00000198353,HOXC4,protein_coding,Up
ENSG00000073756.13,266.77150150684315,13.563132831771613,2.94323996402941,2.1956920144316423e-24,1.2490813629021212e-23,MyLa_vs_HH,ENSG00000073756,PTGS2,protein_coding,Up
ENSG00000205730.7,326.2166813144486,13.542954528065252,2.9842381994202265,2.105492190815328e-25,1.2371902490034342e-24,MyLa_vs_HH,ENSG00000205730,ITPRIPL2,protein_coding,Up
ENSG00000227507.4,1165.6424035434611,13.502699395281098,2.7878601660774174,5.363272193847406e-26,3.2286155428366392e-25,MyLa_vs_HH,ENSG00000227507,LTB,protein_coding,Up
ENSG00000185686.18,297.80950886279027,13.484232867156416,2.848882210387546,1.0054876371277356e-25,5.978339586991687e-25,MyLa_vs_HH,ENSG00000185686,PRAME,protein_coding,Up
ENSG00000152582.16,338.3275117941246,13.479840228904894,2.7818235078839577,4.933401238692152e-26,2.980853887059565e-25,MyLa_vs_HH,ENSG00000152582,SPEF2,protein_coding,Up
ENSG00000174500.14,653.8776985980976,13.467559198375968,2.694928651753427,5.856575243812672e-26,3.5158334939019143e-25,MyLa_vs_HH,ENSG00000174500,GCSAM,protein_coding,Up
ENSG00000137078.12,627.5321601351509,13.464773433374072,2.930221636559287,2.368839387949011e-25,1.387554325534358e-24,MyLa_vs_HH,ENSG00000137078,SIT1,protein_coding,Up
ENSG00000117139.20,1155.0267102486603,13.436506802486715,2.7492065073696463,5.33067285614001e-26,3.211958360336234e-25,MyLa_vs_HH,ENSG00000117139,KDM5B,protein_coding,Up
ENSG00000139722.9,771.2581997881888,13.428365111546759,2.6612584359863645,1.8356079241874123e-26,1.1274023598461142e-25,MyLa_vs_HH,ENSG00000139722,VPS37B,protein_coding,Up
ENSG00000132205.13,510.213755806617,13.416267448644266,2.7788440484811834,2.901182564568531e-22,1.4974697965949174e-21,MyLa_vs_HH,ENSG00000132205,EMILIN2,protein_coding,Up
ENSG00000134072.13,380.55347035239026,13.36752734368922,4.090134092579995,7.010380175887649e-7,1.5594177305400875e-6,MyLa_vs_HH,ENSG00000134072,CAMK1,protein_coding,Up
ENSG00000158639.14,258.470542555791,13.340815228291358,2.9010009668007335,4.782613896376464e-22,2.4405562612166976e-21,MyLa_vs_HH,ENSG00000158639,PAGE5,protein_coding,Up
ENSG00000253276.5,726.7893368613885,13.337446258431838,2.6583095165560313,4.391765382539961e-26,2.6647056904396326e-25,MyLa_vs_HH,ENSG00000253276,CCDC71L,protein_coding,Up
ENSG00000073008.18,489.9019711106591,13.269079716209951,2.6586521308110167,1.3544219214509919e-25,8.023718591941262e-25,MyLa_vs_HH,ENSG00000073008,PVR,protein_coding,Up
ENSG00000115604.14,351.8643388378141,13.205156543283598,2.7573348955537504,4.373541447248311e-25,2.5401232478603936e-24,MyLa_vs_HH,ENSG00000115604,IL18R1,protein_coding,Up
ENSG00000169855.22,550.5603253438057,13.198092627187602,2.913832342545805,1.4278217221565402e-24,8.183289579976336e-24,MyLa_vs_HH,ENSG00000169855,ROBO1,protein_coding,Up
ENSG00000198467.18,959.703697829671,13.18747473891565,1.3195965611951685,1.3621661821486008e-29,9.473378789723968e-29,MyLa_vs_HH,ENSG00000198467,TPM2,protein_coding,Up
ENSG00000165507.11,990.4749865814524,13.18554084265029,1.3158738803146395,4.5004539204851785e-29,3.058103021151373e-28,MyLa_vs_HH,ENSG00000165507,DEPP1,protein_coding,Up
ENSG00000135269.20,2938.7653869422256,13.157463555336616,2.5885233799408685,1.0669960877321733e-25,6.338268008848411e-25,MyLa_vs_HH,ENSG00000135269,TES,protein_coding,Up
ENSG00000186891.15,276.5569183670587,13.13837390499758,2.793009492559802,1.9699411985270637e-21,9.765783050742951e-21,MyLa_vs_HH,ENSG00000186891,TNFRSF18,protein_coding,Up
ENSG00000221957.8,316.4181486188365,13.113419747728678,3.472741730854297,9.513595172391125e-10,2.5444425586245337e-9,MyLa_vs_HH,ENSG00000221957,KIR2DS4,protein_coding,Up
ENSG00000131398.15,328.4937158606162,13.085090817896285,2.7589355958168746,1.8149548012369118e-24,1.0351993840052811e-23,MyLa_vs_HH,ENSG00000131398,KCNC3,protein_coding,Up
ENSG00000173482.18,921.2167919954287,13.075518197376244,1.3203466457864588,7.896786099243843e-29,5.321551873394261e-28,MyLa_vs_HH,ENSG00000173482,PTPRM,protein_coding,Up
ENSG00000180806.6,317.6586483086187,13.073699663292574,2.703924733843903,1.1479937667598922e-24,6.5940073874753966e-24,MyLa_vs_HH,ENSG00000180806,HOXC9,protein_coding,Up
ENSG00000160013.12,209.59654925827604,13.060498324497882,2.8470976408031072,3.239746241910516e-23,1.7440567026360903e-22,MyLa_vs_HH,ENSG00000160013,PTGIR,protein_coding,Up
ENSG00000111863.15,171.00137763149124,13.030677673595903,3.0385341388315434,3.900075769027064e-23,2.0908962360234358e-22,MyLa_vs_HH,ENSG00000111863,ADTRP,protein_coding,Up
ENSG00000010803.20,614.002500720495,13.012255380619305,2.648166428173644,7.092269965144237e-25,4.100867544619558e-24,MyLa_vs_HH,ENSG00000010803,SCMH1,protein_coding,Up
ENSG00000105383.18,270.8997570556845,12.989789612205858,3.486445980683469,5.801611571708633e-9,1.4736387373626703e-8,MyLa_vs_HH,ENSG00000105383,CD33,protein_coding,Up
ENSG00000085871.11,487.27871406342365,12.977043886978707,2.6563648682359853,1.0639702228866406e-24,6.119472160141918e-24,MyLa_vs_HH,ENSG00000085871,MGST2,protein_coding,Up
ENSG00000129244.11,158.50959918018373,12.975075064720684,3.101102618693286,4.963554773419433e-22,2.5299182386380705e-21,MyLa_vs_HH,ENSG00000129244,ATP1B2,protein_coding,Up
ENSG00000176014.15,1844.150973699931,12.94170668718715,1.7005672098676332,3.677525895633829e-15,1.345947627009146e-14,MyLa_vs_HH,ENSG00000176014,TUBB6,protein_coding,Up
ENSG00000087258.18,244.03869397549195,12.905200807255953,2.725159536020899,1.710128538734536e-23,9.329470592434997e-23,MyLa_vs_HH,ENSG00000087258,GNAO1,protein_coding,Up
ENSG00000131634.16,260.37640636427534,12.898355679982602,2.819264430792883,1.6779340871250903e-23,9.157669580193175e-23,MyLa_vs_HH,ENSG00000131634,TMEM204,protein_coding,Up
ENSG00000154928.21,296.47796152755325,12.874981599330622,4.095668321665744,1.7656276244308638e-6,3.8085774295278794e-6,MyLa_vs_HH,ENSG00000154928,EPHB1,protein_coding,Up
ENSG00000115008.8,296.40726677113963,12.838924151504717,2.914200676341057,5.508515542468258e-23,2.939905121416413e-22,MyLa_vs_HH,ENSG00000115008,IL1A,protein_coding,Up
ENSG00000154975.16,1339.8379123500156,12.815674102521537,0.979459550508814,1.0790937640686463e-36,9.407243496392419e-36,MyLa_vs_HH,ENSG00000154975,CA10,protein_coding,Up
ENSG00000159388.7,1006.1433215386018,12.81350220720657,2.6353060989080177,4.924879890790974e-24,2.7594995535975394e-23,MyLa_vs_HH,ENSG00000159388,BTG2,protein_coding,Up
ENSG00000140505.9,137.5788129648595,12.805541711056112,3.123681215351458,4.727516268942313e-22,2.4143307027086663e-21,MyLa_vs_HH,ENSG00000140505,CYP1A2,protein_coding,Up
ENSG00000081665.16,378.760233421208,12.76313806669931,2.6584628610554777,7.70545515798031e-24,4.269778787158052e-23,MyLa_vs_HH,ENSG00000081665,ZNF506,protein_coding,Up
ENSG00000172164.16,159.58602415811063,12.761775623569566,2.985378379697156,1.3590247295636272e-21,6.79929723623906e-21,MyLa_vs_HH,ENSG00000172164,SNTB1,protein_coding,Up
ENSG00000164626.11,325.21832119577937,12.72927407914818,2.928693999426963,9.896110197348775e-15,3.542323652898835e-14,MyLa_vs_HH,ENSG00000164626,KCNK5,protein_coding,Up
ENSG00000268480.4,436.3234117813576,12.708582657916189,2.7445287515305625,7.488799366277662e-23,3.9804862210724617e-22,MyLa_vs_HH,ENSG00000268480,NFILZ,protein_coding,Up
ENSG00000073712.17,1904.2893730751878,12.69503355624832,0.8413800403429574,5.223354413164433e-49,6.362240940819818e-48,MyLa_vs_HH,ENSG00000073712,FERMT2,protein_coding,Up
ENSG00000165383.13,137.82816525573963,12.694787764715098,3.025023214519482,1.0085589585242803e-21,5.0692436970485715e-21,MyLa_vs_HH,ENSG00000165383,LRRC18,protein_coding,Up
ENSG00000089876.14,588.5630343659026,12.69463816184786,2.6259277610814946,9.714434044500688e-24,5.364755038219385e-23,MyLa_vs_HH,ENSG00000089876,DHX32,protein_coding,Up
ENSG00000072210.21,459.46374027096863,12.689183357113988,2.6447080803667147,1.9020609676111324e-23,1.0354870756422676e-22,MyLa_vs_HH,ENSG00000072210,ALDH3A2,protein_coding,Up
ENSG00000150681.11,228.11450691865207,12.666613315506074,2.82018203633752,1.0044186599472875e-18,4.425486272850912e-18,MyLa_vs_HH,ENSG00000150681,RGS18,protein_coding,Up
ENSG00000113196.5,11073.312847669597,-19.87153428705568,3.9430822659829845,4.778992115850926e-52,5.360120847322299e-51,SeAx_vs_HH,ENSG00000113196,HAND1,protein_coding,Down
ENSG00000116824.7,1882.0405224069184,-16.515242398166468,3.6256530755417167,3.508379214541679e-36,2.530420935424555e-35,SeAx_vs_HH,ENSG00000116824,CD2,protein_coding,Down
ENSG00000170955.12,845.8257700754682,-15.396965651000642,3.5155071696823086,1.714906948502008e-31,1.0653185061881159e-30,SeAx_vs_HH,ENSG00000170955,CAVIN3,protein_coding,Down
ENSG00000115648.16,157.91568938382997,-13.133402591086263,3.286427967899615,1.305953750182401e-22,5.736601019928288e-22,SeAx_vs_HH,ENSG00000115648,MLPH,protein_coding,Down
ENSG00000163359.19,2922.591077203862,-13.078499850792143,0.7113960167935448,4.860684575264806e-73,8.810751330935496e-72,SeAx_vs_HH,ENSG00000163359,COL6A3,protein_coding,Down
ENSG00000173040.15,167.03427205643163,-12.945894998578344,3.2669769119582157,3.4617822916090593e-22,1.4909916922187993e-21,SeAx_vs_HH,ENSG00000173040,EVC2,protein_coding,Down
ENSG00000069535.16,2161.59430731137,-12.641328465878464,0.7112191601139888,2.784407580079779e-68,4.513580098405442e-67,SeAx_vs_HH,ENSG00000069535,MAOB,protein_coding,Down
ENSG00000160593.22,1162.2601512728152,-12.450940627057163,1.0855779439452455,1.4176268098684474e-29,8.281456841333695e-29,SeAx_vs_HH,ENSG00000160593,JAML,protein_coding,Down
ENSG00000132821.14,1263.3013757961817,-12.254117806184965,0.810165625182626,2.4074207836829516e-49,2.5000729142422238e-48,SeAx_vs_HH,ENSG00000132821,VSTM2L,protein_coding,Down
ENSG00000166482.14,82.13850098101673,-12.07873052621159,3.174739337196029,1.9658056085889469e-19,7.480392553792626e-19,SeAx_vs_HH,ENSG00000166482,MFAP4,protein_coding,Down
ENSG00000111732.13,76.67542057023883,-11.963076284801799,3.164069662039338,5.378535955560869e-19,2.0085518369290774e-18,SeAx_vs_HH,ENSG00000111732,AICDA,protein_coding,Down
ENSG00000183439.12,74.22233632331047,-11.912520481694473,3.1566149451673,6.118235702026286e-19,2.2769550515279436e-18,SeAx_vs_HH,ENSG00000183439,TRIM61,protein_coding,Down
ENSG00000127252.9,72.00732344186339,-11.859426690219383,3.1513370378717718,1.0828889996607068e-18,3.9811826043943556e-18,SeAx_vs_HH,ENSG00000127252,PLAAT1,protein_coding,Down
ENSG00000164114.20,127.92577187906365,-11.806648897590494,3.1428152257665314,9.169095516459237e-19,3.3852924041363523e-18,SeAx_vs_HH,ENSG00000164114,MAP9,protein_coding,Down
ENSG00000154611.16,62.15800329586367,-11.544274368862498,3.1019954353976344,1.31979604762733e-17,4.601632393987959e-17,SeAx_vs_HH,ENSG00000154611,PSMA8,protein_coding,Down
ENSG00000138684.9,61.646233023385285,-11.493674841239864,3.118024456404533,2.347769537695224e-17,8.084142770087676e-17,SeAx_vs_HH,ENSG00000138684,IL21,protein_coding,Down
ENSG00000169432.20,51.136453557302715,-11.285184745790842,3.0997077706191805,1.3801035696035897e-16,4.573325660473833e-16,SeAx_vs_HH,ENSG00000169432,SCN9A,protein_coding,Down
ENSG00000166569.9,50.664728121319385,-11.279200149571443,3.0969116105339376,8.464049504114461e-17,2.833597667277775e-16,SeAx_vs_HH,ENSG00000166569,CPLX4,protein_coding,Down
ENSG00000198821.14,1918.9599781307188,-11.156470789534035,0.810535504250431,6.865329073298363e-41,5.6274109315910416e-40,SeAx_vs_HH,ENSG00000198821,CD247,protein_coding,Down
ENSG00000159899.18,117.39761038655647,-11.071719898118847,3.056689929959714,7.037780910771204e-17,2.366444752582072e-16,SeAx_vs_HH,ENSG00000159899,NPR2,protein_coding,Down
ENSG00000164411.13,42.786926394846724,-10.994118352567604,3.0642221199290622,5.905442498393202e-16,1.9027350329186307e-15,SeAx_vs_HH,ENSG00000164411,GJB7,protein_coding,Down
ENSG00000076706.19,1359.8929429784453,-10.979274995906835,0.5090696265299811,5.808497849601355e-101,1.811056279278815e-99,SeAx_vs_HH,ENSG00000076706,MCAM,protein_coding,Down
ENSG00000124920.16,1026.1836662331696,-10.820187586914331,0.7081423000926995,1.194381968978564e-50,1.283295977056688e-49,SeAx_vs_HH,ENSG00000124920,MYRF,protein_coding,Down
ENSG00000170442.13,506.8426206015237,-10.735745151941526,3.041137257542522,4.694089088790552e-15,1.450404530445881e-14,SeAx_vs_HH,ENSG00000170442,KRT86,protein_coding,Down
ENSG00000181577.17,418.8481989741963,-10.69362075262497,0.9924548571238647,1.814613107384213e-25,9.026661308602461e-25,SeAx_vs_HH,ENSG00000181577,LINC03040,protein_coding,Down
ENSG00000181264.11,37.26099852375226,-10.68219885613618,3.0310622502994167,4.379814226478078e-15,1.3542614190673497e-14,SeAx_vs_HH,ENSG00000181264,TLCD5,protein_coding,Down
ENSG00000138134.14,582.3226859943921,-10.642634218157822,1.305363265476707,3.90484281287489e-20,1.5335674262767524e-19,SeAx_vs_HH,ENSG00000138134,STAMBPL1,protein_coding,Down
ENSG00000101445.12,733.117814017503,-10.633492168371875,1.3100134785348232,7.188464959570327e-20,2.797469806452077e-19,SeAx_vs_HH,ENSG00000101445,PPP1R16B,protein_coding,Down
ENSG00000136573.17,3052.3270800488813,-10.491925289125739,0.30748789065007504,9.138806111286947e-254,2.05355275945522e-251,SeAx_vs_HH,ENSG00000136573,BLK,protein_coding,Down
ENSG00000158748.5,30.79526382838064,-10.431805564381989,3.0137741622688625,4.361794934821743e-14,1.2925710183158658e-13,SeAx_vs_HH,ENSG00000158748,HTR6,protein_coding,Down
ENSG00000067715.17,694.3293533046502,-10.429845588876987,0.5891260459038573,2.1033460100908383e-68,3.43090219643478e-67,SeAx_vs_HH,ENSG00000067715,SYT1,protein_coding,Down
ENSG00000215788.13,1601.984537503733,-10.332119736804183,0.5534474894883309,4.301716770541727e-77,8.293531755986736e-76,SeAx_vs_HH,ENSG00000215788,TNFRSF25,protein_coding,Down
ENSG00000179431.7,29.519678974503872,-10.296788685940843,2.9929211592425218,5.989894062035457e-14,1.7630146637422788e-13,SeAx_vs_HH,ENSG00000179431,FJX1,protein_coding,Down
ENSG00000189058.11,435.8568166618279,-10.293117140668253,0.7169819606837465,3.178951658592159e-45,2.9636106556818033e-44,SeAx_vs_HH,ENSG00000189058,APOD,protein_coding,Down
ENSG00000075673.14,29.786518189245875,-10.220917070696816,2.986381386794301,1.4698150060456137e-13,4.2427683219916903e-13,SeAx_vs_HH,ENSG00000075673,ATP12A,protein_coding,Down
ENSG00000160183.19,289.0065138337386,-10.172244464759443,2.9530169413727165,1.2850569529409424e-14,3.894917969227745e-14,SeAx_vs_HH,ENSG00000160183,TMPRSS3,protein_coding,Down
ENSG00000166049.11,117.87061939479074,-10.149165988344555,1.3275053823592105,7.929017781014154e-18,2.7891737851540477e-17,SeAx_vs_HH,ENSG00000166049,PASD1,protein_coding,Down
ENSG00000122145.17,25.687741244928453,-10.122660714098371,2.9831768239207204,3.077498595428054e-13,8.763172207606254e-13,SeAx_vs_HH,ENSG00000122145,TBX22,protein_coding,Down
ENSG00000013725.16,2714.0932069186415,-10.110923068947626,0.39571594611375976,1.6512675679663005e-142,9.650659288477486e-141,SeAx_vs_HH,ENSG00000013725,CD6,protein_coding,Down
ENSG00000186603.7,877.7312208231734,-10.09009907303874,0.7166534094735125,1.7535701928660567e-43,1.577245018883597e-42,SeAx_vs_HH,ENSG00000186603,HPDL,protein_coding,Down
ENSG00000132965.12,3090.577876695266,-10.054969008849874,0.3828938157587395,2.800433838334047e-150,1.8158235927864495e-148,SeAx_vs_HH,ENSG00000132965,ALOX5AP,protein_coding,Down
ENSG00000118402.7,431.5572469554408,-10.012829263702582,0.9697626488844038,2.5309845843110408e-23,1.1501507003949022e-22,SeAx_vs_HH,ENSG00000118402,ELOVL4,protein_coding,Down
ENSG00000108684.15,24.241139362220117,-10.007114919315462,2.9777913954128548,9.452229619637175e-13,2.629475104220519e-12,SeAx_vs_HH,ENSG00000108684,ASIC2,protein_coding,Down
ENSG00000118503.20,1770.2782404520947,-9.99443817130824,0.5889361812914076,1.4674086078375785e-65,2.2446873692426246e-64,SeAx_vs_HH,ENSG00000118503,TNFAIP3,protein_coding,Down
ENSG00000166707.14,22.118561304014744,-9.842743488279073,2.974940139772479,5.291920388398133e-12,1.4141808165264071e-11,SeAx_vs_HH,ENSG00000166707,ZCCHC18,protein_coding,Down
ENSG00000155926.16,1342.6332163804516,-9.787617827763864,0.9946015797285341,2.7148866659957302e-24,1.2880639940998308e-23,SeAx_vs_HH,ENSG00000155926,SLA,protein_coding,Down
ENSG00000165078.15,168.99814435914126,-9.6895124128473,0.9806712814514128,1.427623549669789e-21,5.963531321425115e-21,SeAx_vs_HH,ENSG00000165078,CPA6,protein_coding,Down
ENSG00000042832.13,282.5674842515228,-9.67346314423554,0.7182897156964548,5.0978730462155715e-40,4.078611381910838e-39,SeAx_vs_HH,ENSG00000042832,TG,protein_coding,Down
ENSG00000081059.22,3393.793165898331,-9.650988734849019,0.9169735714403474,2.1046387703786915e-27,1.1287965882446702e-26,SeAx_vs_HH,ENSG00000081059,TCF7,protein_coding,Down
ENSG00000169994.22,90.18785826962748,-9.616215140556896,1.387439471122541,8.215531763475212e-15,2.5146318805395123e-14,SeAx_vs_HH,ENSG00000169994,MYO7B,protein_coding,Down
ENSG00000171840.15,336.4508881334607,-9.51552521587362,0.7148562493438261,3.86690149996836e-39,3.026866501446705e-38,SeAx_vs_HH,ENSG00000171840,NINJ2,protein_coding,Down
ENSG00000145945.9,561.650025731104,-9.512746209068194,1.2917761296297205,1.3058967330031877e-16,4.331827976897568e-16,SeAx_vs_HH,ENSG00000145945,FAM50B,protein_coding,Down
ENSG00000172179.14,236.74123314614062,-9.418101189092534,0.7247862766924099,2.0855765787112815e-37,1.559456084357093e-36,SeAx_vs_HH,ENSG00000172179,PRL,protein_coding,Down
ENSG00000115085.18,3279.928316650024,-9.403882543969036,0.46131342662759656,2.2456850198554627e-90,5.761419855074064e-89,SeAx_vs_HH,ENSG00000115085,ZAP70,protein_coding,Down
ENSG00000163053.13,16.49872920829764,-9.332595096972184,2.9242726317314167,8.443734220804982e-11,2.1195529295021443e-10,SeAx_vs_HH,ENSG00000163053,SLC16A14,protein_coding,Down
ENSG00000144908.16,171.34551137680398,-9.327007677029899,0.8404880760004441,1.626368541901429e-27,8.751635510570324e-27,SeAx_vs_HH,ENSG00000144908,ALDH1L1,protein_coding,Down
ENSG00000119714.13,639.585885964831,-9.266615312953144,0.962097059782632,2.3156236989060832e-20,9.18706960969345e-20,SeAx_vs_HH,ENSG00000119714,GPR68,protein_coding,Down
ENSG00000183072.11,207.66621232198878,-9.253100570836768,2.841879994070364,1.869403297579416e-12,5.122778212227193e-12,SeAx_vs_HH,ENSG00000183072,NKX2-5,protein_coding,Down
ENSG00000183742.15,1025.2770245577246,-9.202003776395745,0.44058271938262367,1.9171294257689337e-97,5.614819731695846e-96,SeAx_vs_HH,ENSG00000183742,MACC1,protein_coding,Down
ENSG00000171234.16,15.233468689757414,-9.189228098324358,2.916271083243232,2.1220330196892035e-10,5.191750768839759e-10,SeAx_vs_HH,ENSG00000171234,UGT2B7,protein_coding,Down
ENSG00000126467.12,61.78927653061938,-9.186787688347563,1.319111207011312,5.261973290688952e-15,1.6231786484627008e-14,SeAx_vs_HH,ENSG00000126467,TSKS,protein_coding,Down
ENSG00000177106.19,527.1293634631365,-9.091713098544988,0.7069090382022089,1.5953519992349403e-36,1.1641781974260346e-35,SeAx_vs_HH,ENSG00000177106,EPS8L2,protein_coding,Down
ENSG00000152315.7,40.693276179272125,-9.031212491694923,2.8390785550758637,2.176866182538145e-11,5.645989444183014e-11,SeAx_vs_HH,ENSG00000152315,KCNK13,protein_coding,Down
ENSG00000166347.21,715.513349275108,-8.985179995302468,0.5972122987745068,3.0263132467725883e-50,3.2197502485867055e-49,SeAx_vs_HH,ENSG00000166347,CYB5A,protein_coding,Down
ENSG00000122188.15,380.80109869048505,-8.984598101172066,2.816472413912162,1.1317079719000937e-11,2.9742992534329344e-11,SeAx_vs_HH,ENSG00000122188,LAX1,protein_coding,Down
ENSG00000091592.18,1120.1948288783462,-8.860000594725726,0.4247464835798168,1.6701937559016033e-95,4.701433093016327e-94,SeAx_vs_HH,ENSG00000091592,NLRP1,protein_coding,Down
ENSG00000261678.4,13.340537786729847,-8.701624818384877,2.9050362939058205,7.305789659226031e-9,1.6399648058679446e-8,SeAx_vs_HH,ENSG00000261678,SCRT1,protein_coding,Down
ENSG00000165449.14,45.023083337296825,-8.677732572691076,1.3319991799856135,2.476111449358049e-13,7.083222238692593e-13,SeAx_vs_HH,ENSG00000165449,SLC16A9,protein_coding,Down
ENSG00000109819.12,11.906702528865099,-8.645705761948301,2.886316858080536,5.969388557082054e-9,1.346237083655484e-8,SeAx_vs_HH,ENSG00000109819,PPARGC1A,protein_coding,Down
ENSG00000064787.16,3442.1873326413383,-8.599829908714415,0.18166920347992882,0,0,SeAx_vs_HH,ENSG00000064787,BCAS1,protein_coding,Down
ENSG00000076662.13,3739.966453929238,-8.394025805473724,0.2919789040801549,1.6162075288118636e-181,1.560298720222594e-179,SeAx_vs_HH,ENSG00000076662,ICAM3,protein_coding,Down
ENSG00000077984.8,119.18415324630284,-8.365240733696513,2.743663507014667,2.430178562149338e-10,5.928962411174152e-10,SeAx_vs_HH,ENSG00000077984,CST7,protein_coding,Down
ENSG00000137707.14,16.227156392218795,-8.32893626820582,2.779072797592476,1.6790873094334134e-9,3.915466971523649e-9,SeAx_vs_HH,ENSG00000137707,BTG4,protein_coding,Down
ENSG00000253831.4,13.852218162871512,-8.32305909635423,2.826364462907807,9.26696257362307e-9,2.0687962182601828e-8,SeAx_vs_HH,ENSG00000253831,ETV3L,protein_coding,Down
ENSG00000079257.9,116.57471625812514,-8.314559434583453,1.3195787381722033,1.2128776168982322e-12,3.3632838257520554e-12,SeAx_vs_HH,ENSG00000079257,LXN,protein_coding,Down
ENSG00000136286.18,6323.655288855072,-8.302863120332688,0.8998904174068711,1.2660472414103172e-21,5.3021830646853036e-21,SeAx_vs_HH,ENSG00000136286,MYO1G,protein_coding,Down
ENSG00000196839.16,770.0944834957073,-8.276401712308338,0.4003220700700017,2.726917330845813e-94,7.497872061796094e-93,SeAx_vs_HH,ENSG00000196839,ADA,protein_coding,Down
ENSG00000101333.21,82.48584841289862,-8.240090892276026,0.8416406527394561,6.997337677662458e-22,2.969596286322853e-21,SeAx_vs_HH,ENSG00000101333,PLCB4,protein_coding,Down
ENSG00000026103.26,2406.020919468713,-8.135041389853189,0.8028349517876648,6.529019978476431e-23,2.9121395407078484e-22,SeAx_vs_HH,ENSG00000026103,FAS,protein_coding,Down
ENSG00000141391.15,54.04308016573618,-8.134436092777992,1.004762057580477,2.9461609163413838e-15,9.183763506978536e-15,SeAx_vs_HH,ENSG00000141391,PRELID3A,protein_coding,Down
ENSG00000198298.15,59.5402552248871,-8.097782022679468,1.0008792181748336,3.2877882068881725e-15,1.0212045686456994e-14,SeAx_vs_HH,ENSG00000198298,ZNF485,protein_coding,Down
ENSG00000121281.14,2623.4584259546946,-8.09381747980487,0.841227558365345,2.877052504668588e-23,1.3046842482027038e-22,SeAx_vs_HH,ENSG00000121281,ADCY7,protein_coding,Down
ENSG00000107295.12,73.924768514028,-8.089250042620208,0.8393732846057208,3.230579052754084e-21,1.3244459513854664e-20,SeAx_vs_HH,ENSG00000107295,SH3GL2,protein_coding,Down
ENSG00000139263.14,114.43376298616899,-8.04970861212736,0.6644167584498127,4.693885355942797e-33,3.0603005424713596e-32,SeAx_vs_HH,ENSG00000139263,LRIG3,protein_coding,Down
ENSG00000146281.8,2868.7030049079717,-8.017874284043229,0.709004904308156,4.146825437057274e-31,2.539735710581177e-30,SeAx_vs_HH,ENSG00000146281,PM20D2,protein_coding,Down
ENSG00000048462.12,29.036954910364624,-7.99956259160916,1.361900531074156,3.585196534375843e-11,9.199816190691152e-11,SeAx_vs_HH,ENSG00000048462,TNFRSF17,protein_coding,Down
ENSG00000181656.8,148.83293932408895,-7.962226049410965,0.5783382895555161,1.0211375843063665e-42,8.919896874172168e-42,SeAx_vs_HH,ENSG00000181656,GPR88,protein_coding,Down
ENSG00000137962.15,89.05985750535322,-7.9336701342946245,0.8743429471142394,3.490681086259158e-19,1.3137177764139649e-18,SeAx_vs_HH,ENSG00000137962,ARHGAP29,protein_coding,Down
ENSG00000198033.14,1777.795303601339,-7.8786853626757205,0.18506978833952634,0,0,SeAx_vs_HH,ENSG00000198033,TUBA3C,protein_coding,Down
ENSG00000085831.18,371.62561657024474,-7.8464654351440375,0.8214964324363746,7.688947999943864e-21,3.113080437504454e-20,SeAx_vs_HH,ENSG00000085831,TTC39A,protein_coding,Down
ENSG00000107282.10,292.326062875368,-7.791506577716379,0.9778515476384616,1.1307510706723146e-14,3.4376204114934165e-14,SeAx_vs_HH,ENSG00000107282,APBA1,protein_coding,Down
ENSG00000100033.19,338.79208699132766,-7.763144417812411,0.40097431878034234,9.282218480847386e-84,2.0366187451327267e-82,SeAx_vs_HH,ENSG00000100033,PRODH,protein_coding,Down
ENSG00000074416.18,234.31748428373507,-7.742861410074935,0.45085271714785097,2.012084346551386e-65,3.05279339797488e-64,SeAx_vs_HH,ENSG00000074416,MGLL,protein_coding,Down
ENSG00000184530.10,382.56924667536697,-7.736567518241873,0.5403940523547734,2.1087209417183608e-47,2.077321242132683e-46,SeAx_vs_HH,ENSG00000184530,C6orf58,protein_coding,Down
ENSG00000101311.19,514.0932103546312,-7.727504471645861,0.7051347780565839,4.9370659541926674e-27,2.6124555656107604e-26,SeAx_vs_HH,ENSG00000101311,FERMT1,protein_coding,Down
ENSG00000171714.15,40.91956767620661,-7.7111501276048395,1.0184492851466749,1.1584201942689488e-13,3.364013010674512e-13,SeAx_vs_HH,ENSG00000171714,ANO5,protein_coding,Down
ENSG00000185818.9,271.6287715863526,-7.69552639083978,0.4249990910959733,4.156226895320698e-73,7.544304335197027e-72,SeAx_vs_HH,ENSG00000185818,NAT8L,protein_coding,Down
ENSG00000064692.22,106.19798240958987,-7.689360870067174,0.6179113405775327,5.315485204235586e-35,3.6829728158852948e-34,SeAx_vs_HH,ENSG00000064692,SNCAIP,protein_coding,Down
ENSG00000110448.13,3183.1041286776076,-7.657042204902496,0.18544034858916955,0,0,SeAx_vs_HH,ENSG00000110448,CD5,protein_coding,Down
ENSG00000121933.20,37.16807864993209,-7.646154339203564,1.314726468131879,6.038360558006686e-11,1.527818931324037e-10,SeAx_vs_HH,ENSG00000121933,TMIGD3,protein_coding,Down
ENSG00000181104.8,2261.194154526887,16.178169488732955,2.766092686805065,1.4049294227842497e-37,1.0559656959139058e-36,SeAx_vs_HH,ENSG00000181104,F2R,protein_coding,Up
ENSG00000141668.12,788.5789205827904,15.737919434355245,3.5545106157996154,3.178186866054003e-32,2.0175990952402253e-31,SeAx_vs_HH,ENSG00000141668,CBLN2,protein_coding,Up
ENSG00000101439.11,917.8968237401536,15.706341413352368,3.244884353806527,3.279562753304115e-33,2.1457099078219142e-32,SeAx_vs_HH,ENSG00000101439,CST3,protein_coding,Up
ENSG00000074696.15,3099.6936799926475,15.598613646458805,2.708013244314101,1.9866975364428484e-35,1.3958290561972852e-34,SeAx_vs_HH,ENSG00000074696,HACD3,protein_coding,Up
ENSG00000134460.19,8465.69810719686,15.513448411749067,2.6354538481053726,4.211931512398313e-34,2.8427811186477066e-33,SeAx_vs_HH,ENSG00000134460,IL2RA,protein_coding,Up
ENSG00000138944.9,845.7749468670759,15.490518392540253,3.1994703965608515,1.0763691631405995e-29,6.310534999195426e-29,SeAx_vs_HH,ENSG00000138944,SHISAL1,protein_coding,Up
ENSG00000172716.19,1625.056526738615,15.343428344196106,2.892035562631628,2.2917129938426436e-33,1.505438278666894e-32,SeAx_vs_HH,ENSG00000172716,SLFN11,protein_coding,Up
ENSG00000117139.20,1155.0267102486603,15.326637927227404,2.879853815551976,3.136285988828275e-33,2.0540309192160257e-32,SeAx_vs_HH,ENSG00000117139,KDM5B,protein_coding,Up
ENSG00000196730.15,639.6495571125226,15.246842184965391,3.3187570669922106,4.004013182170724e-31,2.4545768486938403e-30,SeAx_vs_HH,ENSG00000196730,DAPK1,protein_coding,Up
ENSG00000171385.13,569.8140514824307,15.22387790411585,3.5046883069428723,1.7092414798165038e-30,1.0275158766812036e-29,SeAx_vs_HH,ENSG00000171385,KCND3,protein_coding,Up
ENSG00000135862.8,715.9472535471251,15.150632315202504,3.032064592259704,8.674468735737969e-32,5.430084103404081e-31,SeAx_vs_HH,ENSG00000135862,LAMC1,protein_coding,Up
ENSG00000113140.13,648.4856932404209,15.022072078908318,3.049841221841959,7.7343773155873265e-31,4.712582494345471e-30,SeAx_vs_HH,ENSG00000113140,SPARC,protein_coding,Up
ENSG00000159388.7,1006.1433215386018,15.002976259059038,2.7765890918682907,3.5091589284128077e-32,2.2233771664562043e-31,SeAx_vs_HH,ENSG00000159388,BTG2,protein_coding,Up
ENSG00000148411.10,649.7750628631522,14.955905601224632,2.9813623327410705,3.2995551308770234e-31,2.0303636459263573e-30,SeAx_vs_HH,ENSG00000148411,NACC2,protein_coding,Up
ENSG00000185668.8,523.8851851326698,14.897272498005165,3.25301948336217,5.812536146514628e-30,3.446532465765475e-29,SeAx_vs_HH,ENSG00000185668,POU3F1,protein_coding,Up
ENSG00000132669.16,515.6114597823357,14.851303113454184,3.2289730982705147,8.534795376350879e-30,5.0150580766447705e-29,SeAx_vs_HH,ENSG00000132669,RIN2,protein_coding,Up
ENSG00000159228.14,1619.5293149977804,14.843684233652334,2.7121861794036533,4.6859066421444556e-32,2.956022326576413e-31,SeAx_vs_HH,ENSG00000159228,CBR1,protein_coding,Up
ENSG00000170627.13,2245.7839397206553,14.575386014539799,2.669376375952656,4.0018740797356435e-31,2.45441999440916e-30,SeAx_vs_HH,ENSG00000170627,GTSF1,protein_coding,Up
ENSG00000113269.16,412.9830915084905,14.534349040060368,3.240887500706878,2.2430352264878514e-28,1.2487602779502848e-27,SeAx_vs_HH,ENSG00000113269,RNF130,protein_coding,Up
ENSG00000135269.20,2938.7653869422256,14.445841577105213,2.6658138699995204,1.5275025027215408e-30,9.203855810434508e-30,SeAx_vs_HH,ENSG00000135269,TES,protein_coding,Up
ENSG00000132694.22,462.2836207207724,14.254963541561725,2.8767421290679414,1.7337137177591998e-28,9.714312503678267e-28,SeAx_vs_HH,ENSG00000132694,ARHGEF11,protein_coding,Up
ENSG00000128641.21,420.648153478881,14.230257389388852,2.897472785844362,1.9383772436760701e-28,1.0819216538257055e-27,SeAx_vs_HH,ENSG00000128641,MYO1B,protein_coding,Up
ENSG00000107105.17,303.9177910151662,14.218676966095181,3.4082966795617207,1.1703851781981196e-26,6.101452010982437e-26,SeAx_vs_HH,ENSG00000107105,ELAVL2,protein_coding,Up
ENSG00000091490.13,970.4892786437234,14.173478731128858,2.7110385838542626,5.166302896109325e-29,2.9518818783425178e-28,SeAx_vs_HH,ENSG00000091490,SEL1L3,protein_coding,Up
ENSG00000100292.19,334.84063509413215,14.126216625940767,3.1353914779365355,4.3080290399677624e-27,2.2842368786777807e-26,SeAx_vs_HH,ENSG00000100292,HMOX1,protein_coding,Up
ENSG00000111796.5,323.12333671050106,14.10667440951224,3.168741550470659,7.439877973196914e-27,3.9066853192858737e-26,SeAx_vs_HH,ENSG00000111796,KLRB1,protein_coding,Up
ENSG00000169855.22,550.5603253438057,14.051475090244516,2.985897196498842,1.3595916019728206e-27,7.337290827541106e-27,SeAx_vs_HH,ENSG00000169855,ROBO1,protein_coding,Up
ENSG00000141526.20,475.9534176660437,14.046242999481109,2.8667541547705766,5.536964820638014e-28,3.0320698532510602e-27,SeAx_vs_HH,ENSG00000141526,SLC16A3,protein_coding,Up
ENSG00000164742.18,295.99079263970884,13.970007134100827,3.1589768028846117,2.1922245796552798e-26,1.1306396100770583e-25,SeAx_vs_HH,ENSG00000164742,ADCY1,protein_coding,Up
ENSG00000159217.12,853.61418149852625,13.957768149026148,2.954353157473358,2.9718139472801235e-27,1.5834689768970502e-26,SeAx_vs_HH,ENSG00000159217,IGF2BP1,protein_coding,Up
ENSG00000130340.19,376.0747389559003,13.910032520870972,2.8156176432082645,1.6011727834126387e-27,8.619613748953705e-27,SeAx_vs_HH,ENSG00000130340,SNX9,protein_coding,Up
ENSG00000138083.6,250.85727765886915,13.908193019997297,3.3787385251810718,2.121477717315538e-25,1.0518888390644613e-24,SeAx_vs_HH,ENSG00000138083,SIX3,protein_coding,Up
ENSG00000215218.5,245.1997436824419,13.87276285423357,3.373891531080524,2.153106519821478e-25,1.0669748012484154e-24,SeAx_vs_HH,ENSG00000215218,UBE2QL1,protein_coding,Up
ENSG00000172572.9,1458.42549198385,13.81827981788619,1.3286371872440046,3.111237402103343e-32,1.9770237475189112e-31,SeAx_vs_HH,ENSG00000172572,PDE3A,protein_coding,Up
ENSG00000176485.16,458.83409017948765,13.79195187287843,2.8073817352318025,5.1540303292736164e-27,2.725049788293024e-26,SeAx_vs_HH,ENSG00000176485,PLAAT3,protein_coding,Up
ENSG00000171617.18,331.1426016538684,13.77534121554396,2.8773759313242313,1.5998046074570902e-26,8.283771731818934e-26,SeAx_vs_HH,ENSG00000171617,ENC1,protein_coding,Up
ENSG00000015475.21,1144.383149128887,13.774620254511946,2.669593283329516,1.0636115023918633e-27,5.763845617743515e-27,SeAx_vs_HH,ENSG00000015475,BID,protein_coding,Up
ENSG00000139722.9,771.2581997881888,13.761709459095057,2.6826704360784106,1.0918839811699904e-27,5.912141224174692e-27,SeAx_vs_HH,ENSG00000139722,VPS37B,protein_coding,Up
ENSG00000197506.8,290.11207644656,13.752197184407693,3.0444038367119415,2.055201566000617e-25,1.0203977908451826e-24,SeAx_vs_HH,ENSG00000197506,SLC28A3,protein_coding,Up
ENSG00000004468.15,310.4397171797111,13.736435530108388,2.8915096174363493,1.8717337247673273e-26,9.676440156641244e-26,SeAx_vs_HH,ENSG00000004468,CD38,protein_coding,Up
ENSG00000180667.11,634.2997625707279,13.708085096395587,2.6934726627337726,2.6178133929182522e-27,1.3977042994634812e-26,SeAx_vs_HH,ENSG00000180667,YOD1,protein_coding,Up
ENSG00000174500.14,653.8776985980976,13.667752182673286,2.708726293122572,1.1339694861553487e-26,5.916342799464635e-26,SeAx_vs_HH,ENSG00000174500,GCSAM,protein_coding,Up
ENSG00000010803.20,614.002500720495,13.621221164930683,2.691678640181639,4.82057948723363e-27,2.5528895756650104e-26,SeAx_vs_HH,ENSG00000010803,SCMH1,protein_coding,Up
ENSG00000145632.17,227.60166863455387,13.609955462554126,3.1895647439161006,8.387444497381657e-25,4.069752946179268e-24,SeAx_vs_HH,ENSG00000145632,PLK2,protein_coding,Up
ENSG00000168843.16,255.05670859081891,13.566928362612128,2.9553780563722043,1.4409732785060856e-25,7.192724909525015e-25,SeAx_vs_HH,ENSG00000168843,FSTL5,protein_coding,Up
ENSG00000165801.12,279.9844634418681,13.529211859498327,2.995290184547929,3.422063254321415e-25,1.68110630959559e-24,SeAx_vs_HH,ENSG00000165801,ARHGEF40,protein_coding,Up
ENSG00000148175.15,1260.7183373466833,13.503789881604034,2.648571546373611,1.380510252401302e-26,7.168203234878952e-26,SeAx_vs_HH,ENSG00000148175,STOM,protein_coding,Up
ENSG00000183625.18,250.61414191107747,13.444933757786865,2.8931720063272146,5.656994904102209e-25,2.760300059347214e-24,SeAx_vs_HH,ENSG00000183625,CCR3,protein_coding,Up
ENSG00000005882.14,604.3635930002588,13.435130787171751,2.6782482139687693,3.2097383142260025e-26,1.6424232214097953e-25,SeAx_vs_HH,ENSG00000005882,PDK2,protein_coding,Up
ENSG00000007038.13,206.4318936772993,13.429489942451694,3.1483252987443997,2.3586230684367462e-24,1.1210771134550005e-23,SeAx_vs_HH,ENSG00000007038,PRSS21,protein_coding,Up
ENSG00000165025.17,434.1227999461265,13.42714193086985,4.4516779920542,4.964939446499e-6,9.33603459907971e-6,SeAx_vs_HH,ENSG00000165025,SYK,protein_coding,Up
ENSG00000101210.17,2234.2862750665213,13.425228100674369,0.9988418348296557,2.7727756735299213e-38,2.123242382674234e-37,SeAx_vs_HH,ENSG00000101210,EEF1A2,protein_coding,Up
ENSG00000136826.17,224.94077996468297,13.419957727554086,2.992806668391611,7.433233554354505e-25,3.6148258549963535e-24,SeAx_vs_HH,ENSG00000136826,KLF4,protein_coding,Up
ENSG00000141314.15,251.12866174080995,13.40189266719918,3.0504796976620185,3.4132604173262066e-19,1.2849515603412031e-18,SeAx_vs_HH,ENSG00000141314,RHBDL3,protein_coding,Up
ENSG00000107438.11,208.56105288623752,13.355176608529439,3.0661822916979435,2.542503346877901e-24,1.206716901670054e-23,SeAx_vs_HH,ENSG00000107438,PDLIM1,protein_coding,Up
ENSG00000165655.18,284.76008408669713,13.348035337869899,2.967658994349026,9.128214429175732e-25,4.414397723764279e-24,SeAx_vs_HH,ENSG00000165655,ZNF503,protein_coding,Up
ENSG00000136026.16,234.5603900930533,13.346678374780039,3.0070238461551937,4.628954142162596e-24,2.176376599379694e-23,SeAx_vs_HH,ENSG00000136026,CKAP4,protein_coding,Up
ENSG00000129195.18,307.1318189878127,13.337574952859319,2.957690147453591,8.675493182415268e-25,4.2063877472625814e-24,SeAx_vs_HH,ENSG00000129195,PIMREG,protein_coding,Up
ENSG00000075891.26,197.76540874368015,13.336634534791417,3.120482579545965,6.320435906342977e-24,2.9482548735636377e-23,SeAx_vs_HH,ENSG00000075891,PAX2,protein_coding,Up
ENSG00000148488.18,219.32397460366897,13.328045916737395,3.02003253494456,3.0659931354027176e-24,1.4520017635793464e-23,SeAx_vs_HH,ENSG00000148488,ST8SIA6,protein_coding,Up
ENSG00000105419.20,259.6793738958759,13.322426135322958,2.807359875889286,3.676062672468945e-24,1.7352453752367896e-23,SeAx_vs_HH,ENSG00000105419,MEIS3,protein_coding,Up
ENSG00000107281.12,1010.9710190282736,13.296056642755198,2.650637588220275,6.333455601503338e-26,3.2093284158006615e-25,SeAx_vs_HH,ENSG00000107281,NPDC1,protein_coding,Up
ENSG00000169131.15,206.21205442995964,13.276041824414484,3.0272426135607793,3.07384841299601e-24,1.4551931117536143e-23,SeAx_vs_HH,ENSG00000169131,ZNF354A,protein_coding,Up
ENSG00000148834.15,1519.4851138778552,13.274979293914091,2.615232957513494,4.724617256716397e-26,2.4015575938683622e-25,SeAx_vs_HH,ENSG00000148834,GSTO1,protein_coding,Up
ENSG00000163554.15,169.12446887642807,13.271065450669091,3.3174914954697625,4.8820658081480297e-23,2.191800333365252e-22,SeAx_vs_HH,ENSG00000163554,SPTA1,protein_coding,Up
ENSG00000172594.15,168.34168956231716,13.264748874457572,3.3148149439166987,3.38036550853542e-23,1.5286711891999354e-22,SeAx_vs_HH,ENSG00000172594,SMPDL3A,protein_coding,Up
ENSG00000135318.14,234.21786154694954,13.226555893906735,2.834927344751915,1.0274447160730234e-24,4.96319013512962e-24,SeAx_vs_HH,ENSG00000135318,NT5E,protein_coding,Up
ENSG00000154153.16,178.98349699739137,13.224107462277098,3.1535614294899994,1.4099695644811624e-23,6.495628608654291e-23,SeAx_vs_HH,ENSG00000154153,RETREG1,protein_coding,Up
ENSG00000179348.15,215.39494759265614,13.217223522240765,2.9910124828544977,3.5379381823440754e-24,1.6706503018293598e-23,SeAx_vs_HH,ENSG00000179348,GATA2,protein_coding,Up
ENSG00000141179.15,569.5539053778671,13.185222880208274,2.661794796438535,2.2045710855177855e-25,1.0912333823605506e-24,SeAx_vs_HH,ENSG00000141179,PCTP,protein_coding,Up
ENSG00000130487.10,448.9950241788667,13.170328190066689,2.7266851913900862,5.951840989000202e-22,2.5382965840850664e-21,SeAx_vs_HH,ENSG00000130487,KLHDC7B,protein_coding,Up
ENSG00000148468.19,478.2149055875781,13.15171419799801,2.670586834453566,4.751303884548276e-25,2.3218501510055373e-24,SeAx_vs_HH,ENSG00000148468,FAM171A1,protein_coding,Up
ENSG00000157110.18,588.2116421495477,13.132879547486285,2.7759727458844994,1.0313529120165967e-24,4.980223231682959e-24,SeAx_vs_HH,ENSG00000157110,RBPMS,protein_coding,Up
ENSG00000144649.12,155.20649014273008,13.12816243528759,3.3077514478112313,3.120639760515506e-22,1.3467317218145228e-21,SeAx_vs_HH,ENSG00000144649,GASK1A,protein_coding,Up
ENSG00000185551.17,178.1010466518348,13.099452956414087,3.0438087599699566,2.0012550398843734e-23,9.14528644278157e-23,SeAx_vs_HH,ENSG00000185551,NR2F2,protein_coding,Up
ENSG00000142494.15,150.25967230919744,13.082326196568905,3.298341178918744,1.4745978826234782e-22,6.459977883775392e-22,SeAx_vs_HH,ENSG00000142494,SLC47A1,protein_coding,Up
ENSG00000065320.11,183.94798750268475,12.994857567407877,2.885743499082204,1.2245873350305857e-23,5.653576598460369e-23,SeAx_vs_HH,ENSG00000065320,NTN1,protein_coding,Up
ENSG00000166501.16,1205.6188174909862,12.993485710172633,1.3082124432230962,8.315000175088208e-29,4.721978095072968e-28,SeAx_vs_HH,ENSG00000166501,PRKCB,protein_coding,Up
ENSG00000272636.7,157.4781792911052,12.99105273944844,3.117514896983062,2.282005615079193e-22,9.927029099241362e-22,SeAx_vs_HH,ENSG00000272636,DOC2B,protein_coding,Up
ENSG00000057704.15,135.2916844066145,12.910110228659716,3.28129766773256,7.058097094014027e-22,2.9944068823660417e-21,SeAx_vs_HH,ENSG00000057704,TMCC3,protein_coding,Up
ENSG00000164684.14,147.02330727727326,12.906957068294274,3.1281534395559847,2.431045123325498e-22,1.0564791961420879e-21,SeAx_vs_HH,ENSG00000164684,ZNF704,protein_coding,Up
ENSG00000186716.23,1970.657494636635,12.90048897475519,1.2728308185806205,6.346046329341993e-29,3.6196070814141878e-28,SeAx_vs_HH,ENSG00000186716,BCR,protein_coding,Up
ENSG00000077522.17,149.48913315727907,12.88645774954344,3.0868680002329834,3.2305584468012095e-22,1.3932451435195288e-21,SeAx_vs_HH,ENSG00000077522,ACTN2,protein_coding,Up
ENSG00000132846.8,390.4181341297769,12.875961274210157,2.900463388290273,2.5792427731171327e-23,1.1716720481713347e-22,SeAx_vs_HH,ENSG00000132846,ZBED3,protein_coding,Up
ENSG00000265972.8,1058.3817470640615,12.868225807193884,2.624892411984807,5.3288949402415116e-24,2.4982549552578282e-23,SeAx_vs_HH,ENSG00000265972,TXNIP,protein_coding,Up
ENSG00000072210.21,459.46374027096863,12.862372226484117,2.6564602288888626,4.92535867781229e-24,2.3115664259246516e-23,SeAx_vs_HH,ENSG00000072210,ALDH3A2,protein_coding,Up
ENSG00000144218.22,129.82010875321586,12.842083742847487,3.2743892793768006,1.1624251098308198e-21,4.872912980516267e-21,SeAx_vs_HH,ENSG00000144218,AFF3,protein_coding,Up
ENSG00000116176.9,127.9820063939643,12.818579682767846,3.272097369671794,1.5046012674333693e-21,6.277038514231467e-21,SeAx_vs_HH,ENSG00000116176,TPSG1,protein_coding,Up
ENSG00000196187.14,244.76377434078412,12.783186314107773,2.9069976924986167,5.968529952820337e-23,2.6694526724470643e-22,SeAx_vs_HH,ENSG00000196187,TMEM63A,protein_coding,Up
ENSG00000089876.14,588.5630343659026,12.76980971457724,2.6309418927690627,5.36869998185963e-24,2.516011034288981e-23,SeAx_vs_HH,ENSG00000089876,DHX32,protein_coding,Up
ENSG00000075035.12,135.17944833370322,12.768348534737497,3.119176142146242,1.2071403492820493e-21,5.058733174338569e-21,SeAx_vs_HH,ENSG00000075035,WSCD2,protein_coding,Up
ENSG00000069869.19,269.2623045728069,12.755079231321021,2.688839701847263,1.6580870854951632e-23,7.601072453485214e-23,SeAx_vs_HH,ENSG00000069869,NEDD4,protein_coding,Up
ENSG00000177426.24,318.54706718402986,12.740730835171538,2.6771073959949434,2.1398746553777507e-23,9.758217768907707e-23,SeAx_vs_HH,ENSG00000177426,TGIF1,protein_coding,Up
ENSG00000089327.18,2318.3048499748766,12.722843043206323,2.5692683945867634,4.7684801409170604e-24,2.239553213570164e-23,SeAx_vs_HH,ENSG00000089327,FXYD5,protein_coding,Up
ENSG00000170456.18,131.09136205960726,12.722813858073984,3.11320980593274,9.755446235406365e-22,4.101378412453263e-21,SeAx_vs_HH,ENSG00000170456,DENND5B,protein_coding,Up
ENSG00000174080.14,137.5088949739401,12.70455915126067,3.0377722369438604,1.3945351952533666e-21,5.827180891227036e-21,SeAx_vs_HH,ENSG00000174080,CTSF,protein_coding,Up
ENSG00000099139.16,130.20408874464528,12.689630697915034,3.088437614159112,1.0349462327828324e-21,4.347371535562579e-21,SeAx_vs_HH,ENSG00000099139,PCSK5,protein_coding,Up
ENSG00000126778.14,244.33036651593852,12.680193422881729,2.902861358932952,1.2393893706054385e-22,5.458925876005638e-22,SeAx_vs_HH,ENSG00000126778,SIX1,protein_coding,Up
ENSG00000185950.10,240.72834696973592,12.663628448962026,2.7342592862494066,5.471132027195987e-23,2.4511950398915537e-22,SeAx_vs_HH,ENSG00000185950,IRS2,protein_coding,Up
ENSG00000075340.25,2308.8924461829556,12.658182349268793,0.948270791467561,2.045173449935828e-36,1.4890919314532763e-35,SeAx_vs_HH,ENSG00000075340,ADD2,protein_coding,Up
ENSG00000180644.10,1381.0702039384078,-16.596628808875597,3.6326871727806607,1.1915559280490596e-36,6.693770866492842e-36,SeAx_vs_HuT78,ENSG00000180644,PRF1,protein_coding,Down
ENSG00000167286.13,1864.8015369542088,-16.545912672409155,3.627988695757688,2.1448174054905332e-36,1.1966354985341661e-35,SeAx_vs_HuT78,ENSG00000167286,CD3D,protein_coding,Down
ENSG00000198851.12,913.5813826673287,-15.954992366179937,3.571022417626873,9.467353303627983e-34,4.9021857610720496e-33,SeAx_vs_HuT78,ENSG00000198851,CD3E,protein_coding,Down
ENSG00000154096.16,931.0447738175462,-15.949022590698254,3.6003079203673773,3.036229600631054e-30,1.412247693969469e-29,SeAx_vs_HuT78,ENSG00000154096,THY1,protein_coding,Down
ENSG00000187772.8,799.132221636138,-15.746805808788201,3.549093122806905,4.9690098568585915e-33,2.5228323125998454e-32,SeAx_vs_HuT78,ENSG00000187772,LIN28B,protein_coding,Down
ENSG00000250366.6,727.8332973205396,-15.598730410764142,3.5345715409665748,1.895230681093479e-32,9.471066513301884e-32,SeAx_vs_HuT78,ENSG00000250366,TUNAR,protein_coding,Down
ENSG00000160654.13,1160.0547329552805,-15.38619719776196,3.5128896883111786,1.2872339235836546e-31,6.2459120350207635e-31,SeAx_vs_HuT78,ENSG00000160654,CD3G,protein_coding,Down
ENSG00000187855.6,581.4003556535973,-15.241147236046375,3.499778672295475,6.4560006244670495e-31,3.069721128736923e-30,SeAx_vs_HuT78,ENSG00000187855,ASCL4,protein_coding,Down
ENSG00000173762.10,463.3875024220098,-14.87587624431089,3.464446914939236,2.7507452693978694e-29,1.2443756715051175e-28,SeAx_vs_HuT78,ENSG00000173762,CD7,protein_coding,Down
ENSG00000107796.16,3075.0199418799657,-14.863625268357083,1.3638421012225435,3.14879022775577e-35,1.7042434816586776e-34,SeAx_vs_HuT78,ENSG00000107796,ACTA2,protein_coding,Down
ENSG00000170442.13,506.8426206015237,-14.824451180114416,3.479223418496459,4.0962374526649546e-27,1.7238057061860626e-26,SeAx_vs_HuT78,ENSG00000170442,KRT86,protein_coding,Down
ENSG00000205426.11,422.54679011896076,-14.712933772771562,3.4548799695078087,1.471529678905439e-28,6.483585633933261e-28,SeAx_vs_HuT78,ENSG00000205426,KRT81,protein_coding,Down
ENSG00000100336.19,412.75835160885526,-14.58923952320117,3.4608747209233997,7.671236876550404e-26,3.0876846884521745e-25,SeAx_vs_HuT78,ENSG00000100336,APOL4,protein_coding,Down
ENSG00000137078.12,627.5321601351509,-14.576746550373494,3.422175849199606,2.161913166729114e-28,9.490136174462964e-28,SeAx_vs_HuT78,ENSG00000137078,SIT1,protein_coding,Down
ENSG00000122188.15,380.80109869048505,-14.506093716789033,3.4291650185030877,1.1979148782304909e-27,5.128917413921809e-27,SeAx_vs_HuT78,ENSG00000122188,LAX1,protein_coding,Down
ENSG00000198829.8,348.5651531406323,-14.402400117698512,3.4331444449078288,5.951596902663154e-26,2.404437769138527e-25,SeAx_vs_HuT78,ENSG00000198829,SUCNR1,protein_coding,Down
ENSG00000128268.13,339.2258068534752,-14.375528454046044,3.4131326451158963,1.9992823764193345e-27,8.501353087071187e-27,SeAx_vs_HuT78,ENSG00000128268,MGAT3,protein_coding,Down
ENSG00000167880.10,291.1285991359632,-14.130544905073197,3.3894207600639623,2.0470382523474305e-26,8.408146720089525e-26,SeAx_vs_HuT78,ENSG00000167880,EVPL,protein_coding,Down
ENSG00000268480.4,436.3234117813576,-13.99526115276977,3.3852624081783134,4.640537478581536e-25,1.8178576783394396e-24,SeAx_vs_HuT78,ENSG00000268480,NFILZ,protein_coding,Down
ENSG00000137868.21,661.2288482487947,-13.95741154902245,3.368882702115021,5.274341867750253e-26,2.136788858016445e-25,SeAx_vs_HuT78,ENSG00000137868,STRA6,protein_coding,Down
ENSG00000240403.8,267.65282034160987,-13.904542712938795,3.4455765326683645,3.39762347911681e-20,1.122464557752329e-19,SeAx_vs_HuT78,ENSG00000240403,KIR3DL2,protein_coding,Down
ENSG00000214107.11,1109.4485461529268,-13.862193043636811,3.3558852859315134,6.083839521417584e-26,2.4548198291837574e-25,SeAx_vs_HuT78,ENSG00000214107,MAGEB1,protein_coding,Down
ENSG00000110328.8,208.51832249269177,-13.598070195669568,3.330397020311703,8.233080332463681e-25,3.204950297879306e-24,SeAx_vs_HuT78,ENSG00000110328,GALNT18,protein_coding,Down
ENSG00000096264.15,204.82369267520164,-13.56895612891958,3.3278122964908388,1.0660387327796305e-24,4.131335951328256e-24,SeAx_vs_HuT78,ENSG00000096264,NCR2,protein_coding,Down
ENSG00000183072.11,207.66621232198878,-13.473307908070923,3.3170019801516006,1.9427458792136167e-24,7.462365765927224e-24,SeAx_vs_HuT78,ENSG00000183072,NKX2-5,protein_coding,Down
ENSG00000079385.25,197.16957211559887,-13.395704913401925,3.3937641647355283,6.936352645470345e-19,2.174680876315011e-18,SeAx_vs_HuT78,ENSG00000079385,CEACAM1,protein_coding,Down
ENSG00000057294.20,175.12921697720256,-13.315831712490146,3.300753017713047,7.686965588606369e-24,2.89717242672952e-23,SeAx_vs_HuT78,ENSG00000057294,PKP2,protein_coding,Down
ENSG00000136014.14,173.80378824898233,-13.30227220608571,3.3018381441353863,1.346816795689254e-23,5.030972570426496e-23,SeAx_vs_HuT78,ENSG00000136014,USP44,protein_coding,Down
ENSG00000109906.17,168.37866777809185,-13.246256610376403,3.2975104486303874,2.864714146146654e-23,1.0585715754672339e-22,SeAx_vs_HuT78,ENSG00000109906,ZBTB16,protein_coding,Down
ENSG00000198915.14,157.22544410346484,-13.137978412463042,3.28426895053494,4.629489051251535e-23,1.695787824760013e-22,SeAx_vs_HuT78,ENSG00000198915,RASGEF1A,protein_coding,Down
ENSG00000185974.8,143.80513377032148,-12.995326886142898,3.2666709754759906,9.203095120106587e-23,3.334554870735311e-22,SeAx_vs_HuT78,ENSG00000185974,GRK1,protein_coding,Down
ENSG00000182866.20,1446.965601346614,-12.992956766339566,0.9761822955631317,8.129797465620243e-38,4.734390096936042e-37,SeAx_vs_HuT78,ENSG00000182866,LCK,protein_coding,Down
ENSG00000198910.16,2134.6672878215927,-12.938808575353782,0.8619537712835242,1.6338465236178712e-49,1.2503770841052092e-48,SeAx_vs_HuT78,ENSG00000198910,L1CAM,protein_coding,Down
ENSG00000185198.13,135.97661689147125,-12.888559794028541,3.2710656687439768,2.4733459739736684e-21,8.516543746049886e-21,SeAx_vs_HuT78,ENSG00000185198,PRSS57,protein_coding,Down
ENSG00000135824.14,131.98889933919702,-12.798014491101316,3.2986532068847163,6.401846785044047e-19,2.010004074909156e-18,SeAx_vs_HuT78,ENSG00000135824,RGS8,protein_coding,Down
ENSG00000163106.13,124.36373697111456,-12.753908168391746,3.2465528307362446,1.437720313445921e-21,4.984256361722961e-21,SeAx_vs_HuT78,ENSG00000163106,HPGDS,protein_coding,Down
ENSG00000163600.15,2600.5691069479703,-12.750621125427264,3.237048955550892,3.2945384288862467e-22,1.1693278688364502e-21,SeAx_vs_HuT78,ENSG00000163600,ICOS,protein_coding,Down
ENSG00000204475.11,123.80695001268144,-12.73746451961952,3.237486232935447,1.3702923823467824e-21,4.758598619537867e-21,SeAx_vs_HuT78,ENSG00000204475,NCR3,protein_coding,Down
ENSG00000129038.18,180.91132920251556,-12.651631361260229,3.2361580861527925,3.243678930240944e-21,1.1110346254357483e-20,SeAx_vs_HuT78,ENSG00000129038,LOXL1,protein_coding,Down
ENSG00000129521.17,838.1600689140375,-12.64439839997289,3.2255061254034314,8.621541129699531e-22,3.013802266288595e-21,SeAx_vs_HuT78,ENSG00000129521,EGLN3,protein_coding,Down
ENSG00000077984.8,119.18415324630284,-12.556617527303013,3.2229527922374244,4.0834104547846386e-21,1.393899645290943e-20,SeAx_vs_HuT78,ENSG00000077984,CST7,protein_coding,Down
ENSG00000179222.20,585.5049274439539,-12.540518256202573,1.3197286982730763,4.73723848677955e-27,1.988419619909754e-26,SeAx_vs_HuT78,ENSG00000179222,MAGED1,protein_coding,Down
ENSG00000107742.16,4870.315126844602,-12.44902338569312,0.5294127589470731,9.84828373472717e-122,2.91049165339454e-120,SeAx_vs_HuT78,ENSG00000107742,SPOCK2,protein_coding,Down
ENSG00000227507.4,1165.6424035434611,-12.285714729916787,0.9801006543950487,9.128976309175461e-34,4.730733528329375e-33,SeAx_vs_HuT78,ENSG00000227507,LTB,protein_coding,Down
ENSG00000106952.10,109.57769243363556,-12.274636220673536,3.428868960716612,4.977047475840509e-12,1.1562541845388477e-11,SeAx_vs_HuT78,ENSG00000106952,TNFSF8,protein_coding,Down
ENSG00000164161.12,90.36695680935597,-12.24086695176133,3.18690439745441,2.9804975479926844e-20,9.871619960098769e-20,SeAx_vs_HuT78,ENSG00000164161,HHIP,protein_coding,Down
ENSG00000101082.16,476.6174379446201,-12.211485188950673,1.3236623118378605,2.370761762161328e-25,9.382975416413176e-25,SeAx_vs_HuT78,ENSG00000101082,SLA2,protein_coding,Down
ENSG00000026103.26,2406.020919468713,-12.102890191313803,0.8148821596485831,9.356388917133866e-48,6.897161581278601e-47,SeAx_vs_HuT78,ENSG00000026103,FAS,protein_coding,Down
ENSG00000101445.12,733.117814017503,-12.02199595909588,1.3235020195700111,9.305808515452011e-25,3.614980696926559e-24,SeAx_vs_HuT78,ENSG00000101445,PPP1R16B,protein_coding,Down
ENSG00000128322.7,77.52065141117514,-11.907193654210202,3.160528110968171,1.123753028720795e-18,3.4996112839469825e-18,SeAx_vs_HuT78,ENSG00000128322,IGLL1,protein_coding,Down
ENSG00000140481.15,127.51136760576951,-11.888743371655762,3.149081590758724,3.8394919453039257e-19,1.2163368624974736e-18,SeAx_vs_HuT78,ENSG00000140481,CCDC33,protein_coding,Down
ENSG00000179242.17,72.04398786748072,-11.865255922034665,3.147582156287759,6.255056164763914e-19,1.9643890842257376e-18,SeAx_vs_HuT78,ENSG00000179242,CDH4,protein_coding,Down
ENSG00000081059.22,3393.793165898331,-11.843365663151129,0.9153012905622824,5.814673879360622e-40,3.591594534109336e-39,SeAx_vs_HuT78,ENSG00000081059,TCF7,protein_coding,Down
ENSG00000142149.11,73.65232069013959,-11.841035556086373,3.126029384706543,5.261282436428969e-19,1.6570878200574856e-18,SeAx_vs_HuT78,ENSG00000142149,HUNK,protein_coding,Down
ENSG00000188042.9,2192.0142984482045,-11.800119625350556,0.7160052043081317,5.238982306125585e-59,4.9875570778476805e-58,SeAx_vs_HuT78,ENSG00000188042,ARL4C,protein_coding,Down
ENSG00000007312.16,68.2344814743482,-11.775685295872005,3.1400451424207123,1.2652680934329467e-18,3.93280206575521e-18,SeAx_vs_HuT78,ENSG00000007312,CD79B,protein_coding,Down
ENSG00000188822.9,84.12874927080644,-11.750361069165544,3.4627356689678295,5.2450603469579e-10,1.1025624435790694e-09,SeAx_vs_HuT78,ENSG00000188822,CNR2,protein_coding,Down
ENSG00000172322.15,64.94860302491946,-11.69272710133002,3.1323236018621885,2.5777440628955486e-18,7.899303637836278e-18,SeAx_vs_HuT78,ENSG00000172322,CLEC12A,protein_coding,Down
ENSG00000154783.14,65.65425369051962,-11.69065419645523,3.139230041610107,6.6614130436387126e-18,2.0027265558879662e-17,SeAx_vs_HuT78,ENSG00000154783,FGD5,protein_coding,Down
ENSG00000183691.6,64.0417521021918,-11.667227104161132,3.1421274652125586,7.927228201653533e-18,2.3734336125005857e-17,SeAx_vs_HuT78,ENSG00000183691,NOG,protein_coding,Down
ENSG00000198821.14,1918.9599781307188,-11.631916199512746,0.8132319930966695,2.8343944224727595e-44,1.9391423888759827e-43,SeAx_vs_HuT78,ENSG00000198821,CD247,protein_coding,Down
ENSG00000221923.11,61.841667662496775,-11.615354337908107,3.121585931020844,3.3593115263272086e-18,1.0238986698461766e-17,SeAx_vs_HuT78,ENSG00000221923,ZNF880,protein_coding,Down
ENSG00000187862.13,58.71824406517629,-11.532927751606191,3.115385968374281,5.9479104274722825e-18,1.791107130343028e-17,SeAx_vs_HuT78,ENSG00000187862,TTC24,protein_coding,Down
ENSG00000164114.20,127.92577187906365,-11.527453344153738,3.1090360792995697,4.283142901642356e-18,1.2978888964683756e-17,SeAx_vs_HuT78,ENSG00000164114,MAP9,protein_coding,Down
ENSG00000120784.19,57.68652791918644,-11.499925891227976,3.1100470126843454,8.292892916956206e-18,2.4823443589042317e-17,SeAx_vs_HuT78,ENSG00000120784,ZFP30,protein_coding,Down
ENSG00000151136.15,57.28454727566565,-11.48927466412723,3.1083310717365933,8.307792467441092e-18,2.486233277340063e-17,SeAx_vs_HuT78,ENSG00000151136,ABTB3,protein_coding,Down
ENSG00000125384.9,277.03624870170734,-11.43613921337388,1.3130822924245538,7.66242937428825e-23,2.7863962621400323e-22,SeAx_vs_HuT78,ENSG00000125384,PTGER2,protein_coding,Down
ENSG00000169442.10,630.3764774565027,-11.372671167274522,1.7630410889371828,1.285378125094373e-11,2.9307790595442556e-11,SeAx_vs_HuT78,ENSG00000169442,CD52,protein_coding,Down
ENSG00000173801.19,1762.535059631561,-11.328701637617387,0.640102177737915,1.1576672579321989e-70,1.420704084051822e-69,SeAx_vs_HuT78,ENSG00000173801,JUP,protein_coding,Down
ENSG00000125498.22,52.18537081901326,-11.320741351681502,3.1020547592932908,9.344541337666914e-17,2.6754702823772603e-16,SeAx_vs_HuT78,ENSG00000125498,KIR2DL1,protein_coding,Down
ENSG00000179144.7,52.238545771498636,-11.318092168392976,3.1051353151044285,1.3088256151666053e-16,3.7251421348108623e-16,SeAx_vs_HuT78,ENSG00000179144,GIMAP7,protein_coding,Down
ENSG00000163145.15,50.651610181487726,-11.285348240335994,3.087256383913634,3.630912991830824e-17,1.0591246424022186e-16,SeAx_vs_HuT78,ENSG00000163145,C1QTNF7,protein_coding,Down
ENSG00000170485.19,50.929961238140216,-11.272583167203404,3.08505978418369,3.705982569771313e-17,1.0805384973563652e-16,SeAx_vs_HuT78,ENSG00000170485,NPAS2,protein_coding,Down
ENSG00000115523.19,634.301272344872,-11.247489612783294,0.8141778955256483,1.813983743541152e-41,1.1594727871295653e-40,SeAx_vs_HuT78,ENSG00000115523,GNLY,protein_coding,Down
ENSG00000140092.18,54.09292877792187,-11.240509851664726,3.098723371869771,7.504659639658504e-17,2.158645532634502e-16,SeAx_vs_HuT78,ENSG00000140092,FBLN5,protein_coding,Down
ENSG00000113739.12,49.47334615300327,-11.238914147778363,3.0832146354778756,5.638513472269225e-17,1.6276134237892537e-16,SeAx_vs_HuT78,ENSG00000113739,STC2,protein_coding,Down
ENSG00000174807.4,48.9773943042115,-11.229609207330887,3.080151232013304,4.8519221782526614e-17,1.406787580626628e-16,SeAx_vs_HuT78,ENSG00000174807,CD248,protein_coding,Down
ENSG00000172349.20,1069.6919236540882,-11.197221030974779,0.6857220954470805,4.0933065296189514e-59,3.90828307696145e-58,SeAx_vs_HuT78,ENSG00000172349,IL16,protein_coding,Down
ENSG00000164251.6,47.64285867295262,-11.17923350219535,3.0752717852994387,7.473402464602122e-17,2.1506039814784602e-16,SeAx_vs_HuT78,ENSG00000164251,F2RL1,protein_coding,Down
ENSG00000111249.16,257.69667494725735,-11.139626754350395,1.3175304115414275,1.4334342334230284e-21,4.971247568973478e-21,SeAx_vs_HuT78,ENSG00000111249,CUX2,protein_coding,Down
ENSG00000119714.13,639.585885964831,-11.132293958516767,0.9717918712473946,2.4186414793475375e-28,1.0602810090930527e-27,SeAx_vs_HuT78,ENSG00000119714,GPR68,protein_coding,Down
ENSG00000165548.13,85.49079665508093,-11.13143850055642,3.0656183351387987,6.120755516451924e-17,1.7652535217065265e-16,SeAx_vs_HuT78,ENSG00000165548,TMEM63C,protein_coding,Down
ENSG00000160183.19,289.0065138337386,-11.081824013106685,3.0452698862777337,4.314548762423277e-17,1.2543277720424396e-16,SeAx_vs_HuT78,ENSG00000160183,TMPRSS3,protein_coding,Down
ENSG00000186451.4,44.55369373657443,-11.07062273767033,3.0641743564438815,1.545238008533873e-16,4.381872707837678e-16,SeAx_vs_HuT78,ENSG00000186451,SPATA12,protein_coding,Down
ENSG00000221957.8,316.4181486188365,-10.988193344343621,3.615865090913063,2.8044447703464066e-7,5.096253303391623e-7,SeAx_vs_HuT78,ENSG00000221957,KIR2DS4,protein_coding,Down
ENSG00000138134.14,582.3226859943921,-10.951617450894744,1.3002983502480143,2.940013548682793e-21,1.0091439710293084e-20,SeAx_vs_HuT78,ENSG00000138134,STAMBPL1,protein_coding,Down
ENSG00000175329.15,43.49248452191499,-10.948410522518943,3.122005076243856,1.2166158277647997e-13,3.0498469096477465e-13,SeAx_vs_HuT78,ENSG00000175329,ISX,protein_coding,Down
ENSG00000214029.8,42.502567153197916,-10.943756660939712,3.05803061656929,7.36298392613866e-16,2.0322272238323837e-15,SeAx_vs_HuT78,ENSG00000214029,ZNF891,protein_coding,Down
ENSG00000138172.13,41.511952024282195,-10.936145821769657,3.0607355949739845,1.1027683692726236e-15,3.0257642435221268e-15,SeAx_vs_HuT78,ENSG00000138172,CALHM2,protein_coding,Down
ENSG00000198182.15,39.14561201381469,-10.8547315516092,3.042142633453732,7.335405847434389e-16,2.0250443636859225e-15,SeAx_vs_HuT78,ENSG00000198182,ZNF607,protein_coding,Down
ENSG00000149571.13,38.567055483620535,-10.833119871283204,3.046639465651377,1.0271039870738547e-15,2.821721387760023e-15,SeAx_vs_HuT78,ENSG00000149571,KIRREL3,protein_coding,Down
ENSG00000115085.18,3279.928316650024,-10.775822484040368,0.46203927134613837,1.550282822354174e-118,4.289774102705297e-117,SeAx_vs_HuT78,ENSG00000115085,ZAP70,protein_coding,Down
ENSG00000110665.14,183.716184087837,-10.73887014722875,1.3135557318875501,3.104200739163876e-20,1.0270121984837382e-19,SeAx_vs_HuT78,ENSG00000110665,C11orf21,protein_coding,Down
ENSG00000163017.16,847.9479699704076,-10.720302846394917,0.6062016497471103,1.772336758864052e-68,2.0697907686626517e-67,SeAx_vs_HuT78,ENSG00000163017,ACTG2,protein_coding,Down
ENSG00000196684.14,303.8729930964625,-10.68778257278187,0.9779247846658647,5.328741190389532e-26,2.1574862980536432e-25,SeAx_vs_HuT78,ENSG00000196684,HSH2D,protein_coding,Down
ENSG00000152766.8,39.50950224379236,-10.64373823321026,3.0293211162063973,1.3808703187603676e-14,3.6174638923424865e-14,SeAx_vs_HuT78,ENSG00000152766,ANKRD22,protein_coding,Down
ENSG00000179674.4,66.5237449719385,-10.609257785591385,3.003741737879953,1.1722716608302693e-15,3.207687708503233e-15,SeAx_vs_HuT78,ENSG00000179674,ARL14,protein_coding,Down
ENSG00000151778.13,33.27435911229428,-10.579740405741695,3.0116064256228983,4.371491704187181e-15,1.1691699441960091e-14,SeAx_vs_HuT78,ENSG00000151778,SERP2,protein_coding,Down
ENSG00000186603.7,877.7312208231734,-10.50339217974336,0.7153884866790915,3.141613164082799e-47,2.2976792574349674e-46,SeAx_vs_HuT78,ENSG00000186603,HPDL,protein_coding,Down
ENSG00000126217.24,31.85828012627088,-10.500878378379536,3.0110923631997166,1.1657827260224593e-14,3.062000457124287e-14,SeAx_vs_HuT78,ENSG00000126217,MCF2L,protein_coding,Down
ENSG00000176788.11,8532.495345359865,18.83968888706225,3.011114659755648,3.8484031619384043e-50,2.987268517542777e-49,SeAx_vs_HuT78,ENSG00000176788,BASP1,protein_coding,Up
ENSG00000179344.19,5520.237909260646,17.249721908509596,3.0892281244868083,1.8013953696608673e-41,1.1519914549946068e-40,SeAx_vs_HuT78,ENSG00000179344,HLA-DQB1,protein_coding,Up
ENSG00000138061.15,5748.778290947529,17.09422804516826,2.79379207897068,6.55104024462354e-41,4.1266170859438664e-40,SeAx_vs_HuT78,ENSG00000138061,CYP1B1,protein_coding,Up
ENSG00000137766.19,2462.2783964985015,16.82690262524451,2.985102395825912,1.131724817503642e-39,6.924774434988247e-39,SeAx_vs_HuT78,ENSG00000137766,UNC13C,protein_coding,Up
ENSG00000235098.11,1735.9781332966984,16.56183323387511,3.178548985095337,1.9180450756311534e-35,1.0446252181655172e-34,SeAx_vs_HuT78,ENSG00000235098,ANKRD65,protein_coding,Up
ENSG00000172572.9,1458.42549198385,16.47646996716696,3.20888916233713,3.85720378141094e-37,2.202933255176546e-36,SeAx_vs_HuT78,ENSG00000172572,PDE3A,protein_coding,Up
ENSG00000060982.17,7303.971887192547,16.1506476217408,2.6837003059585056,3.980788613566397e-38,2.3454619349281577e-37,SeAx_vs_HuT78,ENSG00000060982,BCAT1,protein_coding,Up
ENSG00000196735.15,7881.9821917435165,15.941043632775061,1.3061117894893144,1.685717680910046e-42,1.1051286989587842e-41,SeAx_vs_HuT78,ENSG00000196735,HLA-DQA1,protein_coding,Up
ENSG00000141668.12,788.5789205827904,15.847826901168158,3.5535050521046854,8.231784921370547e-33,4.1567165005897845e-32,SeAx_vs_HuT78,ENSG00000141668,CBLN2,protein_coding,Up
ENSG00000147408.18,2139.3388315190105,15.520705283145109,2.723736479458818,6.606163838827942e-35,3.5344061293696457e-34,SeAx_vs_HuT78,ENSG00000147408,CSGALNACT1,protein_coding,Up
ENSG00000154277.15,733.2931218742474,15.408295641959421,3.139783154605855,1.1958874172082081e-32,6.010798576349625e-32,SeAx_vs_HuT78,ENSG00000154277,UCHL1,protein_coding,Up
ENSG00000128573.30,1112.950749199465,15.377581062236795,2.8549742643377827,4.078915591279955e-31,1.9472713150604997e-30,SeAx_vs_HuT78,ENSG00000128573,FOXP2,protein_coding,Up
ENSG00000189057.13,937.3350689307163,15.356108987902866,3.061946730629621,1.049675676363161e-32,5.290186809760664e-32,SeAx_vs_HuT78,ENSG00000189057,FAM111B,protein_coding,Up
ENSG00000171385.13,569.8140514824307,15.333161886216235,3.503323606634649,4.989336554610324e-31,2.3801619076221212e-30,SeAx_vs_HuT78,ENSG00000171385,KCND3,protein_coding,Up
ENSG00000184743.15,1943.9737805986392,15.015931069637453,2.6959508160037355,6.628146384718914e-33,3.3547429837686063e-32,SeAx_vs_HuT78,ENSG00000184743,ATL3,protein_coding,Up
ENSG00000132669.16,515.6114597823357,14.96344444198243,3.230208988346099,2.4504921323421382e-30,1.1442946600077064e-29,SeAx_vs_HuT78,ENSG00000132669,RIN2,protein_coding,Up
ENSG00000180530.12,589.1096413092873,14.811966564816919,3.0762221230884115,2.6012971638750694e-30,1.2129769565933375e-29,SeAx_vs_HuT78,ENSG00000180530,NRIP1,protein_coding,Up
ENSG00000178860.11,14690.645495068455,14.753989815105657,1.274804982818794,4.16657617582472e-37,2.3775388484905244e-36,SeAx_vs_HuT78,ENSG00000178860,MSC,protein_coding,Up
ENSG00000125845.9,488.7309371287414,14.680460754164855,3.0020975189619,5.7842998316844736e-30,2.6666706652403165e-29,SeAx_vs_HuT78,ENSG00000125845,BMP2,protein_coding,Up
ENSG00000137265.18,14364.118185645702,14.668879516341876,0.7794360481374334,1.062671567168892e-70,1.3053533020652375e-69,SeAx_vs_HuT78,ENSG00000137265,IRF4,protein_coding,Up
ENSG00000113269.16,412.9830915084905,14.637768121584992,3.2323432121268967,6.392410879177854e-29,2.853160650285102e-28,SeAx_vs_HuT78,ENSG00000113269,RNF130,protein_coding,Up
ENSG00000147650.13,1008.5889824112513,14.616501744009918,2.7323863424902366,8.716122951342399e-31,4.1248086574017964e-30,SeAx_vs_HuT78,ENSG00000147650,LRP12,protein_coding,Up
ENSG00000168542.20,1089.3826618781468,14.615004608617129,2.8715716386922496,3.792030104836437e-30,1.7568975597701134e-29,SeAx_vs_HuT78,ENSG00000168542,COL3A1,protein_coding,Up
ENSG00000163629.15,433.60378792515314,14.58533760167076,3.085455616401483,3.320914743263627e-29,1.4991853775183532e-28,SeAx_vs_HuT78,ENSG00000163629,PTPN13,protein_coding,Up
ENSG00000218336.11,1224.4526960528283,14.473109705667452,2.6966494341818885,2.1621249388458297e-30,1.011086269392813e-29,SeAx_vs_HuT78,ENSG00000218336,TENM3,protein_coding,Up
ENSG00000127990.21,759.4254549552917,14.374742097247601,2.9927761588524535,8.556718246467918e-29,3.798355207977397e-28,SeAx_vs_HuT78,ENSG00000127990,SGCE,protein_coding,Up
ENSG00000107105.17,303.9177910151662,14.33055486819831,3.40882809100122,3.4538769663140975e-27,1.456776003300053e-26,SeAx_vs_HuT78,ENSG00000107105,ELAVL2,protein_coding,Up
ENSG00000223609.12,368.06515196785034,14.302280029784633,3.2433805418395814,1.2136633551466555e-20,4.0767202339243196e-20,SeAx_vs_HuT78,ENSG00000223609,HBD,protein_coding,Up
ENSG00000186522.17,2245.2456522891125,14.240808702151567,2.6535359559642524,1.0964872018004373e-29,5.0019312919373815e-29,SeAx_vs_HuT78,ENSG00000186522,SEPTIN10,protein_coding,Up
ENSG00000169862.23,391.1537595148077,14.22283435492586,2.923406427589379,3.361302852160997e-28,1.4680918254763496e-27,SeAx_vs_HuT78,ENSG00000169862,CTNND2,protein_coding,Up
ENSG00000146267.13,371.46422654794065,14.168888421522695,3.0350461986078057,8.643700508119214e-28,3.714254821045754e-27,SeAx_vs_HuT78,ENSG00000146267,FAXC,protein_coding,Up
ENSG00000169855.22,550.5603253438057,14.168003559412774,2.9924701760113748,4.571952420303016e-28,1.98819672652016e-27,SeAx_vs_HuT78,ENSG00000169855,ROBO1,protein_coding,Up
ENSG00000139687.19,1324.596861780349,14.123532018589666,2.6639635045640797,3.0247779601591033e-29,1.366918555990069e-28,SeAx_vs_HuT78,ENSG00000139687,RB1,protein_coding,Up
ENSG00000196628.22,3167.5556799228243,14.115112221778922,2.6250596077479957,3.845865272862194e-29,1.7313700207672876e-28,SeAx_vs_HuT78,ENSG00000196628,TCF4,protein_coding,Up
ENSG00000164742.18,295.99079263970884,14.077767297312286,3.15450588077023,6.3233185952751474e-27,2.6439464630163936e-26,SeAx_vs_HuT78,ENSG00000164742,ADCY1,protein_coding,Up
ENSG00000107874.13,1816.4562338411004,14.057738292706608,2.619115565670338,3.408166601208985e-29,1.53804138897357e-28,SeAx_vs_HuT78,ENSG00000107874,CUEDC2,protein_coding,Up
ENSG00000103855.20,588.931798717469,14.049601539381449,2.8580491003831874,4.635233200462535e-28,2.0150431721690535e-27,SeAx_vs_HuT78,ENSG00000103855,CD276,protein_coding,Up
ENSG00000138083.6,250.85727765886915,14.019689073324809,3.378214833141437,6.060897961050008e-26,2.4463203198007048e-25,SeAx_vs_HuT78,ENSG00000138083,SIX3,protein_coding,Up
ENSG00000215218.5,245.1997436824419,13.9860203894543,3.3755883101081214,6.340838232998864e-26,2.5569351698847213e-25,SeAx_vs_HuT78,ENSG00000215218,UBE2QL1,protein_coding,Up
ENSG00000118777.14,445.9120845434771,13.952123768634848,2.8745229820731786,1.4882912260069794e-27,6.361725007723504e-27,SeAx_vs_HuT78,ENSG00000118777,ABCG2,protein_coding,Up
ENSG00000114948.15,300.57041454992793,13.910364715809202,3.041844532213353,1.0046084668238176e-26,4.172422609341879e-26,SeAx_vs_HuT78,ENSG00000114948,ADAM23,protein_coding,Up
ENSG00000066468.26,251.80799999397271,13.855177802837016,3.1697707892309177,5.239748012183392e-26,2.12343395033539e-25,SeAx_vs_HuT78,ENSG00000066468,FGFR2,protein_coding,Up
ENSG00000099810.23,647.2633073994944,13.832904422795503,2.8048359627806962,1.8562478612581208e-27,7.906038684894473e-27,SeAx_vs_HuT78,ENSG00000099810,MTAP,protein_coding,Up
ENSG00000141934.12,278.0807290699183,13.815044824464493,2.9693602504991348,1.4111570319250135e-26,5.825660309495946e-26,SeAx_vs_HuT78,ENSG00000141934,PLPP2,protein_coding,Up
ENSG00000145632.17,227.60166863455387,13.724369341456038,3.1912777924204563,2.3756954142837853e-25,9.399647338907279e-25,SeAx_vs_HuT78,ENSG00000145632,PLK2,protein_coding,Up
ENSG00000112379.11,271.61811759941384,13.714012579618537,2.916833725738812,2.0303039675513864e-26,8.344670958403412e-26,SeAx_vs_HuT78,ENSG00000112379,ARFGEF3,protein_coding,Up
ENSG00000179820.19,808.852456572584,13.651401160797075,2.6658963328531704,2.9572140568519677e-27,1.2497201946482392e-26,SeAx_vs_HuT78,ENSG00000179820,MYADM,protein_coding,Up
ENSG00000163453.13,237.03182687252294,13.651226080395519,3.041323529154462,1.9301675641488444e-25,7.667136197364184e-25,SeAx_vs_HuT78,ENSG00000163453,IGFBP7,protein_coding,Up
ENSG00000198142.5,1983.9712460020878,13.646627533449326,2.585992428070295,1.545858382135959e-27,6.605630260451787e-27,SeAx_vs_HuT78,ENSG00000198142,SOWAHC,protein_coding,Up
ENSG00000182985.21,5512.763129857182,13.600798243086073,0.8009726926653261,1.0842626960604791e-60,1.0697347250383212e-59,SeAx_vs_HuT78,ENSG00000182985,CADM1,protein_coding,Up
ENSG00000182168.17,215.41900845099246,13.597431185395044,3.143574538475724,6.069784970398907e-25,2.369197589673823e-24,SeAx_vs_HuT78,ENSG00000182168,UNC5C,protein_coding,Up
ENSG00000141314.15,251.12866174080995,13.59463831505708,3.1270654210394935,1.7133746757833997e-19,5.515043751416411e-19,SeAx_vs_HuT78,ENSG00000141314,RHBDL3,protein_coding,Up
ENSG00000143469.22,247.8092452890986,13.58501679355565,2.9268105950827903,8.216741102789213e-26,3.30215192083416e-25,SeAx_vs_HuT78,ENSG00000143469,SYT14,protein_coding,Up
ENSG00000007038.13,206.4318936772993,13.543949085457951,3.1506747686126735,6.911349487870773e-25,2.696067580826692e-24,SeAx_vs_HuT78,ENSG00000007038,PRSS21,protein_coding,Up
ENSG00000165025.17,434.1227999461265,13.541447380599537,4.449940800413157,4.176268185104007e-6,7.04677670332218e-6,SeAx_vs_HuT78,ENSG00000165025,SYK,protein_coding,Up
ENSG00000148488.18,219.32397460366897,13.443237403784927,3.0214688661289677,8.016466203121691e-25,3.121559725882432e-24,SeAx_vs_HuT78,ENSG00000148488,ST8SIA6,protein_coding,Up
ENSG00000152952.16,216.8627441178286,13.43239302577877,3.018856910962333,5.817014654940084e-25,2.2725764987360347e-24,SeAx_vs_HuT78,ENSG00000152952,PLOD2,protein_coding,Up
ENSG00000137801.13,4454.617994751567,13.392254656687328,0.7360323562492158,1.3641149001161187e-73,1.7637410211521207e-72,SeAx_vs_HuT78,ENSG00000137801,THBS1,protein_coding,Up
ENSG00000163554.15,169.12446887642807,13.385834916306095,3.318823351433619,1.3435666551719386e-23,5.020270704373817e-23,SeAx_vs_HuT78,ENSG00000163554,SPTA1,protein_coding,Up
ENSG00000172594.15,168.34168956231716,13.378144305222888,3.3154811046229535,9.764878129912674e-24,3.669713283366548e-23,SeAx_vs_HuT78,ENSG00000172594,SMPDL3A,protein_coding,Up
ENSG00000124429.20,399.3498246594563,13.346089082695443,2.8074712706221185,2.2643415275958203e-25,8.967232795246529e-25,SeAx_vs_HuT78,ENSG00000124429,POF1B,protein_coding,Up
ENSG00000019991.19,223.35088603616856,13.333182461101257,2.862064365327445,5.850331524868455e-25,2.2849077244114645e-24,SeAx_vs_HuT78,ENSG00000019991,HGF,protein_coding,Up
ENSG00000133710.18,216.71750273925258,13.329049425985247,2.8613658069911874,7.872836769464084e-25,3.0674643233609988e-24,SeAx_vs_HuT78,ENSG00000133710,SPINK5,protein_coding,Up
ENSG00000170989.12,2383.793799263131,13.29518701927804,1.2756742785175152,1.7344985835445766e-30,8.134480042942233e-30,SeAx_vs_HuT78,ENSG00000170989,S1PR1,protein_coding,Up
ENSG00000144649.12,155.20649014273008,13.243514284192623,3.308370222335052,7.919737023667629e-23,2.877555969597441e-22,SeAx_vs_HuT78,ENSG00000144649,GASK1A,protein_coding,Up
ENSG00000142494.15,150.25967230919744,13.195431706696317,3.29803627407185,4.212015089734383e-23,1.5450377896005688e-22,SeAx_vs_HuT78,ENSG00000142494,SLC47A1,protein_coding,Up
ENSG00000198734.14,1130.2362582648868,13.194645039395956,1.2838400914964636,6.353433495833335e-30,2.9228485263394227e-29,SeAx_vs_HuT78,ENSG00000198734,F5,protein_coding,Up
ENSG00000144218.22,129.82010875321586,13.122690528880769,3.4767768587003665,3.2099187365740095e-22,1.1399147382498383e-21,SeAx_vs_HuT78,ENSG00000144218,AFF3,protein_coding,Up
ENSG00000272636.7,157.4781792911052,13.105503054592637,3.116804131468161,5.858326354805332e-23,2.139898188962385e-22,SeAx_vs_HuT78,ENSG00000272636,DOC2B,protein_coding,Up
ENSG00000057704.15,135.2916844066145,13.025985578692676,3.283087365071912,1.9444785573334922e-22,6.962194790584452e-22,SeAx_vs_HuT78,ENSG00000057704,TMCC3,protein_coding,Up
ENSG00000109458.12,166.4855325132352,13.008187170523136,2.9929602710163694,2.1710548998321222e-23,8.06365303776348e-23,SeAx_vs_HuT78,ENSG00000109458,GAB1,protein_coding,Up
ENSG00000145555.16,271.31642645712986,12.996040386159931,2.7786840847297674,2.9506072383187998e-24,1.1270593240623949e-23,SeAx_vs_HuT78,ENSG00000145555,MYO10,protein_coding,Up
ENSG00000147889.19,1454.8794968933773,12.973659286086194,1.300914608257692,5.620997883468404e-29,2.5140173443803604e-28,SeAx_vs_HuT78,ENSG00000147889,CDKN2A,protein_coding,Up
ENSG00000188352.15,799.6558548265917,12.96450450819499,2.6239525347922616,7.8536063203125e-25,3.0608866977461964e-24,SeAx_vs_HuT78,ENSG00000188352,FOCAD,protein_coding,Up
ENSG00000198478.11,167.74115570799955,12.950074851993069,2.8938282044870838,6.159912933412505e-23,2.247540460838891e-22,SeAx_vs_HuT78,ENSG00000198478,SH3BGRL2,protein_coding,Up
ENSG00000116176.9,127.9820063939643,12.935360204432145,3.2747531657916227,4.106385646499283e-22,1.4531231097155894e-21,SeAx_vs_HuT78,ENSG00000116176,TPSG1,protein_coding,Up
ENSG00000198642.9,561.0195831402019,12.932958163677402,2.64106701907994,1.407442257274117e-24,5.433410823179374e-24,SeAx_vs_HuT78,ENSG00000198642,KLHL9,protein_coding,Up
ENSG00000141753.9,4686.852025585636,12.903391693491574,0.5443033665088259,1.5349738249909868e-121,4.515872203410278e-120,SeAx_vs_HuT78,ENSG00000141753,IGFBP4,protein_coding,Up
ENSG00000156463.20,1617.1402852810218,12.846336174102692,1.2867316952403014,1.3256185331901173e-28,5.856537743412474e-28,SeAx_vs_HuT78,ENSG00000156463,SH3RF2,protein_coding,Up
ENSG00000078900.18,1401.1069236568821,12.842926709313783,0.9681206340424873,5.623381667543424e-37,3.190663181240463e-36,SeAx_vs_HuT78,ENSG00000078900,TP73,protein_coding,Up
ENSG00000082438.20,380.090708459637,12.832841107626699,2.791504160919263,3.035749398348779e-22,1.0795340220649288e-21,SeAx_vs_HuT78,ENSG00000082438,COBLL1,protein_coding,Up
ENSG00000185338.9,1003.3685068270743,12.811012224304823,2.6116887579590964,4.214078546660072e-24,1.6007602943346173e-23,SeAx_vs_HuT78,ENSG00000185338,SOCS1,protein_coding,Up
ENSG00000136305.14,309.8134547941872,12.805475397897109,2.7441946779241846,1.1867752330156733e-23,4.448444524559468e-23,SeAx_vs_HuT78,ENSG00000136305,CIDEB,protein_coding,Up
ENSG00000099139.16,130.20408874464528,12.801745313084515,3.0860644112575724,2.9088681944337713e-22,1.0361103902174185e-21,SeAx_vs_HuT78,ENSG00000099139,PCSK5,protein_coding,Up
ENSG00000120693.17,144.75046229838256,12.776475111446164,2.8952429723191213,8.748457170870836e-23,3.1724719618241406e-22,SeAx_vs_HuT78,ENSG00000120693,SMAD9,protein_coding,Up
ENSG00000166669.16,227.57346344228168,12.773837880801302,2.749146359365987,1.7225890688383925e-23,6.412597353376398e-23,SeAx_vs_HuT78,ENSG00000166669,ATF7IP2,protein_coding,Up
ENSG00000205213.16,165.70622618013158,12.769885481185888,2.783121740993247,4.3356069685330975e-23,1.589478639124947e-22,SeAx_vs_HuT78,ENSG00000205213,LGR4,protein_coding,Up
ENSG00000128739.25,254.86736099417044,12.756434802897036,2.6821371345586305,9.41055926278924e-24,3.5375777003730074e-23,SeAx_vs_HuT78,ENSG00000128739,SNRPN,protein_coding,Up
ENSG00000196730.15,639.6495571125226,12.741098400301935,1.333470013169502,1.1926978225061478e-27,5.108258534578581e-27,SeAx_vs_HuT78,ENSG00000196730,DAPK1,protein_coding,Up
ENSG00000170454.7,133.55604118728067,12.726340925576734,3.0027044919208,4.674609066616112e-22,1.6510617876750078e-21,SeAx_vs_HuT78,ENSG00000170454,KRT75,protein_coding,Up
ENSG00000170365.12,128.13715009757047,12.724970235691574,3.0358671584286534,3.967004739693784e-22,1.4049449122942687e-21,SeAx_vs_HuT78,ENSG00000170365,SMAD1,protein_coding,Up
ENSG00000115008.8,296.40726677113963,12.688693432289085,2.8916322636468514,1.3368917278926938e-22,4.810521780680695e-22,SeAx_vs_HuT78,ENSG00000115008,IL1A,protein_coding,Up
ENSG00000050730.18,141.1712883979298,12.670922233128914,2.837948320718885,1.109674813500045e-22,4.0095347503038775e-22,SeAx_vs_HuT78,ENSG00000050730,TNIP3,protein_coding,Up
ENSG00000156234.9,105.73599831946098,12.618985438625828,3.2469477326936644,9.887223305698159e-21,3.332303629251722e-20,SeAx_vs_HuT78,ENSG00000156234,CXCL13,protein_coding,Up
ENSG00000087842.13,98.07036317057971,12.500874794876887,3.2292263771271896,9.578569976542729e-21,3.23042731296434e-20,SeAx_vs_HuT78,ENSG00000087842,PIR,protein_coding,Up
ENSG00000133937.6,106.52680381686609,12.479652484135988,3.057672789072737,3.145507408668409e-21,1.0788262646625097e-20,SeAx_vs_HuT78,ENSG00000133937,GSC,protein_coding,Up
ENSG00000149289.12,253.2825017685695,12.467040939703452,2.660942179785206,9.94601545642442e-23,3.6007338734327627e-22,SeAx_vs_HuT78,ENSG00000149289,ZC3H12C,protein_coding,Up
ENSG00000021355.15,1411.774294408608,12.415820949673616,1.2695679743373403,5.586674550707188e-27,2.3396892486943055e-26,SeAx_vs_HuT78,ENSG00000021355,SERPINB1,protein_coding,Up
ENSG00000163421.10,584.0283871664631,12.403916774685433,2.8419874057531107,6.132230529771521e-22,2.1577041170224682e-21,SeAx_vs_HuT78,ENSG00000163421,PROK2,protein_coding,Up
ENSG00000274183.2,164.37698696058263,12.372558719352272,2.89583790599819,2.1863619998395763e-21,7.538321678282856e-21,SeAx_vs_HuT78,ENSG00000274183,H2AB1,protein_coding,Up
ENSG00000163600.15,2600.5691069479703,-17.532118584354397,3.723396484120954,9.7641297806898e-41,6.867560897556943e-40,SeAx_vs_MyLa,ENSG00000163600,ICOS,protein_coding,Down
ENSG00000103175.13,1332.7574580797618,-16.54050090127998,3.641108151564396,1.7274885050753098e-34,1.0215225810638163e-33,SeAx_vs_MyLa,ENSG00000103175,WFDC1,protein_coding,Down
ENSG00000186827.13,7286.9341989326085,-16.225775000241967,1.3767742723104215,4.644736787254821e-41,3.2935176576872728e-40,SeAx_vs_MyLa,ENSG00000186827,TNFRSF4,protein_coding,Down
ENSG00000198883.12,5683.4312432063825,-15.877491251542134,1.3402204957141923,7.771502397093169e-42,5.617636757699127e-41,SeAx_vs_MyLa,ENSG00000198883,PNMA5,protein_coding,Down
ENSG00000214107.11,1109.4485461529268,-15.870274496757478,3.5613740267071656,1.458582823358203e-33,8.366949796138846e-33,SeAx_vs_MyLa,ENSG00000214107,MAGEB1,protein_coding,Down
ENSG00000129521.17,838.1600689140375,-15.584318555082412,3.531546081654584,2.6543644037963443e-32,1.4652406300159999e-31,SeAx_vs_MyLa,ENSG00000129521,EGLN3,protein_coding,Down
ENSG00000145839.2,639.1111738907347,-15.376170802468327,3.525078723199229,5.210855598842095e-30,2.6790170027498626e-29,SeAx_vs_MyLa,ENSG00000145839,IL9,protein_coding,Down
ENSG00000116824.7,1882.0405224069184,-15.243634994462612,3.4985778149996407,4.7944352624058875e-31,2.549403295591021e-30,SeAx_vs_MyLa,ENSG00000116824,CD2,protein_coding,Down
ENSG00000186281.15,578.0402807848246,-15.232102003818339,3.4974676177675046,5.498104611473527e-31,2.9199998941049093e-30,SeAx_vs_MyLa,ENSG00000186281,GPAT2,protein_coding,Down
ENSG00000167286.13,1864.8015369542088,-15.120400580633012,3.478070126505668,1.26862072038489e-30,6.661536603052487e-30,SeAx_vs_MyLa,ENSG00000167286,CD3D,protein_coding,Down
ENSG00000102245.10,544.5577924731436,-15.11671855927327,3.4892338215795777,3.6297337440135336e-30,1.8787259684562503e-29,SeAx_vs_MyLa,ENSG00000102245,CD40LG,protein_coding,Down
ENSG00000160654.13,1160.0547329552805,-15.07335143932608,3.4811808783177893,2.1311118567709035e-30,1.1109912331718073e-29,SeAx_vs_MyLa,ENSG00000160654,CD3G,protein_coding,Down
ENSG00000137868.21,661.2288482487947,-14.644173004392,3.4401427130180484,1.789575749050467e-28,8.75837053600253e-28,SeAx_vs_MyLa,ENSG00000137868,STRA6,protein_coding,Down
ENSG00000137078.12,627.5321601351509,-13.841012217343321,3.3572980083852006,1.0314152142713493e-25,4.556757453423219e-25,SeAx_vs_MyLa,ENSG00000137078,SIT1,protein_coding,Down
ENSG00000154975.16,1339.8379123500156,-13.760111218307701,1.3265623309292316,3.934953639825715e-32,2.1602464527316154e-31,SeAx_vs_MyLa,ENSG00000154975,CA10,protein_coding,Down
ENSG00000160183.19,289.0065138337386,-13.675692147099475,3.3387651269919654,4.526451787316091e-25,1.9463294669775856e-24,SeAx_vs_MyLa,ENSG00000160183,TMPRSS3,protein_coding,Down
ENSG00000135362.16,1228.6528290850072,-13.625143899075555,1.3265852077628284,1.641406532234992e-31,8.880220562315755e-31,SeAx_vs_MyLa,ENSG00000135362,PRR5L,protein_coding,Down
ENSG00000170955.12,845.8257700754682,-13.568164649322936,3.325869723371289,7.687278917506726e-25,3.2762690036581152e-24,SeAx_vs_MyLa,ENSG00000170955,CAVIN3,protein_coding,Down
ENSG00000070182.23,210.26510737177946,-13.400944777337266,3.3641669618121424,8.124668630152403e-24,3.3110946296678007e-23,SeAx_vs_MyLa,ENSG00000070182,SPTB,protein_coding,Down
ENSG00000221957.8,316.4181486188365,-13.398579492955326,3.80253537916165,7.536304329708336e-10,1.6408395310572796e-9,SeAx_vs_MyLa,ENSG00000221957,KIR2DS4,protein_coding,Down
ENSG00000111863.15,171.00137763149124,-13.256282243020074,3.295486544858051,1.4310174386685348e-23,5.784879118538155e-23,SeAx_vs_MyLa,ENSG00000111863,ADTRP,protein_coding,Down
ENSG00000268480.4,436.3234117813576,-13.230045506523927,3.3063240457716376,1.4582349463128402e-22,5.651256632558801e-22,SeAx_vs_MyLa,ENSG00000268480,NFILZ,protein_coding,Down
ENSG00000129244.11,158.50959918018373,-13.141767590485394,3.2912453324130215,1.4916305104494585e-22,5.77724233066502e-22,SeAx_vs_MyLa,ENSG00000129244,ATP1B2,protein_coding,Down
ENSG00000012124.19,150.58322109787417,-13.029705175285192,3.2368809937195437,7.451392801980298e-23,2.918966107250052e-22,SeAx_vs_MyLa,ENSG00000012124,CD22,protein_coding,Down
ENSG00000140505.9,137.5788129648595,-12.924834841675546,3.2596390512085787,1.7062985615086425e-22,6.585190746858791e-22,SeAx_vs_MyLa,ENSG00000140505,CYP1A2,protein_coding,Down
ENSG00000165383.13,137.82816525573963,-12.90814827603882,3.262899062896288,3.5016074482621176e-22,1.332840241623837e-21,SeAx_vs_MyLa,ENSG00000165383,LRRC18,protein_coding,Down
ENSG00000115602.19,114.80788505654542,-12.62635380871283,3.2280966702222758,1.6901621781757876e-21,6.245501465314726e-21,SeAx_vs_MyLa,ENSG00000115602,IL1RL1,protein_coding,Down
ENSG00000122679.10,114.73527767591754,-12.597970928738343,3.2526054890047886,1.0462213256291389e-19,3.576968136653874e-19,SeAx_vs_MyLa,ENSG00000122679,RAMP3,protein_coding,Down
ENSG00000152463.17,105.29009859867028,-12.47557426769316,3.2140329761836703,7.714043900259967e-21,2.774969200996085e-20,SeAx_vs_MyLa,ENSG00000152463,OLAH,protein_coding,Down
ENSG00000091128.14,102.11735403633122,-12.434669943491368,3.2124060763580293,1.4329168902616545e-20,5.094164165515587e-20,SeAx_vs_MyLa,ENSG00000091128,LAMB4,protein_coding,Down
ENSG00000158528.14,101.35020079009614,-12.424778680458083,3.208268546501737,1.0071402910344081e-20,3.608042719365432e-20,SeAx_vs_MyLa,ENSG00000158528,PPP1R9A,protein_coding,Down
ENSG00000104921.16,554.1147640751884,-12.411620531291108,1.334464027113308,6.957652450386239e-26,3.101199876398217e-25,SeAx_vs_MyLa,ENSG00000104921,FCER2,protein_coding,Down
ENSG00000077616.12,98.63948328691193,-12.381443865029281,3.2044772371583656,1.5286753985281807e-20,5.427193263148401e-20,SeAx_vs_MyLa,ENSG00000077616,NAALAD2,protein_coding,Down
ENSG00000166444.21,111.47838282321761,-12.279876996515041,3.248133795614102,8.58063405617927e-17,2.603151854147682e-16,SeAx_vs_MyLa,ENSG00000166444,DENND2B,protein_coding,Down
ENSG00000152910.21,90.42150209830496,-12.241675350752423,3.1871318593825206,3.021850272297183e-20,1.0550167318202302e-19,SeAx_vs_MyLa,ENSG00000152910,CNTNAP4,protein_coding,Down
ENSG00000145945.9,561.650025731104,-12.176341706388301,1.3095283025394175,9.725585810417878e-26,4.302564829164161e-25,SeAx_vs_MyLa,ENSG00000145945,FAM50B,protein_coding,Down
ENSG00000026103.26,2406.020919468713,-12.162638662878521,0.8149931360874947,3.345301067112618e-48,2.8759438527492583e-47,SeAx_vs_MyLa,ENSG00000026103,FAS,protein_coding,Down
ENSG00000248746.8,82.42231190579726,-12.050506973576026,3.1672493671552857,1.3141544605224043e-19,4.473067402451944e-19,SeAx_vs_MyLa,ENSG00000248746,ACTN3,protein_coding,Down
ENSG00000101204.19,80.23499775632132,-12.04423841158818,3.167761397846,1.6141343377411594e-19,5.472688039485049e-19,SeAx_vs_MyLa,ENSG00000101204,CHRNA4,protein_coding,Down
ENSG00000144015.6,355.87488600978895,-11.800890380807967,1.3227374026496326,6.497562212748419e-24,2.662978877948118e-23,SeAx_vs_MyLa,ENSG00000144015,TRIM43,protein_coding,Down
ENSG00000087510.9,67.47873389473554,-11.749171965454904,3.144817445062885,3.8173087291590565e-18,1.2250919642238361e-17,SeAx_vs_MyLa,ENSG00000087510,TFAP2C,protein_coding,Down
ENSG00000101680.18,66.81227443578716,-11.739191045272172,3.1384005831208652,2.1534941671043058e-18,6.990408338697488e-18,SeAx_vs_MyLa,ENSG00000101680,LAMA1,protein_coding,Down
ENSG00000129038.18,180.91132920251556,-11.678575996276043,3.129370587008147,2.439281554044601e-18,7.89646211968785e-18,SeAx_vs_MyLa,ENSG00000129038,LOXL1,protein_coding,Down
ENSG00000114374.15,293.69999437503685,-11.52143969208526,1.315625894266383,4.4228920466784723e-23,1.7467743043745613e-22,SeAx_vs_MyLa,ENSG00000114374,USP9Y,protein_coding,Down
ENSG00000196917.6,61.63777893625343,-11.47443385248542,3.112849160730618,1.8842499138385274e-17,5.88061042314596e-17,SeAx_vs_MyLa,ENSG00000196917,HCAR1,protein_coding,Down
ENSG00000165091.18,55.59214729177816,-11.435290787885023,3.1082393391852787,1.6191393680189553e-17,5.0665650380290626e-17,SeAx_vs_MyLa,ENSG00000165091,TMC1,protein_coding,Down
ENSG00000140481.15,127.51136760576951,-11.421630925580658,3.102466387036688,8.615293022711296e-18,2.731949244890421e-17,SeAx_vs_MyLa,ENSG00000140481,CCDC33,protein_coding,Down
ENSG00000126259.22,572.6581635880109,-11.405115845399841,1.1142749071071623,7.881687226070169e-28,3.775157281050073e-27,SeAx_vs_MyLa,ENSG00000126259,KIRREL2,protein_coding,Down
ENSG00000188042.9,2192.0142984482045,-11.394381522494141,0.7144641227326882,3.230069952316014e-55,3.288867319416766e-54,SeAx_vs_MyLa,ENSG00000188042,ARL4C,protein_coding,Down
ENSG00000073756.13,266.77150150684315,-11.333477508430912,1.3385499456927397,1.397171110205527e-21,5.176046355687503e-21,SeAx_vs_MyLa,ENSG00000073756,PTGS2,protein_coding,Down
ENSG00000092051.20,266.156638767518,-11.229535327663553,1.5579035232285854,8.46189582941614e-16,2.450753074328457e-15,SeAx_vs_MyLa,ENSG00000092051,JPH4,protein_coding,Down
ENSG00000187037.11,48.984949641510624,-11.21932021985016,3.0892776822421424,1.0180734084760057e-16,3.079979278706542e-16,SeAx_vs_MyLa,ENSG00000187037,GPR141,protein_coding,Down
ENSG00000171587.15,48.33734514253533,-11.20311256442195,3.080581210477735,8.242951271308415e-17,2.5012894975311427e-16,SeAx_vs_MyLa,ENSG00000171587,DSCAM,protein_coding,Down
ENSG00000138134.14,582.3226859943921,-11.084444806179588,1.3054393438103182,1.0819274557798085e-21,4.025338433108263e-21,SeAx_vs_MyLa,ENSG00000138134,STAMBPL1,protein_coding,Down
ENSG00000159899.18,117.39761038655647,-10.986669452062682,3.045886952819512,1.0111963870735546e-16,3.060595102816915e-16,SeAx_vs_MyLa,ENSG00000159899,NPR2,protein_coding,Down
ENSG00000198821.14,1918.9599781307188,-10.87226922017176,0.8127709761960676,5.7257536971144266e-39,3.81707150560063e-38,SeAx_vs_MyLa,ENSG00000198821,CD247,protein_coding,Down
ENSG00000165548.13,85.49079665508093,-10.871138656743408,3.0366757700002194,3.0567066317772e-16,9.060281449159029e-16,SeAx_vs_MyLa,ENSG00000165548,TMEM63C,protein_coding,Down
ENSG00000101134.14,38.80102351081282,-10.838198535195502,3.041037497862927,8.899951267042413e-16,2.57247870621787e-15,SeAx_vs_MyLa,ENSG00000101134,DOK5,protein_coding,Down
ENSG00000053108.20,39.462577421533084,-10.825032080740897,3.031406126134024,1.0586686442586699e-15,3.051222565374446e-15,SeAx_vs_MyLa,ENSG00000053108,FSTL4,protein_coding,Down
ENSG00000138771.18,426.31255085799233,-10.819336016048224,0.9810912245917442,1.657634965670458e-26,7.569711460260365e-26,SeAx_vs_MyLa,ENSG00000138771,SHROOM3,protein_coding,Down
ENSG00000027869.15,570.0052353202823,-10.807970500358028,0.8089286934691808,7.300226688858867e-39,4.856756224394978e-38,SeAx_vs_MyLa,ENSG00000027869,SH2D2A,protein_coding,Down
ENSG00000131634.16,260.37640636427534,-10.770790023188065,1.3106011020899955,1.934776170194109e-20,6.818804171481834e-20,SeAx_vs_MyLa,ENSG00000131634,TMEM204,protein_coding,Down
ENSG00000107796.16,3075.0199418799657,-10.750223551881573,1.317908278110449,9.223228828397486e-20,3.1591679716295517e-19,SeAx_vs_MyLa,ENSG00000107796,ACTA2,protein_coding,Down
ENSG00000204711.11,36.76544591263931,-10.738872609557248,3.038379810400242,3.366129909697013e-15,9.512309434753073e-15,SeAx_vs_MyLa,ENSG00000204711,CFAP95,protein_coding,Down
ENSG00000174292.14,36.81277119447436,-10.666348604325622,3.0340083724496734,7.212844767562809e-15,2.007795938822001e-14,SeAx_vs_MyLa,ENSG00000174292,TNK1,protein_coding,Down
ENSG00000101445.12,733.117814017503,-10.593425483921843,1.3092648105517044,8.736989673581512e-20,2.99498123134634e-19,SeAx_vs_MyLa,ENSG00000101445,PPP1R16B,protein_coding,Down
ENSG00000179674.4,66.5237449719385,-10.583395046830168,3.0008672056387304,1.3809756310772182e-15,3.959141091031541e-15,SeAx_vs_MyLa,ENSG00000179674,ARL14,protein_coding,Down
ENSG00000137648.22,33.80540048864801,-10.580932121849312,3.03396736489793,2.462190091831973e-14,6.711927100365218e-14,SeAx_vs_MyLa,ENSG00000137648,TMPRSS4,protein_coding,Down
ENSG00000115085.18,3279.928316650024,-10.566007936951427,0.4576490438454135,1.0297378828465416e-114,3.281313894166009e-113,SeAx_vs_MyLa,ENSG00000115085,ZAP70,protein_coding,Down
ENSG00000135472.11,32.943732270860885,-10.557340033215578,3.0138135544417044,6.904912221656094e-15,1.924956598606286e-14,SeAx_vs_MyLa,ENSG00000135472,FAIM2,protein_coding,Down
ENSG00000227507.4,1165.6424035434611,-10.548562691461619,0.9744055315655036,1.5852797139206368e-25,6.949529267247784e-25,SeAx_vs_MyLa,ENSG00000227507,LTB,protein_coding,Down
ENSG00000215788.13,1601.984537503733,-10.51995688886805,0.5476648743718817,8.64181582656708e-81,1.5407494619377397e-79,SeAx_vs_MyLa,ENSG00000215788,TNFRSF25,protein_coding,Down
ENSG00000184374.5,609.4238065943576,-10.495303815849393,0.6389083375791766,6.063657544545066e-59,6.765658987451358e-58,SeAx_vs_MyLa,ENSG00000184374,COLEC10,protein_coding,Down
ENSG00000107282.10,292.326062875368,-10.417705947232985,0.9821274144302192,1.1911652926152903e-24,5.0338707064380934e-24,SeAx_vs_MyLa,ENSG00000107282,APBA1,protein_coding,Down
ENSG00000118402.7,431.5572469554408,-10.380641033631653,0.9694107092737039,5.858069096876831e-25,2.5122808338136146e-24,SeAx_vs_MyLa,ENSG00000118402,ELOVL4,protein_coding,Down
ENSG00000172752.16,29.693087408157023,-10.373980182828412,3.012427711489769,6.956718998107221e-14,1.8613615007664015e-13,SeAx_vs_MyLa,ENSG00000172752,COL6A5,protein_coding,Down
ENSG00000149305.8,28.749926666770122,-10.31768091967943,2.99945042356825,7.242318672848117e-14,1.9361874720662462e-13,SeAx_vs_MyLa,ENSG00000149305,HTR3B,protein_coding,Down
ENSG00000175793.12,544.0921867177284,-10.284923974459758,0.6538200801113945,1.1088701981442071e-54,1.1159772426574092e-53,SeAx_vs_MyLa,ENSG00000175793,SFN,protein_coding,Down
ENSG00000132965.12,3090.577876695266,-10.280098235094062,0.3821552425320059,3.0013364445208125e-158,1.769973659793654e-156,SeAx_vs_MyLa,ENSG00000132965,ALOX5AP,protein_coding,Down
ENSG00000173040.15,167.03427205643163,-10.262143347363088,2.9648992583372342,1.0102218770746e-14,2.794189669760879e-14,SeAx_vs_MyLa,ENSG00000173040,EVC2,protein_coding,Down
ENSG00000105854.15,731.0492181773711,-10.21754888414218,0.7049241984323339,6.5741150580396805e-46,5.321766555989513e-45,SeAx_vs_MyLa,ENSG00000105854,PON2,protein_coding,Down
ENSG00000085831.18,371.62561657024474,-10.19023836992248,0.8221356141457974,7.005523182267002e-34,4.0669480460795474e-33,SeAx_vs_MyLa,ENSG00000085831,TTC39A,protein_coding,Down
ENSG00000114993.18,215.70999031038488,-10.184324089946884,0.9746342671764374,6.990193954788959e-24,2.858587945176169e-23,SeAx_vs_MyLa,ENSG00000114993,RTKN,protein_coding,Down
ENSG00000232810.6,36.96357967609637,-10.136871766617968,2.963398809716944,5.988125658901714e-14,1.604507436522739e-13,SeAx_vs_MyLa,ENSG00000232810,TNF,protein_coding,Down
ENSG00000164256.11,115.44451092469572,-10.131243186732414,1.308717003912414,2.9440411479764105e-18,9.506860327447115e-18,SeAx_vs_MyLa,ENSG00000164256,PRDM9,protein_coding,Down
ENSG00000069431.16,114.68481458113035,-10.120074569739756,1.3101198216592473,3.5618281081805435e-18,1.1456393320315159e-17,SeAx_vs_MyLa,ENSG00000069431,ABCC9,protein_coding,Down
ENSG00000184347.17,26.477619942098094,-10.054429229629386,2.937227898234847,7.654997222558537e-14,2.0427432187060895e-13,SeAx_vs_MyLa,ENSG00000184347,SLIT3,protein_coding,Down
ENSG00000133116.9,46.79789193306499,-10.050997949920902,3.95256090905094,2.9321238307938567e-5,4.869933718202668e-5,SeAx_vs_MyLa,ENSG00000133116,KL,protein_coding,Down
ENSG00000153822.17,24.398542493052503,-10.022985491681906,2.965637999819488,3.4543270692297037e-13,8.930816245441524e-13,SeAx_vs_MyLa,ENSG00000153822,KCNJ16,protein_coding,Down
ENSG00000196664.6,433.1512086111025,-9.993904965274629,0.6473093118477476,1.9741399936123374e-52,1.8932278540654594e-51,SeAx_vs_MyLa,ENSG00000196664,TLR7,protein_coding,Down
ENSG00000092345.15,23.428582697256424,-9.964263926998157,2.9542318703898043,3.459189937579912e-13,8.939841851373981e-13,SeAx_vs_MyLa,ENSG00000092345,DAZL,protein_coding,Down
ENSG00000089199.12,51.969301499043524,-9.941433516276442,2.935698873256565,1.1791078588790917e-13,3.1215341711905756e-13,SeAx_vs_MyLa,ENSG00000089199,CHGB,protein_coding,Down
ENSG00000158639.14,258.470542555791,-9.778695117631907,0.9433425744066662,8.784940269794797e-25,3.733098354621311e-24,SeAx_vs_MyLa,ENSG00000158639,PAGE5,protein_coding,Down
ENSG00000065717.18,96.11762003893459,-9.744015961616226,1.311306683420651,6.774546613608482e-17,2.0633948589660982e-16,SeAx_vs_MyLa,ENSG00000065717,TLE2,protein_coding,Down
ENSG00000087303.20,103.540075931924,-9.681630668433346,1.3161750169059738,1.3385231258402086e-16,4.024214970951658e-16,SeAx_vs_MyLa,ENSG00000087303,NID2,protein_coding,Down
ENSG00000177106.19,527.1293634631365,-9.681097636828639,0.7062534480049586,2.916748355458341e-41,2.0761322401249894e-40,SeAx_vs_MyLa,ENSG00000177106,EPS8L2,protein_coding,Down
ENSG00000214960.13,23.817906762770665,-9.666987897893971,2.9157669013395933,1.166098463362121e-12,2.928842026016289e-12,SeAx_vs_MyLa,ENSG00000214960,CRPPA,protein_coding,Down
ENSG00000100336.19,412.75835160885526,-9.640639454257192,2.9225940648980293,2.5708338665754483e-12,6.343369515917799e-12,SeAx_vs_MyLa,ENSG00000100336,APOL4,protein_coding,Down
ENSG00000126266.5,19.077745964501535,-9.620266537014329,2.909883140534538,2.160260003598991e-12,5.3536163960649644e-12,SeAx_vs_MyLa,ENSG00000126266,FFAR1,protein_coding,Down
ENSG00000081803.19,17.927455502956523,-9.514982129757623,2.913043848724257,6.248977282358702e-12,1.509879883592528e-11,SeAx_vs_MyLa,ENSG00000081803,CADPS2,protein_coding,Down
ENSG00000141753.9,4686.852025585636,17.73687929242526,3.0004906250911336,2.9871662282614327e-44,2.3009301095113033e-43,SeAx_vs_MyLa,ENSG00000141753,IGFBP4,protein_coding,Up
ENSG00000196126.14,6140.613719940749,17.205709807136003,2.9173857027959347,4.613468834512778e-42,3.3553202745650134e-41,SeAx_vs_MyLa,ENSG00000196126,HLA-DRB1,protein_coding,Up
ENSG00000179344.19,5520.237909260646,17.126435661691417,3.099311706882784,7.801795761002284e-41,5.502208016944955e-40,SeAx_vs_MyLa,ENSG00000179344,HLA-DQB1,protein_coding,Up
ENSG00000235098.11,1735.9781332966984,16.425209412713173,3.174452726106821,7.069590534463452e-35,4.228452199892711e-34,SeAx_vs_MyLa,ENSG00000235098,ANKRD65,protein_coding,Up
ENSG00000077782.25,3937.922528265415,15.90285140902311,2.7652175814351017,1.509458144849573e-36,9.354621018461476e-36,SeAx_vs_MyLa,ENSG00000077782,FGFR1,protein_coding,Up
ENSG00000196735.15,7881.9821917435165,15.80958541258425,1.3063279894648496,7.434770755934296e-42,5.377212389683222e-41,SeAx_vs_MyLa,ENSG00000196735,HLA-DQA1,protein_coding,Up
ENSG00000141668.12,788.5789205827904,15.714456076543323,3.5533649003863927,2.9932834990336155e-32,1.6488361725657274e-31,SeAx_vs_MyLa,ENSG00000141668,CBLN2,protein_coding,Up
ENSG00000101439.11,917.8968237401536,15.677806678137062,3.248621405874198,1.6603810816211044e-32,9.228036945316782e-32,SeAx_vs_MyLa,ENSG00000101439,CST3,protein_coding,Up
ENSG00000138944.9,845.7749468670759,15.473096110903684,3.2063837841338656,1.335852901085679e-29,6.763858142909734e-29,SeAx_vs_MyLa,ENSG00000138944,SHISAL1,protein_coding,Up
ENSG00000166501.16,1205.6188174909862,15.298071827783343,2.9284016290796697,7.099578687476517e-33,3.9934747101373087e-32,SeAx_vs_MyLa,ENSG00000166501,PRKCB,protein_coding,Up
ENSG00000196730.15,639.6495571125226,15.227176269452928,3.3223834385716104,4.03109443897654e-31,2.1496421367913765e-30,SeAx_vs_MyLa,ENSG00000196730,DAPK1,protein_coding,Up
ENSG00000189057.13,937.3350689307163,15.223888367193839,3.0629190306621896,3.827188198529934e-32,2.101969818434076e-31,SeAx_vs_MyLa,ENSG00000189057,FAM111B,protein_coding,Up
ENSG00000171385.13,569.8140514824307,15.199117875673712,3.5025471049484893,1.7573211581873385e-30,9.190676827710908e-30,SeAx_vs_MyLa,ENSG00000171385,KCND3,protein_coding,Up
ENSG00000147889.19,1454.8794968933773,15.15052007672463,2.9040407154715084,1.538038987740452e-32,8.562692066305558e-32,SeAx_vs_MyLa,ENSG00000147889,CDKN2A,protein_coding,Up
ENSG00000124191.20,715.4407184027615,15.021613603710135,2.9375282234742364,1.0795387871849009e-31,5.8647890843604885e-31,SeAx_vs_MyLa,ENSG00000124191,TOX2,protein_coding,Up
ENSG00000172292.17,2477.7655726417192,14.932789912179498,2.6967503242640443,1.5635501127133587e-32,8.697289209984295e-32,SeAx_vs_MyLa,ENSG00000172292,CERS6,protein_coding,Up
ENSG00000185668.8,523.8851851326698,14.873860181096479,3.2522353446441756,5.898918271326053e-30,3.0256041649032844e-29,SeAx_vs_MyLa,ENSG00000185668,POU3F1,protein_coding,Up
ENSG00000138760.13,1114.7730552214543,14.849545284436232,2.7404000291133035,5.663057874130729e-32,3.0959158252326255e-31,SeAx_vs_MyLa,ENSG00000138760,SCARB2,protein_coding,Up
ENSG00000137563.15,1480.9176356774592,14.731789927454892,2.711531160747222,1.500259645998543e-31,8.123341905400502e-31,SeAx_vs_MyLa,ENSG00000137563,GGH,protein_coding,Up
ENSG00000180530.12,589.1096413092873,14.667982332913978,3.06468366904163,9.014182253718572e-30,4.592722334351609e-29,SeAx_vs_MyLa,ENSG00000180530,NRIP1,protein_coding,Up
ENSG00000198502.9,2805.0344860427354,14.472169195120262,2.7640673162100486,3.1191115555052633e-30,1.6195769284023943e-29,SeAx_vs_MyLa,ENSG00000198502,HLA-DRB5,protein_coding,Up
ENSG00000127990.21,759.4254549552917,14.233417430095313,2.984508663695079,2.8660720961423325e-28,1.3932680950773225e-27,SeAx_vs_MyLa,ENSG00000127990,SGCE,protein_coding,Up
ENSG00000107105.17,303.9177910151662,14.193443030269037,3.4049166881972113,1.1161766520675608e-26,5.1330735026099226e-26,SeAx_vs_MyLa,ENSG00000107105,ELAVL2,protein_coding,Up
ENSG00000162337.14,846.3375117603445,14.180570189114846,2.7473078391361314,4.876814324414806e-29,2.4305744202714405e-28,SeAx_vs_MyLa,ENSG00000162337,LRP5,protein_coding,Up
ENSG00000223609.12,368.06515196785034,14.168083700745413,3.243102660004528,2.859933652478307e-20,9.992899542292166e-20,SeAx_vs_MyLa,ENSG00000223609,HBD,protein_coding,Up
ENSG00000141429.16,1148.7144139256397,14.157484528344586,2.6855375933171923,2.91576812801462e-29,1.4615848466313287e-28,SeAx_vs_MyLa,ENSG00000141429,GALNT1,protein_coding,Up
ENSG00000100292.19,334.84063509413215,14.084627606859872,3.11373510074308,4.06033524303147e-27,1.8980756536021933e-26,SeAx_vs_MyLa,ENSG00000100292,HMOX1,protein_coding,Up
ENSG00000111796.5,323.12333671050106,14.083079996710593,3.1667976710279184,6.708034552601626e-27,3.109026113942283e-26,SeAx_vs_MyLa,ENSG00000111796,KLRB1,protein_coding,Up
ENSG00000146267.13,371.46422654794065,14.030325579428958,3.0296605814276725,2.830034618524402e-27,1.3310660838407988e-26,SeAx_vs_MyLa,ENSG00000146267,FAXC,protein_coding,Up
ENSG00000082512.17,1011.2650893556988,13.984280289453562,2.623767682565628,7.454443431855809e-29,3.684253365467454e-28,SeAx_vs_MyLa,ENSG00000082512,TRAF5,protein_coding,Up
ENSG00000159217.12,853.61418149852625,13.937686418238401,2.9573814115995143,3.2292923226993143e-27,1.5172086100122624e-26,SeAx_vs_MyLa,ENSG00000159217,IGF2BP1,protein_coding,Up
ENSG00000205116.4,462.42237695066376,13.9359471475373,2.8743640591939936,5.363733644769645e-25,2.3017958706711484e-24,SeAx_vs_MyLa,ENSG00000205116,TMEM278,protein_coding,Up
ENSG00000138083.6,250.85727765886915,13.885461021705266,3.3778334935675067,1.8969502570422147e-25,8.290728604973569e-25,SeAx_vs_MyLa,ENSG00000138083,SIX3,protein_coding,Up
ENSG00000134184.15,505.5192571610659,13.866372302363308,2.8075477412391434,1.4384582592089703e-27,6.837135846925788e-27,SeAx_vs_MyLa,ENSG00000134184,GSTM1,protein_coding,Up
ENSG00000215218.5,245.1997436824419,13.848868709463797,3.3717864143229055,1.9886366760680678e-25,8.682714170584633e-25,SeAx_vs_MyLa,ENSG00000215218,UBE2QL1,protein_coding,Up
ENSG00000111110.14,898.8146737686703,13.835364213084645,2.6785807772963413,6.3374024953101295e-28,3.0489245744325184e-27,SeAx_vs_MyLa,ENSG00000111110,PPM1H,protein_coding,Up
ENSG00000114948.15,300.57041454992793,13.770414201065869,3.0351061504213215,3.208856646126144e-26,1.449100092479627e-25,SeAx_vs_MyLa,ENSG00000114948,ADAM23,protein_coding,Up
ENSG00000121753.13,374.87402797476113,13.762214310517022,2.787055901800057,3.70135640865517e-27,1.732128476624877e-26,SeAx_vs_MyLa,ENSG00000121753,ADGRB2,protein_coding,Up
ENSG00000154930.17,1692.7521204098794,13.72918106269173,2.6452135130287524,1.6440664049981322e-27,7.797349874942014e-27,SeAx_vs_MyLa,ENSG00000154930,ACSS1,protein_coding,Up
ENSG00000066468.26,251.80799999397271,13.724315133975749,3.1731807311666675,1.6439622617276495e-25,7.201936187259313e-25,SeAx_vs_MyLa,ENSG00000066468,FGFR2,protein_coding,Up
ENSG00000197506.8,290.11207644656,13.716155661389575,3.058226473294256,3.647524771848023e-24,1.507234950903465e-23,SeAx_vs_MyLa,ENSG00000197506,SLC28A3,protein_coding,Up
ENSG00000276231.7,356.07745240867035,13.690139394302356,2.868540847199362,1.939270379954467e-24,8.111203742601594e-24,SeAx_vs_MyLa,ENSG00000276231,PIK3R6,protein_coding,Up
ENSG00000054598.9,454.250465695897,13.6823213377694,2.724517925760503,5.210142406466814e-27,2.4260016428539475e-26,SeAx_vs_MyLa,ENSG00000054598,FOXC1,protein_coding,Up
ENSG00000145506.16,486.87097665710627,13.664501918278571,2.720539803578678,7.04778232161376e-27,3.2641701136315607e-26,SeAx_vs_MyLa,ENSG00000145506,NKD2,protein_coding,Up
ENSG00000144647.9,409.6977771210072,13.626171942388718,2.7670208323923218,9.893158773144604e-27,4.559318892871062e-26,SeAx_vs_MyLa,ENSG00000144647,POMGNT2,protein_coding,Up
ENSG00000049449.12,523.380977008531,13.548775693869729,2.686503349771651,1.4216205528256607e-26,6.510182946232198e-26,SeAx_vs_MyLa,ENSG00000049449,RCN1,protein_coding,Up
ENSG00000165801.12,279.9844634418681,13.508322557426201,2.996247220715677,3.2349067910036405e-25,1.399287759945252e-24,SeAx_vs_MyLa,ENSG00000165801,ARHGEF40,protein_coding,Up
ENSG00000180828.3,571.5222253099017,13.500410769076664,2.7210443454792657,3.018861316649501e-26,1.36519151769233e-25,SeAx_vs_MyLa,ENSG00000180828,BHLHE22,protein_coding,Up
ENSG00000182168.17,215.41900845099246,13.46092549449589,3.140807055812244,1.849153713970314e-24,7.744222478848042e-24,SeAx_vs_MyLa,ENSG00000182168,UNC5C,protein_coding,Up
ENSG00000137766.19,2462.2783964985015,13.45180237040784,0.9754898130666049,3.745294236807142e-40,2.5867737036728926e-39,SeAx_vs_MyLa,ENSG00000137766,UNC13C,protein_coding,Up
ENSG00000147443.15,1391.6501160189214,13.343657676567693,2.62680881478724,3.973548247974851e-26,1.788851617128022e-25,SeAx_vs_MyLa,ENSG00000147443,DOK2,protein_coding,Up
ENSG00000107438.11,208.56105288623752,13.330570379771308,3.0632429510864836,2.322764722353528e-24,9.668665802118662e-24,SeAx_vs_MyLa,ENSG00000107438,PDLIM1,protein_coding,Up
ENSG00000165655.18,284.76008408669713,13.32359517664224,2.965340471525798,9.137642209113258e-25,3.880446103335715e-24,SeAx_vs_MyLa,ENSG00000165655,ZNF503,protein_coding,Up
ENSG00000136026.16,234.5603900930533,13.32312279578235,3.0027810872666274,3.462282618616824e-24,1.43205107484713e-23,SeAx_vs_MyLa,ENSG00000136026,CKAP4,protein_coding,Up
ENSG00000075891.26,197.76540874368015,13.315498557432766,3.1200750152903063,5.3054410875631864e-24,2.180568076134059e-23,SeAx_vs_MyLa,ENSG00000075891,PAX2,protein_coding,Up
ENSG00000129195.18,307.1318189878127,13.314012372588445,2.956706188884406,8.896862177199679e-25,3.779426491376904e-24,SeAx_vs_MyLa,ENSG00000129195,PIMREG,protein_coding,Up
ENSG00000152952.16,216.8627441178286,13.296778151493385,3.0170453604795484,1.782409309558108e-24,7.469498563173898e-24,SeAx_vs_MyLa,ENSG00000152952,PLOD2,protein_coding,Up
ENSG00000167693.18,1765.7179928226135,13.279057309561809,1.2847804045300701,2.1966236593125672e-30,1.1446859716841538e-29,SeAx_vs_MyLa,ENSG00000167693,NXN,protein_coding,Up
ENSG00000169131.15,206.21205442995964,13.252130337337418,3.02489673407006,2.8282095508282775e-24,1.1746352796668242e-23,SeAx_vs_MyLa,ENSG00000169131,ZNF354A,protein_coding,Up
ENSG00000163554.15,169.12446887642807,13.248446212776814,3.3151122204270984,3.959204901113196e-23,1.5669698595872541e-22,SeAx_vs_MyLa,ENSG00000163554,SPTA1,protein_coding,Up
ENSG00000172594.15,168.34168956231716,13.240283779348385,3.3111599625802413,2.899068548077286e-23,1.1529923828834687e-22,SeAx_vs_MyLa,ENSG00000172594,SMPDL3A,protein_coding,Up
ENSG00000154153.16,178.98349699739137,13.20065386820195,3.151230734538261,1.2380158209546993e-23,5.010888259162297e-23,SeAx_vs_MyLa,ENSG00000154153,RETREG1,protein_coding,Up
ENSG00000179348.15,215.39494759265614,13.18975214690288,2.9850799824694447,3.384581454373087e-24,1.4008018448664478e-23,SeAx_vs_MyLa,ENSG00000179348,GATA2,protein_coding,Up
ENSG00000113504.23,217.9800785360583,13.187221948572677,2.8500577974010555,1.3131275546721673e-24,5.531348228843684e-24,SeAx_vs_MyLa,ENSG00000113504,SLC12A7,protein_coding,Up
ENSG00000144649.12,155.20649014273008,13.106102612072347,3.304772074375599,2.272522727834847e-22,8.72137476792449e-22,SeAx_vs_MyLa,ENSG00000144649,GASK1A,protein_coding,Up
ENSG00000185551.17,178.1010466518348,13.077180043756126,3.0422287172131397,1.7194159269912777e-23,6.91000548149162e-23,SeAx_vs_MyLa,ENSG00000185551,NR2F2,protein_coding,Up
ENSG00000142494.15,150.25967230919744,13.05797853371907,3.2943482240679867,1.230255860648001e-22,4.7833904032892e-22,SeAx_vs_MyLa,ENSG00000142494,SLC47A1,protein_coding,Up
ENSG00000132749.13,255.0013075871843,13.001311471631768,2.782171556063273,1.1747624689370436e-23,4.763745879793556e-23,SeAx_vs_MyLa,ENSG00000132749,TESMIN,protein_coding,Up
ENSG00000092621.15,1303.3903688418009,12.969035280070866,2.6064690619746687,6.917764565974839e-25,2.9570096945998718e-24,SeAx_vs_MyLa,ENSG00000092621,PHGDH,protein_coding,Up
ENSG00000170522.12,346.0655527969575,12.963356971990226,2.793050820060246,5.095035304313194e-24,2.0960730783179878e-23,SeAx_vs_MyLa,ENSG00000170522,ELOVL6,protein_coding,Up
ENSG00000075651.19,844.9731079260995,12.938047066958317,2.7403586526682564,2.8507592150350055e-24,1.1836236014511381e-23,SeAx_vs_MyLa,ENSG00000075651,PLD1,protein_coding,Up
ENSG00000172572.9,1458.42549198385,12.91634147105423,0.9798143191723211,3.0446458941805555e-37,1.9337655915621432e-36,SeAx_vs_MyLa,ENSG00000172572,PDE3A,protein_coding,Up
ENSG00000164684.14,147.02330727727326,12.888498652760578,3.1301328244773723,1.9707689997985035e-22,7.5834167033876285e-22,SeAx_vs_MyLa,ENSG00000164684,ZNF704,protein_coding,Up
ENSG00000057704.15,135.2916844066145,12.888087713850883,3.2790078043996256,5.570396797239227e-22,2.1043183031425754e-21,SeAx_vs_MyLa,ENSG00000057704,TMCC3,protein_coding,Up
ENSG00000109458.12,166.4855325132352,12.868698923734442,2.9873014980041663,6.388228586510073e-23,2.5055005467344503e-22,SeAx_vs_MyLa,ENSG00000109458,GAB1,protein_coding,Up
ENSG00000077522.17,149.48913315727907,12.863396106110818,3.0833633587450704,2.48155708734143e-22,9.50121431237393e-22,SeAx_vs_MyLa,ENSG00000077522,ACTN2,protein_coding,Up
ENSG00000058866.17,229.04003040517733,12.861864531092323,2.750595251396568,2.0507127056089706e-23,8.208519254361706e-23,SeAx_vs_MyLa,ENSG00000058866,DGKG,protein_coding,Up
ENSG00000132846.8,390.4181341297769,12.852058939576768,2.8992685471673676,2.709492559335655e-23,1.079242558857628e-22,SeAx_vs_MyLa,ENSG00000132846,ZBED3,protein_coding,Up
ENSG00000144218.22,129.82010875321586,12.817899156611807,3.2699817450844,9.145759865842778e-22,3.419296854031237e-21,SeAx_vs_MyLa,ENSG00000144218,AFF3,protein_coding,Up
ENSG00000116176.9,127.9820063939643,12.797867729694099,3.271208975780286,1.1658055412244266e-21,4.333697552418127e-21,SeAx_vs_MyLa,ENSG00000116176,TPSG1,protein_coding,Up
ENSG00000116014.12,198.9085241633964,12.787557829463143,2.759525903817399,1.7603290001450602e-23,7.065712306403008e-23,SeAx_vs_MyLa,ENSG00000116014,KISS1R,protein_coding,Up
ENSG00000154277.15,733.2931218742474,12.784214239423145,1.32029482574836,4.994115099068554e-28,2.4071117635414373e-27,SeAx_vs_MyLa,ENSG00000154277,UCHL1,protein_coding,Up
ENSG00000118596.14,461.2515355080767,12.777152684279383,2.6471109485579296,5.172787852021305e-24,2.126717478719043e-23,SeAx_vs_MyLa,ENSG00000118596,SLC16A7,protein_coding,Up
ENSG00000196187.14,244.76377434078412,12.769430853352766,2.9160582338631653,6.156878331238206e-23,2.4162178648307e-22,SeAx_vs_MyLa,ENSG00000196187,TMEM63A,protein_coding,Up
ENSG00000147872.12,978.4299033265515,12.760521956281162,1.2761219695294277,2.6319741740480507e-28,1.2813791337455452e-27,SeAx_vs_MyLa,ENSG00000147872,PLIN2,protein_coding,Up
ENSG00000075035.12,135.17944833370322,12.744438480033896,3.1140362171999247,9.017907322259733e-22,3.37633973372626e-21,SeAx_vs_MyLa,ENSG00000075035,WSCD2,protein_coding,Up
ENSG00000135862.8,715.9472535471251,12.720287379092264,1.3132277945803152,9.008519102351917e-28,4.297512059332084e-27,SeAx_vs_MyLa,ENSG00000135862,LAMC1,protein_coding,Up
ENSG00000196372.15,466.0630185878429,12.709950734527029,2.6825827773078874,1.6077753287292482e-23,6.473319697043031e-23,SeAx_vs_MyLa,ENSG00000196372,ASB13,protein_coding,Up
ENSG00000170456.18,131.09136205960726,12.699420586101123,3.109603211843236,7.778956012567046e-22,2.9231202708831904e-21,SeAx_vs_MyLa,ENSG00000170456,DENND5B,protein_coding,Up
ENSG00000174080.14,137.5088949739401,12.681758322493383,3.0337608707835066,1.0164309650961002e-21,3.787062540908369e-21,SeAx_vs_MyLa,ENSG00000174080,CTSF,protein_coding,Up
ENSG00000196757.9,254.44489528898993,12.674631064786213,2.6947573333054566,2.7188729137239617e-23,1.0826480502463915e-22,SeAx_vs_MyLa,ENSG00000196757,ZNF700,protein_coding,Up
ENSG00000184675.11,337.01374018606373,12.671395473322146,2.664421113082781,1.5471711741317966e-23,6.238948611528375e-23,SeAx_vs_MyLa,ENSG00000184675,AMER1,protein_coding,Up
ENSG00000126778.14,244.33036651593852,12.656988233490305,2.9022562074887466,1.2959856693136537e-22,5.031451065881695e-22,SeAx_vs_MyLa,ENSG00000126778,SIX1,protein_coding,Up
ENSG00000104324.18,144.8268350318625,12.611908699672913,2.8802449925637643,2.540259237666174e-22,9.71740494408666e-22,SeAx_vs_MyLa,ENSG00000104324,CPQ,protein_coding,Up
ENSG00000204186.13,184.43914703266552,12.607258549870188,2.7389025959148023,9.129428781254977e-23,3.568801598863111e-22,SeAx_vs_MyLa,ENSG00000204186,ZDBF2,protein_coding,Up
ENSG00000170454.7,133.55604118728067,12.58948960520909,3.0000238278539855,1.3199120016622856e-21,4.892608964068421e-21,SeAx_vs_MyLa,ENSG00000170454,KRT75,protein_coding,Up
ENSG00000090612.24,271.57753044182505,12.584344362418635,2.892995101945246,2.483670205776402e-22,9.506512126838133e-22,SeAx_vs_MyLa,ENSG00000090612,ZNF268,protein_coding,Up
ENSG00000113140.13,648.4856932404209,12.581786507735828,1.3196285375174865,5.779908110799792e-27,2.6874613773832924e-26,SeAx_vs_MyLa,ENSG00000113140,SPARC,protein_coding,Up
ENSG00000136999.7,120.9279351775569,12.569046062976575,3.0974238206305604,1.9583968952501314e-21,7.204004159129258e-21,SeAx_vs_MyLa,ENSG00000136999,CCN3,protein_coding,Up
ENSG00000182247.13,183.51358694952856,12.536529785344289,2.915118876509851,4.895879989132313e-22,1.8527294976295423e-21,SeAx_vs_MyLa,ENSG00000182247,UBE2E2,protein_coding,Up
